ACCOUNT_ID,CUSTOMER_ID,ACCOUNT_TYPE,ACCOUNT_NUMBER,BRANCH_CODE,BALANCE,STATUS,OPENED_DATE,CREATED_AT
ACCT_00000001,CUST_000001,CHECKING,947027818,BR_01,430870.82,ACTIVE,2022-04-12,2026-09-20T15:49:40.214376
ACCT_00000002,CUST_000001,MONEY_MARKET,257398836,BR_06,73975.31,INACTIVE,2022-08-05,2026-09-20T15:49:40.214384
ACCT_00000003,CUST_000001,SAVINGS,974723527,BR_02,56670.7,INACTIVE,2022-07-25,2026-09-20T15:49:40.214389
ACCT_00000004,CUST_000002,CHECKING,197116745,BR_06,497386.36,ACTIVE,2022-05-03,2026-09-20T15:49:40.214416
ACCT_00000005,CUST_000002,SAVINGS,478610768,BR_06,247153.82,INACTIVE,2022-10-01,2026-09-20T15:49:40.214420
ACCT_00000006,CUST_000003,MONEY_MARKET,952015843,BR_11,166799.23,CLOSED,2025-04-05,2026-09-20T15:49:40.214437
ACCT_00000007,CUST_000003,SAVINGS,549532354,BR_09,248601.44,CLOSED,2023-11-17,2026-09-20T15:49:40.214440
ACCT_00000008,CUST_000004,MONEY_MARKET,981976044,BR_04,192375.16,CLOSED,2022-08-18,2026-09-20T15:49:40.214455
ACCT_00000009,CUST_000004,SAVINGS,665803901,BR_10,388318.62,CLOSED,2025-05-29,2026-09-20T15:49:40.214458
ACCT_00000010,CUST_000004,MONEY_MARKET,193684208,BR_04,180918.54,ACTIVE,2021-11-13,2026-09-20T15:49:40.214462
ACCT_00000011,CUST_000005,SAVINGS,699550021,BR_08,478812.12,ACTIVE,2026-04-21,2026-09-20T15:49:40.214476
ACCT_00000012,CUST_000006,SAVINGS,936065712,BR_14,69760.7,INACTIVE,2025-10-30,2026-09-20T15:49:40.214488
ACCT_00000013,CUST_000006,MONEY_MARKET,552127953,BR_04,105447.61,ACTIVE,2026-04-29,2026-09-20T15:49:40.214491
ACCT_00000014,CUST_000007,CHECKING,225880985,BR_12,352011.03,INACTIVE,2022-07-12,2026-09-20T15:49:40.214502
ACCT_00000015,CUST_000007,CHECKING,847455877,BR_07,185904.95,CLOSED,2026-01-16,2026-09-20T15:49:40.214505
ACCT_00000016,CUST_000007,MONEY_MARKET,724495847,BR_02,238465.6,CLOSED,2021-10-04,2026-09-20T15:49:40.214509
ACCT_00000017,CUST_000008,CHECKING,257718363,BR_06,70724.62,ACTIVE,2026-03-17,2026-09-20T15:49:40.214519
ACCT_00000018,CUST_000009,MONEY_MARKET,992352458,BR_14,208305.79,ACTIVE,2024-01-02,2026-09-20T15:49:40.214530
ACCT_00000019,CUST_000010,CHECKING,903273909,BR_09,349312.11,INACTIVE,2024-01-02,2026-09-20T15:49:40.214541
ACCT_00000020,CUST_000010,SAVINGS,875840127,BR_06,222042.42,CLOSED,2022-09-28,2026-09-20T15:49:40.214544
ACCT_00000021,CUST_000010,CHECKING,407915944,BR_02,78028.08,CLOSED,2026-06-17,2026-09-20T15:49:40.214547
ACCT_00000022,CUST_000011,CHECKING,640409345,BR_03,5532.7,INACTIVE,2022-10-29,2026-09-20T15:49:40.214559
ACCT_00000023,CUST_000011,SAVINGS,695020389,BR_12,414776.16,CLOSED,2023-10-29,2026-09-20T15:49:40.214562
ACCT_00000024,CUST_000011,SAVINGS,861661789,BR_04,211892.76,ACTIVE,2025-02-11,2026-09-20T15:49:40.214566
ACCT_00000025,CUST_000012,MONEY_MARKET,505402261,BR_03,371593.06,INACTIVE,2023-03-03,2026-09-20T15:49:40.214577
ACCT_00000026,CUST_000013,CHECKING,521219212,BR_03,411270.23,CLOSED,2023-03-31,2026-09-20T15:49:40.214588
ACCT_00000027,CUST_000014,MONEY_MARKET,602979426,BR_08,156663.51,CLOSED,2024-05-14,2026-09-20T15:49:40.214598
ACCT_00000028,CUST_000015,CHECKING,158703244,BR_13,185801.92,INACTIVE,2025-07-19,2026-09-20T15:49:40.214609
ACCT_00000029,CUST_000015,SAVINGS,216394564,BR_02,38996.51,CLOSED,2022-04-10,2026-09-20T15:49:40.214612
ACCT_00000030,CUST_000016,CHECKING,357193290,BR_05,81463.93,ACTIVE,2026-04-10,2026-09-20T15:49:40.214622
ACCT_00000031,CUST_000016,CHECKING,741142796,BR_01,378285.07,INACTIVE,2025-08-02,2026-09-20T15:49:40.214625
ACCT_00000032,CUST_000017,CHECKING,785464921,BR_15,16280.16,INACTIVE,2026-02-28,2026-09-20T15:49:40.214635
ACCT_00000033,CUST_000017,MONEY_MARKET,706445962,BR_01,281913.29,INACTIVE,2026-05-20,2026-09-20T15:49:40.214638
ACCT_00000034,CUST_000017,CHECKING,437778016,BR_02,471760.22,ACTIVE,2024-08-21,2026-09-20T15:49:40.214642
ACCT_00000035,CUST_000018,SAVINGS,637102932,BR_04,157304.77,INACTIVE,2022-07-27,2026-09-20T15:49:40.214652
ACCT_00000036,CUST_000018,SAVINGS,239067697,BR_12,337375.74,INACTIVE,2024-05-09,2026-09-20T15:49:40.214655
ACCT_00000037,CUST_000019,MONEY_MARKET,208451023,BR_09,403766.42,ACTIVE,2026-07-04,2026-09-20T15:49:40.214665
ACCT_00000038,CUST_000019,MONEY_MARKET,954772900,BR_07,238528.82,ACTIVE,2025-01-04,2026-09-20T15:49:40.214668
ACCT_00000039,CUST_000019,CHECKING,262712486,BR_11,231606.8,CLOSED,2026-02-11,2026-09-20T15:49:40.214671
ACCT_00000040,CUST_000020,CHECKING,331549411,BR_13,340761.72,ACTIVE,2022-04-30,2026-09-20T15:49:40.214681
ACCT_00000041,CUST_000020,MONEY_MARKET,272922927,BR_09,258198.77,CLOSED,2023-03-24,2026-09-20T15:49:40.214684
ACCT_00000042,CUST_000020,MONEY_MARKET,661875225,BR_15,384341.24,INACTIVE,2022-03-27,2026-09-20T15:49:40.214688
ACCT_00000043,CUST_000021,SAVINGS,412288779,BR_06,311773.04,INACTIVE,2026-06-01,2026-09-20T15:49:40.214698
ACCT_00000044,CUST_000022,MONEY_MARKET,516219135,BR_04,104489.44,CLOSED,2023-03-28,2026-09-20T15:49:40.214708
ACCT_00000045,CUST_000022,CHECKING,263639767,BR_10,313932.04,INACTIVE,2026-02-03,2026-09-20T15:49:40.214711
ACCT_00000046,CUST_000022,CHECKING,253139764,BR_13,435241.69,CLOSED,2021-10-10,2026-09-20T15:49:40.214714
ACCT_00000047,CUST_000023,SAVINGS,201054129,BR_08,156927.98,INACTIVE,2025-09-25,2026-09-20T15:49:40.214724
ACCT_00000048,CUST_000024,SAVINGS,719024641,BR_06,176748.9,ACTIVE,2025-08-20,2026-09-20T15:49:40.214734
ACCT_00000049,CUST_000025,SAVINGS,376965362,BR_08,489244.03,INACTIVE,2022-12-29,2026-09-20T15:49:40.214745
ACCT_00000050,CUST_000025,CHECKING,233107713,BR_10,244180.67,INACTIVE,2021-10-27,2026-09-20T15:49:40.214748
ACCT_00000051,CUST_000025,SAVINGS,530505206,BR_07,428514.78,CLOSED,2025-11-30,2026-09-20T15:49:40.214751
ACCT_00000052,CUST_000026,SAVINGS,650270404,BR_14,312353.49,INACTIVE,2024-07-17,2026-09-20T15:49:40.214761
ACCT_00000053,CUST_000026,CHECKING,832507637,BR_07,253020.62,INACTIVE,2021-09-23,2026-09-20T15:49:40.214764
ACCT_00000054,CUST_000027,CHECKING,766378908,BR_11,28623.63,ACTIVE,2022-09-18,2026-09-20T15:49:40.214775
ACCT_00000055,CUST_000027,MONEY_MARKET,108528676,BR_03,426544.59,INACTIVE,2024-07-13,2026-09-20T15:49:40.214778
ACCT_00000056,CUST_000027,CHECKING,712176430,BR_07,426929.21,ACTIVE,2024-06-17,2026-09-20T15:49:40.214781
ACCT_00000057,CUST_000028,MONEY_MARKET,200398208,BR_06,232992.21,CLOSED,2023-08-22,2026-09-20T15:49:40.214791
ACCT_00000058,CUST_000028,SAVINGS,217165692,BR_02,90218.65,ACTIVE,2024-05-31,2026-09-20T15:49:40.214794
ACCT_00000059,CUST_000029,CHECKING,531129323,BR_06,32329.32,INACTIVE,2023-04-02,2026-09-20T15:49:40.214804
ACCT_00000060,CUST_000029,SAVINGS,328315290,BR_12,370668.25,ACTIVE,2025-01-28,2026-09-20T15:49:40.214807
ACCT_00000061,CUST_000030,CHECKING,685276505,BR_03,474271.99,ACTIVE,2023-01-18,2026-09-20T15:49:40.214817
ACCT_00000062,CUST_000030,CHECKING,443797765,BR_10,15758.49,CLOSED,2022-04-19,2026-09-20T15:49:40.214820
ACCT_00000063,CUST_000031,CHECKING,968156321,BR_06,394800.61,INACTIVE,2025-06-10,2026-09-20T15:49:40.214830
ACCT_00000064,CUST_000031,CHECKING,327088752,BR_14,11569.07,CLOSED,2024-04-07,2026-09-20T15:49:40.214833
ACCT_00000065,CUST_000032,SAVINGS,782564037,BR_03,41887.28,ACTIVE,2025-02-07,2026-09-20T15:49:40.214843
ACCT_00000066,CUST_000032,SAVINGS,187734495,BR_05,436900.57,INACTIVE,2021-10-02,2026-09-20T15:49:40.214846
ACCT_00000067,CUST_000033,MONEY_MARKET,329893386,BR_11,446547.39,ACTIVE,2021-12-25,2026-09-20T15:49:40.214856
ACCT_00000068,CUST_000033,CHECKING,199258043,BR_15,450830.7,INACTIVE,2022-06-01,2026-09-20T15:49:40.214859
ACCT_00000069,CUST_000034,CHECKING,313250824,BR_06,470976.63,INACTIVE,2023-12-22,2026-09-20T15:49:40.214869
ACCT_00000070,CUST_000034,MONEY_MARKET,839626111,BR_13,80428.51,CLOSED,2024-03-10,2026-09-20T15:49:40.214872
ACCT_00000071,CUST_000035,MONEY_MARKET,712373077,BR_07,411525.55,CLOSED,2022-04-01,2026-09-20T15:49:40.214882
ACCT_00000072,CUST_000035,MONEY_MARKET,313202153,BR_02,361389.57,CLOSED,2023-03-08,2026-09-20T15:49:40.214885
ACCT_00000073,CUST_000036,SAVINGS,813032149,BR_14,469490.63,CLOSED,2022-01-04,2026-09-20T15:49:40.214895
ACCT_00000074,CUST_000037,MONEY_MARKET,439855707,BR_01,75338.09,INACTIVE,2025-10-23,2026-09-20T15:49:40.214905
ACCT_00000075,CUST_000037,SAVINGS,439740334,BR_02,396029.21,CLOSED,2024-05-11,2026-09-20T15:49:40.214908
ACCT_00000076,CUST_000037,SAVINGS,659088455,BR_12,1938.08,INACTIVE,2021-12-21,2026-09-20T15:49:40.214910
ACCT_00000077,CUST_000038,MONEY_MARKET,582462965,BR_11,484731.81,ACTIVE,2026-06-08,2026-09-20T15:49:40.214920
ACCT_00000078,CUST_000039,MONEY_MARKET,301495110,BR_07,348253.4,ACTIVE,2023-04-09,2026-09-20T15:49:40.214933
ACCT_00000079,CUST_000040,CHECKING,473754019,BR_04,476193.2,CLOSED,2023-05-28,2026-09-20T15:49:40.214943
ACCT_00000080,CUST_000040,CHECKING,497559799,BR_14,181960.85,INACTIVE,2024-12-01,2026-09-20T15:49:40.214946
ACCT_00000081,CUST_000041,CHECKING,850886071,BR_08,324490.95,INACTIVE,2024-04-26,2026-09-20T15:49:40.214956
ACCT_00000082,CUST_000041,SAVINGS,477666117,BR_06,414110.11,INACTIVE,2023-09-15,2026-09-20T15:49:40.214959
ACCT_00000083,CUST_000041,SAVINGS,221740845,BR_15,87989.32,INACTIVE,2024-07-18,2026-09-20T15:49:40.214962
ACCT_00000084,CUST_000042,MONEY_MARKET,738760216,BR_03,271427.16,INACTIVE,2025-01-15,2026-09-20T15:49:40.214972
ACCT_00000085,CUST_000043,MONEY_MARKET,830447058,BR_07,317090.21,CLOSED,2023-02-28,2026-09-20T15:49:40.215012
ACCT_00000086,CUST_000043,CHECKING,194081451,BR_13,418633.53,ACTIVE,2022-12-30,2026-09-20T15:49:40.215015
ACCT_00000087,CUST_000043,CHECKING,761704528,BR_15,205698.7,INACTIVE,2022-06-08,2026-09-20T15:49:40.215018
ACCT_00000088,CUST_000044,MONEY_MARKET,207054287,BR_11,222107.27,CLOSED,2022-02-13,2026-09-20T15:49:40.215028
ACCT_00000089,CUST_000044,CHECKING,816948303,BR_05,425867.46,ACTIVE,2025-05-22,2026-09-20T15:49:40.215031
ACCT_00000090,CUST_000044,SAVINGS,692263008,BR_07,57339.1,INACTIVE,2025-12-10,2026-09-20T15:49:40.215034
ACCT_00000091,CUST_000045,SAVINGS,543385303,BR_15,410226.95,CLOSED,2022-03-29,2026-09-20T15:49:40.215044
ACCT_00000092,CUST_000045,MONEY_MARKET,524996202,BR_01,469814.44,ACTIVE,2023-10-17,2026-09-20T15:49:40.215047
ACCT_00000093,CUST_000046,SAVINGS,807254247,BR_05,153767.6,INACTIVE,2022-11-12,2026-09-20T15:49:40.215057
ACCT_00000094,CUST_000046,CHECKING,104464143,BR_15,454538.62,ACTIVE,2026-07-21,2026-09-20T15:49:40.215061
ACCT_00000095,CUST_000047,CHECKING,948803790,BR_06,420400.74,CLOSED,2022-01-15,2026-09-20T15:49:40.215071
ACCT_00000096,CUST_000048,MONEY_MARKET,440881854,BR_06,85288.33,CLOSED,2024-03-24,2026-09-20T15:49:40.215081
ACCT_00000097,CUST_000048,CHECKING,696720830,BR_07,96410.94,CLOSED,2024-06-07,2026-09-20T15:49:40.215084
ACCT_00000098,CUST_000048,CHECKING,960423299,BR_15,288969.02,ACTIVE,2023-01-26,2026-09-20T15:49:40.215087
ACCT_00000099,CUST_000049,MONEY_MARKET,286527496,BR_07,452095.27,CLOSED,2025-10-01,2026-09-20T15:49:40.215097
ACCT_00000100,CUST_000049,SAVINGS,348001621,BR_02,355041.43,ACTIVE,2023-10-24,2026-09-20T15:49:40.215100
ACCT_00000101,CUST_000050,MONEY_MARKET,719477895,BR_13,196066.89,CLOSED,2025-03-07,2026-09-20T15:49:40.215110
ACCT_00000102,CUST_000051,CHECKING,446179340,BR_04,46717.89,ACTIVE,2024-03-09,2026-09-20T15:49:40.215120
ACCT_00000103,CUST_000051,CHECKING,775269926,BR_13,296684.77,ACTIVE,2023-03-05,2026-09-20T15:49:40.215123
ACCT_00000104,CUST_000051,MONEY_MARKET,683763884,BR_15,486202.7,CLOSED,2024-06-29,2026-09-20T15:49:40.215126
ACCT_00000105,CUST_000052,MONEY_MARKET,888308138,BR_03,491708.75,CLOSED,2023-02-05,2026-09-20T15:49:40.215136
ACCT_00000106,CUST_000053,CHECKING,357399415,BR_11,448964.83,INACTIVE,2025-07-21,2026-09-20T15:49:40.215146
ACCT_00000107,CUST_000053,MONEY_MARKET,363339926,BR_12,390036.47,INACTIVE,2022-04-27,2026-09-20T15:49:40.215149
ACCT_00000108,CUST_000054,MONEY_MARKET,155564923,BR_05,41573.39,ACTIVE,2023-02-14,2026-09-20T15:49:40.215159
ACCT_00000109,CUST_000054,CHECKING,785462357,BR_10,433482.83,ACTIVE,2024-01-24,2026-09-20T15:49:40.215162
ACCT_00000110,CUST_000055,CHECKING,214972684,BR_03,141303.27,ACTIVE,2026-02-12,2026-09-20T15:49:40.215173
ACCT_00000111,CUST_000055,CHECKING,630691582,BR_14,180762.52,ACTIVE,2024-06-12,2026-09-20T15:49:40.215176
ACCT_00000112,CUST_000055,CHECKING,627246915,BR_13,11076.29,ACTIVE,2023-11-29,2026-09-20T15:49:40.215179
ACCT_00000113,CUST_000056,CHECKING,325803577,BR_11,210011.57,INACTIVE,2023-02-01,2026-09-20T15:49:40.215189
ACCT_00000114,CUST_000056,SAVINGS,968172937,BR_03,89985.24,ACTIVE,2025-08-21,2026-09-20T15:49:40.215192
ACCT_00000115,CUST_000056,MONEY_MARKET,709127131,BR_11,303366.76,ACTIVE,2025-12-24,2026-09-20T15:49:40.215195
ACCT_00000116,CUST_000057,SAVINGS,619595468,BR_10,300036.43,ACTIVE,2025-10-01,2026-09-20T15:49:40.215205
ACCT_00000117,CUST_000057,MONEY_MARKET,896390906,BR_05,463298.93,ACTIVE,2023-03-29,2026-09-20T15:49:40.215208
ACCT_00000118,CUST_000058,MONEY_MARKET,124737048,BR_09,255921.19,ACTIVE,2025-06-05,2026-09-20T15:49:40.215219
ACCT_00000119,CUST_000059,CHECKING,332956649,BR_01,163837.11,ACTIVE,2026-03-04,2026-09-20T15:49:40.215228
ACCT_00000120,CUST_000059,MONEY_MARKET,842601693,BR_03,133868.51,INACTIVE,2025-07-09,2026-09-20T15:49:40.215232
ACCT_00000121,CUST_000060,SAVINGS,860298947,BR_09,325997.07,INACTIVE,2022-06-17,2026-09-20T15:49:40.215242
ACCT_00000122,CUST_000061,SAVINGS,650460773,BR_07,461181.81,INACTIVE,2025-09-01,2026-09-20T15:49:40.215252
ACCT_00000123,CUST_000061,CHECKING,837722327,BR_14,443668.71,INACTIVE,2024-06-08,2026-09-20T15:49:40.215255
ACCT_00000124,CUST_000062,MONEY_MARKET,951641794,BR_13,293830.69,ACTIVE,2022-03-09,2026-09-20T15:49:40.215264
ACCT_00000125,CUST_000063,MONEY_MARKET,623805398,BR_07,441440.38,INACTIVE,2023-04-18,2026-09-20T15:49:40.215274
ACCT_00000126,CUST_000064,SAVINGS,976057581,BR_06,311493.19,CLOSED,2024-06-28,2026-09-20T15:49:40.215284
ACCT_00000127,CUST_000064,SAVINGS,314448547,BR_10,176522.46,CLOSED,2022-01-16,2026-09-20T15:49:40.215287
ACCT_00000128,CUST_000064,CHECKING,582543215,BR_03,444735.9,CLOSED,2025-03-21,2026-09-20T15:49:40.215290
ACCT_00000129,CUST_000065,SAVINGS,415114820,BR_10,413360.54,CLOSED,2023-08-31,2026-09-20T15:49:40.215300
ACCT_00000130,CUST_000065,SAVINGS,527678529,BR_01,57413.51,INACTIVE,2024-03-25,2026-09-20T15:49:40.215303
ACCT_00000131,CUST_000065,CHECKING,484125249,BR_04,36412.9,CLOSED,2024-07-21,2026-09-20T15:49:40.215306
ACCT_00000132,CUST_000066,CHECKING,936997381,BR_06,61239.57,INACTIVE,2022-10-12,2026-09-20T15:49:40.215316
ACCT_00000133,CUST_000066,CHECKING,869660954,BR_06,106964.84,CLOSED,2022-03-07,2026-09-20T15:49:40.215319
ACCT_00000134,CUST_000067,CHECKING,703056990,BR_02,192856.88,CLOSED,2025-06-13,2026-09-20T15:49:40.215329
ACCT_00000135,CUST_000067,MONEY_MARKET,333499573,BR_02,280523.25,CLOSED,2023-03-26,2026-09-20T15:49:40.215332
ACCT_00000136,CUST_000068,CHECKING,716272392,BR_15,323170.43,CLOSED,2022-05-26,2026-09-20T15:49:40.215342
ACCT_00000137,CUST_000068,SAVINGS,441217210,BR_14,160128.69,ACTIVE,2026-05-12,2026-09-20T15:49:40.215345
ACCT_00000138,CUST_000068,SAVINGS,635422402,BR_01,495130.83,INACTIVE,2025-12-20,2026-09-20T15:49:40.215348
ACCT_00000139,CUST_000069,SAVINGS,283759887,BR_10,163504.69,INACTIVE,2025-04-24,2026-09-20T15:49:40.215358
ACCT_00000140,CUST_000070,CHECKING,406056061,BR_01,321868.94,CLOSED,2026-08-12,2026-09-20T15:49:40.215368
ACCT_00000141,CUST_000070,SAVINGS,405335473,BR_03,420837.27,INACTIVE,2026-06-07,2026-09-20T15:49:40.215371
ACCT_00000142,CUST_000070,MONEY_MARKET,666413507,BR_01,168761.2,ACTIVE,2026-04-01,2026-09-20T15:49:40.215374
ACCT_00000143,CUST_000071,CHECKING,991044883,BR_13,207597.93,INACTIVE,2025-02-05,2026-09-20T15:49:40.215384
ACCT_00000144,CUST_000071,SAVINGS,909270926,BR_06,200232.14,CLOSED,2022-04-18,2026-09-20T15:49:40.215387
ACCT_00000145,CUST_000072,SAVINGS,757474294,BR_01,196724.41,CLOSED,2024-02-03,2026-09-20T15:49:40.215396
ACCT_00000146,CUST_000072,SAVINGS,788372804,BR_15,60794.33,INACTIVE,2023-03-05,2026-09-20T15:49:40.215399
ACCT_00000147,CUST_000073,CHECKING,340533586,BR_01,412745.72,ACTIVE,2026-01-18,2026-09-20T15:49:40.215409
ACCT_00000148,CUST_000074,MONEY_MARKET,877661121,BR_07,113247.99,ACTIVE,2025-07-26,2026-09-20T15:49:40.215419
ACCT_00000149,CUST_000074,MONEY_MARKET,972181149,BR_06,408092.19,CLOSED,2026-08-11,2026-09-20T15:49:40.215422
ACCT_00000150,CUST_000075,CHECKING,378837532,BR_15,392493.52,ACTIVE,2026-05-15,2026-09-20T15:49:40.215432
ACCT_00000151,CUST_000075,SAVINGS,180575920,BR_05,164731.55,CLOSED,2022-03-14,2026-09-20T15:49:40.215435
ACCT_00000152,CUST_000075,SAVINGS,389815857,BR_12,85252.28,ACTIVE,2023-05-15,2026-09-20T15:49:40.215438
ACCT_00000153,CUST_000076,CHECKING,235601470,BR_06,430961.26,CLOSED,2021-11-14,2026-09-20T15:49:40.215448
ACCT_00000154,CUST_000076,SAVINGS,783870083,BR_08,334150.8,CLOSED,2023-09-06,2026-09-20T15:49:40.215451
ACCT_00000155,CUST_000077,MONEY_MARKET,613170015,BR_11,245102.91,INACTIVE,2024-10-31,2026-09-20T15:49:40.215461
ACCT_00000156,CUST_000078,SAVINGS,342483672,BR_02,131979.64,INACTIVE,2022-08-26,2026-09-20T15:49:40.215470
ACCT_00000157,CUST_000078,CHECKING,479041274,BR_09,417787.49,ACTIVE,2022-12-10,2026-09-20T15:49:40.215473
ACCT_00000158,CUST_000078,MONEY_MARKET,889488302,BR_14,103025.03,ACTIVE,2026-03-21,2026-09-20T15:49:40.215476
ACCT_00000159,CUST_000079,CHECKING,328143806,BR_01,335282.43,INACTIVE,2022-01-18,2026-09-20T15:49:40.215486
ACCT_00000160,CUST_000079,SAVINGS,301774803,BR_08,52356.91,ACTIVE,2022-01-27,2026-09-20T15:49:40.215489
ACCT_00000161,CUST_000080,MONEY_MARKET,651825253,BR_14,156748.18,INACTIVE,2022-08-31,2026-09-20T15:49:40.215499
ACCT_00000162,CUST_000080,SAVINGS,803611574,BR_03,423918.71,ACTIVE,2025-11-28,2026-09-20T15:49:40.215502
ACCT_00000163,CUST_000080,CHECKING,490459543,BR_07,487534.84,CLOSED,2023-10-05,2026-09-20T15:49:40.215505
ACCT_00000164,CUST_000081,SAVINGS,301813509,BR_02,138991.43,ACTIVE,2022-10-16,2026-09-20T15:49:40.215514
ACCT_00000165,CUST_000082,MONEY_MARKET,796195906,BR_02,73730.14,ACTIVE,2022-06-18,2026-09-20T15:49:40.215524
ACCT_00000166,CUST_000082,CHECKING,358301976,BR_01,447059.62,ACTIVE,2025-02-21,2026-09-20T15:49:40.215527
ACCT_00000167,CUST_000083,SAVINGS,810694145,BR_09,226375.19,INACTIVE,2025-12-22,2026-09-20T15:49:40.215537
ACCT_00000168,CUST_000084,CHECKING,480562915,BR_07,106111.81,INACTIVE,2023-10-28,2026-09-20T15:49:40.215549
ACCT_00000169,CUST_000084,SAVINGS,645382272,BR_06,26673.22,INACTIVE,2024-07-25,2026-09-20T15:49:40.215552
ACCT_00000170,CUST_000084,CHECKING,152757656,BR_11,191323.01,INACTIVE,2025-07-20,2026-09-20T15:49:40.215555
ACCT_00000171,CUST_000085,CHECKING,532387352,BR_03,297065.18,CLOSED,2023-03-26,2026-09-20T15:49:40.215565
ACCT_00000172,CUST_000085,SAVINGS,656862328,BR_07,54681.36,ACTIVE,2023-01-06,2026-09-20T15:49:40.215568
ACCT_00000173,CUST_000086,CHECKING,335771983,BR_02,26663.57,ACTIVE,2023-05-31,2026-09-20T15:49:40.215577
ACCT_00000174,CUST_000087,CHECKING,170703095,BR_09,50605.89,ACTIVE,2023-02-28,2026-09-20T15:49:40.215588
ACCT_00000175,CUST_000087,MONEY_MARKET,868609437,BR_07,196014.85,ACTIVE,2025-05-28,2026-09-20T15:49:40.215591
ACCT_00000176,CUST_000088,MONEY_MARKET,388049441,BR_08,102932.12,ACTIVE,2024-09-09,2026-09-20T15:49:40.215600
ACCT_00000177,CUST_000088,MONEY_MARKET,409229641,BR_12,298197.07,CLOSED,2026-08-15,2026-09-20T15:49:40.215603
ACCT_00000178,CUST_000088,CHECKING,298726872,BR_09,453900.44,CLOSED,2023-12-19,2026-09-20T15:49:40.215606
ACCT_00000179,CUST_000089,SAVINGS,838665572,BR_04,85199.26,CLOSED,2026-04-01,2026-09-20T15:49:40.215616
ACCT_00000180,CUST_000089,CHECKING,301159530,BR_06,449944.62,ACTIVE,2026-07-26,2026-09-20T15:49:40.215619
ACCT_00000181,CUST_000089,MONEY_MARKET,609598611,BR_07,167093.67,ACTIVE,2025-02-27,2026-09-20T15:49:40.215622
ACCT_00000182,CUST_000090,CHECKING,829288603,BR_13,426559.52,CLOSED,2024-08-30,2026-09-20T15:49:40.215632
ACCT_00000183,CUST_000091,MONEY_MARKET,101080693,BR_08,436621.95,INACTIVE,2026-01-09,2026-09-20T15:49:40.215642
ACCT_00000184,CUST_000091,CHECKING,979315574,BR_01,283676.64,INACTIVE,2021-12-15,2026-09-20T15:49:40.215645
ACCT_00000185,CUST_000092,MONEY_MARKET,640249409,BR_03,377520.74,ACTIVE,2026-01-29,2026-09-20T15:49:40.215655
ACCT_00000186,CUST_000093,MONEY_MARKET,460430809,BR_08,245381.86,INACTIVE,2023-07-31,2026-09-20T15:49:40.215664
ACCT_00000187,CUST_000093,SAVINGS,812329472,BR_08,126843.07,INACTIVE,2026-07-25,2026-09-20T15:49:40.215667
ACCT_00000188,CUST_000094,SAVINGS,862525433,BR_06,445697.07,CLOSED,2021-10-31,2026-09-20T15:49:40.215677
ACCT_00000189,CUST_000094,MONEY_MARKET,620072052,BR_02,135041.73,CLOSED,2022-07-22,2026-09-20T15:49:40.215680
ACCT_00000190,CUST_000095,CHECKING,258806824,BR_07,428147.14,CLOSED,2025-11-04,2026-09-20T15:49:40.215689
ACCT_00000191,CUST_000095,SAVINGS,634543293,BR_01,122259.47,CLOSED,2022-09-26,2026-09-20T15:49:40.215692
ACCT_00000192,CUST_000095,SAVINGS,485924214,BR_04,372208.12,ACTIVE,2024-07-09,2026-09-20T15:49:40.215695
ACCT_00000193,CUST_000096,CHECKING,394123530,BR_15,313483.16,CLOSED,2024-02-13,2026-09-20T15:49:40.215706
ACCT_00000194,CUST_000096,MONEY_MARKET,287853549,BR_05,455172.63,INACTIVE,2024-10-12,2026-09-20T15:49:40.215709
ACCT_00000195,CUST_000096,SAVINGS,732592673,BR_07,472638.72,INACTIVE,2024-11-26,2026-09-20T15:49:40.215712
ACCT_00000196,CUST_000097,CHECKING,722251460,BR_09,350947.63,CLOSED,2025-12-13,2026-09-20T15:49:40.215721
ACCT_00000197,CUST_000098,SAVINGS,708449151,BR_13,396191.02,INACTIVE,2026-01-08,2026-09-20T15:49:40.215731
ACCT_00000198,CUST_000098,CHECKING,635718802,BR_15,342794.8,INACTIVE,2022-10-27,2026-09-20T15:49:40.215734
ACCT_00000199,CUST_000099,MONEY_MARKET,411150812,BR_10,279114.61,ACTIVE,2024-12-08,2026-09-20T15:49:40.215746
ACCT_00000200,CUST_000100,SAVINGS,169381431,BR_13,147433.89,INACTIVE,2026-05-30,2026-09-20T15:49:40.215756
ACCT_00000201,CUST_000100,CHECKING,403887508,BR_14,296576.5,ACTIVE,2023-11-25,2026-09-20T15:49:40.215758
ACCT_00000202,CUST_000101,CHECKING,562055622,BR_06,330160.63,ACTIVE,2026-05-11,2026-09-20T15:49:40.215773
ACCT_00000203,CUST_000101,SAVINGS,247874417,BR_06,439373.18,CLOSED,2022-11-28,2026-09-20T15:49:40.215776
ACCT_00000204,CUST_000102,CHECKING,192345517,BR_12,135407.38,CLOSED,2025-07-15,2026-09-20T15:49:40.215786
ACCT_00000205,CUST_000102,SAVINGS,728380379,BR_15,40450.9,ACTIVE,2026-06-17,2026-09-20T15:49:40.215789
ACCT_00000206,CUST_000102,SAVINGS,480783468,BR_04,405873.37,CLOSED,2024-06-21,2026-09-20T15:49:40.215791
ACCT_00000207,CUST_000103,SAVINGS,205375617,BR_15,130704.33,INACTIVE,2023-04-17,2026-09-20T15:49:40.215801
ACCT_00000208,CUST_000103,SAVINGS,286081575,BR_10,217964.55,INACTIVE,2022-02-16,2026-09-20T15:49:40.215804
ACCT_00000209,CUST_000104,CHECKING,833710528,BR_13,99833.38,ACTIVE,2024-04-21,2026-09-20T15:49:40.215814
ACCT_00000210,CUST_000104,MONEY_MARKET,314236379,BR_05,152567.55,INACTIVE,2023-06-18,2026-09-20T15:49:40.215817
ACCT_00000211,CUST_000104,MONEY_MARKET,595160746,BR_09,91767.75,INACTIVE,2026-02-06,2026-09-20T15:49:40.215820
ACCT_00000212,CUST_000105,MONEY_MARKET,574487943,BR_12,156698.91,CLOSED,2022-08-23,2026-09-20T15:49:40.215830
ACCT_00000213,CUST_000106,SAVINGS,480312748,BR_07,233329.62,INACTIVE,2024-01-20,2026-09-20T15:49:40.215840
ACCT_00000214,CUST_000106,CHECKING,700124081,BR_01,478750.13,INACTIVE,2026-02-21,2026-09-20T15:49:40.215843
ACCT_00000215,CUST_000107,MONEY_MARKET,424688774,BR_13,121398.56,CLOSED,2024-07-18,2026-09-20T15:49:40.215853
ACCT_00000216,CUST_000108,MONEY_MARKET,683331234,BR_15,282830.74,INACTIVE,2026-05-04,2026-09-20T15:49:40.215863
ACCT_00000217,CUST_000109,CHECKING,532655812,BR_11,3075.83,CLOSED,2024-01-22,2026-09-20T15:49:40.215872
ACCT_00000218,CUST_000109,CHECKING,190902012,BR_01,135160.4,CLOSED,2026-01-14,2026-09-20T15:49:40.215875
ACCT_00000219,CUST_000110,MONEY_MARKET,204581440,BR_14,145359.4,INACTIVE,2022-10-07,2026-09-20T15:49:40.215885
ACCT_00000220,CUST_000110,SAVINGS,165353048,BR_02,370262.42,CLOSED,2023-10-10,2026-09-20T15:49:40.215888
ACCT_00000221,CUST_000111,MONEY_MARKET,156930079,BR_12,102611.72,ACTIVE,2023-06-27,2026-09-20T15:49:40.215898
ACCT_00000222,CUST_000111,MONEY_MARKET,631829323,BR_03,111849.44,CLOSED,2023-01-19,2026-09-20T15:49:40.215901
ACCT_00000223,CUST_000111,CHECKING,423080544,BR_11,155514.33,ACTIVE,2022-02-14,2026-09-20T15:49:40.215904
ACCT_00000224,CUST_000112,MONEY_MARKET,838492458,BR_04,57442.96,ACTIVE,2025-10-12,2026-09-20T15:49:40.215913
ACCT_00000225,CUST_000112,MONEY_MARKET,229959717,BR_09,48522.13,ACTIVE,2026-01-21,2026-09-20T15:49:40.215917
ACCT_00000226,CUST_000113,CHECKING,994133220,BR_09,221963.56,ACTIVE,2025-12-15,2026-09-20T15:49:40.215926
ACCT_00000227,CUST_000113,SAVINGS,534390135,BR_08,491349.86,ACTIVE,2021-12-02,2026-09-20T15:49:40.215929
ACCT_00000228,CUST_000114,SAVINGS,982279119,BR_10,340692.09,CLOSED,2023-03-07,2026-09-20T15:49:40.215939
ACCT_00000229,CUST_000114,CHECKING,564236248,BR_03,318134.96,ACTIVE,2025-11-04,2026-09-20T15:49:40.215942
ACCT_00000230,CUST_000114,MONEY_MARKET,805948063,BR_04,85470.67,CLOSED,2022-09-19,2026-09-20T15:49:40.215945
ACCT_00000231,CUST_000115,CHECKING,611271188,BR_08,145089.09,CLOSED,2026-01-29,2026-09-20T15:49:40.215955
ACCT_00000232,CUST_000115,MONEY_MARKET,629316212,BR_06,333883.06,INACTIVE,2024-06-22,2026-09-20T15:49:40.215958
ACCT_00000233,CUST_000115,MONEY_MARKET,958837980,BR_02,232035.45,INACTIVE,2025-10-22,2026-09-20T15:49:40.215960
ACCT_00000234,CUST_000116,SAVINGS,590788362,BR_02,282148.12,ACTIVE,2023-05-21,2026-09-20T15:49:40.215972
ACCT_00000235,CUST_000117,CHECKING,792680500,BR_11,446621.16,CLOSED,2024-02-23,2026-09-20T15:49:40.215982
ACCT_00000236,CUST_000117,CHECKING,480885074,BR_03,234006.76,CLOSED,2024-01-26,2026-09-20T15:49:40.215985
ACCT_00000237,CUST_000118,CHECKING,269988928,BR_06,250369.13,CLOSED,2025-06-16,2026-09-20T15:49:40.215995
ACCT_00000238,CUST_000118,SAVINGS,858302909,BR_09,195373.1,ACTIVE,2025-08-29,2026-09-20T15:49:40.215998
ACCT_00000239,CUST_000119,CHECKING,477814318,BR_11,359632.63,INACTIVE,2024-01-23,2026-09-20T15:49:40.216007
ACCT_00000240,CUST_000119,MONEY_MARKET,944709329,BR_03,139242.24,CLOSED,2024-12-09,2026-09-20T15:49:40.216011
ACCT_00000241,CUST_000119,SAVINGS,173240044,BR_15,419678.81,INACTIVE,2024-07-11,2026-09-20T15:49:40.216013
ACCT_00000242,CUST_000120,MONEY_MARKET,807565596,BR_03,288061.87,CLOSED,2022-04-16,2026-09-20T15:49:40.216026
ACCT_00000243,CUST_000120,MONEY_MARKET,664180363,BR_05,64798.04,INACTIVE,2023-05-04,2026-09-20T15:49:40.216029
ACCT_00000244,CUST_000121,SAVINGS,727594817,BR_10,414960.15,ACTIVE,2026-05-21,2026-09-20T15:49:40.216039
ACCT_00000245,CUST_000121,CHECKING,886921228,BR_03,115928.98,CLOSED,2026-01-16,2026-09-20T15:49:40.216042
ACCT_00000246,CUST_000121,SAVINGS,829416737,BR_08,161897.32,ACTIVE,2022-04-24,2026-09-20T15:49:40.216047
ACCT_00000247,CUST_000122,CHECKING,213206543,BR_15,440389.63,CLOSED,2024-06-26,2026-09-20T15:49:40.216057
ACCT_00000248,CUST_000122,SAVINGS,169116659,BR_01,305990.62,ACTIVE,2026-06-06,2026-09-20T15:49:40.216063
ACCT_00000249,CUST_000122,MONEY_MARKET,178256125,BR_08,381699.64,CLOSED,2023-02-06,2026-09-20T15:49:40.216066
ACCT_00000250,CUST_000123,CHECKING,444842082,BR_02,349392.99,INACTIVE,2025-11-22,2026-09-20T15:49:40.216076
ACCT_00000251,CUST_000124,MONEY_MARKET,697503207,BR_04,97939.4,INACTIVE,2024-03-08,2026-09-20T15:49:40.216086
ACCT_00000252,CUST_000124,MONEY_MARKET,407186087,BR_04,100676.25,ACTIVE,2024-03-16,2026-09-20T15:49:40.216089
ACCT_00000253,CUST_000124,MONEY_MARKET,968305176,BR_13,96228.68,CLOSED,2026-07-03,2026-09-20T15:49:40.216092
ACCT_00000254,CUST_000125,MONEY_MARKET,203300528,BR_04,16716.27,ACTIVE,2026-08-11,2026-09-20T15:49:40.216102
ACCT_00000255,CUST_000125,SAVINGS,931490287,BR_07,284190.68,ACTIVE,2024-09-23,2026-09-20T15:49:40.216104
ACCT_00000256,CUST_000125,CHECKING,832679764,BR_12,478876.03,CLOSED,2023-01-14,2026-09-20T15:49:40.216107
ACCT_00000257,CUST_000126,SAVINGS,304157942,BR_14,103816.64,INACTIVE,2023-10-31,2026-09-20T15:49:40.216117
ACCT_00000258,CUST_000126,SAVINGS,482773059,BR_10,449887.9,ACTIVE,2022-02-22,2026-09-20T15:49:40.216120
ACCT_00000259,CUST_000126,CHECKING,571241735,BR_07,312772.8,ACTIVE,2023-06-13,2026-09-20T15:49:40.216123
ACCT_00000260,CUST_000127,CHECKING,940082030,BR_09,149183.67,ACTIVE,2023-11-04,2026-09-20T15:49:40.216134
ACCT_00000261,CUST_000128,CHECKING,745844522,BR_09,165526.81,ACTIVE,2022-01-12,2026-09-20T15:49:40.216143
ACCT_00000262,CUST_000129,SAVINGS,519217161,BR_12,179016.81,ACTIVE,2025-01-09,2026-09-20T15:49:40.216153
ACCT_00000263,CUST_000129,CHECKING,673833192,BR_10,120775.06,CLOSED,2023-03-19,2026-09-20T15:49:40.216158
ACCT_00000264,CUST_000130,SAVINGS,528658847,BR_10,28418.43,CLOSED,2026-01-06,2026-09-20T15:49:40.216168
ACCT_00000265,CUST_000130,MONEY_MARKET,605709532,BR_15,458703.93,INACTIVE,2022-12-23,2026-09-20T15:49:40.216172
ACCT_00000266,CUST_000130,CHECKING,134654722,BR_06,210760.71,ACTIVE,2024-10-05,2026-09-20T15:49:40.216175
ACCT_00000267,CUST_000131,CHECKING,319293841,BR_09,408399.51,INACTIVE,2022-05-23,2026-09-20T15:49:40.216184
ACCT_00000268,CUST_000132,CHECKING,352992044,BR_08,36548.66,CLOSED,2023-03-21,2026-09-20T15:49:40.216194
ACCT_00000269,CUST_000132,MONEY_MARKET,996578131,BR_13,403763.0,INACTIVE,2026-03-30,2026-09-20T15:49:40.216197
ACCT_00000270,CUST_000132,SAVINGS,742256122,BR_12,306255.08,ACTIVE,2023-07-19,2026-09-20T15:49:40.216200
ACCT_00000271,CUST_000133,CHECKING,390456188,BR_12,20966.31,ACTIVE,2023-11-08,2026-09-20T15:49:40.216210
ACCT_00000272,CUST_000133,MONEY_MARKET,341855018,BR_11,175193.82,INACTIVE,2024-12-08,2026-09-20T15:49:40.216213
ACCT_00000273,CUST_000134,CHECKING,159438642,BR_01,386829.26,ACTIVE,2023-08-23,2026-09-20T15:49:40.216223
ACCT_00000274,CUST_000135,SAVINGS,832228806,BR_11,368987.99,CLOSED,2023-12-08,2026-09-20T15:49:40.216233
ACCT_00000275,CUST_000135,CHECKING,515672079,BR_13,188676.18,ACTIVE,2024-03-24,2026-09-20T15:49:40.216236
ACCT_00000276,CUST_000135,MONEY_MARKET,558309064,BR_09,68971.44,INACTIVE,2025-12-23,2026-09-20T15:49:40.216239
ACCT_00000277,CUST_000136,SAVINGS,477730669,BR_04,171628.51,ACTIVE,2025-04-21,2026-09-20T15:49:40.216249
ACCT_00000278,CUST_000136,CHECKING,198774376,BR_10,5123.82,INACTIVE,2022-06-13,2026-09-20T15:49:40.216252
ACCT_00000279,CUST_000136,MONEY_MARKET,709937556,BR_01,495470.27,ACTIVE,2021-09-28,2026-09-20T15:49:40.216255
ACCT_00000280,CUST_000137,CHECKING,972546113,BR_01,38398.18,ACTIVE,2024-03-06,2026-09-20T15:49:40.216264
ACCT_00000281,CUST_000137,CHECKING,403435126,BR_01,157131.53,CLOSED,2022-12-19,2026-09-20T15:49:40.216267
ACCT_00000282,CUST_000137,CHECKING,413975774,BR_03,303101.31,INACTIVE,2022-12-14,2026-09-20T15:49:40.216270
ACCT_00000283,CUST_000138,MONEY_MARKET,182467492,BR_02,125174.41,CLOSED,2025-06-26,2026-09-20T15:49:40.216280
ACCT_00000284,CUST_000139,MONEY_MARKET,889434988,BR_14,178543.46,ACTIVE,2024-02-25,2026-09-20T15:49:40.216290
ACCT_00000285,CUST_000139,MONEY_MARKET,425041955,BR_06,390126.18,INACTIVE,2021-10-07,2026-09-20T15:49:40.216293
ACCT_00000286,CUST_000140,CHECKING,665694639,BR_15,133840.87,CLOSED,2023-08-09,2026-09-20T15:49:40.216302
ACCT_00000287,CUST_000140,MONEY_MARKET,212075212,BR_01,173383.06,INACTIVE,2022-09-07,2026-09-20T15:49:40.216305
ACCT_00000288,CUST_000140,MONEY_MARKET,622061542,BR_05,39315.19,ACTIVE,2021-12-02,2026-09-20T15:49:40.216308
ACCT_00000289,CUST_000141,CHECKING,427425973,BR_12,276527.54,ACTIVE,2024-07-20,2026-09-20T15:49:40.216318
ACCT_00000290,CUST_000141,MONEY_MARKET,976581035,BR_13,71066.42,ACTIVE,2022-09-21,2026-09-20T15:49:40.216321
ACCT_00000291,CUST_000141,SAVINGS,797833491,BR_13,226936.12,ACTIVE,2026-07-09,2026-09-20T15:49:40.216324
ACCT_00000292,CUST_000142,CHECKING,390230887,BR_05,294161.25,INACTIVE,2021-12-31,2026-09-20T15:49:40.216334
ACCT_00000293,CUST_000142,CHECKING,164123910,BR_05,427301.66,INACTIVE,2023-11-11,2026-09-20T15:49:40.216337
ACCT_00000294,CUST_000143,SAVINGS,513029019,BR_08,22303.33,ACTIVE,2024-07-06,2026-09-20T15:49:40.216347
ACCT_00000295,CUST_000144,MONEY_MARKET,562873958,BR_09,26224.6,INACTIVE,2026-06-18,2026-09-20T15:49:40.216357
ACCT_00000296,CUST_000145,SAVINGS,127908801,BR_15,304408.77,INACTIVE,2021-12-29,2026-09-20T15:49:40.216367
ACCT_00000297,CUST_000145,SAVINGS,969992528,BR_13,295520.22,ACTIVE,2024-09-22,2026-09-20T15:49:40.216370
ACCT_00000298,CUST_000145,MONEY_MARKET,990389081,BR_10,217094.6,INACTIVE,2022-04-02,2026-09-20T15:49:40.216373
ACCT_00000299,CUST_000146,MONEY_MARKET,907884127,BR_01,403717.61,CLOSED,2024-06-18,2026-09-20T15:49:40.216382
ACCT_00000300,CUST_000146,MONEY_MARKET,827964236,BR_05,429271.19,CLOSED,2024-01-15,2026-09-20T15:49:40.216386
ACCT_00000301,CUST_000146,SAVINGS,714827309,BR_12,284194.7,CLOSED,2025-03-07,2026-09-20T15:49:40.216389
ACCT_00000302,CUST_000147,SAVINGS,601794417,BR_12,496307.28,ACTIVE,2025-11-24,2026-09-20T15:49:40.216399
ACCT_00000303,CUST_000148,SAVINGS,958552071,BR_11,475488.52,ACTIVE,2025-03-28,2026-09-20T15:49:40.216409
ACCT_00000304,CUST_000149,SAVINGS,462422604,BR_10,197361.14,CLOSED,2025-02-06,2026-09-20T15:49:40.216419
ACCT_00000305,CUST_000149,SAVINGS,388565269,BR_11,125331.59,CLOSED,2022-02-04,2026-09-20T15:49:40.216422
ACCT_00000306,CUST_000149,MONEY_MARKET,113249027,BR_02,153516.89,CLOSED,2024-11-02,2026-09-20T15:49:40.216425
ACCT_00000307,CUST_000150,CHECKING,576535947,BR_08,8731.62,ACTIVE,2024-01-09,2026-09-20T15:49:40.216434
ACCT_00000308,CUST_000150,CHECKING,485176589,BR_08,318907.78,CLOSED,2025-06-01,2026-09-20T15:49:40.216437
ACCT_00000309,CUST_000151,CHECKING,722308895,BR_02,138295.19,CLOSED,2023-07-19,2026-09-20T15:49:40.216447
ACCT_00000310,CUST_000151,SAVINGS,168766169,BR_08,89983.97,INACTIVE,2025-03-08,2026-09-20T15:49:40.216452
ACCT_00000311,CUST_000152,CHECKING,344189202,BR_11,87330.21,CLOSED,2022-12-17,2026-09-20T15:49:40.216463
ACCT_00000312,CUST_000152,CHECKING,349830146,BR_02,327334.95,ACTIVE,2022-10-20,2026-09-20T15:49:40.216466
ACCT_00000313,CUST_000153,SAVINGS,722652915,BR_06,21073.6,CLOSED,2025-05-12,2026-09-20T15:49:40.216475
ACCT_00000314,CUST_000153,CHECKING,867241747,BR_05,487643.64,ACTIVE,2022-11-01,2026-09-20T15:49:40.216479
ACCT_00000315,CUST_000153,SAVINGS,680294485,BR_12,22462.06,ACTIVE,2024-09-04,2026-09-20T15:49:40.216482
ACCT_00000316,CUST_000154,CHECKING,644320464,BR_08,56679.96,ACTIVE,2025-04-23,2026-09-20T15:49:40.216491
ACCT_00000317,CUST_000155,SAVINGS,712425712,BR_06,414586.01,CLOSED,2024-04-22,2026-09-20T15:49:40.216501
ACCT_00000318,CUST_000156,MONEY_MARKET,557924398,BR_15,141613.89,ACTIVE,2024-10-22,2026-09-20T15:49:40.216511
ACCT_00000319,CUST_000157,SAVINGS,459688246,BR_07,448706.37,INACTIVE,2024-01-01,2026-09-20T15:49:40.216520
ACCT_00000320,CUST_000157,SAVINGS,767777623,BR_01,80240.38,ACTIVE,2025-01-03,2026-09-20T15:49:40.216523
ACCT_00000321,CUST_000157,CHECKING,734825626,BR_01,53205.43,ACTIVE,2022-02-09,2026-09-20T15:49:40.216526
ACCT_00000322,CUST_000158,MONEY_MARKET,868550002,BR_13,371047.5,CLOSED,2022-08-23,2026-09-20T15:49:40.216536
ACCT_00000323,CUST_000158,SAVINGS,330713535,BR_07,415380.31,ACTIVE,2022-12-15,2026-09-20T15:49:40.216539
ACCT_00000324,CUST_000159,CHECKING,509191906,BR_13,498910.64,ACTIVE,2026-03-16,2026-09-20T15:49:40.216551
ACCT_00000325,CUST_000159,CHECKING,707096187,BR_09,498906.7,CLOSED,2023-07-26,2026-09-20T15:49:40.216554
ACCT_00000326,CUST_000159,MONEY_MARKET,548910110,BR_09,366549.53,CLOSED,2022-03-01,2026-09-20T15:49:40.216557
ACCT_00000327,CUST_000160,MONEY_MARKET,607159571,BR_11,262271.59,INACTIVE,2024-11-10,2026-09-20T15:49:40.216568
ACCT_00000328,CUST_000161,CHECKING,997657767,BR_10,146603.35,ACTIVE,2024-10-17,2026-09-20T15:49:40.216578
ACCT_00000329,CUST_000161,CHECKING,957926104,BR_13,488739.63,ACTIVE,2024-01-31,2026-09-20T15:49:40.216581
ACCT_00000330,CUST_000162,MONEY_MARKET,223927974,BR_12,120599.13,CLOSED,2024-05-04,2026-09-20T15:49:40.216591
ACCT_00000331,CUST_000162,SAVINGS,185566562,BR_06,280272.52,ACTIVE,2024-08-10,2026-09-20T15:49:40.216594
ACCT_00000332,CUST_000163,SAVINGS,749848507,BR_04,224539.11,INACTIVE,2025-05-08,2026-09-20T15:49:40.216603
ACCT_00000333,CUST_000163,MONEY_MARKET,988866136,BR_14,493373.81,CLOSED,2025-04-07,2026-09-20T15:49:40.216606
ACCT_00000334,CUST_000163,SAVINGS,823814870,BR_10,332984.74,CLOSED,2025-03-06,2026-09-20T15:49:40.216609
ACCT_00000335,CUST_000164,SAVINGS,436987794,BR_02,40844.83,INACTIVE,2023-10-22,2026-09-20T15:49:40.216619
ACCT_00000336,CUST_000164,CHECKING,718487909,BR_08,316351.62,ACTIVE,2025-08-18,2026-09-20T15:49:40.216623
ACCT_00000337,CUST_000165,CHECKING,279068942,BR_02,209370.94,CLOSED,2022-08-26,2026-09-20T15:49:40.216632
ACCT_00000338,CUST_000165,SAVINGS,897633403,BR_02,63286.34,ACTIVE,2021-12-18,2026-09-20T15:49:40.216636
ACCT_00000339,CUST_000166,CHECKING,840931861,BR_03,494967.75,ACTIVE,2023-10-02,2026-09-20T15:49:40.216645
ACCT_00000340,CUST_000166,MONEY_MARKET,516734375,BR_15,211237.11,ACTIVE,2024-05-20,2026-09-20T15:49:40.216648
ACCT_00000341,CUST_000167,MONEY_MARKET,359238756,BR_12,146766.61,INACTIVE,2022-01-05,2026-09-20T15:49:40.216658
ACCT_00000342,CUST_000167,SAVINGS,735094668,BR_10,308353.13,CLOSED,2026-05-21,2026-09-20T15:49:40.216661
ACCT_00000343,CUST_000167,CHECKING,893225078,BR_15,177543.32,INACTIVE,2024-05-06,2026-09-20T15:49:40.216664
ACCT_00000344,CUST_000168,SAVINGS,895317860,BR_14,217901.5,INACTIVE,2022-09-18,2026-09-20T15:49:40.216673
ACCT_00000345,CUST_000168,CHECKING,887528569,BR_03,361881.36,CLOSED,2022-01-15,2026-09-20T15:49:40.216676
ACCT_00000346,CUST_000168,MONEY_MARKET,189968284,BR_03,447810.03,CLOSED,2023-04-25,2026-09-20T15:49:40.216679
ACCT_00000347,CUST_000169,MONEY_MARKET,797293050,BR_08,189749.35,INACTIVE,2025-08-25,2026-09-20T15:49:40.216689
ACCT_00000348,CUST_000169,MONEY_MARKET,875814098,BR_10,139721.86,ACTIVE,2025-05-03,2026-09-20T15:49:40.216692
ACCT_00000349,CUST_000170,SAVINGS,466271821,BR_01,282109.26,CLOSED,2023-05-22,2026-09-20T15:49:40.216702
ACCT_00000350,CUST_000170,MONEY_MARKET,558154399,BR_05,161467.76,INACTIVE,2022-05-24,2026-09-20T15:49:40.216705
ACCT_00000351,CUST_000171,CHECKING,145026751,BR_14,472531.82,CLOSED,2025-06-16,2026-09-20T15:49:40.216715
ACCT_00000352,CUST_000172,MONEY_MARKET,398775349,BR_10,439803.91,INACTIVE,2026-01-30,2026-09-20T15:49:40.216725
ACCT_00000353,CUST_000172,SAVINGS,405791966,BR_03,59363.68,INACTIVE,2023-11-29,2026-09-20T15:49:40.216728
ACCT_00000354,CUST_000173,CHECKING,281806799,BR_05,469608.52,INACTIVE,2023-03-29,2026-09-20T15:49:40.216740
ACCT_00000355,CUST_000173,CHECKING,348758691,BR_11,139386.49,ACTIVE,2025-06-24,2026-09-20T15:49:40.216743
ACCT_00000356,CUST_000174,MONEY_MARKET,910529844,BR_03,13772.33,ACTIVE,2023-08-12,2026-09-20T15:49:40.216753
ACCT_00000357,CUST_000174,MONEY_MARKET,957911130,BR_04,3431.89,ACTIVE,2024-07-26,2026-09-20T15:49:40.216756
ACCT_00000358,CUST_000174,CHECKING,402620734,BR_10,213308.63,INACTIVE,2023-09-20,2026-09-20T15:49:40.216759
ACCT_00000359,CUST_000175,SAVINGS,416691105,BR_15,54896.48,CLOSED,2021-11-25,2026-09-20T15:49:40.216768
ACCT_00000360,CUST_000176,SAVINGS,564142028,BR_08,131601.96,ACTIVE,2025-01-28,2026-09-20T15:49:40.216778
ACCT_00000361,CUST_000177,MONEY_MARKET,225050802,BR_06,401840.18,CLOSED,2022-03-11,2026-09-20T15:49:40.216788
ACCT_00000362,CUST_000177,CHECKING,880998560,BR_02,163625.15,CLOSED,2024-10-04,2026-09-20T15:49:40.216791
ACCT_00000363,CUST_000177,SAVINGS,586903322,BR_11,367787.32,CLOSED,2022-04-13,2026-09-20T15:49:40.216794
ACCT_00000364,CUST_000178,MONEY_MARKET,838667347,BR_06,446147.03,ACTIVE,2024-03-17,2026-09-20T15:49:40.216804
ACCT_00000365,CUST_000179,MONEY_MARKET,952762961,BR_09,158831.85,CLOSED,2022-12-07,2026-09-20T15:49:40.216813
ACCT_00000366,CUST_000180,CHECKING,781286134,BR_11,4084.5,ACTIVE,2023-05-09,2026-09-20T15:49:40.216823
ACCT_00000367,CUST_000180,SAVINGS,336448207,BR_11,97919.58,INACTIVE,2025-10-15,2026-09-20T15:49:40.216826
ACCT_00000368,CUST_000180,SAVINGS,973885029,BR_03,366806.99,INACTIVE,2025-11-25,2026-09-20T15:49:40.216829
ACCT_00000369,CUST_000181,MONEY_MARKET,195253470,BR_09,428592.68,CLOSED,2025-06-09,2026-09-20T15:49:40.216839
ACCT_00000370,CUST_000182,SAVINGS,172221238,BR_08,278912.81,ACTIVE,2022-08-28,2026-09-20T15:49:40.216849
ACCT_00000371,CUST_000183,CHECKING,548995177,BR_12,131610.6,INACTIVE,2023-02-06,2026-09-20T15:49:40.216858
ACCT_00000372,CUST_000184,CHECKING,784740871,BR_06,242168.11,CLOSED,2025-08-18,2026-09-20T15:49:40.216868
ACCT_00000373,CUST_000184,SAVINGS,348993575,BR_15,146128.75,INACTIVE,2023-11-22,2026-09-20T15:49:40.216871
ACCT_00000374,CUST_000184,MONEY_MARKET,521132336,BR_10,178628.22,INACTIVE,2024-12-24,2026-09-20T15:49:40.216874
ACCT_00000375,CUST_000185,CHECKING,220653592,BR_15,448419.52,INACTIVE,2024-04-14,2026-09-20T15:49:40.216884
ACCT_00000376,CUST_000186,SAVINGS,365639711,BR_11,212490.16,ACTIVE,2024-01-13,2026-09-20T15:49:40.216893
ACCT_00000377,CUST_000186,SAVINGS,809327660,BR_02,173854.53,INACTIVE,2022-09-08,2026-09-20T15:49:40.216896
ACCT_00000378,CUST_000187,SAVINGS,964062922,BR_14,244638.27,INACTIVE,2022-10-14,2026-09-20T15:49:40.216907
ACCT_00000379,CUST_000188,CHECKING,412383966,BR_05,253792.95,INACTIVE,2026-04-19,2026-09-20T15:49:40.216918
ACCT_00000380,CUST_000189,SAVINGS,380896497,BR_11,158877.42,INACTIVE,2022-02-07,2026-09-20T15:49:40.216927
ACCT_00000381,CUST_000189,SAVINGS,556554255,BR_07,130423.62,ACTIVE,2025-02-18,2026-09-20T15:49:40.216930
ACCT_00000382,CUST_000189,SAVINGS,881884679,BR_04,169986.79,ACTIVE,2024-11-28,2026-09-20T15:49:40.216933
ACCT_00000383,CUST_000190,SAVINGS,337629854,BR_10,437823.43,CLOSED,2025-06-25,2026-09-20T15:49:40.216943
ACCT_00000384,CUST_000190,MONEY_MARKET,218450490,BR_10,305414.63,ACTIVE,2023-04-01,2026-09-20T15:49:40.216946
ACCT_00000385,CUST_000191,CHECKING,875487184,BR_01,401226.2,ACTIVE,2022-04-06,2026-09-20T15:49:40.216956
ACCT_00000386,CUST_000191,MONEY_MARKET,457865348,BR_15,176415.05,CLOSED,2026-04-14,2026-09-20T15:49:40.216959
ACCT_00000387,CUST_000191,MONEY_MARKET,152844427,BR_09,105310.65,CLOSED,2025-07-11,2026-09-20T15:49:40.216961
ACCT_00000388,CUST_000192,MONEY_MARKET,524693118,BR_14,358938.47,INACTIVE,2022-02-22,2026-09-20T15:49:40.216971
ACCT_00000389,CUST_000193,SAVINGS,455947683,BR_07,107885.99,CLOSED,2025-03-30,2026-09-20T15:49:40.216981
ACCT_00000390,CUST_000194,CHECKING,121505301,BR_13,470183.56,ACTIVE,2023-10-29,2026-09-20T15:49:40.216992
ACCT_00000391,CUST_000195,SAVINGS,145403352,BR_03,141616.55,ACTIVE,2025-05-07,2026-09-20T15:49:40.217002
ACCT_00000392,CUST_000195,MONEY_MARKET,929370675,BR_12,123729.64,INACTIVE,2022-06-08,2026-09-20T15:49:40.217005
ACCT_00000393,CUST_000196,SAVINGS,803597206,BR_07,65683.48,CLOSED,2021-09-21,2026-09-20T15:49:40.217014
ACCT_00000394,CUST_000197,CHECKING,182170332,BR_02,252304.38,CLOSED,2022-05-13,2026-09-20T15:49:40.217024
ACCT_00000395,CUST_000197,MONEY_MARKET,546010911,BR_01,7469.42,CLOSED,2023-04-01,2026-09-20T15:49:40.217027
ACCT_00000396,CUST_000198,CHECKING,890138040,BR_10,396330.74,ACTIVE,2021-12-23,2026-09-20T15:49:40.217037
ACCT_00000397,CUST_000199,SAVINGS,942642258,BR_06,212633.84,CLOSED,2026-07-05,2026-09-20T15:49:40.217047
ACCT_00000398,CUST_000199,SAVINGS,394258670,BR_08,101413.08,INACTIVE,2022-12-17,2026-09-20T15:49:40.217050
ACCT_00000399,CUST_000199,MONEY_MARKET,606162272,BR_07,145690.2,ACTIVE,2025-05-23,2026-09-20T15:49:40.217053
ACCT_00000400,CUST_000200,MONEY_MARKET,399099265,BR_08,142283.05,CLOSED,2023-08-25,2026-09-20T15:49:40.217063
ACCT_00000401,CUST_000200,MONEY_MARKET,362652326,BR_07,8704.54,INACTIVE,2022-07-23,2026-09-20T15:49:40.217066
ACCT_00000402,CUST_000201,SAVINGS,918943296,BR_09,357317.91,INACTIVE,2025-05-20,2026-09-20T15:49:40.217079
ACCT_00000403,CUST_000201,MONEY_MARKET,126727441,BR_07,385625.78,INACTIVE,2024-07-25,2026-09-20T15:49:40.217082
ACCT_00000404,CUST_000202,MONEY_MARKET,216982506,BR_11,155373.85,ACTIVE,2022-02-05,2026-09-20T15:49:40.217091
ACCT_00000405,CUST_000202,MONEY_MARKET,189801911,BR_02,280486.62,ACTIVE,2021-10-15,2026-09-20T15:49:40.217094
ACCT_00000406,CUST_000203,MONEY_MARKET,368402236,BR_02,70751.15,CLOSED,2021-12-09,2026-09-20T15:49:40.217104
ACCT_00000407,CUST_000203,SAVINGS,662002554,BR_12,419841.04,ACTIVE,2026-04-23,2026-09-20T15:49:40.217108
ACCT_00000408,CUST_000204,SAVINGS,542229789,BR_05,370281.51,ACTIVE,2026-06-08,2026-09-20T15:49:40.217117
ACCT_00000409,CUST_000204,SAVINGS,839805543,BR_10,299405.17,ACTIVE,2025-02-18,2026-09-20T15:49:40.217120
ACCT_00000410,CUST_000205,CHECKING,910715800,BR_09,397368.43,CLOSED,2023-11-02,2026-09-20T15:49:40.217130
ACCT_00000411,CUST_000205,SAVINGS,800088933,BR_04,160986.8,CLOSED,2023-12-06,2026-09-20T15:49:40.217133
ACCT_00000412,CUST_000205,MONEY_MARKET,695719743,BR_14,369868.53,CLOSED,2026-03-08,2026-09-20T15:49:40.217136
ACCT_00000413,CUST_000206,SAVINGS,850819946,BR_02,187905.46,ACTIVE,2025-09-24,2026-09-20T15:49:40.217145
ACCT_00000414,CUST_000207,MONEY_MARKET,230435679,BR_03,98764.07,ACTIVE,2026-06-03,2026-09-20T15:49:40.217155
ACCT_00000415,CUST_000207,SAVINGS,631700342,BR_03,313119.84,CLOSED,2023-11-28,2026-09-20T15:49:40.217158
ACCT_00000416,CUST_000207,CHECKING,904225572,BR_14,273587.82,INACTIVE,2026-08-03,2026-09-20T15:49:40.217161
ACCT_00000417,CUST_000208,CHECKING,567592441,BR_05,359999.5,CLOSED,2025-02-12,2026-09-20T15:49:40.217171
ACCT_00000418,CUST_000208,MONEY_MARKET,446159485,BR_10,444783.59,CLOSED,2022-12-29,2026-09-20T15:49:40.217174
ACCT_00000419,CUST_000209,CHECKING,411596420,BR_09,342543.44,CLOSED,2022-08-19,2026-09-20T15:49:40.217183
ACCT_00000420,CUST_000210,MONEY_MARKET,749096026,BR_05,236107.81,ACTIVE,2024-10-14,2026-09-20T15:49:40.217193
ACCT_00000421,CUST_000210,MONEY_MARKET,873233971,BR_14,463928.04,ACTIVE,2023-09-13,2026-09-20T15:49:40.217196
ACCT_00000422,CUST_000211,SAVINGS,110545422,BR_06,208209.84,ACTIVE,2024-01-01,2026-09-20T15:49:40.217206
ACCT_00000423,CUST_000211,CHECKING,106015564,BR_05,350762.17,ACTIVE,2022-09-30,2026-09-20T15:49:40.217209
ACCT_00000424,CUST_000211,CHECKING,677384799,BR_08,165584.46,ACTIVE,2023-02-19,2026-09-20T15:49:40.217212
ACCT_00000425,CUST_000212,MONEY_MARKET,267990152,BR_02,175291.35,CLOSED,2025-05-16,2026-09-20T15:49:40.217222
ACCT_00000426,CUST_000212,SAVINGS,775192217,BR_01,463946.96,INACTIVE,2025-01-16,2026-09-20T15:49:40.217225
ACCT_00000427,CUST_000213,MONEY_MARKET,883104733,BR_05,183700.67,INACTIVE,2025-03-18,2026-09-20T15:49:40.217234
ACCT_00000428,CUST_000213,MONEY_MARKET,680912575,BR_11,329717.85,ACTIVE,2023-04-26,2026-09-20T15:49:40.217237
ACCT_00000429,CUST_000214,CHECKING,884538138,BR_04,140064.77,INACTIVE,2023-06-24,2026-09-20T15:49:40.217247
ACCT_00000430,CUST_000215,CHECKING,955648194,BR_09,293699.8,INACTIVE,2024-10-14,2026-09-20T15:49:40.217256
ACCT_00000431,CUST_000216,MONEY_MARKET,749372434,BR_05,483332.78,CLOSED,2021-10-02,2026-09-20T15:49:40.217266
ACCT_00000432,CUST_000216,MONEY_MARKET,817793095,BR_15,236756.08,ACTIVE,2026-08-16,2026-09-20T15:49:40.217269
ACCT_00000433,CUST_000216,CHECKING,332404394,BR_02,464780.6,CLOSED,2025-10-25,2026-09-20T15:49:40.217272
ACCT_00000434,CUST_000217,CHECKING,610525583,BR_14,223.41,ACTIVE,2026-05-07,2026-09-20T15:49:40.217282
ACCT_00000435,CUST_000218,MONEY_MARKET,966761327,BR_08,212760.33,INACTIVE,2024-10-21,2026-09-20T15:49:40.217291
ACCT_00000436,CUST_000219,MONEY_MARKET,916051762,BR_02,120462.37,INACTIVE,2024-07-10,2026-09-20T15:49:40.217301
ACCT_00000437,CUST_000219,SAVINGS,858324357,BR_08,177560.32,CLOSED,2024-11-10,2026-09-20T15:49:40.217304
ACCT_00000438,CUST_000220,CHECKING,750022893,BR_14,107028.29,ACTIVE,2023-02-01,2026-09-20T15:49:40.217313
ACCT_00000439,CUST_000220,SAVINGS,863803756,BR_03,419954.06,CLOSED,2024-02-29,2026-09-20T15:49:40.217316
ACCT_00000440,CUST_000220,SAVINGS,846357679,BR_13,125344.47,ACTIVE,2023-07-06,2026-09-20T15:49:40.217319
ACCT_00000441,CUST_000221,MONEY_MARKET,473855956,BR_03,12745.25,INACTIVE,2021-11-04,2026-09-20T15:49:40.217329
ACCT_00000442,CUST_000221,SAVINGS,927580907,BR_11,173061.18,INACTIVE,2025-06-10,2026-09-20T15:49:40.217332
ACCT_00000443,CUST_000222,MONEY_MARKET,305067526,BR_07,187165.51,CLOSED,2026-07-31,2026-09-20T15:49:40.217342
ACCT_00000444,CUST_000222,CHECKING,574680393,BR_06,263048.7,ACTIVE,2023-05-09,2026-09-20T15:49:40.217345
ACCT_00000445,CUST_000222,SAVINGS,452672163,BR_02,455529.27,INACTIVE,2023-10-27,2026-09-20T15:49:40.217348
ACCT_00000446,CUST_000223,MONEY_MARKET,393161400,BR_01,323644.34,CLOSED,2023-12-15,2026-09-20T15:49:40.217357
ACCT_00000447,CUST_000224,CHECKING,846786447,BR_12,126593.67,CLOSED,2026-04-26,2026-09-20T15:49:40.217367
ACCT_00000448,CUST_000224,MONEY_MARKET,984039248,BR_01,431606.34,INACTIVE,2023-03-26,2026-09-20T15:49:40.217370
ACCT_00000449,CUST_000225,SAVINGS,626456141,BR_03,236776.86,CLOSED,2022-06-06,2026-09-20T15:49:40.217380
ACCT_00000450,CUST_000225,MONEY_MARKET,966972099,BR_02,19192.98,ACTIVE,2023-03-15,2026-09-20T15:49:40.217383
ACCT_00000451,CUST_000225,MONEY_MARKET,264488389,BR_12,368124.46,ACTIVE,2026-03-05,2026-09-20T15:49:40.217386
ACCT_00000452,CUST_000226,CHECKING,160181074,BR_08,318775.33,ACTIVE,2024-11-16,2026-09-20T15:49:40.217395
ACCT_00000453,CUST_000226,CHECKING,684205193,BR_05,491703.37,ACTIVE,2022-12-19,2026-09-20T15:49:40.217398
ACCT_00000454,CUST_000227,MONEY_MARKET,117904060,BR_06,418653.04,INACTIVE,2022-08-30,2026-09-20T15:49:40.217410
ACCT_00000455,CUST_000227,CHECKING,730122695,BR_12,472156.06,CLOSED,2026-07-23,2026-09-20T15:49:40.217413
ACCT_00000456,CUST_000227,MONEY_MARKET,532903803,BR_07,418874.57,CLOSED,2026-04-18,2026-09-20T15:49:40.217416
ACCT_00000457,CUST_000228,CHECKING,985888054,BR_13,250812.69,CLOSED,2025-02-21,2026-09-20T15:49:40.217425
ACCT_00000458,CUST_000229,CHECKING,576095915,BR_01,137835.18,ACTIVE,2022-10-11,2026-09-20T15:49:40.217450
ACCT_00000459,CUST_000230,SAVINGS,285723207,BR_11,373439.53,ACTIVE,2024-11-22,2026-09-20T15:49:40.217460
ACCT_00000460,CUST_000230,SAVINGS,701896059,BR_06,58945.51,INACTIVE,2023-06-15,2026-09-20T15:49:40.217463
ACCT_00000461,CUST_000230,MONEY_MARKET,192444053,BR_10,465143.4,ACTIVE,2025-12-26,2026-09-20T15:49:40.217466
ACCT_00000462,CUST_000231,CHECKING,883348757,BR_02,92910.88,CLOSED,2023-02-15,2026-09-20T15:49:40.217477
ACCT_00000463,CUST_000232,CHECKING,946899566,BR_01,108841.17,INACTIVE,2024-01-22,2026-09-20T15:49:40.217487
ACCT_00000464,CUST_000233,MONEY_MARKET,364926597,BR_05,418670.43,CLOSED,2021-10-16,2026-09-20T15:49:40.217497
ACCT_00000465,CUST_000234,MONEY_MARKET,911569008,BR_12,66454.13,ACTIVE,2024-07-06,2026-09-20T15:49:40.217506
ACCT_00000466,CUST_000235,SAVINGS,291130376,BR_05,70298.99,INACTIVE,2024-04-26,2026-09-20T15:49:40.217516
ACCT_00000467,CUST_000235,CHECKING,996869990,BR_04,136472.43,ACTIVE,2025-08-24,2026-09-20T15:49:40.217519
ACCT_00000468,CUST_000235,SAVINGS,378479334,BR_12,219855.2,ACTIVE,2023-11-22,2026-09-20T15:49:40.217522
ACCT_00000469,CUST_000236,MONEY_MARKET,490426698,BR_06,386208.04,CLOSED,2024-02-13,2026-09-20T15:49:40.217531
ACCT_00000470,CUST_000236,MONEY_MARKET,837703441,BR_14,85320.27,CLOSED,2024-06-23,2026-09-20T15:49:40.217534
ACCT_00000471,CUST_000237,MONEY_MARKET,710649119,BR_04,496878.44,INACTIVE,2024-09-10,2026-09-20T15:49:40.217544
ACCT_00000472,CUST_000238,MONEY_MARKET,954989911,BR_05,103802.73,CLOSED,2023-10-25,2026-09-20T15:49:40.217553
ACCT_00000473,CUST_000238,MONEY_MARKET,991052897,BR_12,397168.09,ACTIVE,2023-10-05,2026-09-20T15:49:40.217556
ACCT_00000474,CUST_000238,CHECKING,377255013,BR_04,233897.33,ACTIVE,2025-12-28,2026-09-20T15:49:40.217559
ACCT_00000475,CUST_000239,MONEY_MARKET,777653137,BR_03,237657.39,INACTIVE,2023-05-08,2026-09-20T15:49:40.217572
ACCT_00000476,CUST_000239,SAVINGS,499735559,BR_10,189017.29,CLOSED,2026-06-13,2026-09-20T15:49:40.217575
ACCT_00000477,CUST_000239,SAVINGS,853002567,BR_02,314773.09,ACTIVE,2025-09-30,2026-09-20T15:49:40.217578
ACCT_00000478,CUST_000240,SAVINGS,459394784,BR_06,323975.87,ACTIVE,2025-08-03,2026-09-20T15:49:40.217588
ACCT_00000479,CUST_000240,SAVINGS,428860953,BR_03,233473.93,ACTIVE,2022-06-03,2026-09-20T15:49:40.217591
ACCT_00000480,CUST_000241,SAVINGS,968894784,BR_10,228277.19,CLOSED,2022-09-29,2026-09-20T15:49:40.217603
ACCT_00000481,CUST_000242,MONEY_MARKET,528781058,BR_08,417064.8,INACTIVE,2022-08-01,2026-09-20T15:49:40.217613
ACCT_00000482,CUST_000242,SAVINGS,745256477,BR_06,241330.54,INACTIVE,2024-12-15,2026-09-20T15:49:40.217616
ACCT_00000483,CUST_000243,CHECKING,919450756,BR_15,450442.68,CLOSED,2026-01-13,2026-09-20T15:49:40.217626
ACCT_00000484,CUST_000244,SAVINGS,931153961,BR_05,476995.57,INACTIVE,2023-04-25,2026-09-20T15:49:40.217635
ACCT_00000485,CUST_000244,CHECKING,276121538,BR_09,83275.73,INACTIVE,2023-04-17,2026-09-20T15:49:40.217638
ACCT_00000486,CUST_000245,MONEY_MARKET,313097103,BR_10,375949.86,ACTIVE,2022-12-02,2026-09-20T15:49:40.217648
ACCT_00000487,CUST_000245,SAVINGS,946719967,BR_01,485165.53,INACTIVE,2022-03-12,2026-09-20T15:49:40.217651
ACCT_00000488,CUST_000245,CHECKING,960592930,BR_06,229410.89,ACTIVE,2024-01-21,2026-09-20T15:49:40.217654
ACCT_00000489,CUST_000246,MONEY_MARKET,258367270,BR_04,441489.07,INACTIVE,2024-11-30,2026-09-20T15:49:40.217664
ACCT_00000490,CUST_000247,CHECKING,353600185,BR_14,101740.66,ACTIVE,2022-07-30,2026-09-20T15:49:40.217674
ACCT_00000491,CUST_000248,CHECKING,835205605,BR_09,422849.63,INACTIVE,2026-08-11,2026-09-20T15:49:40.217684
ACCT_00000492,CUST_000249,CHECKING,470131551,BR_02,235453.27,CLOSED,2024-06-05,2026-09-20T15:49:40.217694
ACCT_00000493,CUST_000249,MONEY_MARKET,328161414,BR_15,236205.74,INACTIVE,2021-12-23,2026-09-20T15:49:40.217697
ACCT_00000494,CUST_000250,MONEY_MARKET,360642244,BR_13,458483.17,INACTIVE,2025-12-01,2026-09-20T15:49:40.217706
ACCT_00000495,CUST_000250,SAVINGS,919312568,BR_15,66849.78,INACTIVE,2025-01-19,2026-09-20T15:49:40.217709
ACCT_00000496,CUST_000251,MONEY_MARKET,555902658,BR_10,196985.8,ACTIVE,2024-09-10,2026-09-20T15:49:40.217719
ACCT_00000497,CUST_000251,SAVINGS,819274604,BR_12,485115.81,ACTIVE,2025-05-24,2026-09-20T15:49:40.217722
ACCT_00000498,CUST_000251,MONEY_MARKET,291297872,BR_13,117655.28,INACTIVE,2024-09-24,2026-09-20T15:49:40.217725
ACCT_00000499,CUST_000252,CHECKING,755590808,BR_10,375867.06,ACTIVE,2023-01-07,2026-09-20T15:49:40.217735
ACCT_00000500,CUST_000252,CHECKING,248262160,BR_08,94066.48,ACTIVE,2024-12-11,2026-09-20T15:49:40.217738
ACCT_00000501,CUST_000252,SAVINGS,199697311,BR_06,192094.86,ACTIVE,2024-04-02,2026-09-20T15:49:40.217741
ACCT_00000502,CUST_000253,SAVINGS,434032573,BR_07,337668.94,INACTIVE,2026-06-11,2026-09-20T15:49:40.217750
ACCT_00000503,CUST_000254,SAVINGS,292755937,BR_03,199168.25,CLOSED,2021-12-17,2026-09-20T15:49:40.217760
ACCT_00000504,CUST_000254,CHECKING,599206945,BR_13,41411.97,CLOSED,2022-07-13,2026-09-20T15:49:40.217763
ACCT_00000505,CUST_000255,MONEY_MARKET,534300167,BR_13,403477.12,ACTIVE,2024-11-06,2026-09-20T15:49:40.217773
ACCT_00000506,CUST_000256,MONEY_MARKET,644355354,BR_07,343180.69,ACTIVE,2023-11-30,2026-09-20T15:49:40.217783
ACCT_00000507,CUST_000257,MONEY_MARKET,531325735,BR_07,385702.69,INACTIVE,2024-04-03,2026-09-20T15:49:40.217792
ACCT_00000508,CUST_000257,SAVINGS,896786236,BR_11,58067.61,INACTIVE,2023-10-28,2026-09-20T15:49:40.217795
ACCT_00000509,CUST_000257,SAVINGS,938596152,BR_08,356040.54,CLOSED,2024-08-04,2026-09-20T15:49:40.217798
ACCT_00000510,CUST_000258,CHECKING,555336460,BR_09,379829.43,CLOSED,2026-03-11,2026-09-20T15:49:40.217813
ACCT_00000511,CUST_000259,CHECKING,461975213,BR_15,353811.6,INACTIVE,2025-07-13,2026-09-20T15:49:40.217824
ACCT_00000512,CUST_000260,MONEY_MARKET,881285439,BR_14,227549.18,ACTIVE,2024-01-13,2026-09-20T15:49:40.217834
ACCT_00000513,CUST_000260,SAVINGS,142782651,BR_02,433961.57,INACTIVE,2024-07-31,2026-09-20T15:49:40.217837
ACCT_00000514,CUST_000260,CHECKING,743523776,BR_11,184711.28,INACTIVE,2024-09-29,2026-09-20T15:49:40.217840
ACCT_00000515,CUST_000261,SAVINGS,923381466,BR_14,11862.82,INACTIVE,2025-08-20,2026-09-20T15:49:40.217850
ACCT_00000516,CUST_000261,SAVINGS,483202737,BR_07,8857.74,INACTIVE,2024-12-20,2026-09-20T15:49:40.217852
ACCT_00000517,CUST_000261,MONEY_MARKET,138241399,BR_10,55930.47,CLOSED,2026-06-08,2026-09-20T15:49:40.217855
ACCT_00000518,CUST_000262,MONEY_MARKET,525432156,BR_04,87699.3,CLOSED,2026-02-09,2026-09-20T15:49:40.217867
ACCT_00000519,CUST_000262,CHECKING,880382037,BR_03,316496.72,INACTIVE,2025-02-05,2026-09-20T15:49:40.217870
ACCT_00000520,CUST_000262,SAVINGS,591806906,BR_12,308658.84,CLOSED,2022-01-14,2026-09-20T15:49:40.217873
ACCT_00000521,CUST_000263,MONEY_MARKET,592224271,BR_01,38360.42,INACTIVE,2026-06-04,2026-09-20T15:49:40.217883
ACCT_00000522,CUST_000263,CHECKING,754288322,BR_12,318943.46,ACTIVE,2024-06-30,2026-09-20T15:49:40.217886
ACCT_00000523,CUST_000263,MONEY_MARKET,878891323,BR_02,168952.59,CLOSED,2022-06-09,2026-09-20T15:49:40.217889
ACCT_00000524,CUST_000264,SAVINGS,530290856,BR_01,92046.78,CLOSED,2025-03-13,2026-09-20T15:49:40.217899
ACCT_00000525,CUST_000264,MONEY_MARKET,801041129,BR_12,441474.39,INACTIVE,2025-12-26,2026-09-20T15:49:40.217902
ACCT_00000526,CUST_000265,MONEY_MARKET,380220571,BR_05,307829.18,CLOSED,2021-11-06,2026-09-20T15:49:40.217912
ACCT_00000527,CUST_000266,MONEY_MARKET,957870433,BR_01,187180.77,INACTIVE,2025-06-07,2026-09-20T15:49:40.217922
ACCT_00000528,CUST_000267,SAVINGS,901945329,BR_12,389176.66,INACTIVE,2023-10-29,2026-09-20T15:49:40.217932
ACCT_00000529,CUST_000267,MONEY_MARKET,149115293,BR_10,199395.45,ACTIVE,2022-11-02,2026-09-20T15:49:40.217935
ACCT_00000530,CUST_000268,SAVINGS,105423527,BR_07,103647.46,INACTIVE,2022-12-15,2026-09-20T15:49:40.217945
ACCT_00000531,CUST_000268,CHECKING,395030606,BR_05,231274.37,CLOSED,2024-11-08,2026-09-20T15:49:40.217948
ACCT_00000532,CUST_000269,CHECKING,341403760,BR_01,354533.35,ACTIVE,2026-04-13,2026-09-20T15:49:40.217958
ACCT_00000533,CUST_000270,SAVINGS,881860106,BR_12,304697.15,INACTIVE,2023-05-05,2026-09-20T15:49:40.217968
ACCT_00000534,CUST_000270,SAVINGS,781581955,BR_10,164443.13,INACTIVE,2023-12-21,2026-09-20T15:49:40.217971
ACCT_00000535,CUST_000270,MONEY_MARKET,113493954,BR_06,170363.93,INACTIVE,2022-01-10,2026-09-20T15:49:40.217974
ACCT_00000536,CUST_000271,CHECKING,596012400,BR_14,371311.32,ACTIVE,2023-08-27,2026-09-20T15:49:40.217983
ACCT_00000537,CUST_000271,MONEY_MARKET,282550509,BR_11,195091.62,INACTIVE,2026-06-16,2026-09-20T15:49:40.217987
ACCT_00000538,CUST_000272,MONEY_MARKET,184405248,BR_11,243320.61,INACTIVE,2026-03-04,2026-09-20T15:49:40.217997
ACCT_00000539,CUST_000272,CHECKING,903170583,BR_09,184658.81,INACTIVE,2022-06-06,2026-09-20T15:49:40.218001
ACCT_00000540,CUST_000272,SAVINGS,584793554,BR_11,233743.32,ACTIVE,2023-02-19,2026-09-20T15:49:40.218004
ACCT_00000541,CUST_000273,CHECKING,770299588,BR_06,282489.73,INACTIVE,2022-05-08,2026-09-20T15:49:40.218014
ACCT_00000542,CUST_000273,CHECKING,906797157,BR_05,278264.1,INACTIVE,2025-04-28,2026-09-20T15:49:40.218017
ACCT_00000543,CUST_000273,SAVINGS,677235776,BR_03,189276.58,ACTIVE,2026-02-04,2026-09-20T15:49:40.218020
ACCT_00000544,CUST_000274,CHECKING,326887199,BR_02,285415.43,ACTIVE,2021-10-15,2026-09-20T15:49:40.218036
ACCT_00000545,CUST_000274,CHECKING,923425368,BR_13,492192.92,INACTIVE,2023-07-22,2026-09-20T15:49:40.218039
ACCT_00000546,CUST_000275,SAVINGS,906681748,BR_04,209148.18,CLOSED,2025-01-27,2026-09-20T15:49:40.218049
ACCT_00000547,CUST_000275,SAVINGS,927317727,BR_06,315174.8,CLOSED,2022-10-15,2026-09-20T15:49:40.218053
ACCT_00000548,CUST_000276,MONEY_MARKET,441208413,BR_09,267859.96,INACTIVE,2025-05-17,2026-09-20T15:49:40.218063
ACCT_00000549,CUST_000276,SAVINGS,631323119,BR_13,232010.58,INACTIVE,2025-10-04,2026-09-20T15:49:40.218066
ACCT_00000550,CUST_000276,CHECKING,529555102,BR_05,1768.36,INACTIVE,2022-05-12,2026-09-20T15:49:40.218069
ACCT_00000551,CUST_000277,MONEY_MARKET,284974223,BR_11,453649.71,INACTIVE,2023-05-21,2026-09-20T15:49:40.218079
ACCT_00000552,CUST_000277,MONEY_MARKET,548931346,BR_07,205205.87,CLOSED,2026-06-23,2026-09-20T15:49:40.218082
ACCT_00000553,CUST_000278,CHECKING,248790594,BR_10,309998.16,ACTIVE,2023-04-12,2026-09-20T15:49:40.218092
ACCT_00000554,CUST_000278,MONEY_MARKET,886137921,BR_07,472749.96,INACTIVE,2023-03-22,2026-09-20T15:49:40.218095
ACCT_00000555,CUST_000278,CHECKING,278733850,BR_10,312785.01,CLOSED,2026-02-16,2026-09-20T15:49:40.218098
ACCT_00000556,CUST_000279,CHECKING,897752993,BR_10,441767.89,CLOSED,2024-06-15,2026-09-20T15:49:40.218107
ACCT_00000557,CUST_000279,MONEY_MARKET,649042259,BR_14,96596.49,ACTIVE,2024-01-27,2026-09-20T15:49:40.218111
ACCT_00000558,CUST_000280,MONEY_MARKET,356962879,BR_03,236137.23,CLOSED,2025-07-08,2026-09-20T15:49:40.218122
ACCT_00000559,CUST_000280,SAVINGS,242431913,BR_05,32499.93,ACTIVE,2025-06-24,2026-09-20T15:49:40.218125
ACCT_00000560,CUST_000281,SAVINGS,593054651,BR_04,341867.18,INACTIVE,2025-04-13,2026-09-20T15:49:40.218135
ACCT_00000561,CUST_000281,CHECKING,595431160,BR_09,320725.49,CLOSED,2021-12-10,2026-09-20T15:49:40.218138
ACCT_00000562,CUST_000281,SAVINGS,271011192,BR_04,231159.9,ACTIVE,2026-08-07,2026-09-20T15:49:40.218141
ACCT_00000563,CUST_000282,CHECKING,832317261,BR_11,203232.72,CLOSED,2024-01-02,2026-09-20T15:49:40.218151
ACCT_00000564,CUST_000282,SAVINGS,175554497,BR_13,208603.1,INACTIVE,2022-08-16,2026-09-20T15:49:40.218155
ACCT_00000565,CUST_000282,MONEY_MARKET,229903401,BR_12,388320.6,CLOSED,2023-08-24,2026-09-20T15:49:40.218158
ACCT_00000566,CUST_000283,CHECKING,570858471,BR_08,413894.14,ACTIVE,2024-12-30,2026-09-20T15:49:40.218167
ACCT_00000567,CUST_000283,SAVINGS,989388663,BR_14,362602.75,ACTIVE,2024-08-07,2026-09-20T15:49:40.218170
ACCT_00000568,CUST_000283,SAVINGS,869469831,BR_15,255828.69,CLOSED,2024-03-03,2026-09-20T15:49:40.218173
ACCT_00000569,CUST_000284,CHECKING,211264367,BR_03,423550.48,CLOSED,2022-05-31,2026-09-20T15:49:40.218183
ACCT_00000570,CUST_000284,CHECKING,875235388,BR_03,183295.61,CLOSED,2024-09-25,2026-09-20T15:49:40.218186
ACCT_00000571,CUST_000285,CHECKING,954218632,BR_08,105121.48,ACTIVE,2024-10-15,2026-09-20T15:49:40.218196
ACCT_00000572,CUST_000286,MONEY_MARKET,179531577,BR_08,449607.74,INACTIVE,2022-06-02,2026-09-20T15:49:40.218206
ACCT_00000573,CUST_000286,CHECKING,912801709,BR_05,171287.21,CLOSED,2024-02-23,2026-09-20T15:49:40.218209
ACCT_00000574,CUST_000286,SAVINGS,945436339,BR_08,349810.88,CLOSED,2025-02-04,2026-09-20T15:49:40.218211
ACCT_00000575,CUST_000287,CHECKING,917464065,BR_03,74097.18,INACTIVE,2026-06-29,2026-09-20T15:49:40.218221
ACCT_00000576,CUST_000287,CHECKING,498198359,BR_10,181425.85,INACTIVE,2024-12-01,2026-09-20T15:49:40.218224
ACCT_00000577,CUST_000287,MONEY_MARKET,269975959,BR_10,316983.9,INACTIVE,2022-08-22,2026-09-20T15:49:40.218227
ACCT_00000578,CUST_000288,MONEY_MARKET,416624578,BR_03,371892.21,CLOSED,2025-12-01,2026-09-20T15:49:40.218237
ACCT_00000579,CUST_000288,CHECKING,752243849,BR_05,429587.9,INACTIVE,2023-01-25,2026-09-20T15:49:40.218240
ACCT_00000580,CUST_000289,CHECKING,327270384,BR_10,151547.99,CLOSED,2026-07-28,2026-09-20T15:49:40.218250
ACCT_00000581,CUST_000290,SAVINGS,874317498,BR_09,372754.07,CLOSED,2024-05-12,2026-09-20T15:49:40.218260
ACCT_00000582,CUST_000290,SAVINGS,764066359,BR_15,85288.02,INACTIVE,2023-01-11,2026-09-20T15:49:40.218264
ACCT_00000583,CUST_000291,MONEY_MARKET,638046968,BR_06,261716.38,INACTIVE,2021-10-14,2026-09-20T15:49:40.218274
ACCT_00000584,CUST_000292,MONEY_MARKET,281592156,BR_14,262665.91,ACTIVE,2023-12-04,2026-09-20T15:49:40.218284
ACCT_00000585,CUST_000292,SAVINGS,115282130,BR_11,473479.43,INACTIVE,2025-05-18,2026-09-20T15:49:40.218287
ACCT_00000586,CUST_000293,CHECKING,340851021,BR_03,139229.94,CLOSED,2022-03-19,2026-09-20T15:49:40.218297
ACCT_00000587,CUST_000293,CHECKING,797928604,BR_04,178315.08,INACTIVE,2023-06-12,2026-09-20T15:49:40.218300
ACCT_00000588,CUST_000294,CHECKING,901286903,BR_14,409466.35,CLOSED,2025-05-11,2026-09-20T15:49:40.218310
ACCT_00000589,CUST_000294,MONEY_MARKET,317464915,BR_06,332155.62,INACTIVE,2023-02-16,2026-09-20T15:49:40.218313
ACCT_00000590,CUST_000294,CHECKING,453814126,BR_09,33692.14,CLOSED,2023-08-22,2026-09-20T15:49:40.218316
ACCT_00000591,CUST_000295,MONEY_MARKET,185305878,BR_13,28081.8,CLOSED,2023-09-16,2026-09-20T15:49:40.218326
ACCT_00000592,CUST_000295,CHECKING,362736302,BR_05,398655.2,ACTIVE,2022-10-09,2026-09-20T15:49:40.218329
ACCT_00000593,CUST_000295,MONEY_MARKET,363160219,BR_04,344849.76,INACTIVE,2025-08-23,2026-09-20T15:49:40.218332
ACCT_00000594,CUST_000296,MONEY_MARKET,385361208,BR_09,138810.53,CLOSED,2025-07-28,2026-09-20T15:49:40.218342
ACCT_00000595,CUST_000297,CHECKING,242323343,BR_09,151450.15,ACTIVE,2025-05-12,2026-09-20T15:49:40.218352
ACCT_00000596,CUST_000297,CHECKING,728866304,BR_13,290677.09,INACTIVE,2026-02-01,2026-09-20T15:49:40.218355
ACCT_00000597,CUST_000297,MONEY_MARKET,939035379,BR_01,159497.28,CLOSED,2026-03-25,2026-09-20T15:49:40.218358
ACCT_00000598,CUST_000298,SAVINGS,224990409,BR_08,41784.77,ACTIVE,2026-01-29,2026-09-20T15:49:40.218368
ACCT_00000599,CUST_000299,MONEY_MARKET,330847988,BR_10,243666.61,CLOSED,2026-08-02,2026-09-20T15:49:40.218378
ACCT_00000600,CUST_000299,MONEY_MARKET,561446614,BR_14,452503.92,CLOSED,2024-02-27,2026-09-20T15:49:40.218381
ACCT_00000601,CUST_000299,MONEY_MARKET,309163581,BR_10,402902.36,CLOSED,2022-05-27,2026-09-20T15:49:40.218384
ACCT_00000602,CUST_000300,CHECKING,370312117,BR_13,203643.72,INACTIVE,2023-11-17,2026-09-20T15:49:40.218394
ACCT_00000603,CUST_000300,MONEY_MARKET,289549663,BR_06,253695.76,CLOSED,2025-01-17,2026-09-20T15:49:40.218397
ACCT_00000604,CUST_000301,SAVINGS,383682483,BR_14,266141.79,INACTIVE,2025-02-04,2026-09-20T15:49:40.218407
ACCT_00000605,CUST_000301,MONEY_MARKET,702652974,BR_09,154471.13,INACTIVE,2026-01-05,2026-09-20T15:49:40.218410
ACCT_00000606,CUST_000301,CHECKING,623535512,BR_01,159671.85,CLOSED,2024-01-01,2026-09-20T15:49:40.218413
ACCT_00000607,CUST_000302,CHECKING,291979848,BR_02,380242.86,CLOSED,2024-12-06,2026-09-20T15:49:40.218422
ACCT_00000608,CUST_000302,CHECKING,575880586,BR_06,318977.7,CLOSED,2022-01-10,2026-09-20T15:49:40.218425
ACCT_00000609,CUST_000303,CHECKING,936221327,BR_02,381450.04,ACTIVE,2024-11-30,2026-09-20T15:49:40.218435
ACCT_00000610,CUST_000304,SAVINGS,443614412,BR_13,265246.72,ACTIVE,2022-10-19,2026-09-20T15:49:40.218445
ACCT_00000611,CUST_000304,SAVINGS,754474303,BR_04,285547.11,ACTIVE,2024-10-27,2026-09-20T15:49:40.218448
ACCT_00000612,CUST_000304,CHECKING,306055421,BR_13,198180.37,ACTIVE,2021-11-10,2026-09-20T15:49:40.218451
ACCT_00000613,CUST_000305,MONEY_MARKET,811451392,BR_03,162908.06,CLOSED,2023-12-25,2026-09-20T15:49:40.218461
ACCT_00000614,CUST_000306,MONEY_MARKET,946912399,BR_07,389899.48,INACTIVE,2025-05-10,2026-09-20T15:49:40.218470
ACCT_00000615,CUST_000306,SAVINGS,606786457,BR_15,428133.14,INACTIVE,2024-07-23,2026-09-20T15:49:40.218473
ACCT_00000616,CUST_000306,CHECKING,428814523,BR_06,363382.15,CLOSED,2024-11-14,2026-09-20T15:49:40.218476
ACCT_00000617,CUST_000307,SAVINGS,556660155,BR_10,196831.75,INACTIVE,2026-08-10,2026-09-20T15:49:40.218488
ACCT_00000618,CUST_000307,SAVINGS,159385890,BR_07,176870.62,ACTIVE,2024-01-29,2026-09-20T15:49:40.218491
ACCT_00000619,CUST_000308,CHECKING,978893191,BR_12,101186.33,CLOSED,2022-08-15,2026-09-20T15:49:40.218501
ACCT_00000620,CUST_000308,SAVINGS,416535751,BR_14,186800.25,INACTIVE,2024-03-29,2026-09-20T15:49:40.218504
ACCT_00000621,CUST_000309,SAVINGS,699221128,BR_09,369534.58,ACTIVE,2023-03-06,2026-09-20T15:49:40.218514
ACCT_00000622,CUST_000309,MONEY_MARKET,572557156,BR_14,137054.11,ACTIVE,2025-04-11,2026-09-20T15:49:40.218517
ACCT_00000623,CUST_000310,SAVINGS,876153361,BR_08,470752.93,CLOSED,2024-01-02,2026-09-20T15:49:40.218526
ACCT_00000624,CUST_000311,MONEY_MARKET,518826971,BR_12,479869.88,CLOSED,2023-11-28,2026-09-20T15:49:40.218536
ACCT_00000625,CUST_000312,SAVINGS,751444364,BR_10,187571.98,ACTIVE,2026-04-29,2026-09-20T15:49:40.218546
ACCT_00000626,CUST_000313,SAVINGS,396402373,BR_09,184787.47,INACTIVE,2026-01-06,2026-09-20T15:49:40.218556
ACCT_00000627,CUST_000313,SAVINGS,244187130,BR_15,374938.12,INACTIVE,2022-04-17,2026-09-20T15:49:40.218559
ACCT_00000628,CUST_000313,MONEY_MARKET,544290076,BR_14,75971.12,ACTIVE,2023-05-02,2026-09-20T15:49:40.218562
ACCT_00000629,CUST_000314,MONEY_MARKET,314742250,BR_09,44093.78,ACTIVE,2024-10-19,2026-09-20T15:49:40.218572
ACCT_00000630,CUST_000314,MONEY_MARKET,686891329,BR_13,330379.32,CLOSED,2023-08-30,2026-09-20T15:49:40.218575
ACCT_00000631,CUST_000315,MONEY_MARKET,123463202,BR_03,386073.15,ACTIVE,2021-10-03,2026-09-20T15:49:40.218585
ACCT_00000632,CUST_000315,MONEY_MARKET,863862816,BR_12,157049.22,INACTIVE,2022-04-22,2026-09-20T15:49:40.218588
ACCT_00000633,CUST_000316,MONEY_MARKET,330653508,BR_03,160701.44,ACTIVE,2024-01-21,2026-09-20T15:49:40.218598
ACCT_00000634,CUST_000316,SAVINGS,457569023,BR_04,338866.63,CLOSED,2025-03-09,2026-09-20T15:49:40.218601
ACCT_00000635,CUST_000317,MONEY_MARKET,902783369,BR_15,11666.84,ACTIVE,2023-01-14,2026-09-20T15:49:40.218610
ACCT_00000636,CUST_000317,SAVINGS,558843089,BR_07,403051.8,ACTIVE,2021-12-22,2026-09-20T15:49:40.218615
ACCT_00000637,CUST_000318,CHECKING,650036781,BR_06,8199.01,INACTIVE,2026-06-17,2026-09-20T15:49:40.218625
ACCT_00000638,CUST_000318,MONEY_MARKET,957144737,BR_06,395089.74,INACTIVE,2025-01-20,2026-09-20T15:49:40.218628
ACCT_00000639,CUST_000318,MONEY_MARKET,458364095,BR_11,33648.03,ACTIVE,2023-06-21,2026-09-20T15:49:40.218631
ACCT_00000640,CUST_000319,MONEY_MARKET,938150211,BR_02,265928.04,CLOSED,2021-11-22,2026-09-20T15:49:40.218640
ACCT_00000641,CUST_000320,MONEY_MARKET,602990912,BR_10,325121.98,ACTIVE,2022-06-04,2026-09-20T15:49:40.218650
ACCT_00000642,CUST_000321,MONEY_MARKET,562725525,BR_14,138504.77,INACTIVE,2022-06-30,2026-09-20T15:49:40.218660
ACCT_00000643,CUST_000322,MONEY_MARKET,454795914,BR_02,90918.74,CLOSED,2024-09-25,2026-09-20T15:49:40.218670
ACCT_00000644,CUST_000323,MONEY_MARKET,938713602,BR_12,369755.36,INACTIVE,2026-07-09,2026-09-20T15:49:40.218679
ACCT_00000645,CUST_000323,SAVINGS,717120062,BR_05,3276.34,INACTIVE,2026-07-14,2026-09-20T15:49:40.218683
ACCT_00000646,CUST_000324,CHECKING,446157515,BR_07,75332.41,ACTIVE,2023-05-13,2026-09-20T15:49:40.218694
ACCT_00000647,CUST_000325,SAVINGS,671621787,BR_08,326840.99,ACTIVE,2022-04-28,2026-09-20T15:49:40.218706
ACCT_00000648,CUST_000325,MONEY_MARKET,480797502,BR_15,440167.84,CLOSED,2025-10-13,2026-09-20T15:49:40.218709
ACCT_00000649,CUST_000325,CHECKING,929993843,BR_03,103151.47,ACTIVE,2026-01-27,2026-09-20T15:49:40.218712
ACCT_00000650,CUST_000326,MONEY_MARKET,746308250,BR_14,19822.35,ACTIVE,2023-08-11,2026-09-20T15:49:40.218722
ACCT_00000651,CUST_000327,CHECKING,451608619,BR_14,157736.59,ACTIVE,2022-12-13,2026-09-20T15:49:40.218732
ACCT_00000652,CUST_000327,CHECKING,316575262,BR_05,81728.13,INACTIVE,2025-05-01,2026-09-20T15:49:40.218735
ACCT_00000653,CUST_000328,SAVINGS,129309334,BR_03,438831.03,INACTIVE,2025-12-12,2026-09-20T15:49:40.218745
ACCT_00000654,CUST_000329,CHECKING,576690322,BR_14,371996.8,CLOSED,2025-06-20,2026-09-20T15:49:40.218755
ACCT_00000655,CUST_000329,SAVINGS,152843440,BR_08,219329.57,ACTIVE,2025-06-26,2026-09-20T15:49:40.218758
ACCT_00000656,CUST_000330,MONEY_MARKET,974562092,BR_02,46516.62,ACTIVE,2023-10-19,2026-09-20T15:49:40.218767
ACCT_00000657,CUST_000330,MONEY_MARKET,877945646,BR_09,60939.71,ACTIVE,2025-12-18,2026-09-20T15:49:40.218770
ACCT_00000658,CUST_000331,MONEY_MARKET,749451033,BR_06,374866.33,INACTIVE,2024-04-23,2026-09-20T15:49:40.218780
ACCT_00000659,CUST_000331,CHECKING,325837388,BR_02,399915.63,INACTIVE,2023-12-17,2026-09-20T15:49:40.218783
ACCT_00000660,CUST_000332,MONEY_MARKET,220250872,BR_08,8171.12,INACTIVE,2022-02-18,2026-09-20T15:49:40.218793
ACCT_00000661,CUST_000332,SAVINGS,529827812,BR_14,50123.01,INACTIVE,2024-11-25,2026-09-20T15:49:40.218796
ACCT_00000662,CUST_000333,SAVINGS,800081643,BR_05,114756.48,CLOSED,2026-03-02,2026-09-20T15:49:40.218806
ACCT_00000663,CUST_000334,MONEY_MARKET,969912793,BR_07,437983.31,ACTIVE,2025-02-05,2026-09-20T15:49:40.218816
ACCT_00000664,CUST_000334,MONEY_MARKET,795097094,BR_15,161703.14,ACTIVE,2021-11-20,2026-09-20T15:49:40.218819
ACCT_00000665,CUST_000334,CHECKING,290437112,BR_10,4736.05,CLOSED,2025-10-07,2026-09-20T15:49:40.218822
ACCT_00000666,CUST_000335,MONEY_MARKET,604457545,BR_13,19591.51,CLOSED,2022-02-20,2026-09-20T15:49:40.218831
ACCT_00000667,CUST_000336,MONEY_MARKET,809692011,BR_05,185914.85,INACTIVE,2022-01-08,2026-09-20T15:49:40.218841
ACCT_00000668,CUST_000337,SAVINGS,285134558,BR_03,468152.16,ACTIVE,2022-06-24,2026-09-20T15:49:40.218851
ACCT_00000669,CUST_000338,CHECKING,491988789,BR_15,462484.75,ACTIVE,2026-06-21,2026-09-20T15:49:40.218861
ACCT_00000670,CUST_000338,SAVINGS,319125903,BR_05,201886.78,INACTIVE,2021-12-02,2026-09-20T15:49:40.218864
ACCT_00000671,CUST_000338,SAVINGS,767774608,BR_06,14336.24,ACTIVE,2024-10-11,2026-09-20T15:49:40.218867
ACCT_00000672,CUST_000339,SAVINGS,136746419,BR_12,436026.89,INACTIVE,2026-05-18,2026-09-20T15:49:40.218877
ACCT_00000673,CUST_000340,SAVINGS,918730606,BR_10,361289.11,ACTIVE,2025-10-02,2026-09-20T15:49:40.218886
ACCT_00000674,CUST_000340,CHECKING,116040051,BR_06,448604.63,ACTIVE,2024-04-14,2026-09-20T15:49:40.218889
ACCT_00000675,CUST_000340,CHECKING,220699944,BR_08,232270.22,INACTIVE,2021-11-02,2026-09-20T15:49:40.218892
ACCT_00000676,CUST_000341,SAVINGS,244316695,BR_14,301675.22,CLOSED,2026-08-20,2026-09-20T15:49:40.218902
ACCT_00000677,CUST_000341,SAVINGS,611362533,BR_08,449784.54,INACTIVE,2025-12-02,2026-09-20T15:49:40.218905
ACCT_00000678,CUST_000341,SAVINGS,804776508,BR_09,182854.81,CLOSED,2022-11-22,2026-09-20T15:49:40.218908
ACCT_00000679,CUST_000342,CHECKING,613022936,BR_08,374384.59,CLOSED,2025-07-16,2026-09-20T15:49:40.218918
ACCT_00000680,CUST_000342,CHECKING,335483530,BR_09,64990.83,ACTIVE,2025-05-17,2026-09-20T15:49:40.218921
ACCT_00000681,CUST_000342,MONEY_MARKET,188249744,BR_12,47485.12,INACTIVE,2025-01-20,2026-09-20T15:49:40.218924
ACCT_00000682,CUST_000343,CHECKING,368197940,BR_04,125410.28,CLOSED,2022-12-10,2026-09-20T15:49:40.218934
ACCT_00000683,CUST_000343,SAVINGS,452859218,BR_12,486980.98,CLOSED,2023-04-30,2026-09-20T15:49:40.218937
ACCT_00000684,CUST_000343,MONEY_MARKET,655021824,BR_10,493822.7,INACTIVE,2022-05-18,2026-09-20T15:49:40.218940
ACCT_00000685,CUST_000344,SAVINGS,553141549,BR_06,330634.79,CLOSED,2022-07-05,2026-09-20T15:49:40.218949
ACCT_00000686,CUST_000345,MONEY_MARKET,958747991,BR_07,315976.92,ACTIVE,2025-08-13,2026-09-20T15:49:40.218959
ACCT_00000687,CUST_000346,CHECKING,781429478,BR_01,417706.01,ACTIVE,2025-09-24,2026-09-20T15:49:40.218969
ACCT_00000688,CUST_000347,SAVINGS,112576213,BR_10,240440.11,INACTIVE,2025-08-02,2026-09-20T15:49:40.218978
ACCT_00000689,CUST_000347,MONEY_MARKET,977235777,BR_10,202887.86,ACTIVE,2024-02-05,2026-09-20T15:49:40.218981
ACCT_00000690,CUST_000348,SAVINGS,686133574,BR_08,58997.78,INACTIVE,2022-12-18,2026-09-20T15:49:40.218991
ACCT_00000691,CUST_000348,MONEY_MARKET,462227170,BR_06,498343.18,ACTIVE,2025-03-17,2026-09-20T15:49:40.218994
ACCT_00000692,CUST_000348,SAVINGS,966497303,BR_14,243728.84,CLOSED,2024-01-30,2026-09-20T15:49:40.218997
ACCT_00000693,CUST_000349,CHECKING,817273153,BR_14,171253.27,CLOSED,2025-03-01,2026-09-20T15:49:40.219007
ACCT_00000694,CUST_000349,CHECKING,939617000,BR_06,213314.61,ACTIVE,2023-08-05,2026-09-20T15:49:40.219010
ACCT_00000695,CUST_000349,CHECKING,201558281,BR_04,487546.43,ACTIVE,2025-12-18,2026-09-20T15:49:40.219013
ACCT_00000696,CUST_000350,MONEY_MARKET,417519885,BR_03,436666.04,INACTIVE,2024-02-07,2026-09-20T15:49:40.219023
ACCT_00000697,CUST_000350,SAVINGS,694099781,BR_02,483149.65,CLOSED,2025-08-13,2026-09-20T15:49:40.219026
ACCT_00000698,CUST_000350,SAVINGS,980496878,BR_15,499272.54,ACTIVE,2025-11-04,2026-09-20T15:49:40.219029
ACCT_00000699,CUST_000351,CHECKING,933128481,BR_01,99418.69,CLOSED,2024-08-27,2026-09-20T15:49:40.219040
ACCT_00000700,CUST_000351,MONEY_MARKET,745250434,BR_13,75970.42,CLOSED,2023-09-11,2026-09-20T15:49:40.219043
ACCT_00000701,CUST_000351,CHECKING,959272620,BR_09,181391.81,ACTIVE,2022-10-01,2026-09-20T15:49:40.219046
ACCT_00000702,CUST_000352,CHECKING,502086382,BR_03,50159.02,ACTIVE,2023-01-29,2026-09-20T15:49:40.219056
ACCT_00000703,CUST_000352,MONEY_MARKET,763770302,BR_04,421635.07,CLOSED,2025-10-14,2026-09-20T15:49:40.219059
ACCT_00000704,CUST_000352,MONEY_MARKET,754623401,BR_07,429161.77,INACTIVE,2026-05-13,2026-09-20T15:49:40.219062
ACCT_00000705,CUST_000353,SAVINGS,518514926,BR_15,260922.11,INACTIVE,2023-12-20,2026-09-20T15:49:40.219072
ACCT_00000706,CUST_000353,SAVINGS,445660346,BR_03,360801.67,INACTIVE,2026-08-21,2026-09-20T15:49:40.219075
ACCT_00000707,CUST_000354,SAVINGS,860575419,BR_09,334093.27,ACTIVE,2022-07-11,2026-09-20T15:49:40.219084
ACCT_00000708,CUST_000355,MONEY_MARKET,171741852,BR_01,377609.27,ACTIVE,2025-10-31,2026-09-20T15:49:40.219094
ACCT_00000709,CUST_000355,SAVINGS,983089574,BR_03,382320.01,ACTIVE,2024-06-11,2026-09-20T15:49:40.219099
ACCT_00000710,CUST_000355,CHECKING,793728080,BR_07,195560.73,ACTIVE,2025-03-30,2026-09-20T15:49:40.219102
ACCT_00000711,CUST_000356,CHECKING,342993210,BR_05,70306.12,INACTIVE,2025-12-12,2026-09-20T15:49:40.219112
ACCT_00000712,CUST_000356,MONEY_MARKET,894198488,BR_10,472176.12,ACTIVE,2025-06-26,2026-09-20T15:49:40.219115
ACCT_00000713,CUST_000357,CHECKING,821810129,BR_05,380316.24,ACTIVE,2023-01-25,2026-09-20T15:49:40.219125
ACCT_00000714,CUST_000357,CHECKING,659011768,BR_05,262168.05,CLOSED,2023-04-14,2026-09-20T15:49:40.219129
ACCT_00000715,CUST_000358,CHECKING,809122115,BR_08,149481.23,ACTIVE,2023-08-09,2026-09-20T15:49:40.219139
ACCT_00000716,CUST_000358,MONEY_MARKET,755020842,BR_08,76922.94,CLOSED,2024-09-21,2026-09-20T15:49:40.219142
ACCT_00000717,CUST_000359,CHECKING,509634343,BR_14,445569.26,ACTIVE,2023-02-15,2026-09-20T15:49:40.219152
ACCT_00000718,CUST_000359,SAVINGS,557317997,BR_10,84311.16,CLOSED,2022-10-05,2026-09-20T15:49:40.219155
ACCT_00000719,CUST_000360,SAVINGS,341198293,BR_09,51614.78,CLOSED,2023-04-04,2026-09-20T15:49:40.219165
ACCT_00000720,CUST_000360,MONEY_MARKET,489284435,BR_04,434693.71,CLOSED,2023-11-13,2026-09-20T15:49:40.219168
ACCT_00000721,CUST_000361,SAVINGS,552769142,BR_01,319066.15,INACTIVE,2021-11-30,2026-09-20T15:49:40.219178
ACCT_00000722,CUST_000361,MONEY_MARKET,886454293,BR_05,452375.21,CLOSED,2023-10-16,2026-09-20T15:49:40.219181
ACCT_00000723,CUST_000361,SAVINGS,550590774,BR_11,418164.49,INACTIVE,2026-03-04,2026-09-20T15:49:40.219184
ACCT_00000724,CUST_000362,CHECKING,865680590,BR_13,242825.82,CLOSED,2023-11-12,2026-09-20T15:49:40.219193
ACCT_00000725,CUST_000363,MONEY_MARKET,565753802,BR_11,132950.51,CLOSED,2023-11-26,2026-09-20T15:49:40.219203
ACCT_00000726,CUST_000364,MONEY_MARKET,999164317,BR_10,187973.59,CLOSED,2021-10-04,2026-09-20T15:49:40.219213
ACCT_00000727,CUST_000364,MONEY_MARKET,510799907,BR_01,300870.99,CLOSED,2021-12-09,2026-09-20T15:49:40.219216
ACCT_00000728,CUST_000364,MONEY_MARKET,205845958,BR_10,47547.29,ACTIVE,2024-08-13,2026-09-20T15:49:40.219219
ACCT_00000729,CUST_000365,MONEY_MARKET,861610753,BR_15,301942.51,INACTIVE,2022-08-11,2026-09-20T15:49:40.219229
ACCT_00000730,CUST_000365,MONEY_MARKET,142804636,BR_06,323579.53,INACTIVE,2021-11-10,2026-09-20T15:49:40.219232
ACCT_00000731,CUST_000365,SAVINGS,715624421,BR_14,261430.42,INACTIVE,2022-01-29,2026-09-20T15:49:40.219235
ACCT_00000732,CUST_000366,MONEY_MARKET,934974681,BR_07,334567.28,ACTIVE,2025-06-05,2026-09-20T15:49:40.219245
ACCT_00000733,CUST_000366,MONEY_MARKET,294065618,BR_01,315297.59,INACTIVE,2026-01-31,2026-09-20T15:49:40.219248
ACCT_00000734,CUST_000366,SAVINGS,542536154,BR_13,14284.45,INACTIVE,2021-11-16,2026-09-20T15:49:40.219251
ACCT_00000735,CUST_000367,SAVINGS,978716413,BR_11,172090.46,ACTIVE,2025-02-01,2026-09-20T15:49:40.219261
ACCT_00000736,CUST_000367,SAVINGS,941501994,BR_01,162323.75,CLOSED,2023-01-29,2026-09-20T15:49:40.219264
ACCT_00000737,CUST_000368,CHECKING,324821156,BR_09,385427.37,CLOSED,2023-01-02,2026-09-20T15:49:40.219274
ACCT_00000738,CUST_000368,SAVINGS,895325695,BR_07,376684.25,ACTIVE,2021-11-26,2026-09-20T15:49:40.219277
ACCT_00000739,CUST_000369,CHECKING,458375577,BR_06,308239.72,CLOSED,2022-02-15,2026-09-20T15:49:40.219286
ACCT_00000740,CUST_000369,CHECKING,439875950,BR_14,152987.0,CLOSED,2026-02-17,2026-09-20T15:49:40.219290
ACCT_00000741,CUST_000370,SAVINGS,435999953,BR_10,248646.63,ACTIVE,2022-05-25,2026-09-20T15:49:40.219300
ACCT_00000742,CUST_000370,SAVINGS,317055967,BR_05,428002.4,INACTIVE,2024-09-02,2026-09-20T15:49:40.219302
ACCT_00000743,CUST_000370,SAVINGS,965325849,BR_08,447900.54,ACTIVE,2025-09-10,2026-09-20T15:49:40.219306
ACCT_00000744,CUST_000371,CHECKING,219701391,BR_04,290965.23,CLOSED,2022-09-17,2026-09-20T15:49:40.219315
ACCT_00000745,CUST_000371,MONEY_MARKET,701816496,BR_05,378409.61,CLOSED,2025-08-22,2026-09-20T15:49:40.219318
ACCT_00000746,CUST_000372,MONEY_MARKET,846933565,BR_02,99389.94,ACTIVE,2022-08-25,2026-09-20T15:49:40.219328
ACCT_00000747,CUST_000372,MONEY_MARKET,812095032,BR_07,426119.18,ACTIVE,2022-08-16,2026-09-20T15:49:40.219331
ACCT_00000748,CUST_000373,MONEY_MARKET,479889481,BR_07,66602.84,INACTIVE,2026-01-21,2026-09-20T15:49:40.219341
ACCT_00000749,CUST_000373,MONEY_MARKET,974641190,BR_15,443736.81,INACTIVE,2023-03-14,2026-09-20T15:49:40.219344
ACCT_00000750,CUST_000374,CHECKING,447716573,BR_04,221323.77,ACTIVE,2025-04-05,2026-09-20T15:49:40.219354
ACCT_00000751,CUST_000374,MONEY_MARKET,266442667,BR_11,496339.37,ACTIVE,2023-11-13,2026-09-20T15:49:40.219357
ACCT_00000752,CUST_000374,CHECKING,994693184,BR_12,491632.82,ACTIVE,2021-09-24,2026-09-20T15:49:40.219360
ACCT_00000753,CUST_000375,SAVINGS,795672015,BR_13,108062.45,ACTIVE,2024-12-22,2026-09-20T15:49:40.219369
ACCT_00000754,CUST_000376,CHECKING,757366769,BR_08,418981.57,INACTIVE,2023-07-09,2026-09-20T15:49:40.219379
ACCT_00000755,CUST_000377,MONEY_MARKET,306415172,BR_07,93110.42,CLOSED,2023-05-20,2026-09-20T15:49:40.219389
ACCT_00000756,CUST_000377,SAVINGS,773510042,BR_10,444313.21,INACTIVE,2022-06-14,2026-09-20T15:49:40.219392
ACCT_00000757,CUST_000377,SAVINGS,858862663,BR_13,490959.9,INACTIVE,2024-03-21,2026-09-20T15:49:40.219395
ACCT_00000758,CUST_000378,SAVINGS,352013447,BR_06,270230.52,ACTIVE,2022-10-02,2026-09-20T15:49:40.219405
ACCT_00000759,CUST_000378,CHECKING,445382534,BR_14,413741.2,CLOSED,2025-04-03,2026-09-20T15:49:40.219408
ACCT_00000760,CUST_000379,MONEY_MARKET,238260022,BR_02,490507.41,CLOSED,2022-09-01,2026-09-20T15:49:40.219417
ACCT_00000761,CUST_000379,SAVINGS,674838329,BR_06,52493.33,CLOSED,2025-05-12,2026-09-20T15:49:40.219420
ACCT_00000762,CUST_000379,MONEY_MARKET,474030217,BR_12,351102.03,CLOSED,2022-01-13,2026-09-20T15:49:40.219426
ACCT_00000763,CUST_000380,SAVINGS,388979831,BR_10,418323.04,INACTIVE,2023-03-03,2026-09-20T15:49:40.219436
ACCT_00000764,CUST_000381,SAVINGS,734648986,BR_07,32422.42,ACTIVE,2026-07-07,2026-09-20T15:49:40.219445
ACCT_00000765,CUST_000381,MONEY_MARKET,581539143,BR_09,325173.76,INACTIVE,2023-12-19,2026-09-20T15:49:40.219448
ACCT_00000766,CUST_000382,CHECKING,168479854,BR_11,177270.7,CLOSED,2025-02-02,2026-09-20T15:49:40.219458
ACCT_00000767,CUST_000382,MONEY_MARKET,370595900,BR_15,363907.47,CLOSED,2023-04-15,2026-09-20T15:49:40.219461
ACCT_00000768,CUST_000382,SAVINGS,562600220,BR_12,382206.16,ACTIVE,2024-06-01,2026-09-20T15:49:40.219465
ACCT_00000769,CUST_000383,MONEY_MARKET,585451267,BR_05,269244.01,CLOSED,2024-12-06,2026-09-20T15:49:40.219474
ACCT_00000770,CUST_000384,CHECKING,711879687,BR_13,437996.75,INACTIVE,2025-10-30,2026-09-20T15:49:40.219484
ACCT_00000771,CUST_000384,MONEY_MARKET,831563639,BR_10,157297.85,ACTIVE,2023-03-22,2026-09-20T15:49:40.219487
ACCT_00000772,CUST_000385,MONEY_MARKET,910102044,BR_06,293765.09,ACTIVE,2023-03-13,2026-09-20T15:49:40.219497
ACCT_00000773,CUST_000386,MONEY_MARKET,544219274,BR_12,80687.49,ACTIVE,2025-03-30,2026-09-20T15:49:40.219509
ACCT_00000774,CUST_000387,CHECKING,997368360,BR_03,14840.83,INACTIVE,2022-07-21,2026-09-20T15:49:40.219519
ACCT_00000775,CUST_000387,CHECKING,456256926,BR_02,47171.3,INACTIVE,2023-06-03,2026-09-20T15:49:40.219522
ACCT_00000776,CUST_000387,MONEY_MARKET,835892241,BR_07,402476.48,INACTIVE,2022-09-25,2026-09-20T15:49:40.219524
ACCT_00000777,CUST_000388,CHECKING,468610566,BR_03,48022.06,INACTIVE,2025-08-23,2026-09-20T15:49:40.219534
ACCT_00000778,CUST_000388,MONEY_MARKET,562096486,BR_15,126081.87,ACTIVE,2025-08-09,2026-09-20T15:49:40.219537
ACCT_00000779,CUST_000389,SAVINGS,315400441,BR_04,175665.22,CLOSED,2023-02-02,2026-09-20T15:49:40.219547
ACCT_00000780,CUST_000389,CHECKING,464771758,BR_08,375932.51,CLOSED,2025-03-12,2026-09-20T15:49:40.219550
ACCT_00000781,CUST_000390,MONEY_MARKET,165391824,BR_09,29667.19,INACTIVE,2026-02-07,2026-09-20T15:49:40.219559
ACCT_00000782,CUST_000391,CHECKING,668139316,BR_01,2430.05,INACTIVE,2024-12-02,2026-09-20T15:49:40.219569
ACCT_00000783,CUST_000392,MONEY_MARKET,704908241,BR_06,429693.38,ACTIVE,2025-07-31,2026-09-20T15:49:40.219579
ACCT_00000784,CUST_000393,MONEY_MARKET,634939634,BR_03,267653.48,INACTIVE,2026-02-04,2026-09-20T15:49:40.219590
ACCT_00000785,CUST_000393,MONEY_MARKET,266076902,BR_10,187146.73,ACTIVE,2024-03-02,2026-09-20T15:49:40.219594
ACCT_00000786,CUST_000393,MONEY_MARKET,928911088,BR_03,253713.63,INACTIVE,2026-06-20,2026-09-20T15:49:40.219597
ACCT_00000787,CUST_000394,CHECKING,677232702,BR_15,479019.88,ACTIVE,2022-02-10,2026-09-20T15:49:40.219607
ACCT_00000788,CUST_000394,SAVINGS,412921596,BR_02,174592.11,ACTIVE,2023-05-01,2026-09-20T15:49:40.219610
ACCT_00000789,CUST_000394,MONEY_MARKET,279728600,BR_15,49950.81,ACTIVE,2023-04-04,2026-09-20T15:49:40.219613
ACCT_00000790,CUST_000395,MONEY_MARKET,462276937,BR_08,464310.37,CLOSED,2021-12-22,2026-09-20T15:49:40.219623
ACCT_00000791,CUST_000396,SAVINGS,224963823,BR_11,277275.48,INACTIVE,2025-04-04,2026-09-20T15:49:40.219633
ACCT_00000792,CUST_000396,SAVINGS,251807098,BR_04,480197.49,INACTIVE,2025-08-01,2026-09-20T15:49:40.219637
ACCT_00000793,CUST_000397,CHECKING,484744683,BR_01,458313.59,INACTIVE,2022-02-03,2026-09-20T15:49:40.219647
ACCT_00000794,CUST_000397,MONEY_MARKET,859819906,BR_13,419547.2,ACTIVE,2021-11-19,2026-09-20T15:49:40.219650
ACCT_00000795,CUST_000398,CHECKING,812441226,BR_11,160344.48,CLOSED,2023-06-25,2026-09-20T15:49:40.219660
ACCT_00000796,CUST_000398,MONEY_MARKET,853987850,BR_09,260884.24,CLOSED,2023-01-12,2026-09-20T15:49:40.219663
ACCT_00000797,CUST_000398,CHECKING,403398162,BR_06,67824.29,ACTIVE,2024-12-30,2026-09-20T15:49:40.219665
ACCT_00000798,CUST_000399,SAVINGS,534047340,BR_07,188595.77,INACTIVE,2026-07-04,2026-09-20T15:49:40.219677
ACCT_00000799,CUST_000399,SAVINGS,212011137,BR_06,280670.37,CLOSED,2024-06-16,2026-09-20T15:49:40.219680
ACCT_00000800,CUST_000399,SAVINGS,634309614,BR_13,385393.31,CLOSED,2022-09-20,2026-09-20T15:49:40.219683
ACCT_00000801,CUST_000400,MONEY_MARKET,992555626,BR_01,94120.64,ACTIVE,2024-12-01,2026-09-20T15:49:40.219693
ACCT_00000802,CUST_000401,MONEY_MARKET,713401763,BR_09,86762.04,INACTIVE,2022-06-30,2026-09-20T15:49:40.219703
ACCT_00000803,CUST_000401,CHECKING,673691810,BR_01,23699.05,INACTIVE,2024-06-24,2026-09-20T15:49:40.219705
ACCT_00000804,CUST_000401,CHECKING,477705443,BR_09,26312.38,CLOSED,2021-09-27,2026-09-20T15:49:40.219708
ACCT_00000805,CUST_000402,MONEY_MARKET,645863316,BR_09,424625.48,CLOSED,2024-07-23,2026-09-20T15:49:40.219718
ACCT_00000806,CUST_000402,MONEY_MARKET,850742158,BR_01,455339.98,ACTIVE,2024-01-28,2026-09-20T15:49:40.219721
ACCT_00000807,CUST_000403,CHECKING,864945036,BR_06,36574.44,ACTIVE,2023-11-11,2026-09-20T15:49:40.219731
ACCT_00000808,CUST_000404,MONEY_MARKET,787646966,BR_10,7894.8,INACTIVE,2025-06-26,2026-09-20T15:49:40.219741
ACCT_00000809,CUST_000405,CHECKING,411859380,BR_01,452207.46,CLOSED,2022-01-28,2026-09-20T15:49:40.219751
ACCT_00000810,CUST_000405,SAVINGS,290114308,BR_07,413303.45,INACTIVE,2021-12-10,2026-09-20T15:49:40.219754
ACCT_00000811,CUST_000405,SAVINGS,148057234,BR_03,70920.54,ACTIVE,2023-02-25,2026-09-20T15:49:40.219757
ACCT_00000812,CUST_000406,SAVINGS,554021632,BR_11,285312.81,CLOSED,2024-11-25,2026-09-20T15:49:40.219766
ACCT_00000813,CUST_000406,CHECKING,801514571,BR_12,456876.72,INACTIVE,2022-10-08,2026-09-20T15:49:40.219769
ACCT_00000814,CUST_000406,CHECKING,546555658,BR_14,206878.56,INACTIVE,2021-11-30,2026-09-20T15:49:40.219772
ACCT_00000815,CUST_000407,SAVINGS,372113539,BR_10,5313.81,CLOSED,2024-06-03,2026-09-20T15:49:40.219784
ACCT_00000816,CUST_000408,MONEY_MARKET,923695925,BR_08,64531.23,CLOSED,2025-05-22,2026-09-20T15:49:40.219794
ACCT_00000817,CUST_000409,MONEY_MARKET,222814992,BR_02,79546.02,INACTIVE,2026-04-07,2026-09-20T15:49:40.219804
ACCT_00000818,CUST_000410,MONEY_MARKET,451520056,BR_03,471757.21,INACTIVE,2022-10-27,2026-09-20T15:49:40.219814
ACCT_00000819,CUST_000411,MONEY_MARKET,527568870,BR_05,268176.42,INACTIVE,2021-11-03,2026-09-20T15:49:40.219824
ACCT_00000820,CUST_000411,MONEY_MARKET,380782622,BR_02,380518.54,INACTIVE,2022-01-09,2026-09-20T15:49:40.219827
ACCT_00000821,CUST_000411,CHECKING,192881954,BR_09,423242.5,ACTIVE,2025-12-04,2026-09-20T15:49:40.219830
ACCT_00000822,CUST_000412,CHECKING,603538733,BR_08,54761.01,ACTIVE,2026-06-05,2026-09-20T15:49:40.219840
ACCT_00000823,CUST_000412,SAVINGS,298082098,BR_02,381294.45,ACTIVE,2025-04-13,2026-09-20T15:49:40.219843
ACCT_00000824,CUST_000412,SAVINGS,760695708,BR_06,219110.47,ACTIVE,2024-02-28,2026-09-20T15:49:40.219846
ACCT_00000825,CUST_000413,CHECKING,811758502,BR_15,251859.28,ACTIVE,2022-05-01,2026-09-20T15:49:40.219856
ACCT_00000826,CUST_000413,CHECKING,878366359,BR_06,21974.57,ACTIVE,2025-10-13,2026-09-20T15:49:40.219859
ACCT_00000827,CUST_000413,SAVINGS,369296768,BR_15,87846.95,INACTIVE,2025-07-07,2026-09-20T15:49:40.219862
ACCT_00000828,CUST_000414,CHECKING,520167915,BR_07,76633.45,INACTIVE,2023-10-21,2026-09-20T15:49:40.219872
ACCT_00000829,CUST_000414,CHECKING,341844881,BR_03,313644.09,INACTIVE,2022-12-13,2026-09-20T15:49:40.219875
ACCT_00000830,CUST_000414,MONEY_MARKET,571234785,BR_01,435681.52,ACTIVE,2021-11-28,2026-09-20T15:49:40.219878
ACCT_00000831,CUST_000415,MONEY_MARKET,667533335,BR_05,278470.88,ACTIVE,2023-07-28,2026-09-20T15:49:40.219887
ACCT_00000832,CUST_000416,CHECKING,219578115,BR_11,32659.16,CLOSED,2023-08-23,2026-09-20T15:49:40.219897
ACCT_00000833,CUST_000416,CHECKING,764201903,BR_12,85040.63,INACTIVE,2024-07-24,2026-09-20T15:49:40.219900
ACCT_00000834,CUST_000417,CHECKING,211446453,BR_11,116907.62,INACTIVE,2026-08-14,2026-09-20T15:49:40.219910
ACCT_00000835,CUST_000418,CHECKING,973710236,BR_07,384370.85,ACTIVE,2021-10-31,2026-09-20T15:49:40.219919
ACCT_00000836,CUST_000418,CHECKING,918380516,BR_11,17694.09,CLOSED,2026-03-23,2026-09-20T15:49:40.219922
ACCT_00000837,CUST_000418,CHECKING,796710943,BR_14,455414.65,CLOSED,2023-01-09,2026-09-20T15:49:40.219927
ACCT_00000838,CUST_000419,SAVINGS,836168115,BR_10,193444.89,CLOSED,2025-04-22,2026-09-20T15:49:40.219937
ACCT_00000839,CUST_000419,MONEY_MARKET,626737297,BR_10,125096.15,CLOSED,2024-02-02,2026-09-20T15:49:40.219940
ACCT_00000840,CUST_000420,CHECKING,587718440,BR_09,439734.21,ACTIVE,2025-10-30,2026-09-20T15:49:40.219950
ACCT_00000841,CUST_000420,SAVINGS,784073625,BR_12,87259.14,INACTIVE,2025-03-13,2026-09-20T15:49:40.219953
ACCT_00000842,CUST_000421,SAVINGS,894574943,BR_01,215925.12,INACTIVE,2025-10-31,2026-09-20T15:49:40.219963
ACCT_00000843,CUST_000422,SAVINGS,540632991,BR_12,439914.53,ACTIVE,2024-05-20,2026-09-20T15:49:40.219973
ACCT_00000844,CUST_000423,MONEY_MARKET,478967915,BR_04,470946.36,INACTIVE,2024-04-18,2026-09-20T15:49:40.219982
ACCT_00000845,CUST_000424,MONEY_MARKET,585666104,BR_08,476191.83,INACTIVE,2024-08-07,2026-09-20T15:49:40.219992
ACCT_00000846,CUST_000424,SAVINGS,450051628,BR_11,199501.64,CLOSED,2023-09-01,2026-09-20T15:49:40.219995
ACCT_00000847,CUST_000425,CHECKING,332958281,BR_12,95563.44,ACTIVE,2021-09-27,2026-09-20T15:49:40.220004
ACCT_00000848,CUST_000426,MONEY_MARKET,941948641,BR_10,181771.11,INACTIVE,2023-07-26,2026-09-20T15:49:40.220014
ACCT_00000849,CUST_000426,SAVINGS,502456303,BR_11,153518.8,INACTIVE,2025-11-05,2026-09-20T15:49:40.220017
ACCT_00000850,CUST_000426,SAVINGS,216662246,BR_09,326153.5,INACTIVE,2021-12-20,2026-09-20T15:49:40.220020
ACCT_00000851,CUST_000427,SAVINGS,154638116,BR_04,108667.35,CLOSED,2025-10-05,2026-09-20T15:49:40.220030
ACCT_00000852,CUST_000427,MONEY_MARKET,512628783,BR_15,258798.68,ACTIVE,2024-02-26,2026-09-20T15:49:40.220033
ACCT_00000853,CUST_000427,CHECKING,845144194,BR_04,193046.74,CLOSED,2025-09-03,2026-09-20T15:49:40.220036
ACCT_00000854,CUST_000428,MONEY_MARKET,830821072,BR_10,384643.09,CLOSED,2024-05-20,2026-09-20T15:49:40.220045
ACCT_00000855,CUST_000428,MONEY_MARKET,939514608,BR_13,98985.09,INACTIVE,2024-11-11,2026-09-20T15:49:40.220048
ACCT_00000856,CUST_000429,CHECKING,892921493,BR_03,381333.87,INACTIVE,2024-11-12,2026-09-20T15:49:40.220058
ACCT_00000857,CUST_000429,MONEY_MARKET,919686587,BR_10,265341.0,CLOSED,2021-09-23,2026-09-20T15:49:40.220061
ACCT_00000858,CUST_000430,MONEY_MARKET,204222330,BR_13,32772.98,ACTIVE,2026-08-04,2026-09-20T15:49:40.220071
ACCT_00000859,CUST_000431,SAVINGS,196579827,BR_06,465788.17,INACTIVE,2025-07-02,2026-09-20T15:49:40.220081
ACCT_00000860,CUST_000432,CHECKING,328719736,BR_05,420355.19,INACTIVE,2023-02-22,2026-09-20T15:49:40.220090
ACCT_00000861,CUST_000432,SAVINGS,726473076,BR_15,414144.43,INACTIVE,2024-09-27,2026-09-20T15:49:40.220093
ACCT_00000862,CUST_000432,MONEY_MARKET,288138889,BR_05,151689.92,CLOSED,2025-09-28,2026-09-20T15:49:40.220097
ACCT_00000863,CUST_000433,CHECKING,545802434,BR_02,266199.36,CLOSED,2024-05-04,2026-09-20T15:49:40.220107
ACCT_00000864,CUST_000434,MONEY_MARKET,693050376,BR_11,234836.88,INACTIVE,2022-10-08,2026-09-20T15:49:40.220117
ACCT_00000865,CUST_000435,CHECKING,812824006,BR_03,454601.49,ACTIVE,2022-05-27,2026-09-20T15:49:40.220127
ACCT_00000866,CUST_000436,CHECKING,509041030,BR_08,189746.94,ACTIVE,2022-05-03,2026-09-20T15:49:40.220136
ACCT_00000867,CUST_000437,MONEY_MARKET,838864831,BR_14,181255.88,INACTIVE,2023-05-12,2026-09-20T15:49:40.220146
ACCT_00000868,CUST_000438,CHECKING,580320597,BR_15,10026.35,INACTIVE,2022-11-15,2026-09-20T15:49:40.220156
ACCT_00000869,CUST_000438,MONEY_MARKET,469183381,BR_15,169954.35,ACTIVE,2024-07-25,2026-09-20T15:49:40.220159
ACCT_00000870,CUST_000438,CHECKING,290305140,BR_03,312053.15,CLOSED,2024-06-06,2026-09-20T15:49:40.220163
ACCT_00000871,CUST_000439,CHECKING,949294921,BR_11,98646.2,CLOSED,2024-11-03,2026-09-20T15:49:40.220173
ACCT_00000872,CUST_000440,MONEY_MARKET,951243045,BR_13,41628.04,CLOSED,2022-02-26,2026-09-20T15:49:40.220183
ACCT_00000873,CUST_000440,SAVINGS,117132120,BR_10,445534.74,INACTIVE,2025-09-09,2026-09-20T15:49:40.220186
ACCT_00000874,CUST_000441,SAVINGS,306183282,BR_09,140194.9,CLOSED,2026-07-04,2026-09-20T15:49:40.220196
ACCT_00000875,CUST_000441,SAVINGS,442059298,BR_15,83524.27,CLOSED,2025-04-19,2026-09-20T15:49:40.220199
ACCT_00000876,CUST_000442,SAVINGS,382515849,BR_08,498077.35,INACTIVE,2026-05-31,2026-09-20T15:49:40.220208
ACCT_00000877,CUST_000442,SAVINGS,905303808,BR_13,328381.02,CLOSED,2026-03-10,2026-09-20T15:49:40.220211
ACCT_00000878,CUST_000442,SAVINGS,691926077,BR_01,65411.86,CLOSED,2026-07-31,2026-09-20T15:49:40.220214
ACCT_00000879,CUST_000443,MONEY_MARKET,120628901,BR_05,190397.49,INACTIVE,2024-07-04,2026-09-20T15:49:40.220224
ACCT_00000880,CUST_000443,SAVINGS,138636619,BR_12,335984.77,CLOSED,2024-07-14,2026-09-20T15:49:40.220227
ACCT_00000881,CUST_000443,SAVINGS,493841945,BR_13,256340.85,INACTIVE,2024-05-10,2026-09-20T15:49:40.220230
ACCT_00000882,CUST_000444,SAVINGS,242099130,BR_06,359586.64,CLOSED,2025-07-22,2026-09-20T15:49:40.220239
ACCT_00000883,CUST_000444,SAVINGS,402409870,BR_05,41744.73,INACTIVE,2022-11-15,2026-09-20T15:49:40.220243
ACCT_00000884,CUST_000444,CHECKING,964872376,BR_11,456679.51,CLOSED,2026-01-01,2026-09-20T15:49:40.220245
ACCT_00000885,CUST_000445,CHECKING,965679279,BR_13,53614.1,ACTIVE,2025-08-24,2026-09-20T15:49:40.220255
ACCT_00000886,CUST_000446,CHECKING,265362816,BR_10,400748.38,ACTIVE,2021-10-18,2026-09-20T15:49:40.220265
ACCT_00000887,CUST_000446,CHECKING,110356496,BR_12,6822.27,INACTIVE,2021-10-04,2026-09-20T15:49:40.220268
ACCT_00000888,CUST_000447,CHECKING,267765490,BR_10,313100.58,INACTIVE,2023-02-06,2026-09-20T15:49:40.220278
ACCT_00000889,CUST_000447,SAVINGS,944102411,BR_11,53005.79,ACTIVE,2026-04-28,2026-09-20T15:49:40.220281
ACCT_00000890,CUST_000447,MONEY_MARKET,248944032,BR_04,459009.29,ACTIVE,2025-08-06,2026-09-20T15:49:40.220284
ACCT_00000891,CUST_000448,MONEY_MARKET,198339644,BR_01,216541.39,CLOSED,2025-05-01,2026-09-20T15:49:40.220293
ACCT_00000892,CUST_000449,CHECKING,869850535,BR_02,193511.78,CLOSED,2023-09-02,2026-09-20T15:49:40.220303
ACCT_00000893,CUST_000450,SAVINGS,977838630,BR_04,354147.99,INACTIVE,2023-03-31,2026-09-20T15:49:40.220313
ACCT_00000894,CUST_000451,CHECKING,603810893,BR_05,365809.21,CLOSED,2021-10-15,2026-09-20T15:49:40.220322
ACCT_00000895,CUST_000451,CHECKING,575148289,BR_03,253841.44,ACTIVE,2025-08-26,2026-09-20T15:49:40.220325
ACCT_00000896,CUST_000451,CHECKING,382674990,BR_03,439100.51,CLOSED,2025-07-30,2026-09-20T15:49:40.220328
ACCT_00000897,CUST_000452,CHECKING,854698869,BR_13,37982.3,ACTIVE,2021-11-18,2026-09-20T15:49:40.220338
ACCT_00000898,CUST_000452,SAVINGS,912056164,BR_04,81295.55,CLOSED,2021-12-13,2026-09-20T15:49:40.220341
ACCT_00000899,CUST_000452,MONEY_MARKET,418600131,BR_10,206199.76,CLOSED,2025-01-14,2026-09-20T15:49:40.220344
ACCT_00000900,CUST_000453,SAVINGS,369455288,BR_14,172445.05,ACTIVE,2023-08-31,2026-09-20T15:49:40.220355
ACCT_00000901,CUST_000454,MONEY_MARKET,833935852,BR_05,140796.42,ACTIVE,2026-04-11,2026-09-20T15:49:40.220365
ACCT_00000902,CUST_000455,CHECKING,630345834,BR_06,451356.46,ACTIVE,2023-03-01,2026-09-20T15:49:40.220376
ACCT_00000903,CUST_000456,CHECKING,823739596,BR_13,449329.98,INACTIVE,2026-07-28,2026-09-20T15:49:40.220386
ACCT_00000904,CUST_000456,MONEY_MARKET,824240070,BR_02,159267.18,INACTIVE,2022-09-22,2026-09-20T15:49:40.220389
ACCT_00000905,CUST_000457,MONEY_MARKET,828206923,BR_02,284643.64,CLOSED,2021-12-06,2026-09-20T15:49:40.220399
ACCT_00000906,CUST_000457,SAVINGS,584028801,BR_06,371122.1,INACTIVE,2024-07-24,2026-09-20T15:49:40.220402
ACCT_00000907,CUST_000457,SAVINGS,422387947,BR_13,244594.82,CLOSED,2022-06-18,2026-09-20T15:49:40.220405
ACCT_00000908,CUST_000458,CHECKING,730532473,BR_03,21445.47,INACTIVE,2024-05-04,2026-09-20T15:49:40.220414
ACCT_00000909,CUST_000459,SAVINGS,448287242,BR_15,398146.2,INACTIVE,2024-01-15,2026-09-20T15:49:40.220424
ACCT_00000910,CUST_000459,SAVINGS,585520725,BR_03,71127.24,INACTIVE,2024-04-14,2026-09-20T15:49:40.220428
ACCT_00000911,CUST_000460,CHECKING,946393426,BR_06,190790.53,CLOSED,2025-10-20,2026-09-20T15:49:40.220437
ACCT_00000912,CUST_000461,SAVINGS,114978878,BR_07,395708.42,CLOSED,2025-09-02,2026-09-20T15:49:40.220447
ACCT_00000913,CUST_000461,CHECKING,736661428,BR_03,108575.19,ACTIVE,2024-06-11,2026-09-20T15:49:40.220450
ACCT_00000914,CUST_000462,CHECKING,390866008,BR_06,98958.47,INACTIVE,2024-06-09,2026-09-20T15:49:40.220460
ACCT_00000915,CUST_000462,CHECKING,425904401,BR_14,477602.36,CLOSED,2025-01-30,2026-09-20T15:49:40.220463
ACCT_00000916,CUST_000463,CHECKING,622412731,BR_10,361892.23,INACTIVE,2024-03-13,2026-09-20T15:49:40.220472
ACCT_00000917,CUST_000464,SAVINGS,814885719,BR_01,176749.37,ACTIVE,2026-04-06,2026-09-20T15:49:40.220488
ACCT_00000918,CUST_000465,MONEY_MARKET,611852999,BR_10,144732.0,ACTIVE,2023-09-24,2026-09-20T15:49:40.220499
ACCT_00000919,CUST_000465,SAVINGS,962882603,BR_04,208231.07,ACTIVE,2024-11-29,2026-09-20T15:49:40.220502
ACCT_00000920,CUST_000466,CHECKING,463548050,BR_11,155374.9,CLOSED,2024-03-26,2026-09-20T15:49:40.220512
ACCT_00000921,CUST_000466,MONEY_MARKET,230832638,BR_10,64801.1,INACTIVE,2024-09-22,2026-09-20T15:49:40.220515
ACCT_00000922,CUST_000466,MONEY_MARKET,500886544,BR_13,344288.4,ACTIVE,2024-07-26,2026-09-20T15:49:40.220518
ACCT_00000923,CUST_000467,SAVINGS,167779949,BR_01,223594.4,INACTIVE,2025-04-04,2026-09-20T15:49:40.220528
ACCT_00000924,CUST_000467,CHECKING,450255245,BR_12,116795.83,INACTIVE,2023-01-31,2026-09-20T15:49:40.220531
ACCT_00000925,CUST_000467,SAVINGS,944826660,BR_05,277542.37,CLOSED,2022-03-10,2026-09-20T15:49:40.220534
ACCT_00000926,CUST_000468,MONEY_MARKET,308711542,BR_15,63653.71,INACTIVE,2022-04-04,2026-09-20T15:49:40.220544
ACCT_00000927,CUST_000468,MONEY_MARKET,714475557,BR_15,114540.46,CLOSED,2023-03-22,2026-09-20T15:49:40.220547
ACCT_00000928,CUST_000469,CHECKING,624617283,BR_10,234929.3,ACTIVE,2024-11-18,2026-09-20T15:49:40.220556
ACCT_00000929,CUST_000470,CHECKING,512470771,BR_13,74262.89,INACTIVE,2026-03-08,2026-09-20T15:49:40.220566
ACCT_00000930,CUST_000470,MONEY_MARKET,627143325,BR_08,301339.63,CLOSED,2025-02-23,2026-09-20T15:49:40.220569
ACCT_00000931,CUST_000470,CHECKING,582630761,BR_07,388738.87,INACTIVE,2022-08-25,2026-09-20T15:49:40.220572
ACCT_00000932,CUST_000471,SAVINGS,935112665,BR_01,236926.09,ACTIVE,2023-02-02,2026-09-20T15:49:40.220582
ACCT_00000933,CUST_000472,SAVINGS,482433311,BR_14,310364.2,CLOSED,2025-10-26,2026-09-20T15:49:40.220592
ACCT_00000934,CUST_000473,SAVINGS,620440200,BR_06,302425.04,CLOSED,2025-07-08,2026-09-20T15:49:40.220601
ACCT_00000935,CUST_000473,MONEY_MARKET,302072903,BR_15,298833.84,ACTIVE,2024-12-24,2026-09-20T15:49:40.220605
ACCT_00000936,CUST_000474,CHECKING,889731609,BR_15,97552.05,CLOSED,2025-01-20,2026-09-20T15:49:40.220614
ACCT_00000937,CUST_000474,CHECKING,949017651,BR_07,211553.36,ACTIVE,2024-12-19,2026-09-20T15:49:40.220617
ACCT_00000938,CUST_000474,SAVINGS,319301062,BR_03,148122.08,ACTIVE,2022-12-26,2026-09-20T15:49:40.220620
ACCT_00000939,CUST_000475,SAVINGS,184513867,BR_06,232523.25,ACTIVE,2024-02-19,2026-09-20T15:49:40.220630
ACCT_00000940,CUST_000475,MONEY_MARKET,510190265,BR_09,78573.51,INACTIVE,2022-05-21,2026-09-20T15:49:40.220633
ACCT_00000941,CUST_000475,SAVINGS,215690169,BR_15,136848.67,INACTIVE,2025-07-12,2026-09-20T15:49:40.220636
ACCT_00000942,CUST_000476,MONEY_MARKET,586763125,BR_05,81534.26,ACTIVE,2024-10-29,2026-09-20T15:49:40.220646
ACCT_00000943,CUST_000476,CHECKING,233052656,BR_01,433882.08,CLOSED,2023-12-18,2026-09-20T15:49:40.220649
ACCT_00000944,CUST_000476,SAVINGS,252205955,BR_06,415918.99,INACTIVE,2023-07-22,2026-09-20T15:49:40.220652
ACCT_00000945,CUST_000477,MONEY_MARKET,566282719,BR_11,162009.73,ACTIVE,2024-10-22,2026-09-20T15:49:40.220662
ACCT_00000946,CUST_000478,CHECKING,791082762,BR_05,162074.68,CLOSED,2026-06-02,2026-09-20T15:49:40.220672
ACCT_00000947,CUST_000478,MONEY_MARKET,159978336,BR_12,358663.39,ACTIVE,2023-11-08,2026-09-20T15:49:40.220675
ACCT_00000948,CUST_000478,CHECKING,172901335,BR_03,75869.81,CLOSED,2025-09-21,2026-09-20T15:49:40.220679
ACCT_00000949,CUST_000479,CHECKING,198633286,BR_13,180222.43,INACTIVE,2024-09-28,2026-09-20T15:49:40.220689
ACCT_00000950,CUST_000479,CHECKING,543070745,BR_06,375450.26,INACTIVE,2024-05-23,2026-09-20T15:49:40.220692
ACCT_00000951,CUST_000479,MONEY_MARKET,166733536,BR_09,208234.82,INACTIVE,2022-09-29,2026-09-20T15:49:40.220695
ACCT_00000952,CUST_000480,MONEY_MARKET,983524116,BR_02,407200.64,INACTIVE,2025-09-30,2026-09-20T15:49:40.220704
ACCT_00000953,CUST_000481,SAVINGS,344164763,BR_04,28351.44,CLOSED,2023-07-06,2026-09-20T15:49:40.220714
ACCT_00000954,CUST_000482,CHECKING,790311363,BR_14,348674.16,INACTIVE,2026-05-27,2026-09-20T15:49:40.220724
ACCT_00000955,CUST_000483,CHECKING,914462961,BR_04,474988.01,ACTIVE,2023-10-31,2026-09-20T15:49:40.220733
ACCT_00000956,CUST_000484,SAVINGS,516102081,BR_13,317201.87,INACTIVE,2026-07-13,2026-09-20T15:49:40.220743
ACCT_00000957,CUST_000484,MONEY_MARKET,921988751,BR_05,246164.41,CLOSED,2022-08-19,2026-09-20T15:49:40.220746
ACCT_00000958,CUST_000485,SAVINGS,690591380,BR_02,20161.0,CLOSED,2026-06-09,2026-09-20T15:49:40.220756
ACCT_00000959,CUST_000485,CHECKING,346430177,BR_10,245783.38,INACTIVE,2022-09-14,2026-09-20T15:49:40.220759
ACCT_00000960,CUST_000485,CHECKING,724470223,BR_15,184122.3,ACTIVE,2024-05-30,2026-09-20T15:49:40.220762
ACCT_00000961,CUST_000486,CHECKING,675772566,BR_01,457608.81,CLOSED,2023-02-23,2026-09-20T15:49:40.220772
ACCT_00000962,CUST_000487,SAVINGS,697282546,BR_06,255488.72,ACTIVE,2021-12-16,2026-09-20T15:49:40.220781
ACCT_00000963,CUST_000487,CHECKING,909785449,BR_10,128213.49,ACTIVE,2024-10-21,2026-09-20T15:49:40.220784
ACCT_00000964,CUST_000488,SAVINGS,227955302,BR_11,142762.33,ACTIVE,2024-02-21,2026-09-20T15:49:40.220795
ACCT_00000965,CUST_000488,MONEY_MARKET,799444677,BR_11,255951.37,INACTIVE,2025-06-28,2026-09-20T15:49:40.220798
ACCT_00000966,CUST_000489,CHECKING,144732180,BR_07,402337.44,CLOSED,2021-09-26,2026-09-20T15:49:40.220808
ACCT_00000967,CUST_000490,CHECKING,915785316,BR_10,367877.69,INACTIVE,2021-12-20,2026-09-20T15:49:40.220818
ACCT_00000968,CUST_000491,MONEY_MARKET,330148431,BR_15,296669.76,INACTIVE,2024-08-12,2026-09-20T15:49:40.220828
ACCT_00000969,CUST_000491,SAVINGS,158376718,BR_11,313096.2,CLOSED,2021-11-28,2026-09-20T15:49:40.220831
ACCT_00000970,CUST_000491,SAVINGS,332793730,BR_09,12003.88,ACTIVE,2025-06-04,2026-09-20T15:49:40.220834
ACCT_00000971,CUST_000492,SAVINGS,321569527,BR_08,473402.86,INACTIVE,2022-08-08,2026-09-20T15:49:40.220843
ACCT_00000972,CUST_000493,SAVINGS,519569330,BR_10,376953.94,INACTIVE,2023-12-12,2026-09-20T15:49:40.220853
ACCT_00000973,CUST_000493,MONEY_MARKET,740745103,BR_05,397522.09,CLOSED,2021-10-31,2026-09-20T15:49:40.220856
ACCT_00000974,CUST_000494,CHECKING,761822587,BR_02,442217.74,ACTIVE,2023-03-02,2026-09-20T15:49:40.220868
ACCT_00000975,CUST_000495,CHECKING,394453633,BR_15,104.74,INACTIVE,2024-07-01,2026-09-20T15:49:40.220878
ACCT_00000976,CUST_000496,MONEY_MARKET,271248073,BR_02,26863.57,ACTIVE,2023-01-07,2026-09-20T15:49:40.220888
ACCT_00000977,CUST_000496,CHECKING,554370671,BR_12,438234.68,ACTIVE,2025-01-25,2026-09-20T15:49:40.220891
ACCT_00000978,CUST_000496,SAVINGS,801825549,BR_01,148805.22,ACTIVE,2025-12-19,2026-09-20T15:49:40.220894
ACCT_00000979,CUST_000497,CHECKING,382099523,BR_08,465069.86,ACTIVE,2025-12-18,2026-09-20T15:49:40.220904
ACCT_00000980,CUST_000497,MONEY_MARKET,899143659,BR_11,396401.99,INACTIVE,2025-08-29,2026-09-20T15:49:40.220907
ACCT_00000981,CUST_000498,CHECKING,192444088,BR_12,117477.93,CLOSED,2022-09-28,2026-09-20T15:49:40.220917
ACCT_00000982,CUST_000499,SAVINGS,389982059,BR_01,351468.08,INACTIVE,2026-04-14,2026-09-20T15:49:40.220926
ACCT_00000983,CUST_000499,MONEY_MARKET,842816227,BR_03,107816.24,INACTIVE,2022-11-02,2026-09-20T15:49:40.220929
ACCT_00000984,CUST_000499,SAVINGS,132102862,BR_01,248761.98,INACTIVE,2024-04-29,2026-09-20T15:49:40.220932
ACCT_00000985,CUST_000500,CHECKING,719292065,BR_15,22112.45,ACTIVE,2022-04-28,2026-09-20T15:49:40.220951
ACCT_00000986,CUST_000501,MONEY_MARKET,402331987,BR_12,239637.67,INACTIVE,2026-07-03,2026-09-20T15:49:40.220961
ACCT_00000987,CUST_000501,MONEY_MARKET,392017445,BR_14,94116.1,CLOSED,2024-02-16,2026-09-20T15:49:40.220965
ACCT_00000988,CUST_000502,MONEY_MARKET,147376817,BR_14,281649.66,INACTIVE,2023-07-04,2026-09-20T15:49:40.220975
ACCT_00000989,CUST_000503,SAVINGS,950364626,BR_04,357813.1,CLOSED,2026-05-17,2026-09-20T15:49:40.220987
ACCT_00000990,CUST_000503,SAVINGS,490879384,BR_02,299064.73,INACTIVE,2022-01-14,2026-09-20T15:49:40.220990
ACCT_00000991,CUST_000503,SAVINGS,684749861,BR_03,186696.4,INACTIVE,2022-07-26,2026-09-20T15:49:40.220993
ACCT_00000992,CUST_000504,MONEY_MARKET,256439562,BR_06,367623.96,INACTIVE,2024-05-10,2026-09-20T15:49:40.221003
ACCT_00000993,CUST_000504,CHECKING,722997665,BR_07,186117.75,INACTIVE,2022-05-03,2026-09-20T15:49:40.221006
ACCT_00000994,CUST_000504,SAVINGS,258519927,BR_14,336361.71,INACTIVE,2022-11-07,2026-09-20T15:49:40.221009
ACCT_00000995,CUST_000505,SAVINGS,486900154,BR_07,43314.14,INACTIVE,2025-11-13,2026-09-20T15:49:40.221019
ACCT_00000996,CUST_000505,SAVINGS,485117575,BR_11,233330.93,CLOSED,2021-10-22,2026-09-20T15:49:40.221022
ACCT_00000997,CUST_000505,MONEY_MARKET,276390168,BR_15,21473.59,CLOSED,2021-10-26,2026-09-20T15:49:40.221025
ACCT_00000998,CUST_000506,CHECKING,742948606,BR_06,270151.5,CLOSED,2025-09-29,2026-09-20T15:49:40.221035
ACCT_00000999,CUST_000506,MONEY_MARKET,249809853,BR_14,396159.67,CLOSED,2024-06-01,2026-09-20T15:49:40.221038
ACCT_00001000,CUST_000506,CHECKING,984165585,BR_07,440373.44,CLOSED,2023-08-03,2026-09-20T15:49:40.221041
ACCT_00001001,CUST_000507,MONEY_MARKET,211470844,BR_10,2119.84,CLOSED,2022-11-29,2026-09-20T15:49:40.221051
ACCT_00001002,CUST_000508,MONEY_MARKET,343505670,BR_11,354905.51,INACTIVE,2023-11-24,2026-09-20T15:49:40.221061
ACCT_00001003,CUST_000509,SAVINGS,885822999,BR_14,398476.8,CLOSED,2024-06-04,2026-09-20T15:49:40.221070
ACCT_00001004,CUST_000510,MONEY_MARKET,979782070,BR_07,109613.8,INACTIVE,2022-06-08,2026-09-20T15:49:40.221080
ACCT_00001005,CUST_000510,SAVINGS,838520633,BR_13,493976.49,ACTIVE,2023-01-18,2026-09-20T15:49:40.221083
ACCT_00001006,CUST_000510,MONEY_MARKET,587107372,BR_03,417191.2,ACTIVE,2022-08-16,2026-09-20T15:49:40.221086
ACCT_00001007,CUST_000511,MONEY_MARKET,958923889,BR_02,247651.94,ACTIVE,2022-09-28,2026-09-20T15:49:40.221096
ACCT_00001008,CUST_000512,CHECKING,911534685,BR_07,151498.52,ACTIVE,2023-08-08,2026-09-20T15:49:40.221106
ACCT_00001009,CUST_000512,MONEY_MARKET,203709736,BR_14,95584.18,ACTIVE,2026-06-19,2026-09-20T15:49:40.221109
ACCT_00001010,CUST_000513,CHECKING,322358401,BR_03,413845.54,CLOSED,2026-03-28,2026-09-20T15:49:40.221118
ACCT_00001011,CUST_000513,CHECKING,372122580,BR_08,475511.23,INACTIVE,2024-08-19,2026-09-20T15:49:40.221121
ACCT_00001012,CUST_000514,SAVINGS,111347785,BR_12,298820.68,INACTIVE,2024-06-18,2026-09-20T15:49:40.221131
ACCT_00001013,CUST_000514,SAVINGS,323819775,BR_05,214319.09,CLOSED,2023-12-16,2026-09-20T15:49:40.221134
ACCT_00001014,CUST_000514,MONEY_MARKET,760139881,BR_10,21033.25,INACTIVE,2026-06-18,2026-09-20T15:49:40.221138
ACCT_00001015,CUST_000515,SAVINGS,477416987,BR_01,127965.51,INACTIVE,2021-10-23,2026-09-20T15:49:40.221148
ACCT_00001016,CUST_000515,SAVINGS,908439501,BR_09,384916.72,INACTIVE,2022-10-11,2026-09-20T15:49:40.221151
ACCT_00001017,CUST_000516,MONEY_MARKET,476942350,BR_11,245205.2,ACTIVE,2024-07-04,2026-09-20T15:49:40.221160
ACCT_00001018,CUST_000516,CHECKING,623393732,BR_13,452947.12,INACTIVE,2025-03-23,2026-09-20T15:49:40.221163
ACCT_00001019,CUST_000516,MONEY_MARKET,198836690,BR_02,122770.22,CLOSED,2023-02-06,2026-09-20T15:49:40.221166
ACCT_00001020,CUST_000517,SAVINGS,507862030,BR_12,168757.61,CLOSED,2024-01-03,2026-09-20T15:49:40.221176
ACCT_00001021,CUST_000518,SAVINGS,432659793,BR_09,388604.17,INACTIVE,2025-06-04,2026-09-20T15:49:40.221186
ACCT_00001022,CUST_000519,SAVINGS,201955830,BR_01,341943.51,CLOSED,2021-10-20,2026-09-20T15:49:40.221196
ACCT_00001023,CUST_000519,MONEY_MARKET,938415097,BR_01,467775.54,INACTIVE,2026-04-02,2026-09-20T15:49:40.221199
ACCT_00001024,CUST_000519,MONEY_MARKET,294597747,BR_08,137443.1,CLOSED,2024-06-18,2026-09-20T15:49:40.221202
ACCT_00001025,CUST_000520,MONEY_MARKET,877744414,BR_01,126676.83,ACTIVE,2022-09-22,2026-09-20T15:49:40.221212
ACCT_00001026,CUST_000520,MONEY_MARKET,627313543,BR_03,451140.65,INACTIVE,2021-11-07,2026-09-20T15:49:40.221216
ACCT_00001027,CUST_000520,CHECKING,142752637,BR_05,300600.06,INACTIVE,2026-01-09,2026-09-20T15:49:40.221219
ACCT_00001028,CUST_000521,CHECKING,999123955,BR_02,99641.63,INACTIVE,2025-03-29,2026-09-20T15:49:40.221230
ACCT_00001029,CUST_000521,CHECKING,515864153,BR_13,372290.93,CLOSED,2025-08-25,2026-09-20T15:49:40.221233
ACCT_00001030,CUST_000521,SAVINGS,147110078,BR_05,91420.63,INACTIVE,2021-10-14,2026-09-20T15:49:40.221236
ACCT_00001031,CUST_000522,MONEY_MARKET,629731650,BR_04,356942.59,CLOSED,2025-12-27,2026-09-20T15:49:40.221246
ACCT_00001032,CUST_000522,CHECKING,276558895,BR_03,66086.3,CLOSED,2023-06-26,2026-09-20T15:49:40.221249
ACCT_00001033,CUST_000522,CHECKING,570403386,BR_08,183401.15,CLOSED,2024-03-24,2026-09-20T15:49:40.221252
ACCT_00001034,CUST_000523,MONEY_MARKET,663902596,BR_15,346936.66,CLOSED,2023-08-04,2026-09-20T15:49:40.221262
ACCT_00001035,CUST_000524,SAVINGS,608586409,BR_01,139523.21,CLOSED,2022-09-14,2026-09-20T15:49:40.221272
ACCT_00001036,CUST_000525,CHECKING,169981491,BR_02,131461.51,CLOSED,2024-08-19,2026-09-20T15:49:40.221281
ACCT_00001037,CUST_000525,SAVINGS,530921552,BR_09,459645.3,ACTIVE,2025-12-17,2026-09-20T15:49:40.221284
ACCT_00001038,CUST_000526,CHECKING,192747165,BR_10,93476.68,ACTIVE,2024-02-20,2026-09-20T15:49:40.221294
ACCT_00001039,CUST_000527,MONEY_MARKET,500845931,BR_09,131577.04,ACTIVE,2022-03-18,2026-09-20T15:49:40.221304
ACCT_00001040,CUST_000527,MONEY_MARKET,299190047,BR_10,206686.56,CLOSED,2026-06-01,2026-09-20T15:49:40.221307
ACCT_00001041,CUST_000527,CHECKING,317376098,BR_03,150241.52,CLOSED,2022-09-15,2026-09-20T15:49:40.221309
ACCT_00001042,CUST_000528,CHECKING,499280091,BR_01,255146.99,ACTIVE,2026-01-03,2026-09-20T15:49:40.221319
ACCT_00001043,CUST_000528,MONEY_MARKET,815016702,BR_05,292827.87,ACTIVE,2024-12-08,2026-09-20T15:49:40.221322
ACCT_00001044,CUST_000529,SAVINGS,361645266,BR_14,240246.55,ACTIVE,2025-07-31,2026-09-20T15:49:40.221332
ACCT_00001045,CUST_000530,SAVINGS,613544342,BR_08,107139.83,ACTIVE,2024-06-18,2026-09-20T15:49:40.221342
ACCT_00001046,CUST_000530,MONEY_MARKET,780104381,BR_11,270747.28,ACTIVE,2025-10-26,2026-09-20T15:49:40.221345
ACCT_00001047,CUST_000530,MONEY_MARKET,236317519,BR_14,254982.96,ACTIVE,2023-12-17,2026-09-20T15:49:40.221348
ACCT_00001048,CUST_000531,CHECKING,707906889,BR_03,123609.2,INACTIVE,2021-12-06,2026-09-20T15:49:40.221358
ACCT_00001049,CUST_000531,MONEY_MARKET,488396586,BR_04,414005.02,INACTIVE,2026-04-21,2026-09-20T15:49:40.221361
ACCT_00001050,CUST_000531,SAVINGS,146073086,BR_14,160311.74,INACTIVE,2026-06-26,2026-09-20T15:49:40.221364
ACCT_00001051,CUST_000532,MONEY_MARKET,880068334,BR_15,186903.75,INACTIVE,2023-03-29,2026-09-20T15:49:40.221373
ACCT_00001052,CUST_000533,MONEY_MARKET,236715628,BR_08,307486.4,CLOSED,2024-05-11,2026-09-20T15:49:40.221383
ACCT_00001053,CUST_000534,MONEY_MARKET,268883621,BR_04,299529.53,INACTIVE,2023-11-07,2026-09-20T15:49:40.221393
ACCT_00001054,CUST_000534,CHECKING,564652678,BR_10,15553.91,ACTIVE,2023-06-28,2026-09-20T15:49:40.221396
ACCT_00001055,CUST_000534,CHECKING,856423593,BR_15,388546.3,CLOSED,2026-06-01,2026-09-20T15:49:40.221399
ACCT_00001056,CUST_000535,SAVINGS,522267598,BR_05,232307.1,INACTIVE,2024-12-08,2026-09-20T15:49:40.221409
ACCT_00001057,CUST_000535,MONEY_MARKET,749931490,BR_06,459671.46,INACTIVE,2023-10-09,2026-09-20T15:49:40.221412
ACCT_00001058,CUST_000536,SAVINGS,913271066,BR_14,419769.9,CLOSED,2022-09-28,2026-09-20T15:49:40.221422
ACCT_00001059,CUST_000536,MONEY_MARKET,832489265,BR_10,299711.01,CLOSED,2025-11-13,2026-09-20T15:49:40.221425
ACCT_00001060,CUST_000537,SAVINGS,197697289,BR_12,244888.8,INACTIVE,2023-08-26,2026-09-20T15:49:40.221435
ACCT_00001061,CUST_000537,MONEY_MARKET,761818658,BR_11,31560.89,CLOSED,2025-02-18,2026-09-20T15:49:40.221438
ACCT_00001062,CUST_000538,SAVINGS,738268451,BR_09,113998.33,INACTIVE,2025-04-18,2026-09-20T15:49:40.221448
ACCT_00001063,CUST_000538,MONEY_MARKET,305370925,BR_06,486173.11,ACTIVE,2022-01-03,2026-09-20T15:49:40.221451
ACCT_00001064,CUST_000539,MONEY_MARKET,825956975,BR_07,139333.22,CLOSED,2024-04-05,2026-09-20T15:49:40.221461
ACCT_00001065,CUST_000539,MONEY_MARKET,807715191,BR_04,384180.2,ACTIVE,2022-02-21,2026-09-20T15:49:40.221464
ACCT_00001066,CUST_000540,SAVINGS,303974495,BR_11,343021.23,CLOSED,2023-08-06,2026-09-20T15:49:40.221474
ACCT_00001067,CUST_000540,MONEY_MARKET,444824123,BR_04,399035.52,CLOSED,2023-09-21,2026-09-20T15:49:40.221477
ACCT_00001068,CUST_000540,CHECKING,225854097,BR_12,361399.0,INACTIVE,2023-01-22,2026-09-20T15:49:40.221480
ACCT_00001069,CUST_000541,CHECKING,742238528,BR_13,316758.78,INACTIVE,2025-08-12,2026-09-20T15:49:40.221490
ACCT_00001070,CUST_000542,SAVINGS,502651705,BR_04,195875.95,CLOSED,2025-02-13,2026-09-20T15:49:40.221499
ACCT_00001071,CUST_000542,MONEY_MARKET,592932560,BR_09,170765.58,INACTIVE,2023-03-29,2026-09-20T15:49:40.221502
ACCT_00001072,CUST_000542,CHECKING,371158137,BR_02,483260.2,CLOSED,2024-06-07,2026-09-20T15:49:40.221505
ACCT_00001073,CUST_000543,CHECKING,302859986,BR_13,467067.59,INACTIVE,2024-02-02,2026-09-20T15:49:40.221515
ACCT_00001074,CUST_000544,MONEY_MARKET,981711944,BR_05,255608.09,INACTIVE,2025-07-10,2026-09-20T15:49:40.221525
ACCT_00001075,CUST_000544,SAVINGS,154753357,BR_07,314093.55,INACTIVE,2023-04-20,2026-09-20T15:49:40.221528
ACCT_00001076,CUST_000544,CHECKING,611496412,BR_07,193503.66,ACTIVE,2025-11-08,2026-09-20T15:49:40.221531
ACCT_00001077,CUST_000545,CHECKING,487980424,BR_13,400669.76,ACTIVE,2026-05-29,2026-09-20T15:49:40.221540
ACCT_00001078,CUST_000546,SAVINGS,215386040,BR_09,267657.8,ACTIVE,2022-03-30,2026-09-20T15:49:40.221550
ACCT_00001079,CUST_000547,MONEY_MARKET,837364568,BR_07,102525.88,CLOSED,2023-06-18,2026-09-20T15:49:40.221560
ACCT_00001080,CUST_000548,CHECKING,219649243,BR_06,488420.45,CLOSED,2025-01-31,2026-09-20T15:49:40.221570
ACCT_00001081,CUST_000549,SAVINGS,358428472,BR_04,110296.76,CLOSED,2023-06-10,2026-09-20T15:49:40.221579
ACCT_00001082,CUST_000549,SAVINGS,693366694,BR_06,420399.92,ACTIVE,2026-07-05,2026-09-20T15:49:40.221582
ACCT_00001083,CUST_000550,MONEY_MARKET,440073137,BR_13,110014.17,INACTIVE,2025-07-01,2026-09-20T15:49:40.221592
ACCT_00001084,CUST_000550,MONEY_MARKET,761743478,BR_01,477241.21,ACTIVE,2023-06-09,2026-09-20T15:49:40.221595
ACCT_00001085,CUST_000550,MONEY_MARKET,759419497,BR_05,404794.21,ACTIVE,2026-02-07,2026-09-20T15:49:40.221598
ACCT_00001086,CUST_000551,SAVINGS,337268477,BR_04,229807.36,ACTIVE,2025-08-31,2026-09-20T15:49:40.221609
ACCT_00001087,CUST_000552,SAVINGS,215305817,BR_01,119461.49,INACTIVE,2024-03-13,2026-09-20T15:49:40.221619
ACCT_00001088,CUST_000553,MONEY_MARKET,515219499,BR_08,106772.57,ACTIVE,2021-11-20,2026-09-20T15:49:40.221629
ACCT_00001089,CUST_000553,CHECKING,538660699,BR_12,222122.12,ACTIVE,2022-06-30,2026-09-20T15:49:40.221632
ACCT_00001090,CUST_000553,SAVINGS,760408044,BR_13,190143.3,CLOSED,2022-05-08,2026-09-20T15:49:40.221635
ACCT_00001091,CUST_000554,CHECKING,822962352,BR_08,218381.48,CLOSED,2024-09-19,2026-09-20T15:49:40.221644
ACCT_00001092,CUST_000554,SAVINGS,122243429,BR_08,253828.91,INACTIVE,2021-12-09,2026-09-20T15:49:40.221649
ACCT_00001093,CUST_000555,MONEY_MARKET,320621280,BR_06,72343.42,ACTIVE,2023-04-09,2026-09-20T15:49:40.221658
ACCT_00001094,CUST_000555,MONEY_MARKET,833664642,BR_07,84273.99,INACTIVE,2025-06-23,2026-09-20T15:49:40.221662
ACCT_00001095,CUST_000556,SAVINGS,479315930,BR_07,137143.47,CLOSED,2025-01-03,2026-09-20T15:49:40.221671
ACCT_00001096,CUST_000557,SAVINGS,744712853,BR_15,234909.54,ACTIVE,2022-10-16,2026-09-20T15:49:40.221681
ACCT_00001097,CUST_000558,CHECKING,793075924,BR_12,32441.01,CLOSED,2022-02-25,2026-09-20T15:49:40.221690
ACCT_00001098,CUST_000558,CHECKING,517545848,BR_10,172657.56,INACTIVE,2026-07-11,2026-09-20T15:49:40.221693
ACCT_00001099,CUST_000558,SAVINGS,568464805,BR_12,222719.25,INACTIVE,2026-02-19,2026-09-20T15:49:40.221696
ACCT_00001100,CUST_000559,SAVINGS,473909171,BR_04,134633.91,INACTIVE,2023-12-15,2026-09-20T15:49:40.221706
ACCT_00001101,CUST_000559,CHECKING,280970231,BR_04,426838.11,CLOSED,2023-09-27,2026-09-20T15:49:40.221709
ACCT_00001102,CUST_000560,MONEY_MARKET,969883515,BR_04,422966.68,INACTIVE,2024-08-05,2026-09-20T15:49:40.221719
ACCT_00001103,CUST_000560,CHECKING,916806401,BR_04,45077.25,ACTIVE,2026-02-13,2026-09-20T15:49:40.221722
ACCT_00001104,CUST_000560,MONEY_MARKET,846586430,BR_09,25127.53,ACTIVE,2023-09-11,2026-09-20T15:49:40.221726
ACCT_00001105,CUST_000561,SAVINGS,260019039,BR_05,70902.86,INACTIVE,2025-01-28,2026-09-20T15:49:40.221736
ACCT_00001106,CUST_000561,CHECKING,345982087,BR_07,155868.01,CLOSED,2026-04-07,2026-09-20T15:49:40.221739
ACCT_00001107,CUST_000562,CHECKING,766734240,BR_01,286347.26,CLOSED,2025-08-26,2026-09-20T15:49:40.221749
ACCT_00001108,CUST_000563,MONEY_MARKET,604925332,BR_07,447471.51,ACTIVE,2026-07-17,2026-09-20T15:49:40.221759
ACCT_00001109,CUST_000563,CHECKING,747073692,BR_12,38616.03,ACTIVE,2025-02-16,2026-09-20T15:49:40.221763
ACCT_00001110,CUST_000564,MONEY_MARKET,233291386,BR_13,231322.31,INACTIVE,2022-08-01,2026-09-20T15:49:40.221772
ACCT_00001111,CUST_000565,CHECKING,673010207,BR_15,93484.67,ACTIVE,2024-10-24,2026-09-20T15:49:40.221782
ACCT_00001112,CUST_000566,SAVINGS,651093592,BR_14,10456.91,CLOSED,2026-04-27,2026-09-20T15:49:40.221792
ACCT_00001113,CUST_000567,CHECKING,279316246,BR_01,234586.54,ACTIVE,2025-04-13,2026-09-20T15:49:40.221802
ACCT_00001114,CUST_000567,MONEY_MARKET,995801246,BR_06,286974.87,INACTIVE,2024-01-17,2026-09-20T15:49:40.221805
ACCT_00001115,CUST_000568,SAVINGS,288060513,BR_12,55027.1,ACTIVE,2025-09-24,2026-09-20T15:49:40.221814
ACCT_00001116,CUST_000569,MONEY_MARKET,910152831,BR_01,33630.31,INACTIVE,2025-11-16,2026-09-20T15:49:40.221824
ACCT_00001117,CUST_000569,CHECKING,408381330,BR_08,264493.64,INACTIVE,2022-11-03,2026-09-20T15:49:40.221827
ACCT_00001118,CUST_000569,SAVINGS,690897037,BR_09,363144.85,CLOSED,2024-01-09,2026-09-20T15:49:40.221830
ACCT_00001119,CUST_000570,MONEY_MARKET,480035335,BR_13,302798.03,CLOSED,2021-12-10,2026-09-20T15:49:40.221840
ACCT_00001120,CUST_000570,MONEY_MARKET,535078702,BR_13,125789.76,INACTIVE,2025-09-14,2026-09-20T15:49:40.221843
ACCT_00001121,CUST_000570,MONEY_MARKET,636577456,BR_03,402438.88,ACTIVE,2026-03-24,2026-09-20T15:49:40.221846
ACCT_00001122,CUST_000571,SAVINGS,420449851,BR_02,302237.44,INACTIVE,2024-06-29,2026-09-20T15:49:40.221855
ACCT_00001123,CUST_000571,SAVINGS,421604966,BR_06,12035.54,INACTIVE,2025-07-11,2026-09-20T15:49:40.221858
ACCT_00001124,CUST_000571,CHECKING,331466989,BR_07,387558.52,ACTIVE,2024-02-12,2026-09-20T15:49:40.221861
ACCT_00001125,CUST_000572,MONEY_MARKET,250157550,BR_11,396900.89,INACTIVE,2025-04-08,2026-09-20T15:49:40.221871
ACCT_00001126,CUST_000572,CHECKING,117585787,BR_15,113613.04,INACTIVE,2025-03-22,2026-09-20T15:49:40.221874
ACCT_00001127,CUST_000572,SAVINGS,528679814,BR_08,356473.85,INACTIVE,2025-06-28,2026-09-20T15:49:40.221877
ACCT_00001128,CUST_000573,CHECKING,546461873,BR_01,122758.47,ACTIVE,2023-01-19,2026-09-20T15:49:40.221887
ACCT_00001129,CUST_000573,CHECKING,417202754,BR_06,26654.36,INACTIVE,2024-06-21,2026-09-20T15:49:40.221890
ACCT_00001130,CUST_000574,SAVINGS,183884443,BR_10,147046.12,CLOSED,2023-07-19,2026-09-20T15:49:40.221900
ACCT_00001131,CUST_000574,SAVINGS,143512759,BR_15,490680.6,INACTIVE,2026-04-05,2026-09-20T15:49:40.221903
ACCT_00001132,CUST_000574,SAVINGS,455894276,BR_04,155239.85,CLOSED,2025-09-16,2026-09-20T15:49:40.221906
ACCT_00001133,CUST_000575,CHECKING,256700837,BR_12,355581.4,INACTIVE,2026-04-21,2026-09-20T15:49:40.221916
ACCT_00001134,CUST_000576,MONEY_MARKET,334820678,BR_11,260593.41,ACTIVE,2024-02-15,2026-09-20T15:49:40.221926
ACCT_00001135,CUST_000577,SAVINGS,957394843,BR_10,230199.46,CLOSED,2024-10-22,2026-09-20T15:49:40.221935
ACCT_00001136,CUST_000577,SAVINGS,495102134,BR_01,400631.86,CLOSED,2025-12-12,2026-09-20T15:49:40.221938
ACCT_00001137,CUST_000578,SAVINGS,565368486,BR_13,257034.42,CLOSED,2022-04-08,2026-09-20T15:49:40.221948
ACCT_00001138,CUST_000578,MONEY_MARKET,882397486,BR_12,283218.65,ACTIVE,2025-10-11,2026-09-20T15:49:40.221951
ACCT_00001139,CUST_000579,SAVINGS,809331304,BR_12,219986.74,CLOSED,2023-01-29,2026-09-20T15:49:40.221960
ACCT_00001140,CUST_000579,SAVINGS,254566722,BR_03,381078.17,ACTIVE,2026-02-12,2026-09-20T15:49:40.221963
ACCT_00001141,CUST_000580,SAVINGS,396094861,BR_07,110196.75,ACTIVE,2024-12-09,2026-09-20T15:49:40.221973
ACCT_00001142,CUST_000580,CHECKING,242745408,BR_04,209246.1,ACTIVE,2024-04-18,2026-09-20T15:49:40.221976
ACCT_00001143,CUST_000580,CHECKING,558392726,BR_09,284136.6,ACTIVE,2026-08-20,2026-09-20T15:49:40.221979
ACCT_00001144,CUST_000581,CHECKING,140223433,BR_05,363646.24,ACTIVE,2025-05-30,2026-09-20T15:49:40.221989
ACCT_00001145,CUST_000582,CHECKING,822211420,BR_08,57207.09,CLOSED,2024-01-23,2026-09-20T15:49:40.221999
ACCT_00001146,CUST_000582,SAVINGS,762282187,BR_12,489731.12,INACTIVE,2025-03-11,2026-09-20T15:49:40.222002
ACCT_00001147,CUST_000583,MONEY_MARKET,688330371,BR_15,450672.83,CLOSED,2024-10-13,2026-09-20T15:49:40.222011
ACCT_00001148,CUST_000583,MONEY_MARKET,813975499,BR_06,263401.91,CLOSED,2022-10-25,2026-09-20T15:49:40.222014
ACCT_00001149,CUST_000583,MONEY_MARKET,733271007,BR_09,341332.46,CLOSED,2022-04-11,2026-09-20T15:49:40.222017
ACCT_00001150,CUST_000584,CHECKING,975026417,BR_01,216993.3,INACTIVE,2024-10-18,2026-09-20T15:49:40.222027
ACCT_00001151,CUST_000585,SAVINGS,635662276,BR_12,495657.32,ACTIVE,2023-04-28,2026-09-20T15:49:40.222037
ACCT_00001152,CUST_000585,SAVINGS,960790684,BR_14,128895.37,ACTIVE,2023-07-12,2026-09-20T15:49:40.222040
ACCT_00001153,CUST_000585,CHECKING,941251439,BR_04,440385.0,ACTIVE,2024-01-14,2026-09-20T15:49:40.222043
ACCT_00001154,CUST_000586,CHECKING,848807927,BR_09,252971.24,INACTIVE,2022-06-23,2026-09-20T15:49:40.222053
ACCT_00001155,CUST_000587,SAVINGS,708352987,BR_06,149612.36,ACTIVE,2025-09-23,2026-09-20T15:49:40.222063
ACCT_00001156,CUST_000587,MONEY_MARKET,616656295,BR_15,331474.88,INACTIVE,2026-04-27,2026-09-20T15:49:40.222066
ACCT_00001157,CUST_000588,SAVINGS,975164910,BR_07,77107.57,INACTIVE,2026-06-20,2026-09-20T15:49:40.222077
ACCT_00001158,CUST_000588,SAVINGS,497692607,BR_02,154072.91,INACTIVE,2023-11-18,2026-09-20T15:49:40.222080
ACCT_00001159,CUST_000589,MONEY_MARKET,329811428,BR_07,215109.81,ACTIVE,2025-01-12,2026-09-20T15:49:40.222090
ACCT_00001160,CUST_000589,CHECKING,755597471,BR_13,82530.72,ACTIVE,2023-04-15,2026-09-20T15:49:40.222093
ACCT_00001161,CUST_000590,MONEY_MARKET,504637077,BR_14,41530.9,ACTIVE,2026-03-06,2026-09-20T15:49:40.222103
ACCT_00001162,CUST_000590,MONEY_MARKET,109115922,BR_03,270231.19,INACTIVE,2026-02-13,2026-09-20T15:49:40.222106
ACCT_00001163,CUST_000591,MONEY_MARKET,263088149,BR_01,1143.42,ACTIVE,2026-06-16,2026-09-20T15:49:40.222116
ACCT_00001164,CUST_000591,CHECKING,412913089,BR_14,183446.82,CLOSED,2022-01-01,2026-09-20T15:49:40.222119
ACCT_00001165,CUST_000591,MONEY_MARKET,483594804,BR_11,286041.43,ACTIVE,2025-09-17,2026-09-20T15:49:40.222122
ACCT_00001166,CUST_000592,SAVINGS,207343380,BR_01,498158.14,ACTIVE,2026-06-02,2026-09-20T15:49:40.222132
ACCT_00001167,CUST_000592,MONEY_MARKET,100228825,BR_14,461283.3,ACTIVE,2024-06-12,2026-09-20T15:49:40.222135
ACCT_00001168,CUST_000593,CHECKING,387043716,BR_10,145785.08,CLOSED,2026-03-28,2026-09-20T15:49:40.222145
ACCT_00001169,CUST_000593,MONEY_MARKET,405420337,BR_03,32564.77,CLOSED,2021-11-10,2026-09-20T15:49:40.222148
ACCT_00001170,CUST_000594,CHECKING,790914237,BR_13,350001.37,ACTIVE,2023-11-09,2026-09-20T15:49:40.222158
ACCT_00001171,CUST_000594,MONEY_MARKET,340294732,BR_12,141920.14,INACTIVE,2021-11-10,2026-09-20T15:49:40.222161
ACCT_00001172,CUST_000595,MONEY_MARKET,274812167,BR_12,236382.89,INACTIVE,2024-08-17,2026-09-20T15:49:40.222170
ACCT_00001173,CUST_000595,MONEY_MARKET,428993166,BR_05,326779.36,INACTIVE,2024-04-17,2026-09-20T15:49:40.222173
ACCT_00001174,CUST_000596,SAVINGS,815386249,BR_06,105352.59,INACTIVE,2025-10-21,2026-09-20T15:49:40.222183
ACCT_00001175,CUST_000597,CHECKING,139511177,BR_02,29468.17,ACTIVE,2025-10-23,2026-09-20T15:49:40.222193
ACCT_00001176,CUST_000597,CHECKING,582024385,BR_03,74748.48,ACTIVE,2025-01-20,2026-09-20T15:49:40.222196
ACCT_00001177,CUST_000597,SAVINGS,838439961,BR_06,289677.23,CLOSED,2023-12-09,2026-09-20T15:49:40.222199
ACCT_00001178,CUST_000598,SAVINGS,231660615,BR_15,322191.08,CLOSED,2023-07-18,2026-09-20T15:49:40.222208
ACCT_00001179,CUST_000598,MONEY_MARKET,731006715,BR_05,468724.36,ACTIVE,2023-12-26,2026-09-20T15:49:40.222211
ACCT_00001180,CUST_000599,CHECKING,491066799,BR_03,195458.06,INACTIVE,2026-04-08,2026-09-20T15:49:40.222221
ACCT_00001181,CUST_000599,CHECKING,133693489,BR_14,426548.48,INACTIVE,2024-06-15,2026-09-20T15:49:40.222224
ACCT_00001182,CUST_000599,CHECKING,972435430,BR_08,231805.62,INACTIVE,2022-03-30,2026-09-20T15:49:40.222228
ACCT_00001183,CUST_000600,SAVINGS,582767472,BR_03,407909.02,CLOSED,2022-09-03,2026-09-20T15:49:40.222238
ACCT_00001184,CUST_000600,SAVINGS,806956791,BR_06,479036.75,CLOSED,2021-10-09,2026-09-20T15:49:40.222241
ACCT_00001185,CUST_000600,MONEY_MARKET,297527570,BR_01,434600.16,ACTIVE,2025-03-26,2026-09-20T15:49:40.222244
ACCT_00001186,CUST_000601,CHECKING,622798666,BR_15,494185.58,ACTIVE,2026-05-27,2026-09-20T15:49:40.222254
ACCT_00001187,CUST_000601,CHECKING,357723139,BR_09,302000.52,INACTIVE,2025-07-03,2026-09-20T15:49:40.222257
ACCT_00001188,CUST_000602,CHECKING,548684706,BR_01,385452.88,CLOSED,2024-08-13,2026-09-20T15:49:40.222267
ACCT_00001189,CUST_000602,MONEY_MARKET,468253706,BR_13,307476.98,INACTIVE,2026-08-16,2026-09-20T15:49:40.222270
ACCT_00001190,CUST_000602,CHECKING,618400795,BR_13,412179.59,CLOSED,2025-07-04,2026-09-20T15:49:40.222273
ACCT_00001191,CUST_000603,CHECKING,457038397,BR_11,329366.95,CLOSED,2022-06-20,2026-09-20T15:49:40.222282
ACCT_00001192,CUST_000604,SAVINGS,670016358,BR_07,444804.23,CLOSED,2023-03-16,2026-09-20T15:49:40.222292
ACCT_00001193,CUST_000604,MONEY_MARKET,311163153,BR_07,384878.95,CLOSED,2022-02-25,2026-09-20T15:49:40.222295
ACCT_00001194,CUST_000604,CHECKING,588501521,BR_12,295528.48,INACTIVE,2023-08-14,2026-09-20T15:49:40.222298
ACCT_00001195,CUST_000605,CHECKING,405464161,BR_06,9055.66,CLOSED,2023-02-14,2026-09-20T15:49:40.222308
ACCT_00001196,CUST_000605,CHECKING,609509356,BR_14,439129.36,INACTIVE,2023-03-24,2026-09-20T15:49:40.222312
ACCT_00001197,CUST_000606,CHECKING,438421460,BR_14,295487.74,INACTIVE,2025-02-25,2026-09-20T15:49:40.222321
ACCT_00001198,CUST_000606,SAVINGS,800138394,BR_14,19451.37,ACTIVE,2022-11-22,2026-09-20T15:49:40.222324
ACCT_00001199,CUST_000606,MONEY_MARKET,372882807,BR_07,132756.42,CLOSED,2025-05-09,2026-09-20T15:49:40.222327
ACCT_00001200,CUST_000607,CHECKING,982086565,BR_08,119566.09,ACTIVE,2024-03-24,2026-09-20T15:49:40.222338
ACCT_00001201,CUST_000608,CHECKING,961560965,BR_13,136889.99,CLOSED,2024-04-20,2026-09-20T15:49:40.222348
ACCT_00001202,CUST_000609,MONEY_MARKET,886784420,BR_13,383412.95,INACTIVE,2022-04-30,2026-09-20T15:49:40.222358
ACCT_00001203,CUST_000610,MONEY_MARKET,154970958,BR_08,494435.31,ACTIVE,2023-08-24,2026-09-20T15:49:40.222368
ACCT_00001204,CUST_000610,MONEY_MARKET,693091238,BR_05,389859.43,ACTIVE,2024-06-16,2026-09-20T15:49:40.222371
ACCT_00001205,CUST_000610,MONEY_MARKET,879237238,BR_06,88700.64,CLOSED,2025-07-07,2026-09-20T15:49:40.222374
ACCT_00001206,CUST_000611,MONEY_MARKET,561172638,BR_02,164454.54,ACTIVE,2023-12-13,2026-09-20T15:49:40.222383
ACCT_00001207,CUST_000612,CHECKING,239454878,BR_15,374730.18,INACTIVE,2025-09-09,2026-09-20T15:49:40.222393
ACCT_00001208,CUST_000613,SAVINGS,821351429,BR_05,207846.27,INACTIVE,2025-06-30,2026-09-20T15:49:40.222403
ACCT_00001209,CUST_000613,MONEY_MARKET,275994127,BR_06,48892.39,INACTIVE,2024-11-26,2026-09-20T15:49:40.222406
ACCT_00001210,CUST_000613,MONEY_MARKET,842554204,BR_09,319547.4,ACTIVE,2025-10-07,2026-09-20T15:49:40.222409
ACCT_00001211,CUST_000614,CHECKING,357216379,BR_02,389354.57,INACTIVE,2025-08-20,2026-09-20T15:49:40.222419
ACCT_00001212,CUST_000615,SAVINGS,462419904,BR_02,250281.49,CLOSED,2024-01-12,2026-09-20T15:49:40.222428
ACCT_00001213,CUST_000616,CHECKING,616729526,BR_11,307221.57,ACTIVE,2024-08-22,2026-09-20T15:49:40.222438
ACCT_00001214,CUST_000616,CHECKING,479288737,BR_03,194001.55,ACTIVE,2023-08-01,2026-09-20T15:49:40.222441
ACCT_00001215,CUST_000616,SAVINGS,878801316,BR_01,455468.87,CLOSED,2022-02-16,2026-09-20T15:49:40.222444
ACCT_00001216,CUST_000617,CHECKING,274259849,BR_03,171116.38,CLOSED,2022-01-25,2026-09-20T15:49:40.222454
ACCT_00001217,CUST_000618,MONEY_MARKET,308488923,BR_08,495557.66,CLOSED,2024-09-01,2026-09-20T15:49:40.222463
ACCT_00001218,CUST_000618,CHECKING,465266320,BR_14,194700.18,INACTIVE,2026-01-21,2026-09-20T15:49:40.222467
ACCT_00001219,CUST_000618,MONEY_MARKET,933075663,BR_13,201289.45,ACTIVE,2025-07-28,2026-09-20T15:49:40.222470
ACCT_00001220,CUST_000619,MONEY_MARKET,619071627,BR_13,293218.6,CLOSED,2026-04-06,2026-09-20T15:49:40.222481
ACCT_00001221,CUST_000619,MONEY_MARKET,343472242,BR_14,328547.16,INACTIVE,2023-07-07,2026-09-20T15:49:40.222484
ACCT_00001222,CUST_000619,SAVINGS,515834008,BR_06,321299.44,ACTIVE,2026-05-28,2026-09-20T15:49:40.222487
ACCT_00001223,CUST_000620,SAVINGS,301949932,BR_01,285512.55,ACTIVE,2022-11-29,2026-09-20T15:49:40.222497
ACCT_00001224,CUST_000621,MONEY_MARKET,463703859,BR_07,374891.36,ACTIVE,2024-11-14,2026-09-20T15:49:40.222506
ACCT_00001225,CUST_000621,SAVINGS,191509932,BR_03,421526.89,CLOSED,2023-09-20,2026-09-20T15:49:40.222509
ACCT_00001226,CUST_000622,CHECKING,736605966,BR_03,236767.56,CLOSED,2023-07-19,2026-09-20T15:49:40.222519
ACCT_00001227,CUST_000622,MONEY_MARKET,917744583,BR_06,59964.55,ACTIVE,2022-03-25,2026-09-20T15:49:40.222522
ACCT_00001228,CUST_000622,MONEY_MARKET,440448004,BR_04,156097.88,INACTIVE,2024-12-29,2026-09-20T15:49:40.222525
ACCT_00001229,CUST_000623,CHECKING,158962391,BR_05,332445.35,ACTIVE,2022-09-26,2026-09-20T15:49:40.222535
ACCT_00001230,CUST_000624,SAVINGS,264321971,BR_05,170036.6,INACTIVE,2026-03-22,2026-09-20T15:49:40.222544
ACCT_00001231,CUST_000624,MONEY_MARKET,490611429,BR_02,249193.69,CLOSED,2024-12-15,2026-09-20T15:49:40.222547
ACCT_00001232,CUST_000625,CHECKING,128075963,BR_05,163944.15,CLOSED,2026-02-12,2026-09-20T15:49:40.222557
ACCT_00001233,CUST_000625,CHECKING,663665435,BR_10,299813.02,ACTIVE,2024-08-09,2026-09-20T15:49:40.222560
ACCT_00001234,CUST_000626,CHECKING,383682425,BR_13,166959.2,ACTIVE,2025-08-12,2026-09-20T15:49:40.222570
ACCT_00001235,CUST_000627,CHECKING,725162765,BR_13,39511.55,ACTIVE,2025-02-01,2026-09-20T15:49:40.222580
ACCT_00001236,CUST_000627,SAVINGS,916724976,BR_09,377444.83,ACTIVE,2022-02-01,2026-09-20T15:49:40.222583
ACCT_00001237,CUST_000627,MONEY_MARKET,689416078,BR_15,288723.2,CLOSED,2023-07-30,2026-09-20T15:49:40.222586
ACCT_00001238,CUST_000628,MONEY_MARKET,806414434,BR_05,50307.82,INACTIVE,2022-06-03,2026-09-20T15:49:40.222596
ACCT_00001239,CUST_000628,CHECKING,434891694,BR_15,438994.34,ACTIVE,2022-12-13,2026-09-20T15:49:40.222599
ACCT_00001240,CUST_000629,SAVINGS,895743973,BR_01,68532.13,ACTIVE,2023-05-05,2026-09-20T15:49:40.222609
ACCT_00001241,CUST_000629,CHECKING,214706435,BR_15,238540.85,INACTIVE,2022-02-06,2026-09-20T15:49:40.222612
ACCT_00001242,CUST_000630,SAVINGS,681929857,BR_02,132214.7,CLOSED,2023-06-29,2026-09-20T15:49:40.222621
ACCT_00001243,CUST_000630,CHECKING,188056367,BR_06,84273.07,CLOSED,2023-06-13,2026-09-20T15:49:40.222625
ACCT_00001244,CUST_000631,CHECKING,777358085,BR_13,8521.06,ACTIVE,2022-07-21,2026-09-20T15:49:40.222634
ACCT_00001245,CUST_000631,MONEY_MARKET,236001669,BR_03,368957.05,CLOSED,2023-10-13,2026-09-20T15:49:40.222637
ACCT_00001246,CUST_000631,CHECKING,537990559,BR_01,340737.46,INACTIVE,2023-05-28,2026-09-20T15:49:40.222643
ACCT_00001247,CUST_000632,CHECKING,628981921,BR_09,119032.06,INACTIVE,2025-06-15,2026-09-20T15:49:40.222653
ACCT_00001248,CUST_000632,MONEY_MARKET,816059404,BR_07,96316.65,CLOSED,2024-12-30,2026-09-20T15:49:40.222656
ACCT_00001249,CUST_000632,SAVINGS,246254923,BR_07,486863.37,INACTIVE,2023-05-25,2026-09-20T15:49:40.222659
ACCT_00001250,CUST_000633,SAVINGS,367394651,BR_10,428084.38,ACTIVE,2022-09-04,2026-09-20T15:49:40.222668
ACCT_00001251,CUST_000633,SAVINGS,373803392,BR_11,302667.43,ACTIVE,2025-12-30,2026-09-20T15:49:40.222671
ACCT_00001252,CUST_000634,MONEY_MARKET,305261786,BR_12,126542.81,ACTIVE,2023-05-29,2026-09-20T15:49:40.222681
ACCT_00001253,CUST_000634,CHECKING,974504977,BR_11,290144.04,CLOSED,2025-03-30,2026-09-20T15:49:40.222684
ACCT_00001254,CUST_000635,MONEY_MARKET,143171075,BR_04,499072.67,CLOSED,2026-05-18,2026-09-20T15:49:40.222694
ACCT_00001255,CUST_000636,CHECKING,834512606,BR_07,66567.74,ACTIVE,2025-02-01,2026-09-20T15:49:40.222703
ACCT_00001256,CUST_000636,CHECKING,716944919,BR_01,325961.31,CLOSED,2026-01-07,2026-09-20T15:49:40.222706
ACCT_00001257,CUST_000636,MONEY_MARKET,114774605,BR_07,53566.13,ACTIVE,2024-02-18,2026-09-20T15:49:40.222709
ACCT_00001258,CUST_000637,CHECKING,877726463,BR_11,392820.18,INACTIVE,2024-10-25,2026-09-20T15:49:40.222719
ACCT_00001259,CUST_000638,SAVINGS,808154449,BR_09,340189.23,INACTIVE,2022-12-02,2026-09-20T15:49:40.222729
ACCT_00001260,CUST_000638,CHECKING,781881435,BR_03,103470.05,INACTIVE,2025-08-01,2026-09-20T15:49:40.222733
ACCT_00001261,CUST_000639,MONEY_MARKET,360670698,BR_08,244507.87,INACTIVE,2024-03-09,2026-09-20T15:49:40.222743
ACCT_00001262,CUST_000639,CHECKING,370702411,BR_01,216703.37,ACTIVE,2026-04-18,2026-09-20T15:49:40.222746
ACCT_00001263,CUST_000639,CHECKING,903507113,BR_08,262188.57,ACTIVE,2024-04-27,2026-09-20T15:49:40.222749
ACCT_00001264,CUST_000640,SAVINGS,251073179,BR_05,139736.11,INACTIVE,2022-04-29,2026-09-20T15:49:40.222760
ACCT_00001265,CUST_000641,SAVINGS,943633823,BR_13,264843.22,CLOSED,2024-02-03,2026-09-20T15:49:40.222769
ACCT_00001266,CUST_000642,SAVINGS,791758190,BR_04,224726.6,CLOSED,2021-10-17,2026-09-20T15:49:40.222779
ACCT_00001267,CUST_000642,SAVINGS,611997917,BR_07,134892.78,INACTIVE,2025-05-27,2026-09-20T15:49:40.222782
ACCT_00001268,CUST_000643,CHECKING,118410135,BR_13,117287.04,INACTIVE,2024-06-25,2026-09-20T15:49:40.222792
ACCT_00001269,CUST_000643,CHECKING,692433358,BR_09,320980.06,ACTIVE,2026-01-09,2026-09-20T15:49:40.222795
ACCT_00001270,CUST_000644,MONEY_MARKET,498180063,BR_09,127480.11,ACTIVE,2025-02-11,2026-09-20T15:49:40.222805
ACCT_00001271,CUST_000644,MONEY_MARKET,654566741,BR_13,155177.57,INACTIVE,2026-07-11,2026-09-20T15:49:40.222808
ACCT_00001272,CUST_000645,MONEY_MARKET,215018317,BR_04,449397.96,INACTIVE,2022-02-05,2026-09-20T15:49:40.222817
ACCT_00001273,CUST_000646,MONEY_MARKET,696955609,BR_14,306835.7,CLOSED,2025-08-12,2026-09-20T15:49:40.222827
ACCT_00001274,CUST_000647,SAVINGS,667287649,BR_01,74633.24,ACTIVE,2024-10-20,2026-09-20T15:49:40.222837
ACCT_00001275,CUST_000647,MONEY_MARKET,926444616,BR_09,209921.11,INACTIVE,2026-08-19,2026-09-20T15:49:40.222840
ACCT_00001276,CUST_000647,SAVINGS,307682220,BR_03,54322.27,INACTIVE,2022-08-06,2026-09-20T15:49:40.222843
ACCT_00001277,CUST_000648,SAVINGS,847353229,BR_13,136043.59,ACTIVE,2023-02-11,2026-09-20T15:49:40.222853
ACCT_00001278,CUST_000648,SAVINGS,819231224,BR_14,480330.93,CLOSED,2023-06-23,2026-09-20T15:49:40.222856
ACCT_00001279,CUST_000649,CHECKING,507937618,BR_08,312347.15,ACTIVE,2024-10-25,2026-09-20T15:49:40.222866
ACCT_00001280,CUST_000649,CHECKING,460936142,BR_06,235744.78,ACTIVE,2023-08-27,2026-09-20T15:49:40.222869
ACCT_00001281,CUST_000650,SAVINGS,344359676,BR_07,478755.15,ACTIVE,2022-10-09,2026-09-20T15:49:40.222878
ACCT_00001282,CUST_000650,CHECKING,210802010,BR_10,447973.06,ACTIVE,2024-05-02,2026-09-20T15:49:40.222881
ACCT_00001283,CUST_000651,CHECKING,601526417,BR_07,267536.86,CLOSED,2026-03-26,2026-09-20T15:49:40.222892
ACCT_00001284,CUST_000652,MONEY_MARKET,689020467,BR_08,359243.64,ACTIVE,2022-07-02,2026-09-20T15:49:40.222902
ACCT_00001285,CUST_000653,CHECKING,498226134,BR_02,18404.27,ACTIVE,2023-05-06,2026-09-20T15:49:40.222912
ACCT_00001286,CUST_000654,CHECKING,401088903,BR_11,294354.25,INACTIVE,2025-06-19,2026-09-20T15:49:40.222922
ACCT_00001287,CUST_000654,CHECKING,465946546,BR_15,118431.08,ACTIVE,2026-02-11,2026-09-20T15:49:40.222925
ACCT_00001288,CUST_000655,MONEY_MARKET,676482414,BR_12,314590.58,ACTIVE,2026-05-23,2026-09-20T15:49:40.222934
ACCT_00001289,CUST_000655,SAVINGS,839804571,BR_05,270583.46,CLOSED,2022-05-23,2026-09-20T15:49:40.222937
ACCT_00001290,CUST_000656,MONEY_MARKET,106825346,BR_15,421039.2,ACTIVE,2022-03-06,2026-09-20T15:49:40.222947
ACCT_00001291,CUST_000656,SAVINGS,455133789,BR_02,44446.22,CLOSED,2025-05-09,2026-09-20T15:49:40.222950
ACCT_00001292,CUST_000656,MONEY_MARKET,398145849,BR_01,213610.15,INACTIVE,2024-08-21,2026-09-20T15:49:40.222953
ACCT_00001293,CUST_000657,MONEY_MARKET,847258823,BR_03,13547.0,ACTIVE,2023-02-14,2026-09-20T15:49:40.222963
ACCT_00001294,CUST_000657,MONEY_MARKET,122936624,BR_11,137701.44,ACTIVE,2022-01-10,2026-09-20T15:49:40.222966
ACCT_00001295,CUST_000658,CHECKING,891857755,BR_01,366246.87,ACTIVE,2021-12-31,2026-09-20T15:49:40.222976
ACCT_00001296,CUST_000659,CHECKING,242408411,BR_05,230481.47,CLOSED,2024-02-13,2026-09-20T15:49:40.222985
ACCT_00001297,CUST_000660,MONEY_MARKET,244434425,BR_01,59026.33,CLOSED,2025-06-29,2026-09-20T15:49:40.222995
ACCT_00001298,CUST_000661,MONEY_MARKET,912381668,BR_15,380570.19,CLOSED,2024-03-20,2026-09-20T15:49:40.223005
ACCT_00001299,CUST_000661,CHECKING,838645398,BR_02,416826.47,ACTIVE,2023-12-25,2026-09-20T15:49:40.223008
ACCT_00001300,CUST_000662,CHECKING,284012669,BR_06,17661.24,ACTIVE,2022-10-20,2026-09-20T15:49:40.223017
ACCT_00001301,CUST_000662,SAVINGS,216527215,BR_02,382232.34,ACTIVE,2026-03-25,2026-09-20T15:49:40.223020
ACCT_00001302,CUST_000663,SAVINGS,216436269,BR_07,114705.64,ACTIVE,2025-02-22,2026-09-20T15:49:40.223030
ACCT_00001303,CUST_000664,MONEY_MARKET,866353495,BR_09,441925.94,CLOSED,2023-04-28,2026-09-20T15:49:40.223040
ACCT_00001304,CUST_000664,MONEY_MARKET,454387726,BR_15,226582.27,CLOSED,2023-08-26,2026-09-20T15:49:40.223043
ACCT_00001305,CUST_000664,MONEY_MARKET,709126891,BR_04,476813.69,INACTIVE,2025-09-03,2026-09-20T15:49:40.223046
ACCT_00001306,CUST_000665,SAVINGS,399762291,BR_06,130188.31,ACTIVE,2022-07-11,2026-09-20T15:49:40.223056
ACCT_00001307,CUST_000665,CHECKING,310742928,BR_07,147837.56,CLOSED,2024-01-12,2026-09-20T15:49:40.223059
ACCT_00001308,CUST_000665,CHECKING,724276204,BR_02,398321.24,ACTIVE,2026-05-03,2026-09-20T15:49:40.223062
ACCT_00001309,CUST_000666,MONEY_MARKET,851908729,BR_09,474786.35,ACTIVE,2023-07-01,2026-09-20T15:49:40.223072
ACCT_00001310,CUST_000667,SAVINGS,797562046,BR_10,356253.24,ACTIVE,2026-05-05,2026-09-20T15:49:40.223081
ACCT_00001311,CUST_000667,MONEY_MARKET,293050830,BR_09,437911.96,ACTIVE,2025-04-16,2026-09-20T15:49:40.223084
ACCT_00001312,CUST_000668,MONEY_MARKET,751655410,BR_09,442222.06,ACTIVE,2023-08-14,2026-09-20T15:49:40.223094
ACCT_00001313,CUST_000669,CHECKING,464118688,BR_09,268829.48,INACTIVE,2025-03-05,2026-09-20T15:49:40.223103
ACCT_00001314,CUST_000669,SAVINGS,689384867,BR_03,414072.24,ACTIVE,2024-03-29,2026-09-20T15:49:40.223106
ACCT_00001315,CUST_000669,SAVINGS,999689808,BR_04,69942.24,ACTIVE,2022-09-20,2026-09-20T15:49:40.223109
ACCT_00001316,CUST_000670,CHECKING,656150018,BR_03,312457.54,ACTIVE,2024-04-09,2026-09-20T15:49:40.223119
ACCT_00001317,CUST_000670,MONEY_MARKET,780596058,BR_09,40170.43,INACTIVE,2024-01-21,2026-09-20T15:49:40.223122
ACCT_00001318,CUST_000670,CHECKING,831582118,BR_05,496376.67,INACTIVE,2026-06-21,2026-09-20T15:49:40.223125
ACCT_00001319,CUST_000671,CHECKING,937569689,BR_01,387674.6,CLOSED,2026-07-03,2026-09-20T15:49:40.223135
ACCT_00001320,CUST_000672,CHECKING,189801104,BR_06,82545.47,CLOSED,2022-02-09,2026-09-20T15:49:40.223145
ACCT_00001321,CUST_000672,MONEY_MARKET,729041489,BR_02,41408.04,ACTIVE,2023-12-11,2026-09-20T15:49:40.223148
ACCT_00001322,CUST_000672,CHECKING,571350168,BR_13,447157.72,CLOSED,2024-07-22,2026-09-20T15:49:40.223151
ACCT_00001323,CUST_000673,MONEY_MARKET,903665412,BR_10,13018.05,ACTIVE,2024-08-28,2026-09-20T15:49:40.223161
ACCT_00001324,CUST_000674,SAVINGS,821746234,BR_02,397365.31,CLOSED,2023-01-07,2026-09-20T15:49:40.223170
ACCT_00001325,CUST_000674,SAVINGS,908022221,BR_05,130475.95,ACTIVE,2023-07-31,2026-09-20T15:49:40.223173
ACCT_00001326,CUST_000675,MONEY_MARKET,817413695,BR_10,270052.68,INACTIVE,2023-11-20,2026-09-20T15:49:40.223183
ACCT_00001327,CUST_000676,CHECKING,261681093,BR_03,412196.08,INACTIVE,2023-10-30,2026-09-20T15:49:40.223193
ACCT_00001328,CUST_000676,MONEY_MARKET,946441270,BR_01,157125.41,INACTIVE,2026-05-31,2026-09-20T15:49:40.223196
ACCT_00001329,CUST_000676,MONEY_MARKET,566744749,BR_08,13223.05,CLOSED,2026-05-13,2026-09-20T15:49:40.223199
ACCT_00001330,CUST_000677,MONEY_MARKET,380552950,BR_15,122881.86,INACTIVE,2023-01-26,2026-09-20T15:49:40.223574
ACCT_00001331,CUST_000678,CHECKING,488121954,BR_12,257993.76,CLOSED,2025-10-18,2026-09-20T15:49:40.223589
ACCT_00001332,CUST_000678,SAVINGS,505575023,BR_10,61558.87,INACTIVE,2025-10-20,2026-09-20T15:49:40.223592
ACCT_00001333,CUST_000679,MONEY_MARKET,344646436,BR_06,184846.19,ACTIVE,2024-08-02,2026-09-20T15:49:40.223603
ACCT_00001334,CUST_000679,SAVINGS,982162888,BR_03,392591.44,INACTIVE,2022-07-19,2026-09-20T15:49:40.223606
ACCT_00001335,CUST_000680,MONEY_MARKET,866961022,BR_01,312545.95,ACTIVE,2024-05-11,2026-09-20T15:49:40.223617
ACCT_00001336,CUST_000681,CHECKING,540431139,BR_10,428027.21,CLOSED,2024-01-22,2026-09-20T15:49:40.223627
ACCT_00001337,CUST_000682,SAVINGS,944522875,BR_01,386206.0,CLOSED,2021-11-02,2026-09-20T15:49:40.223638
ACCT_00001338,CUST_000682,MONEY_MARKET,298391447,BR_03,32350.81,INACTIVE,2022-02-21,2026-09-20T15:49:40.223643
ACCT_00001339,CUST_000682,CHECKING,231437224,BR_14,195899.11,CLOSED,2025-12-10,2026-09-20T15:49:40.223646
ACCT_00001340,CUST_000683,MONEY_MARKET,892965011,BR_01,130877.75,CLOSED,2025-03-10,2026-09-20T15:49:40.223656
ACCT_00001341,CUST_000683,MONEY_MARKET,290530192,BR_09,474227.77,INACTIVE,2025-03-30,2026-09-20T15:49:40.223659
ACCT_00001342,CUST_000683,MONEY_MARKET,308151513,BR_07,359118.88,ACTIVE,2023-09-04,2026-09-20T15:49:40.223662
ACCT_00001343,CUST_000684,CHECKING,529183966,BR_05,121189.37,CLOSED,2026-04-09,2026-09-20T15:49:40.223672
ACCT_00001344,CUST_000684,CHECKING,848016381,BR_07,309575.44,INACTIVE,2022-07-27,2026-09-20T15:49:40.223675
ACCT_00001345,CUST_000684,CHECKING,660196312,BR_10,322628.52,CLOSED,2022-07-17,2026-09-20T15:49:40.223678
ACCT_00001346,CUST_000685,SAVINGS,419531319,BR_03,10452.62,INACTIVE,2022-05-25,2026-09-20T15:49:40.223688
ACCT_00001347,CUST_000685,MONEY_MARKET,240134452,BR_06,361152.51,CLOSED,2024-03-22,2026-09-20T15:49:40.223692
ACCT_00001348,CUST_000686,CHECKING,432414395,BR_13,125999.78,INACTIVE,2021-09-28,2026-09-20T15:49:40.223702
ACCT_00001349,CUST_000687,SAVINGS,413130296,BR_11,195001.44,INACTIVE,2022-06-07,2026-09-20T15:49:40.223713
ACCT_00001350,CUST_000688,SAVINGS,145439893,BR_03,201699.26,ACTIVE,2022-08-06,2026-09-20T15:49:40.223722
ACCT_00001351,CUST_000688,MONEY_MARKET,496261861,BR_06,271780.26,ACTIVE,2024-12-28,2026-09-20T15:49:40.223725
ACCT_00001352,CUST_000689,MONEY_MARKET,124979636,BR_11,42394.97,INACTIVE,2024-11-29,2026-09-20T15:49:40.223735
ACCT_00001353,CUST_000690,SAVINGS,412030195,BR_09,287897.13,CLOSED,2023-10-22,2026-09-20T15:49:40.223745
ACCT_00001354,CUST_000690,CHECKING,928968306,BR_04,365416.96,INACTIVE,2025-04-14,2026-09-20T15:49:40.223748
ACCT_00001355,CUST_000691,MONEY_MARKET,637912256,BR_09,89309.47,INACTIVE,2024-10-11,2026-09-20T15:49:40.223758
ACCT_00001356,CUST_000691,MONEY_MARKET,244153970,BR_08,305086.61,CLOSED,2026-04-17,2026-09-20T15:49:40.223761
ACCT_00001357,CUST_000691,MONEY_MARKET,839010654,BR_06,18866.74,CLOSED,2023-01-21,2026-09-20T15:49:40.223764
ACCT_00001358,CUST_000692,SAVINGS,356427918,BR_04,458251.31,ACTIVE,2022-05-08,2026-09-20T15:49:40.223774
ACCT_00001359,CUST_000693,CHECKING,989622564,BR_09,128932.77,INACTIVE,2022-08-31,2026-09-20T15:49:40.223783
ACCT_00001360,CUST_000693,CHECKING,523827368,BR_12,111017.22,ACTIVE,2022-02-13,2026-09-20T15:49:40.223786
ACCT_00001361,CUST_000694,CHECKING,201549009,BR_12,299967.61,CLOSED,2024-01-09,2026-09-20T15:49:40.223796
ACCT_00001362,CUST_000695,CHECKING,684521339,BR_01,303267.6,ACTIVE,2025-04-15,2026-09-20T15:49:40.223806
ACCT_00001363,CUST_000695,MONEY_MARKET,198160064,BR_11,339423.6,INACTIVE,2025-06-04,2026-09-20T15:49:40.223809
ACCT_00001364,CUST_000695,CHECKING,534859536,BR_11,161577.78,ACTIVE,2026-06-02,2026-09-20T15:49:40.223812
ACCT_00001365,CUST_000696,CHECKING,876702762,BR_02,478109.67,CLOSED,2022-05-15,2026-09-20T15:49:40.223821
ACCT_00001366,CUST_000696,MONEY_MARKET,633291486,BR_13,480854.32,INACTIVE,2026-02-07,2026-09-20T15:49:40.223825
ACCT_00001367,CUST_000697,MONEY_MARKET,537224982,BR_13,276319.66,CLOSED,2026-08-04,2026-09-20T15:49:40.223834
ACCT_00001368,CUST_000697,CHECKING,298458430,BR_04,410192.39,ACTIVE,2023-05-09,2026-09-20T15:49:40.223837
ACCT_00001369,CUST_000698,SAVINGS,936050835,BR_07,56096.11,ACTIVE,2021-12-10,2026-09-20T15:49:40.223847
ACCT_00001370,CUST_000699,MONEY_MARKET,114087710,BR_04,344229.51,INACTIVE,2023-12-28,2026-09-20T15:49:40.223857
ACCT_00001371,CUST_000699,MONEY_MARKET,854667201,BR_08,132017.19,INACTIVE,2022-01-09,2026-09-20T15:49:40.223860
ACCT_00001372,CUST_000699,MONEY_MARKET,228527911,BR_12,453977.63,ACTIVE,2023-02-27,2026-09-20T15:49:40.223863
ACCT_00001373,CUST_000700,CHECKING,520650611,BR_06,304910.34,INACTIVE,2025-11-20,2026-09-20T15:49:40.223873
ACCT_00001374,CUST_000700,CHECKING,181874897,BR_05,301885.33,ACTIVE,2021-10-03,2026-09-20T15:49:40.223876
ACCT_00001375,CUST_000700,MONEY_MARKET,786430773,BR_13,287556.6,ACTIVE,2023-08-13,2026-09-20T15:49:40.223879
ACCT_00001376,CUST_000701,CHECKING,348409642,BR_07,264991.27,INACTIVE,2021-12-09,2026-09-20T15:49:40.223889
ACCT_00001377,CUST_000701,CHECKING,729810876,BR_03,378284.94,INACTIVE,2025-07-19,2026-09-20T15:49:40.223892
ACCT_00001378,CUST_000702,MONEY_MARKET,269305573,BR_04,303323.51,CLOSED,2025-10-23,2026-09-20T15:49:40.223902
ACCT_00001379,CUST_000703,CHECKING,584571024,BR_05,167662.11,INACTIVE,2026-03-17,2026-09-20T15:49:40.223911
ACCT_00001380,CUST_000704,SAVINGS,139173177,BR_12,373033.24,CLOSED,2024-12-27,2026-09-20T15:49:40.223923
ACCT_00001381,CUST_000705,MONEY_MARKET,675638394,BR_07,470339.8,ACTIVE,2021-12-27,2026-09-20T15:49:40.223933
ACCT_00001382,CUST_000706,MONEY_MARKET,122821532,BR_13,396036.89,ACTIVE,2023-11-17,2026-09-20T15:49:40.223943
ACCT_00001383,CUST_000706,SAVINGS,560280392,BR_07,483147.31,CLOSED,2026-05-19,2026-09-20T15:49:40.223947
ACCT_00001384,CUST_000707,MONEY_MARKET,203063471,BR_02,373196.82,INACTIVE,2022-04-06,2026-09-20T15:49:40.223956
ACCT_00001385,CUST_000707,CHECKING,145267360,BR_04,437427.06,ACTIVE,2023-09-21,2026-09-20T15:49:40.223959
ACCT_00001386,CUST_000707,CHECKING,487966651,BR_07,198975.37,CLOSED,2026-02-21,2026-09-20T15:49:40.223962
ACCT_00001387,CUST_000708,SAVINGS,265347454,BR_11,227868.81,INACTIVE,2022-06-17,2026-09-20T15:49:40.223972
ACCT_00001388,CUST_000709,CHECKING,288450446,BR_13,109380.18,INACTIVE,2024-08-23,2026-09-20T15:49:40.223982
ACCT_00001389,CUST_000710,SAVINGS,646615999,BR_09,91783.61,CLOSED,2026-01-11,2026-09-20T15:49:40.223992
ACCT_00001390,CUST_000711,MONEY_MARKET,621054856,BR_07,381549.69,CLOSED,2025-11-02,2026-09-20T15:49:40.224002
ACCT_00001391,CUST_000711,MONEY_MARKET,326407711,BR_09,415712.63,INACTIVE,2022-06-08,2026-09-20T15:49:40.224005
ACCT_00001392,CUST_000712,CHECKING,359953022,BR_05,448190.61,ACTIVE,2022-03-10,2026-09-20T15:49:40.224014
ACCT_00001393,CUST_000713,SAVINGS,937779825,BR_04,171370.38,ACTIVE,2023-12-19,2026-09-20T15:49:40.224024
ACCT_00001394,CUST_000713,MONEY_MARKET,690867469,BR_12,446873.07,ACTIVE,2024-05-09,2026-09-20T15:49:40.224027
ACCT_00001395,CUST_000713,CHECKING,327591123,BR_04,322603.27,CLOSED,2022-07-31,2026-09-20T15:49:40.224030
ACCT_00001396,CUST_000714,CHECKING,210031414,BR_11,185344.36,CLOSED,2022-09-30,2026-09-20T15:49:40.224040
ACCT_00001397,CUST_000715,MONEY_MARKET,982891591,BR_01,253749.0,CLOSED,2023-05-20,2026-09-20T15:49:40.224050
ACCT_00001398,CUST_000716,CHECKING,962522337,BR_05,142953.63,ACTIVE,2026-07-20,2026-09-20T15:49:40.224059
ACCT_00001399,CUST_000716,MONEY_MARKET,586520936,BR_05,291491.26,ACTIVE,2024-05-18,2026-09-20T15:49:40.224063
ACCT_00001400,CUST_000716,MONEY_MARKET,858235280,BR_10,311925.41,CLOSED,2024-04-12,2026-09-20T15:49:40.224066
ACCT_00001401,CUST_000717,MONEY_MARKET,967658619,BR_07,434803.04,CLOSED,2024-12-22,2026-09-20T15:49:40.224075
ACCT_00001402,CUST_000717,MONEY_MARKET,789073086,BR_10,379771.37,CLOSED,2022-07-19,2026-09-20T15:49:40.224078
ACCT_00001403,CUST_000717,MONEY_MARKET,828296847,BR_13,490619.75,INACTIVE,2026-02-19,2026-09-20T15:49:40.224081
ACCT_00001404,CUST_000718,SAVINGS,255886966,BR_09,391787.03,CLOSED,2024-06-26,2026-09-20T15:49:40.224091
ACCT_00001405,CUST_000718,MONEY_MARKET,710702692,BR_04,73551.23,CLOSED,2026-01-23,2026-09-20T15:49:40.224094
ACCT_00001406,CUST_000718,SAVINGS,122842097,BR_13,250269.15,INACTIVE,2023-06-12,2026-09-20T15:49:40.224099
ACCT_00001407,CUST_000719,CHECKING,288037595,BR_15,95268.83,ACTIVE,2021-12-07,2026-09-20T15:49:40.224110
ACCT_00001408,CUST_000719,CHECKING,416143580,BR_13,70731.98,INACTIVE,2024-05-16,2026-09-20T15:49:40.224113
ACCT_00001409,CUST_000719,MONEY_MARKET,701133026,BR_01,203968.77,CLOSED,2026-07-05,2026-09-20T15:49:40.224116
ACCT_00001410,CUST_000720,SAVINGS,266430856,BR_07,320155.71,INACTIVE,2022-05-10,2026-09-20T15:49:40.224127
ACCT_00001411,CUST_000720,SAVINGS,132770955,BR_11,221050.47,CLOSED,2025-06-05,2026-09-20T15:49:40.224130
ACCT_00001412,CUST_000720,SAVINGS,703077460,BR_12,114132.37,CLOSED,2025-05-27,2026-09-20T15:49:40.224134
ACCT_00001413,CUST_000721,MONEY_MARKET,811400475,BR_10,453939.22,CLOSED,2025-04-09,2026-09-20T15:49:40.224144
ACCT_00001414,CUST_000721,MONEY_MARKET,248738005,BR_11,448543.17,ACTIVE,2021-12-13,2026-09-20T15:49:40.224147
ACCT_00001415,CUST_000722,CHECKING,470100429,BR_07,443652.63,ACTIVE,2025-11-03,2026-09-20T15:49:40.224157
ACCT_00001416,CUST_000722,MONEY_MARKET,708025459,BR_10,217130.69,ACTIVE,2023-07-24,2026-09-20T15:49:40.224161
ACCT_00001417,CUST_000723,SAVINGS,734057571,BR_13,179425.22,CLOSED,2025-10-25,2026-09-20T15:49:40.224171
ACCT_00001418,CUST_000724,MONEY_MARKET,385656717,BR_02,391822.06,INACTIVE,2023-06-05,2026-09-20T15:49:40.224181
ACCT_00001419,CUST_000724,SAVINGS,470137519,BR_07,315213.38,ACTIVE,2026-07-22,2026-09-20T15:49:40.224184
ACCT_00001420,CUST_000725,SAVINGS,968380260,BR_07,49216.56,CLOSED,2025-10-27,2026-09-20T15:49:40.224194
ACCT_00001421,CUST_000725,CHECKING,966759262,BR_09,156915.97,INACTIVE,2022-06-07,2026-09-20T15:49:40.224197
ACCT_00001422,CUST_000725,CHECKING,370508353,BR_14,96101.25,INACTIVE,2024-05-27,2026-09-20T15:49:40.224200
ACCT_00001423,CUST_000726,CHECKING,358343141,BR_10,398162.15,INACTIVE,2021-11-15,2026-09-20T15:49:40.224210
ACCT_00001424,CUST_000726,MONEY_MARKET,391951963,BR_11,449507.05,ACTIVE,2021-12-20,2026-09-20T15:49:40.224212
ACCT_00001425,CUST_000726,CHECKING,613696693,BR_13,111944.97,ACTIVE,2022-11-23,2026-09-20T15:49:40.224215
ACCT_00001426,CUST_000727,SAVINGS,744666473,BR_07,453678.78,INACTIVE,2026-04-15,2026-09-20T15:49:40.224225
ACCT_00001427,CUST_000727,CHECKING,225395804,BR_14,489827.31,INACTIVE,2023-10-25,2026-09-20T15:49:40.224228
ACCT_00001428,CUST_000727,CHECKING,180591562,BR_02,334190.69,CLOSED,2024-10-05,2026-09-20T15:49:40.224231
ACCT_00001429,CUST_000728,CHECKING,171105799,BR_07,263953.41,CLOSED,2023-01-02,2026-09-20T15:49:40.224241
ACCT_00001430,CUST_000729,CHECKING,414643481,BR_11,303306.19,CLOSED,2024-11-01,2026-09-20T15:49:40.224251
ACCT_00001431,CUST_000729,CHECKING,586552040,BR_07,386849.79,CLOSED,2023-09-18,2026-09-20T15:49:40.224254
ACCT_00001432,CUST_000730,MONEY_MARKET,576004368,BR_11,205626.37,ACTIVE,2026-05-10,2026-09-20T15:49:40.224263
ACCT_00001433,CUST_000731,SAVINGS,336771632,BR_11,139972.13,ACTIVE,2023-11-11,2026-09-20T15:49:40.224275
ACCT_00001434,CUST_000731,SAVINGS,575340078,BR_10,140822.33,ACTIVE,2026-04-24,2026-09-20T15:49:40.224279
ACCT_00001435,CUST_000731,MONEY_MARKET,582137012,BR_15,69951.28,INACTIVE,2022-05-12,2026-09-20T15:49:40.224282
ACCT_00001436,CUST_000732,MONEY_MARKET,239617339,BR_10,68682.84,ACTIVE,2023-07-11,2026-09-20T15:49:40.224292
ACCT_00001437,CUST_000732,CHECKING,900864316,BR_14,246097.84,CLOSED,2022-01-03,2026-09-20T15:49:40.224295
ACCT_00001438,CUST_000733,SAVINGS,151212235,BR_03,282754.14,CLOSED,2026-04-07,2026-09-20T15:49:40.224305
ACCT_00001439,CUST_000733,SAVINGS,124411597,BR_07,468293.58,CLOSED,2023-08-25,2026-09-20T15:49:40.224308
ACCT_00001440,CUST_000734,CHECKING,309667991,BR_04,101412.95,ACTIVE,2026-02-20,2026-09-20T15:49:40.224318
ACCT_00001441,CUST_000734,CHECKING,437369840,BR_06,357487.96,ACTIVE,2025-07-03,2026-09-20T15:49:40.224321
ACCT_00001442,CUST_000735,SAVINGS,216730003,BR_08,272388.24,ACTIVE,2024-01-14,2026-09-20T15:49:40.224331
ACCT_00001443,CUST_000735,CHECKING,320027996,BR_14,498055.82,ACTIVE,2022-11-02,2026-09-20T15:49:40.224334
ACCT_00001444,CUST_000736,CHECKING,747388120,BR_03,332.17,ACTIVE,2025-05-30,2026-09-20T15:49:40.224343
ACCT_00001445,CUST_000737,CHECKING,986016715,BR_09,489774.15,INACTIVE,2025-11-23,2026-09-20T15:49:40.224353
ACCT_00001446,CUST_000737,SAVINGS,632305451,BR_09,286760.48,INACTIVE,2024-07-12,2026-09-20T15:49:40.224356
ACCT_00001447,CUST_000738,CHECKING,334348150,BR_08,37260.58,CLOSED,2023-08-01,2026-09-20T15:49:40.224366
ACCT_00001448,CUST_000739,SAVINGS,384110660,BR_10,24687.19,ACTIVE,2021-10-16,2026-09-20T15:49:40.224375
ACCT_00001449,CUST_000739,MONEY_MARKET,446842944,BR_01,70511.48,INACTIVE,2024-12-27,2026-09-20T15:49:40.224378
ACCT_00001450,CUST_000740,CHECKING,977742410,BR_02,215636.76,INACTIVE,2026-05-05,2026-09-20T15:49:40.224388
ACCT_00001451,CUST_000740,CHECKING,585050672,BR_04,341056.17,ACTIVE,2024-05-28,2026-09-20T15:49:40.224391
ACCT_00001452,CUST_000740,SAVINGS,673573365,BR_02,463849.21,INACTIVE,2022-06-26,2026-09-20T15:49:40.224394
ACCT_00001453,CUST_000741,MONEY_MARKET,651249167,BR_03,457593.75,ACTIVE,2026-07-24,2026-09-20T15:49:40.224404
ACCT_00001454,CUST_000741,CHECKING,786188102,BR_02,439102.92,CLOSED,2023-08-19,2026-09-20T15:49:40.224407
ACCT_00001455,CUST_000742,CHECKING,774595080,BR_04,130623.07,INACTIVE,2025-09-04,2026-09-20T15:49:40.224417
ACCT_00001456,CUST_000743,MONEY_MARKET,465219915,BR_12,414890.73,CLOSED,2022-10-15,2026-09-20T15:49:40.224427
ACCT_00001457,CUST_000743,MONEY_MARKET,570224835,BR_04,378963.44,ACTIVE,2021-09-25,2026-09-20T15:49:40.224430
ACCT_00001458,CUST_000743,MONEY_MARKET,360950819,BR_15,57581.23,CLOSED,2025-08-24,2026-09-20T15:49:40.224433
ACCT_00001459,CUST_000744,MONEY_MARKET,441924102,BR_07,14675.56,ACTIVE,2023-06-06,2026-09-20T15:49:40.224443
ACCT_00001460,CUST_000744,SAVINGS,893264863,BR_01,246463.76,CLOSED,2023-05-04,2026-09-20T15:49:40.224446
ACCT_00001461,CUST_000744,MONEY_MARKET,872216788,BR_11,214401.73,CLOSED,2025-12-21,2026-09-20T15:49:40.224449
ACCT_00001462,CUST_000745,SAVINGS,851739050,BR_01,201389.4,INACTIVE,2025-04-25,2026-09-20T15:49:40.224458
ACCT_00001463,CUST_000745,SAVINGS,656496091,BR_13,403822.07,ACTIVE,2024-08-04,2026-09-20T15:49:40.224461
ACCT_00001464,CUST_000746,SAVINGS,680487005,BR_03,42267.82,ACTIVE,2025-08-17,2026-09-20T15:49:40.224471
ACCT_00001465,CUST_000747,MONEY_MARKET,475062119,BR_06,336974.13,ACTIVE,2024-06-07,2026-09-20T15:49:40.224481
ACCT_00001466,CUST_000748,MONEY_MARKET,493032997,BR_01,388665.56,CLOSED,2024-02-17,2026-09-20T15:49:40.224491
ACCT_00001467,CUST_000748,CHECKING,837389510,BR_05,202526.85,ACTIVE,2022-07-13,2026-09-20T15:49:40.224494
ACCT_00001468,CUST_000748,CHECKING,661392444,BR_11,385068.09,ACTIVE,2026-03-26,2026-09-20T15:49:40.224497
ACCT_00001469,CUST_000749,CHECKING,451535068,BR_10,199025.43,INACTIVE,2022-05-28,2026-09-20T15:49:40.224506
ACCT_00001470,CUST_000749,MONEY_MARKET,142342813,BR_09,295357.29,CLOSED,2025-02-18,2026-09-20T15:49:40.224509
ACCT_00001471,CUST_000749,CHECKING,561667185,BR_10,304519.74,INACTIVE,2022-03-31,2026-09-20T15:49:40.224512
ACCT_00001472,CUST_000750,CHECKING,270013020,BR_03,446099.06,ACTIVE,2021-11-13,2026-09-20T15:49:40.224522
ACCT_00001473,CUST_000750,SAVINGS,957259474,BR_01,475704.85,CLOSED,2022-07-19,2026-09-20T15:49:40.224525
ACCT_00001474,CUST_000750,CHECKING,811153787,BR_14,271186.93,CLOSED,2023-04-14,2026-09-20T15:49:40.224528
ACCT_00001475,CUST_000751,MONEY_MARKET,369263632,BR_09,484535.9,CLOSED,2025-11-28,2026-09-20T15:49:40.224539
ACCT_00001476,CUST_000751,SAVINGS,750255511,BR_06,423083.15,CLOSED,2023-10-08,2026-09-20T15:49:40.224543
ACCT_00001477,CUST_000751,MONEY_MARKET,775937688,BR_02,323670.65,INACTIVE,2024-09-10,2026-09-20T15:49:40.224546
ACCT_00001478,CUST_000752,MONEY_MARKET,685932741,BR_09,228996.94,ACTIVE,2022-09-28,2026-09-20T15:49:40.224555
ACCT_00001479,CUST_000752,MONEY_MARKET,573955613,BR_02,178533.24,ACTIVE,2025-04-27,2026-09-20T15:49:40.224558
ACCT_00001480,CUST_000753,SAVINGS,580584473,BR_07,238852.96,CLOSED,2022-04-29,2026-09-20T15:49:40.224568
ACCT_00001481,CUST_000753,MONEY_MARKET,300533137,BR_01,466958.79,INACTIVE,2025-02-05,2026-09-20T15:49:40.224571
ACCT_00001482,CUST_000753,SAVINGS,937784833,BR_02,481765.47,ACTIVE,2022-08-09,2026-09-20T15:49:40.224574
ACCT_00001483,CUST_000754,MONEY_MARKET,595430891,BR_08,305254.92,INACTIVE,2024-06-25,2026-09-20T15:49:40.224584
ACCT_00001484,CUST_000754,MONEY_MARKET,260972239,BR_14,311858.26,INACTIVE,2023-10-21,2026-09-20T15:49:40.224589
ACCT_00001485,CUST_000754,SAVINGS,871526168,BR_14,77042.27,ACTIVE,2024-11-04,2026-09-20T15:49:40.224592
ACCT_00001486,CUST_000755,MONEY_MARKET,310618309,BR_08,497096.53,ACTIVE,2022-03-16,2026-09-20T15:49:40.224602
ACCT_00001487,CUST_000755,MONEY_MARKET,671381693,BR_06,340813.21,ACTIVE,2024-05-27,2026-09-20T15:49:40.224605
ACCT_00001488,CUST_000755,MONEY_MARKET,299970655,BR_11,312637.56,ACTIVE,2024-07-27,2026-09-20T15:49:40.224609
ACCT_00001489,CUST_000756,MONEY_MARKET,389187894,BR_15,15045.89,INACTIVE,2022-05-27,2026-09-20T15:49:40.224618
ACCT_00001490,CUST_000757,SAVINGS,881349685,BR_10,166005.28,INACTIVE,2023-06-13,2026-09-20T15:49:40.224628
ACCT_00001491,CUST_000757,CHECKING,132893156,BR_11,62500.26,INACTIVE,2023-08-08,2026-09-20T15:49:40.224631
ACCT_00001492,CUST_000758,MONEY_MARKET,467897759,BR_14,187327.2,INACTIVE,2025-08-13,2026-09-20T15:49:40.224641
ACCT_00001493,CUST_000759,SAVINGS,594657626,BR_10,197094.1,ACTIVE,2024-08-29,2026-09-20T15:49:40.224650
ACCT_00001494,CUST_000759,MONEY_MARKET,415856063,BR_03,319186.78,CLOSED,2025-11-22,2026-09-20T15:49:40.224655
ACCT_00001495,CUST_000759,MONEY_MARKET,671985601,BR_12,288069.0,INACTIVE,2022-03-19,2026-09-20T15:49:40.224658
ACCT_00001496,CUST_000760,CHECKING,308915593,BR_09,480241.3,CLOSED,2026-01-22,2026-09-20T15:49:40.224670
ACCT_00001497,CUST_000760,SAVINGS,534759201,BR_03,130438.13,CLOSED,2022-10-28,2026-09-20T15:49:40.224673
ACCT_00001498,CUST_000761,CHECKING,672347608,BR_13,169010.18,INACTIVE,2025-08-22,2026-09-20T15:49:40.224683
ACCT_00001499,CUST_000761,SAVINGS,517767751,BR_03,484317.13,ACTIVE,2024-05-17,2026-09-20T15:49:40.224686
ACCT_00001500,CUST_000762,CHECKING,845818581,BR_04,171728.19,CLOSED,2022-04-04,2026-09-20T15:49:40.224696
ACCT_00001501,CUST_000762,MONEY_MARKET,497340190,BR_02,111854.47,CLOSED,2026-01-16,2026-09-20T15:49:40.224699
ACCT_00001502,CUST_000762,MONEY_MARKET,863017352,BR_07,184678.79,ACTIVE,2023-01-07,2026-09-20T15:49:40.224702
ACCT_00001503,CUST_000763,MONEY_MARKET,382232336,BR_07,474793.58,CLOSED,2024-10-26,2026-09-20T15:49:40.224712
ACCT_00001504,CUST_000763,CHECKING,754857800,BR_06,378018.35,CLOSED,2025-01-10,2026-09-20T15:49:40.224715
ACCT_00001505,CUST_000764,CHECKING,108162937,BR_04,153379.01,CLOSED,2025-12-19,2026-09-20T15:49:40.224724
ACCT_00001506,CUST_000764,MONEY_MARKET,650088887,BR_14,288524.59,ACTIVE,2023-12-10,2026-09-20T15:49:40.224728
ACCT_00001507,CUST_000765,SAVINGS,276968647,BR_01,99653.99,CLOSED,2024-10-07,2026-09-20T15:49:40.224737
ACCT_00001508,CUST_000765,MONEY_MARKET,353422413,BR_05,396746.4,ACTIVE,2021-12-08,2026-09-20T15:49:40.224741
ACCT_00001509,CUST_000765,SAVINGS,325685354,BR_07,153859.48,INACTIVE,2024-12-28,2026-09-20T15:49:40.224743
ACCT_00001510,CUST_000766,CHECKING,450864287,BR_14,163950.3,ACTIVE,2025-06-04,2026-09-20T15:49:40.224753
ACCT_00001511,CUST_000766,MONEY_MARKET,286304578,BR_06,309727.83,ACTIVE,2022-01-20,2026-09-20T15:49:40.224756
ACCT_00001512,CUST_000767,SAVINGS,881514034,BR_14,475316.3,ACTIVE,2025-04-21,2026-09-20T15:49:40.224766
ACCT_00001513,CUST_000767,SAVINGS,580313557,BR_14,158728.39,ACTIVE,2023-02-27,2026-09-20T15:49:40.224769
ACCT_00001514,CUST_000768,CHECKING,848533254,BR_14,321691.69,ACTIVE,2025-01-18,2026-09-20T15:49:40.224779
ACCT_00001515,CUST_000768,CHECKING,137787327,BR_13,176994.37,INACTIVE,2024-06-28,2026-09-20T15:49:40.224782
ACCT_00001516,CUST_000769,MONEY_MARKET,231011214,BR_12,295908.23,INACTIVE,2023-06-29,2026-09-20T15:49:40.224791
ACCT_00001517,CUST_000769,CHECKING,749690863,BR_12,417472.58,INACTIVE,2026-08-08,2026-09-20T15:49:40.224794
ACCT_00001518,CUST_000769,SAVINGS,487606407,BR_03,117581.47,CLOSED,2023-09-08,2026-09-20T15:49:40.224797
ACCT_00001519,CUST_000770,SAVINGS,531852098,BR_03,445103.61,INACTIVE,2023-07-07,2026-09-20T15:49:40.224809
ACCT_00001520,CUST_000770,SAVINGS,546765835,BR_01,477777.48,CLOSED,2023-10-19,2026-09-20T15:49:40.224812
ACCT_00001521,CUST_000770,SAVINGS,950720916,BR_13,224944.86,INACTIVE,2025-01-26,2026-09-20T15:49:40.224815
ACCT_00001522,CUST_000771,CHECKING,248411584,BR_08,353080.22,CLOSED,2024-09-30,2026-09-20T15:49:40.224825
ACCT_00001523,CUST_000771,MONEY_MARKET,818671253,BR_05,270720.6,INACTIVE,2022-07-13,2026-09-20T15:49:40.224828
ACCT_00001524,CUST_000772,SAVINGS,490530383,BR_13,433410.16,CLOSED,2021-12-02,2026-09-20T15:49:40.224838
ACCT_00001525,CUST_000772,MONEY_MARKET,409272679,BR_03,251065.38,INACTIVE,2023-03-12,2026-09-20T15:49:40.224841
ACCT_00001526,CUST_000772,CHECKING,189096814,BR_13,346620.8,INACTIVE,2026-06-30,2026-09-20T15:49:40.224844
ACCT_00001527,CUST_000773,CHECKING,142307777,BR_01,78055.98,INACTIVE,2024-07-20,2026-09-20T15:49:40.224854
ACCT_00001528,CUST_000774,CHECKING,729568465,BR_11,439216.02,ACTIVE,2025-04-24,2026-09-20T15:49:40.224864
ACCT_00001529,CUST_000774,CHECKING,790040719,BR_15,412926.14,ACTIVE,2022-02-27,2026-09-20T15:49:40.224867
ACCT_00001530,CUST_000774,SAVINGS,440780867,BR_02,104251.13,INACTIVE,2024-09-24,2026-09-20T15:49:40.224870
ACCT_00001531,CUST_000775,CHECKING,660264424,BR_04,316745.58,INACTIVE,2023-07-11,2026-09-20T15:49:40.224879
ACCT_00001532,CUST_000775,MONEY_MARKET,295581034,BR_11,50274.65,INACTIVE,2025-01-16,2026-09-20T15:49:40.224883
ACCT_00001533,CUST_000776,MONEY_MARKET,762400532,BR_07,192974.24,CLOSED,2022-08-15,2026-09-20T15:49:40.224892
ACCT_00001534,CUST_000776,SAVINGS,254696542,BR_08,481551.33,CLOSED,2025-05-24,2026-09-20T15:49:40.224895
ACCT_00001535,CUST_000776,SAVINGS,582114758,BR_15,318697.18,INACTIVE,2022-08-09,2026-09-20T15:49:40.224898
ACCT_00001536,CUST_000777,MONEY_MARKET,543755436,BR_03,373475.37,ACTIVE,2024-08-01,2026-09-20T15:49:40.224908
ACCT_00001537,CUST_000777,MONEY_MARKET,893225116,BR_12,83937.7,INACTIVE,2025-01-09,2026-09-20T15:49:40.224911
ACCT_00001538,CUST_000778,CHECKING,664603155,BR_04,402711.84,ACTIVE,2022-09-02,2026-09-20T15:49:40.224922
ACCT_00001539,CUST_000779,CHECKING,891397304,BR_03,95292.82,ACTIVE,2025-12-06,2026-09-20T15:49:40.224932
ACCT_00001540,CUST_000779,CHECKING,751309502,BR_03,439344.15,CLOSED,2026-08-07,2026-09-20T15:49:40.224935
ACCT_00001541,CUST_000779,MONEY_MARKET,427351075,BR_10,46392.78,INACTIVE,2022-07-01,2026-09-20T15:49:40.224938
ACCT_00001542,CUST_000780,CHECKING,657906157,BR_04,207742.46,INACTIVE,2025-09-28,2026-09-20T15:49:40.224948
ACCT_00001543,CUST_000781,MONEY_MARKET,693506495,BR_08,172569.05,CLOSED,2025-09-17,2026-09-20T15:49:40.224958
ACCT_00001544,CUST_000782,SAVINGS,656929800,BR_12,43637.24,INACTIVE,2025-08-24,2026-09-20T15:49:40.224967
ACCT_00001545,CUST_000782,CHECKING,475903808,BR_08,232184.29,INACTIVE,2022-06-14,2026-09-20T15:49:40.224970
ACCT_00001546,CUST_000783,MONEY_MARKET,774024817,BR_05,241968.29,INACTIVE,2025-10-09,2026-09-20T15:49:40.224980
ACCT_00001547,CUST_000783,MONEY_MARKET,135104676,BR_06,71308.64,ACTIVE,2023-10-10,2026-09-20T15:49:40.224983
ACCT_00001548,CUST_000784,MONEY_MARKET,587020605,BR_07,449835.76,CLOSED,2025-04-15,2026-09-20T15:49:40.224993
ACCT_00001549,CUST_000784,MONEY_MARKET,209790046,BR_07,26642.92,ACTIVE,2022-08-11,2026-09-20T15:49:40.224996
ACCT_00001550,CUST_000784,SAVINGS,229847349,BR_11,234439.36,ACTIVE,2024-01-28,2026-09-20T15:49:40.224999
ACCT_00001551,CUST_000785,CHECKING,312945757,BR_08,393627.11,CLOSED,2025-06-03,2026-09-20T15:49:40.225009
ACCT_00001552,CUST_000785,MONEY_MARKET,803726191,BR_10,483313.45,ACTIVE,2024-10-23,2026-09-20T15:49:40.225012
ACCT_00001553,CUST_000785,CHECKING,285267560,BR_03,288366.37,CLOSED,2023-03-11,2026-09-20T15:49:40.225015
ACCT_00001554,CUST_000786,MONEY_MARKET,542317499,BR_15,85679.17,ACTIVE,2022-07-13,2026-09-20T15:49:40.225025
ACCT_00001555,CUST_000787,SAVINGS,805713699,BR_14,292629.85,CLOSED,2024-12-09,2026-09-20T15:49:40.225035
ACCT_00001556,CUST_000787,CHECKING,693925686,BR_09,72022.09,ACTIVE,2024-10-25,2026-09-20T15:49:40.225038
ACCT_00001557,CUST_000788,SAVINGS,854271682,BR_04,394696.91,CLOSED,2025-07-01,2026-09-20T15:49:40.225047
ACCT_00001558,CUST_000788,SAVINGS,696940471,BR_05,133462.45,ACTIVE,2023-11-24,2026-09-20T15:49:40.225050
ACCT_00001559,CUST_000788,MONEY_MARKET,792140950,BR_08,368583.76,INACTIVE,2025-05-30,2026-09-20T15:49:40.225053
ACCT_00001560,CUST_000789,SAVINGS,411216329,BR_04,470954.98,CLOSED,2024-10-09,2026-09-20T15:49:40.225063
ACCT_00001561,CUST_000790,SAVINGS,720202856,BR_13,476543.4,INACTIVE,2023-03-19,2026-09-20T15:49:40.225073
ACCT_00001562,CUST_000790,MONEY_MARKET,878494795,BR_02,90312.19,INACTIVE,2023-04-03,2026-09-20T15:49:40.225076
ACCT_00001563,CUST_000791,SAVINGS,102886304,BR_03,285564.5,INACTIVE,2026-03-31,2026-09-20T15:49:40.225085
ACCT_00001564,CUST_000791,CHECKING,159525591,BR_06,123320.03,CLOSED,2024-01-05,2026-09-20T15:49:40.225088
ACCT_00001565,CUST_000791,MONEY_MARKET,634402283,BR_12,56345.29,INACTIVE,2022-09-02,2026-09-20T15:49:40.225091
ACCT_00001566,CUST_000792,CHECKING,722317728,BR_09,472907.56,CLOSED,2025-04-11,2026-09-20T15:49:40.225101
ACCT_00001567,CUST_000792,CHECKING,260244776,BR_01,406179.15,ACTIVE,2025-11-19,2026-09-20T15:49:40.225104
ACCT_00001568,CUST_000793,SAVINGS,882975849,BR_13,363082.05,ACTIVE,2023-07-26,2026-09-20T15:49:40.225114
ACCT_00001569,CUST_000793,CHECKING,286043308,BR_01,441697.4,INACTIVE,2022-05-16,2026-09-20T15:49:40.225117
ACCT_00001570,CUST_000794,SAVINGS,751310272,BR_13,469869.47,INACTIVE,2023-09-24,2026-09-20T15:49:40.225126
ACCT_00001571,CUST_000794,MONEY_MARKET,643222512,BR_14,284503.76,INACTIVE,2022-10-21,2026-09-20T15:49:40.225129
ACCT_00001572,CUST_000794,CHECKING,844446263,BR_12,361050.04,INACTIVE,2022-11-24,2026-09-20T15:49:40.225134
ACCT_00001573,CUST_000795,SAVINGS,298273092,BR_04,318749.82,INACTIVE,2026-04-19,2026-09-20T15:49:40.225144
ACCT_00001574,CUST_000795,CHECKING,316890695,BR_01,139137.28,INACTIVE,2025-04-25,2026-09-20T15:49:40.225147
ACCT_00001575,CUST_000795,SAVINGS,793000324,BR_02,407354.9,CLOSED,2024-11-03,2026-09-20T15:49:40.225150
ACCT_00001576,CUST_000796,SAVINGS,171305518,BR_06,417608.52,ACTIVE,2025-06-17,2026-09-20T15:49:40.225160
ACCT_00001577,CUST_000797,MONEY_MARKET,200469209,BR_01,389494.52,CLOSED,2023-05-27,2026-09-20T15:49:40.225170
ACCT_00001578,CUST_000797,CHECKING,936681653,BR_15,364910.45,CLOSED,2022-06-09,2026-09-20T15:49:40.225173
ACCT_00001579,CUST_000797,SAVINGS,812973558,BR_01,46328.28,ACTIVE,2023-12-17,2026-09-20T15:49:40.225176
ACCT_00001580,CUST_000798,MONEY_MARKET,889116616,BR_09,96506.35,CLOSED,2022-01-08,2026-09-20T15:49:40.225186
ACCT_00001581,CUST_000798,CHECKING,105274731,BR_10,207850.65,INACTIVE,2026-03-05,2026-09-20T15:49:40.225189
ACCT_00001582,CUST_000799,MONEY_MARKET,737249630,BR_08,46555.32,ACTIVE,2025-10-28,2026-09-20T15:49:40.225199
ACCT_00001583,CUST_000800,CHECKING,779990700,BR_03,365904.54,ACTIVE,2025-06-23,2026-09-20T15:49:40.225209
ACCT_00001584,CUST_000800,CHECKING,226786584,BR_14,343424.3,CLOSED,2024-01-22,2026-09-20T15:49:40.225212
ACCT_00001585,CUST_000801,SAVINGS,908162364,BR_11,69903.56,ACTIVE,2023-03-30,2026-09-20T15:49:40.225221
ACCT_00001586,CUST_000801,MONEY_MARKET,823098233,BR_02,58055.35,INACTIVE,2024-05-19,2026-09-20T15:49:40.225225
ACCT_00001587,CUST_000802,CHECKING,294032644,BR_01,60566.3,CLOSED,2026-06-17,2026-09-20T15:49:40.225235
ACCT_00001588,CUST_000803,CHECKING,876314648,BR_06,330892.67,CLOSED,2022-05-18,2026-09-20T15:49:40.225244
ACCT_00001589,CUST_000803,SAVINGS,367011518,BR_04,462748.94,CLOSED,2022-07-19,2026-09-20T15:49:40.225247
ACCT_00001590,CUST_000804,CHECKING,415263725,BR_10,96303.04,INACTIVE,2024-09-30,2026-09-20T15:49:40.225257
ACCT_00001591,CUST_000805,MONEY_MARKET,114397874,BR_11,89500.96,CLOSED,2021-09-21,2026-09-20T15:49:40.225267
ACCT_00001592,CUST_000806,SAVINGS,933920254,BR_09,51904.42,INACTIVE,2025-08-26,2026-09-20T15:49:40.225276
ACCT_00001593,CUST_000806,CHECKING,196744637,BR_05,11452.45,CLOSED,2022-10-23,2026-09-20T15:49:40.225279
ACCT_00001594,CUST_000806,SAVINGS,771462722,BR_09,70391.55,INACTIVE,2021-10-26,2026-09-20T15:49:40.225282
ACCT_00001595,CUST_000807,MONEY_MARKET,813956153,BR_06,490993.72,ACTIVE,2023-04-18,2026-09-20T15:49:40.225292
ACCT_00001596,CUST_000808,SAVINGS,238305910,BR_01,420011.69,CLOSED,2025-07-21,2026-09-20T15:49:40.225302
ACCT_00001597,CUST_000808,MONEY_MARKET,493770320,BR_06,360814.95,ACTIVE,2022-02-04,2026-09-20T15:49:40.225305
ACCT_00001598,CUST_000809,MONEY_MARKET,803468817,BR_01,402700.54,ACTIVE,2022-08-17,2026-09-20T15:49:40.225315
ACCT_00001599,CUST_000809,MONEY_MARKET,710819605,BR_10,172684.86,CLOSED,2023-05-15,2026-09-20T15:49:40.225318
ACCT_00001600,CUST_000809,SAVINGS,984219571,BR_01,388203.86,ACTIVE,2024-02-04,2026-09-20T15:49:40.225321
ACCT_00001601,CUST_000810,CHECKING,395775004,BR_04,211988.67,INACTIVE,2023-07-23,2026-09-20T15:49:40.225331
ACCT_00001602,CUST_000811,MONEY_MARKET,493731040,BR_07,153541.88,ACTIVE,2025-06-13,2026-09-20T15:49:40.225342
ACCT_00001603,CUST_000811,CHECKING,378482739,BR_02,444062.34,ACTIVE,2026-06-30,2026-09-20T15:49:40.225345
ACCT_00001604,CUST_000812,SAVINGS,157783846,BR_07,61644.12,CLOSED,2025-09-24,2026-09-20T15:49:40.225355
ACCT_00001605,CUST_000813,CHECKING,698641566,BR_08,139037.59,ACTIVE,2023-04-13,2026-09-20T15:49:40.225365
ACCT_00001606,CUST_000813,MONEY_MARKET,166055052,BR_08,359448.61,ACTIVE,2024-03-21,2026-09-20T15:49:40.225368
ACCT_00001607,CUST_000814,MONEY_MARKET,124030760,BR_07,114177.8,ACTIVE,2021-10-25,2026-09-20T15:49:40.225377
ACCT_00001608,CUST_000814,SAVINGS,670207584,BR_11,472581.7,ACTIVE,2024-09-19,2026-09-20T15:49:40.225380
ACCT_00001609,CUST_000815,SAVINGS,270293780,BR_14,439305.73,CLOSED,2023-01-15,2026-09-20T15:49:40.225390
ACCT_00001610,CUST_000815,CHECKING,338195561,BR_12,355194.83,INACTIVE,2026-06-16,2026-09-20T15:49:40.225393
ACCT_00001611,CUST_000816,CHECKING,233889899,BR_01,308106.99,INACTIVE,2023-11-09,2026-09-20T15:49:40.225403
ACCT_00001612,CUST_000817,MONEY_MARKET,584766109,BR_06,211652.25,INACTIVE,2023-02-23,2026-09-20T15:49:40.225413
ACCT_00001613,CUST_000817,CHECKING,498237964,BR_08,295102.44,INACTIVE,2024-07-21,2026-09-20T15:49:40.225416
ACCT_00001614,CUST_000817,SAVINGS,556522920,BR_14,86324.0,ACTIVE,2025-03-25,2026-09-20T15:49:40.225419
ACCT_00001615,CUST_000818,CHECKING,246951403,BR_14,405062.9,INACTIVE,2024-03-15,2026-09-20T15:49:40.225428
ACCT_00001616,CUST_000818,CHECKING,218713151,BR_01,277515.21,ACTIVE,2022-03-03,2026-09-20T15:49:40.225431
ACCT_00001617,CUST_000819,CHECKING,141586445,BR_04,13420.04,CLOSED,2022-03-12,2026-09-20T15:49:40.225441
ACCT_00001618,CUST_000819,SAVINGS,694684773,BR_04,50278.56,INACTIVE,2025-02-02,2026-09-20T15:49:40.225444
ACCT_00001619,CUST_000819,CHECKING,625042799,BR_03,211960.26,ACTIVE,2023-08-03,2026-09-20T15:49:40.225447
ACCT_00001620,CUST_000820,MONEY_MARKET,204612871,BR_13,363408.86,INACTIVE,2024-02-16,2026-09-20T15:49:40.225457
ACCT_00001621,CUST_000821,CHECKING,736457654,BR_01,434229.45,ACTIVE,2024-09-19,2026-09-20T15:49:40.225467
ACCT_00001622,CUST_000822,CHECKING,597631383,BR_02,97823.33,ACTIVE,2024-05-07,2026-09-20T15:49:40.225477
ACCT_00001623,CUST_000822,SAVINGS,209163516,BR_04,27036.15,CLOSED,2025-05-09,2026-09-20T15:49:40.225479
ACCT_00001624,CUST_000822,SAVINGS,185585358,BR_01,406517.28,INACTIVE,2024-08-12,2026-09-20T15:49:40.225483
ACCT_00001625,CUST_000823,SAVINGS,628316550,BR_05,99827.32,INACTIVE,2025-08-28,2026-09-20T15:49:40.225492
ACCT_00001626,CUST_000823,CHECKING,855983760,BR_04,12492.59,CLOSED,2024-03-13,2026-09-20T15:49:40.225495
ACCT_00001627,CUST_000823,CHECKING,474664565,BR_09,429716.33,CLOSED,2024-08-24,2026-09-20T15:49:40.225498
ACCT_00001628,CUST_000824,SAVINGS,855278334,BR_07,298120.53,INACTIVE,2026-06-22,2026-09-20T15:49:40.225508
ACCT_00001629,CUST_000824,CHECKING,229381992,BR_09,2832.79,ACTIVE,2022-11-16,2026-09-20T15:49:40.225511
ACCT_00001630,CUST_000825,MONEY_MARKET,532266824,BR_03,411310.47,INACTIVE,2025-03-19,2026-09-20T15:49:40.225521
ACCT_00001631,CUST_000826,SAVINGS,569019932,BR_14,74541.89,INACTIVE,2023-05-11,2026-09-20T15:49:40.225531
ACCT_00001632,CUST_000826,CHECKING,663302051,BR_04,415363.45,CLOSED,2021-11-07,2026-09-20T15:49:40.225534
ACCT_00001633,CUST_000827,CHECKING,134450612,BR_01,489913.43,INACTIVE,2024-04-24,2026-09-20T15:49:40.225544
ACCT_00001634,CUST_000827,SAVINGS,207553685,BR_05,482543.97,CLOSED,2023-05-03,2026-09-20T15:49:40.225547
ACCT_00001635,CUST_000828,CHECKING,953735774,BR_02,25383.72,CLOSED,2023-12-01,2026-09-20T15:49:40.225557
ACCT_00001636,CUST_000829,SAVINGS,233491252,BR_15,126233.08,ACTIVE,2022-06-10,2026-09-20T15:49:40.225566
ACCT_00001637,CUST_000829,MONEY_MARKET,382065740,BR_10,118052.39,CLOSED,2026-04-04,2026-09-20T15:49:40.225570
ACCT_00001638,CUST_000829,MONEY_MARKET,704431587,BR_13,349996.95,CLOSED,2023-02-06,2026-09-20T15:49:40.225572
ACCT_00001639,CUST_000830,SAVINGS,716509119,BR_01,157591.98,CLOSED,2022-09-02,2026-09-20T15:49:40.225582
ACCT_00001640,CUST_000830,CHECKING,440017427,BR_13,86143.07,INACTIVE,2023-03-20,2026-09-20T15:49:40.225585
ACCT_00001641,CUST_000830,MONEY_MARKET,638842340,BR_01,403935.19,INACTIVE,2023-01-05,2026-09-20T15:49:40.225588
ACCT_00001642,CUST_000831,SAVINGS,524128244,BR_13,303093.94,INACTIVE,2023-01-21,2026-09-20T15:49:40.225598
ACCT_00001643,CUST_000831,CHECKING,795813602,BR_02,99412.02,CLOSED,2024-03-05,2026-09-20T15:49:40.225601
ACCT_00001644,CUST_000831,MONEY_MARKET,229147444,BR_14,207346.67,CLOSED,2023-07-09,2026-09-20T15:49:40.225604
ACCT_00001645,CUST_000832,SAVINGS,209581171,BR_07,454047.07,ACTIVE,2025-10-21,2026-09-20T15:49:40.225614
ACCT_00001646,CUST_000832,CHECKING,620716920,BR_05,476277.93,INACTIVE,2023-12-13,2026-09-20T15:49:40.225617
ACCT_00001647,CUST_000832,MONEY_MARKET,385802293,BR_04,116726.11,ACTIVE,2022-05-14,2026-09-20T15:49:40.225619
ACCT_00001648,CUST_000833,SAVINGS,296511221,BR_04,368510.29,CLOSED,2022-11-19,2026-09-20T15:49:40.225629
ACCT_00001649,CUST_000833,MONEY_MARKET,739006672,BR_05,291473.68,ACTIVE,2023-03-20,2026-09-20T15:49:40.225632
ACCT_00001650,CUST_000834,CHECKING,171935975,BR_12,411290.73,INACTIVE,2025-09-17,2026-09-20T15:49:40.225643
ACCT_00001651,CUST_000834,SAVINGS,809015667,BR_03,13250.84,INACTIVE,2026-05-09,2026-09-20T15:49:40.225647
ACCT_00001652,CUST_000835,SAVINGS,980268284,BR_15,270321.11,ACTIVE,2026-01-17,2026-09-20T15:49:40.225656
ACCT_00001653,CUST_000835,CHECKING,541030781,BR_01,420529.62,CLOSED,2022-11-28,2026-09-20T15:49:40.225659
ACCT_00001654,CUST_000835,MONEY_MARKET,129452101,BR_11,401644.43,CLOSED,2025-03-08,2026-09-20T15:49:40.225662
ACCT_00001655,CUST_000836,MONEY_MARKET,958119260,BR_02,117681.85,CLOSED,2022-09-14,2026-09-20T15:49:40.225672
ACCT_00001656,CUST_000837,MONEY_MARKET,650781494,BR_10,252277.94,CLOSED,2024-02-15,2026-09-20T15:49:40.225683
ACCT_00001657,CUST_000837,CHECKING,220212598,BR_02,488008.05,ACTIVE,2022-07-17,2026-09-20T15:49:40.225687
ACCT_00001658,CUST_000837,MONEY_MARKET,640789555,BR_11,293864.94,INACTIVE,2022-12-06,2026-09-20T15:49:40.225690
ACCT_00001659,CUST_000838,CHECKING,975441966,BR_14,425715.15,CLOSED,2024-05-26,2026-09-20T15:49:40.225700
ACCT_00001660,CUST_000838,SAVINGS,426540001,BR_09,69206.5,ACTIVE,2024-02-09,2026-09-20T15:49:40.225703
ACCT_00001661,CUST_000838,SAVINGS,660435567,BR_09,368749.04,ACTIVE,2023-06-09,2026-09-20T15:49:40.225705
ACCT_00001662,CUST_000839,MONEY_MARKET,501363926,BR_08,466260.23,CLOSED,2025-09-02,2026-09-20T15:49:40.225715
ACCT_00001663,CUST_000839,CHECKING,971739084,BR_01,129824.39,ACTIVE,2024-04-16,2026-09-20T15:49:40.225718
ACCT_00001664,CUST_000840,SAVINGS,608175439,BR_11,46939.17,ACTIVE,2021-12-01,2026-09-20T15:49:40.225728
ACCT_00001665,CUST_000840,CHECKING,508290225,BR_10,42655.5,CLOSED,2024-05-18,2026-09-20T15:49:40.225731
ACCT_00001666,CUST_000841,MONEY_MARKET,817242090,BR_02,467080.92,CLOSED,2023-11-02,2026-09-20T15:49:40.225743
ACCT_00001667,CUST_000842,MONEY_MARKET,390357088,BR_13,82758.18,CLOSED,2024-04-06,2026-09-20T15:49:40.225752
ACCT_00001668,CUST_000842,MONEY_MARKET,641903228,BR_03,231733.2,INACTIVE,2023-05-25,2026-09-20T15:49:40.225756
ACCT_00001669,CUST_000842,MONEY_MARKET,612320575,BR_11,317730.75,INACTIVE,2026-05-25,2026-09-20T15:49:40.225759
ACCT_00001670,CUST_000843,SAVINGS,346249012,BR_12,59045.2,ACTIVE,2022-03-17,2026-09-20T15:49:40.225768
ACCT_00001671,CUST_000843,MONEY_MARKET,554754137,BR_02,177369.56,ACTIVE,2023-11-13,2026-09-20T15:49:40.225772
ACCT_00001672,CUST_000843,MONEY_MARKET,789693165,BR_04,88596.94,INACTIVE,2022-11-10,2026-09-20T15:49:40.225775
ACCT_00001673,CUST_000844,MONEY_MARKET,699349393,BR_04,166720.13,INACTIVE,2024-08-26,2026-09-20T15:49:40.225784
ACCT_00001674,CUST_000844,CHECKING,936477825,BR_15,230173.72,CLOSED,2022-11-18,2026-09-20T15:49:40.225788
ACCT_00001675,CUST_000844,MONEY_MARKET,527519094,BR_03,146495.65,ACTIVE,2023-04-01,2026-09-20T15:49:40.225791
ACCT_00001676,CUST_000845,MONEY_MARKET,786823261,BR_05,417559.79,INACTIVE,2024-06-27,2026-09-20T15:49:40.225800
ACCT_00001677,CUST_000845,MONEY_MARKET,366991189,BR_12,132489.2,CLOSED,2024-03-25,2026-09-20T15:49:40.225803
ACCT_00001678,CUST_000846,SAVINGS,586469216,BR_09,156265.6,ACTIVE,2024-02-24,2026-09-20T15:49:40.225813
ACCT_00001679,CUST_000847,CHECKING,702190000,BR_06,51194.62,ACTIVE,2025-09-28,2026-09-20T15:49:40.225823
ACCT_00001680,CUST_000848,MONEY_MARKET,916096639,BR_04,412777.35,INACTIVE,2025-02-04,2026-09-20T15:49:40.225832
ACCT_00001681,CUST_000848,MONEY_MARKET,687027434,BR_03,271.62,CLOSED,2022-03-19,2026-09-20T15:49:40.225835
ACCT_00001682,CUST_000849,SAVINGS,674046082,BR_07,266398.45,CLOSED,2025-05-12,2026-09-20T15:49:40.225845
ACCT_00001683,CUST_000850,CHECKING,568052911,BR_03,492507.72,INACTIVE,2023-12-13,2026-09-20T15:49:40.225855
ACCT_00001684,CUST_000850,CHECKING,908415147,BR_09,222642.64,CLOSED,2026-04-04,2026-09-20T15:49:40.225858
ACCT_00001685,CUST_000850,SAVINGS,123681194,BR_10,416527.01,ACTIVE,2024-12-15,2026-09-20T15:49:40.225861
ACCT_00001686,CUST_000851,CHECKING,990879569,BR_02,293290.32,CLOSED,2025-03-31,2026-09-20T15:49:40.225871
ACCT_00001687,CUST_000852,MONEY_MARKET,911202337,BR_10,320084.49,ACTIVE,2022-01-14,2026-09-20T15:49:40.225881
ACCT_00001688,CUST_000852,CHECKING,867440618,BR_07,54069.44,ACTIVE,2023-12-22,2026-09-20T15:49:40.225884
ACCT_00001689,CUST_000853,SAVINGS,100455715,BR_06,93371.53,ACTIVE,2026-05-24,2026-09-20T15:49:40.225894
ACCT_00001690,CUST_000853,SAVINGS,444904727,BR_09,255570.68,INACTIVE,2024-10-10,2026-09-20T15:49:40.225898
ACCT_00001691,CUST_000853,MONEY_MARKET,123548089,BR_15,82870.12,INACTIVE,2022-06-07,2026-09-20T15:49:40.225901
ACCT_00001692,CUST_000854,SAVINGS,255310912,BR_05,62372.21,ACTIVE,2024-03-26,2026-09-20T15:49:40.225912
ACCT_00001693,CUST_000854,SAVINGS,798239012,BR_01,436533.65,CLOSED,2025-01-06,2026-09-20T15:49:40.225915
ACCT_00001694,CUST_000855,CHECKING,945784252,BR_10,208253.8,ACTIVE,2024-01-02,2026-09-20T15:49:40.225925
ACCT_00001695,CUST_000855,MONEY_MARKET,619948299,BR_15,455785.88,CLOSED,2026-04-10,2026-09-20T15:49:40.225928
ACCT_00001696,CUST_000856,CHECKING,851828237,BR_05,297314.14,CLOSED,2022-06-01,2026-09-20T15:49:40.225938
ACCT_00001697,CUST_000856,MONEY_MARKET,776980179,BR_01,273397.52,CLOSED,2026-08-16,2026-09-20T15:49:40.225941
ACCT_00001698,CUST_000856,SAVINGS,595773511,BR_14,275621.36,ACTIVE,2025-02-11,2026-09-20T15:49:40.225945
ACCT_00001699,CUST_000857,SAVINGS,390844530,BR_07,258534.1,ACTIVE,2022-03-23,2026-09-20T15:49:40.225956
ACCT_00001700,CUST_000858,SAVINGS,768455304,BR_03,459566.45,CLOSED,2024-07-11,2026-09-20T15:49:40.225966
ACCT_00001701,CUST_000859,MONEY_MARKET,553317805,BR_10,331617.66,CLOSED,2022-02-15,2026-09-20T15:49:40.225975
ACCT_00001702,CUST_000859,CHECKING,850417486,BR_10,197974.2,CLOSED,2023-07-23,2026-09-20T15:49:40.225978
ACCT_00001703,CUST_000860,SAVINGS,644089873,BR_07,283653.98,CLOSED,2021-10-11,2026-09-20T15:49:40.225988
ACCT_00001704,CUST_000860,CHECKING,451464283,BR_06,294217.26,INACTIVE,2022-02-18,2026-09-20T15:49:40.225991
ACCT_00001705,CUST_000861,CHECKING,218805217,BR_02,306887.18,CLOSED,2023-04-13,2026-09-20T15:49:40.226002
ACCT_00001706,CUST_000861,MONEY_MARKET,293897825,BR_01,422424.76,INACTIVE,2024-08-12,2026-09-20T15:49:40.226006
ACCT_00001707,CUST_000861,CHECKING,848388271,BR_15,190806.81,CLOSED,2026-05-22,2026-09-20T15:49:40.226009
ACCT_00001708,CUST_000862,CHECKING,175573878,BR_08,39395.3,CLOSED,2022-07-22,2026-09-20T15:49:40.226019
ACCT_00001709,CUST_000862,CHECKING,343813723,BR_14,298043.67,CLOSED,2022-02-10,2026-09-20T15:49:40.226022
ACCT_00001710,CUST_000863,CHECKING,552312481,BR_06,124351.58,CLOSED,2023-01-03,2026-09-20T15:49:40.226032
ACCT_00001711,CUST_000863,CHECKING,207383106,BR_09,289676.5,INACTIVE,2024-07-20,2026-09-20T15:49:40.226035
ACCT_00001712,CUST_000864,CHECKING,506929818,BR_08,3938.4,ACTIVE,2023-04-23,2026-09-20T15:49:40.226046
ACCT_00001713,CUST_000864,MONEY_MARKET,799357417,BR_10,150636.27,ACTIVE,2024-12-18,2026-09-20T15:49:40.226049
ACCT_00001714,CUST_000864,MONEY_MARKET,723160986,BR_05,89545.88,INACTIVE,2024-07-12,2026-09-20T15:49:40.226052
ACCT_00001715,CUST_000865,MONEY_MARKET,394174865,BR_13,451524.51,CLOSED,2023-03-14,2026-09-20T15:49:40.226065
ACCT_00001716,CUST_000865,SAVINGS,563147801,BR_08,205289.1,INACTIVE,2022-03-19,2026-09-20T15:49:40.226069
ACCT_00001717,CUST_000866,SAVINGS,273762867,BR_01,410113.67,INACTIVE,2024-11-15,2026-09-20T15:49:40.226078
ACCT_00001718,CUST_000866,SAVINGS,491043371,BR_08,378157.52,INACTIVE,2023-08-17,2026-09-20T15:49:40.226081
ACCT_00001719,CUST_000867,MONEY_MARKET,583850916,BR_13,476500.37,INACTIVE,2025-05-26,2026-09-20T15:49:40.226091
ACCT_00001720,CUST_000868,MONEY_MARKET,964646304,BR_10,14542.78,ACTIVE,2025-04-12,2026-09-20T15:49:40.226102
ACCT_00001721,CUST_000869,SAVINGS,957844513,BR_07,437955.23,ACTIVE,2021-11-06,2026-09-20T15:49:40.226113
ACCT_00001722,CUST_000869,MONEY_MARKET,297917845,BR_13,209425.11,CLOSED,2025-01-06,2026-09-20T15:49:40.226116
ACCT_00001723,CUST_000870,CHECKING,525728311,BR_11,167067.64,CLOSED,2024-09-10,2026-09-20T15:49:40.226125
ACCT_00001724,CUST_000871,CHECKING,109831282,BR_12,465964.52,INACTIVE,2025-09-27,2026-09-20T15:49:40.226135
ACCT_00001725,CUST_000872,CHECKING,287805936,BR_03,147126.75,INACTIVE,2024-03-28,2026-09-20T15:49:40.226144
ACCT_00001726,CUST_000873,MONEY_MARKET,805066286,BR_08,155377.07,ACTIVE,2022-05-10,2026-09-20T15:49:40.226155
ACCT_00001727,CUST_000873,SAVINGS,758497009,BR_02,195132.74,ACTIVE,2026-03-13,2026-09-20T15:49:40.226159
ACCT_00001728,CUST_000874,SAVINGS,861434312,BR_02,46240.85,CLOSED,2022-01-25,2026-09-20T15:49:40.226171
ACCT_00001729,CUST_000875,MONEY_MARKET,955645476,BR_09,319745.0,ACTIVE,2026-08-09,2026-09-20T15:49:40.226182
ACCT_00001730,CUST_000875,MONEY_MARKET,116121174,BR_02,237345.21,CLOSED,2024-06-01,2026-09-20T15:49:40.226186
ACCT_00001731,CUST_000876,MONEY_MARKET,631002070,BR_09,64013.29,ACTIVE,2025-09-01,2026-09-20T15:49:40.226195
ACCT_00001732,CUST_000876,MONEY_MARKET,739439444,BR_15,470890.11,INACTIVE,2022-03-27,2026-09-20T15:49:40.226198
ACCT_00001733,CUST_000877,SAVINGS,579012732,BR_03,497108.59,INACTIVE,2022-03-12,2026-09-20T15:49:40.226209
ACCT_00001734,CUST_000878,CHECKING,785685141,BR_13,212551.59,ACTIVE,2022-07-18,2026-09-20T15:49:40.226220
ACCT_00001735,CUST_000878,CHECKING,276763565,BR_01,102025.08,INACTIVE,2025-05-10,2026-09-20T15:49:40.226223
ACCT_00001736,CUST_000879,SAVINGS,467381114,BR_04,215098.85,CLOSED,2023-05-04,2026-09-20T15:49:40.226232
ACCT_00001737,CUST_000879,MONEY_MARKET,514324163,BR_14,376304.23,ACTIVE,2024-01-20,2026-09-20T15:49:40.226236
ACCT_00001738,CUST_000879,MONEY_MARKET,476190182,BR_14,317815.45,INACTIVE,2025-02-25,2026-09-20T15:49:40.226239
ACCT_00001739,CUST_000880,CHECKING,432605434,BR_03,61790.61,CLOSED,2022-09-29,2026-09-20T15:49:40.226248
ACCT_00001740,CUST_000880,CHECKING,640588944,BR_06,439337.11,INACTIVE,2022-03-03,2026-09-20T15:49:40.226252
ACCT_00001741,CUST_000880,SAVINGS,150625936,BR_01,337942.73,INACTIVE,2025-03-18,2026-09-20T15:49:40.226255
ACCT_00001742,CUST_000881,MONEY_MARKET,494521990,BR_05,326138.3,INACTIVE,2022-06-28,2026-09-20T15:49:40.226265
ACCT_00001743,CUST_000881,CHECKING,311322403,BR_14,440039.23,ACTIVE,2025-11-08,2026-09-20T15:49:40.226268
ACCT_00001744,CUST_000882,CHECKING,865497633,BR_08,142804.43,CLOSED,2023-03-11,2026-09-20T15:49:40.226279
ACCT_00001745,CUST_000883,MONEY_MARKET,627479376,BR_11,470048.48,CLOSED,2022-01-24,2026-09-20T15:49:40.226290
ACCT_00001746,CUST_000883,CHECKING,583989254,BR_08,450595.08,INACTIVE,2022-05-10,2026-09-20T15:49:40.226294
ACCT_00001747,CUST_000883,CHECKING,360807808,BR_11,146805.57,CLOSED,2022-11-01,2026-09-20T15:49:40.226297
ACCT_00001748,CUST_000884,CHECKING,625365994,BR_03,15449.48,CLOSED,2023-08-14,2026-09-20T15:49:40.226308
ACCT_00001749,CUST_000884,SAVINGS,835602271,BR_03,409841.91,INACTIVE,2024-08-27,2026-09-20T15:49:40.226311
ACCT_00001750,CUST_000884,MONEY_MARKET,113545885,BR_11,271496.7,ACTIVE,2023-03-28,2026-09-20T15:49:40.226314
ACCT_00001751,CUST_000885,CHECKING,987664050,BR_01,127539.47,CLOSED,2023-01-28,2026-09-20T15:49:40.226324
ACCT_00001752,CUST_000885,CHECKING,135648379,BR_07,304479.51,ACTIVE,2024-10-25,2026-09-20T15:49:40.226327
ACCT_00001753,CUST_000886,MONEY_MARKET,640136501,BR_14,72498.69,CLOSED,2025-05-09,2026-09-20T15:49:40.226337
ACCT_00001754,CUST_000886,SAVINGS,346443488,BR_15,152861.28,ACTIVE,2021-10-30,2026-09-20T15:49:40.226340
ACCT_00001755,CUST_000886,MONEY_MARKET,945935953,BR_11,370179.12,CLOSED,2026-04-02,2026-09-20T15:49:40.226343
ACCT_00001756,CUST_000887,SAVINGS,573027930,BR_08,252627.73,CLOSED,2026-04-06,2026-09-20T15:49:40.226353
ACCT_00001757,CUST_000887,SAVINGS,470806406,BR_03,139499.19,INACTIVE,2022-11-18,2026-09-20T15:49:40.226357
ACCT_00001758,CUST_000887,SAVINGS,380947516,BR_05,213805.99,CLOSED,2025-06-17,2026-09-20T15:49:40.226360
ACCT_00001759,CUST_000888,SAVINGS,839200409,BR_02,237608.21,CLOSED,2025-06-02,2026-09-20T15:49:40.226371
ACCT_00001760,CUST_000888,SAVINGS,856533579,BR_13,276280.29,ACTIVE,2023-01-15,2026-09-20T15:49:40.226374
ACCT_00001761,CUST_000888,MONEY_MARKET,798910310,BR_13,455183.12,CLOSED,2022-11-19,2026-09-20T15:49:40.226377
ACCT_00001762,CUST_000889,CHECKING,791113267,BR_10,61754.09,CLOSED,2024-01-30,2026-09-20T15:49:40.226386
ACCT_00001763,CUST_000889,MONEY_MARKET,650284454,BR_11,127802.84,CLOSED,2022-07-08,2026-09-20T15:49:40.226389
ACCT_00001764,CUST_000890,MONEY_MARKET,709776411,BR_10,212849.92,CLOSED,2023-09-06,2026-09-20T15:49:40.226400
ACCT_00001765,CUST_000890,MONEY_MARKET,933665199,BR_03,442411.13,CLOSED,2023-04-13,2026-09-20T15:49:40.226403
ACCT_00001766,CUST_000891,SAVINGS,437694037,BR_08,289429.71,ACTIVE,2021-12-10,2026-09-20T15:49:40.226415
ACCT_00001767,CUST_000892,CHECKING,394463869,BR_14,224762.13,ACTIVE,2025-03-20,2026-09-20T15:49:40.226426
ACCT_00001768,CUST_000892,SAVINGS,349699944,BR_01,405130.89,CLOSED,2023-04-14,2026-09-20T15:49:40.226429
ACCT_00001769,CUST_000893,MONEY_MARKET,509459106,BR_12,126391.35,INACTIVE,2025-11-24,2026-09-20T15:49:40.226441
ACCT_00001770,CUST_000893,CHECKING,992968317,BR_09,324383.87,CLOSED,2024-02-13,2026-09-20T15:49:40.226444
ACCT_00001771,CUST_000893,CHECKING,659917125,BR_04,119209.76,ACTIVE,2025-10-16,2026-09-20T15:49:40.226448
ACCT_00001772,CUST_000894,MONEY_MARKET,808165999,BR_09,250034.59,INACTIVE,2022-01-21,2026-09-20T15:49:40.226459
ACCT_00001773,CUST_000895,MONEY_MARKET,325582688,BR_03,258588.84,CLOSED,2026-05-12,2026-09-20T15:49:40.226469
ACCT_00001774,CUST_000896,MONEY_MARKET,698123420,BR_15,106124.35,ACTIVE,2025-12-16,2026-09-20T15:49:40.226478
ACCT_00001775,CUST_000896,CHECKING,976403466,BR_02,7549.93,ACTIVE,2025-08-27,2026-09-20T15:49:40.226481
ACCT_00001776,CUST_000896,CHECKING,117477783,BR_02,345863.32,INACTIVE,2024-01-20,2026-09-20T15:49:40.226484
ACCT_00001777,CUST_000897,SAVINGS,223066202,BR_01,455029.37,CLOSED,2021-12-03,2026-09-20T15:49:40.226495
ACCT_00001778,CUST_000897,MONEY_MARKET,740880521,BR_11,433931.07,CLOSED,2023-12-11,2026-09-20T15:49:40.226498
ACCT_00001779,CUST_000898,SAVINGS,230677293,BR_01,273915.74,INACTIVE,2025-07-30,2026-09-20T15:49:40.226509
ACCT_00001780,CUST_000898,SAVINGS,512011800,BR_13,46560.94,ACTIVE,2022-07-30,2026-09-20T15:49:40.226512
ACCT_00001781,CUST_000898,CHECKING,693814150,BR_05,464285.23,CLOSED,2025-04-09,2026-09-20T15:49:40.226515
ACCT_00001782,CUST_000899,CHECKING,733113217,BR_09,377583.06,INACTIVE,2025-02-02,2026-09-20T15:49:40.226525
ACCT_00001783,CUST_000899,SAVINGS,940781049,BR_13,383240.54,CLOSED,2023-01-16,2026-09-20T15:49:40.226528
ACCT_00001784,CUST_000899,CHECKING,309366141,BR_06,154734.08,CLOSED,2024-11-12,2026-09-20T15:49:40.226531
ACCT_00001785,CUST_000900,CHECKING,137440529,BR_01,99358.02,ACTIVE,2024-01-28,2026-09-20T15:49:40.226542
ACCT_00001786,CUST_000900,SAVINGS,295828423,BR_01,185092.14,INACTIVE,2024-10-16,2026-09-20T15:49:40.226546
ACCT_00001787,CUST_000900,MONEY_MARKET,731710545,BR_07,218823.68,ACTIVE,2024-10-12,2026-09-20T15:49:40.226549
ACCT_00001788,CUST_000901,MONEY_MARKET,149475018,BR_07,216482.13,CLOSED,2024-06-14,2026-09-20T15:49:40.226559
ACCT_00001789,CUST_000902,SAVINGS,198813813,BR_02,6619.65,CLOSED,2024-06-08,2026-09-20T15:49:40.226568
ACCT_00001790,CUST_000902,SAVINGS,421146315,BR_14,43362.22,ACTIVE,2022-09-10,2026-09-20T15:49:40.226573
ACCT_00001791,CUST_000903,SAVINGS,101702569,BR_13,223565.77,INACTIVE,2026-01-28,2026-09-20T15:49:40.226583
ACCT_00001792,CUST_000904,MONEY_MARKET,978261652,BR_15,458162.3,INACTIVE,2022-04-23,2026-09-20T15:49:40.226597
ACCT_00001793,CUST_000904,MONEY_MARKET,604050683,BR_01,261444.09,ACTIVE,2024-07-30,2026-09-20T15:49:40.226601
ACCT_00001794,CUST_000905,CHECKING,561597861,BR_07,274162.56,INACTIVE,2023-07-14,2026-09-20T15:49:40.226618
ACCT_00001795,CUST_000905,CHECKING,505789203,BR_09,362835.24,CLOSED,2023-02-25,2026-09-20T15:49:40.226621
ACCT_00001796,CUST_000905,SAVINGS,271053100,BR_07,303505.93,ACTIVE,2023-09-05,2026-09-20T15:49:40.226624
ACCT_00001797,CUST_000906,MONEY_MARKET,565412358,BR_09,277754.85,CLOSED,2023-06-20,2026-09-20T15:49:40.226634
ACCT_00001798,CUST_000907,SAVINGS,668158268,BR_11,330239.88,INACTIVE,2022-04-04,2026-09-20T15:49:40.226644
ACCT_00001799,CUST_000908,CHECKING,490932614,BR_01,185560.78,CLOSED,2024-03-26,2026-09-20T15:49:40.226654
ACCT_00001800,CUST_000908,CHECKING,489791207,BR_08,421962.09,CLOSED,2024-02-03,2026-09-20T15:49:40.226657
ACCT_00001801,CUST_000908,SAVINGS,125097245,BR_12,297391.33,ACTIVE,2026-07-07,2026-09-20T15:49:40.226659
ACCT_00001802,CUST_000909,CHECKING,563440879,BR_15,350800.94,INACTIVE,2024-02-03,2026-09-20T15:49:40.226669
ACCT_00001803,CUST_000910,MONEY_MARKET,719884280,BR_09,415535.4,ACTIVE,2024-07-04,2026-09-20T15:49:40.226679
ACCT_00001804,CUST_000910,CHECKING,425049214,BR_02,276692.68,ACTIVE,2022-05-16,2026-09-20T15:49:40.226682
ACCT_00001805,CUST_000910,MONEY_MARKET,495720862,BR_15,69686.19,ACTIVE,2022-03-30,2026-09-20T15:49:40.226685
ACCT_00001806,CUST_000911,SAVINGS,460363222,BR_09,157245.86,ACTIVE,2024-01-21,2026-09-20T15:49:40.226696
ACCT_00001807,CUST_000911,SAVINGS,590612133,BR_05,353062.56,CLOSED,2022-06-12,2026-09-20T15:49:40.226699
ACCT_00001808,CUST_000912,SAVINGS,418684278,BR_07,301101.38,ACTIVE,2026-02-05,2026-09-20T15:49:40.226708
ACCT_00001809,CUST_000913,MONEY_MARKET,956024190,BR_14,322526.02,ACTIVE,2025-01-24,2026-09-20T15:49:40.226718
ACCT_00001810,CUST_000913,CHECKING,753427376,BR_12,296151.09,ACTIVE,2024-03-12,2026-09-20T15:49:40.226721
ACCT_00001811,CUST_000913,SAVINGS,290080389,BR_03,70542.55,INACTIVE,2024-10-06,2026-09-20T15:49:40.226724
ACCT_00001812,CUST_000914,MONEY_MARKET,179938076,BR_08,26791.95,CLOSED,2025-02-26,2026-09-20T15:49:40.226734
ACCT_00001813,CUST_000914,MONEY_MARKET,885346887,BR_06,133273.88,ACTIVE,2026-01-18,2026-09-20T15:49:40.226737
ACCT_00001814,CUST_000914,MONEY_MARKET,472171204,BR_11,146894.87,INACTIVE,2021-12-19,2026-09-20T15:49:40.226740
ACCT_00001815,CUST_000915,SAVINGS,567204030,BR_13,252948.23,ACTIVE,2021-11-25,2026-09-20T15:49:40.226749
ACCT_00001816,CUST_000916,CHECKING,235644231,BR_14,434834.79,INACTIVE,2021-12-25,2026-09-20T15:49:40.226759
ACCT_00001817,CUST_000916,CHECKING,862685924,BR_10,9129.1,CLOSED,2026-05-12,2026-09-20T15:49:40.226763
ACCT_00001818,CUST_000916,CHECKING,778731816,BR_07,109856.69,CLOSED,2024-09-20,2026-09-20T15:49:40.226766
ACCT_00001819,CUST_000917,SAVINGS,156737741,BR_08,85921.37,ACTIVE,2025-01-28,2026-09-20T15:49:40.226778
ACCT_00001820,CUST_000917,SAVINGS,290723740,BR_09,81561.2,CLOSED,2023-03-19,2026-09-20T15:49:40.226781
ACCT_00001821,CUST_000918,MONEY_MARKET,945622652,BR_05,2627.93,ACTIVE,2023-12-01,2026-09-20T15:49:40.226793
ACCT_00001822,CUST_000918,MONEY_MARKET,800025600,BR_15,408431.86,ACTIVE,2025-09-26,2026-09-20T15:49:40.226796
ACCT_00001823,CUST_000919,SAVINGS,869955304,BR_08,120261.2,ACTIVE,2024-04-14,2026-09-20T15:49:40.226807
ACCT_00001824,CUST_000919,CHECKING,518207486,BR_15,271168.24,INACTIVE,2026-08-09,2026-09-20T15:49:40.226811
ACCT_00001825,CUST_000919,SAVINGS,170771493,BR_01,393171.96,CLOSED,2023-01-16,2026-09-20T15:49:40.226814
ACCT_00001826,CUST_000920,CHECKING,198211758,BR_02,287223.04,ACTIVE,2023-03-20,2026-09-20T15:49:40.226825
ACCT_00001827,CUST_000920,CHECKING,598024924,BR_15,403650.43,CLOSED,2026-02-26,2026-09-20T15:49:40.226828
ACCT_00001828,CUST_000920,SAVINGS,299640577,BR_07,40527.33,ACTIVE,2022-06-20,2026-09-20T15:49:40.226831
ACCT_00001829,CUST_000921,CHECKING,977183136,BR_14,396993.15,ACTIVE,2022-01-13,2026-09-20T15:49:40.226840
ACCT_00001830,CUST_000921,MONEY_MARKET,246205280,BR_04,22020.69,INACTIVE,2026-03-29,2026-09-20T15:49:40.226843
ACCT_00001831,CUST_000922,MONEY_MARKET,437058401,BR_11,7451.45,INACTIVE,2025-03-14,2026-09-20T15:49:40.226853
ACCT_00001832,CUST_000922,MONEY_MARKET,991181124,BR_11,43403.19,CLOSED,2023-06-03,2026-09-20T15:49:40.226856
ACCT_00001833,CUST_000923,MONEY_MARKET,863834710,BR_06,349593.51,ACTIVE,2022-02-03,2026-09-20T15:49:40.226866
ACCT_00001834,CUST_000923,MONEY_MARKET,251235720,BR_13,283786.74,INACTIVE,2024-04-27,2026-09-20T15:49:40.226869
ACCT_00001835,CUST_000924,MONEY_MARKET,715344632,BR_04,432615.74,INACTIVE,2024-09-15,2026-09-20T15:49:40.226880
ACCT_00001836,CUST_000924,CHECKING,739067440,BR_05,139586.37,INACTIVE,2022-05-06,2026-09-20T15:49:40.226882
ACCT_00001837,CUST_000924,CHECKING,543905917,BR_14,366377.96,CLOSED,2022-03-11,2026-09-20T15:49:40.226885
ACCT_00001838,CUST_000925,MONEY_MARKET,251666756,BR_08,101172.07,INACTIVE,2022-02-03,2026-09-20T15:49:40.226895
ACCT_00001839,CUST_000925,MONEY_MARKET,188736671,BR_04,450858.1,CLOSED,2022-04-20,2026-09-20T15:49:40.226898
ACCT_00001840,CUST_000925,CHECKING,138141109,BR_05,166211.84,ACTIVE,2024-08-31,2026-09-20T15:49:40.226901
ACCT_00001841,CUST_000926,MONEY_MARKET,755813451,BR_07,110967.34,ACTIVE,2026-04-03,2026-09-20T15:49:40.226911
ACCT_00001842,CUST_000926,SAVINGS,418654274,BR_04,485413.02,CLOSED,2024-08-14,2026-09-20T15:49:40.226914
ACCT_00001843,CUST_000926,SAVINGS,374913960,BR_09,381994.05,ACTIVE,2024-09-30,2026-09-20T15:49:40.226917
ACCT_00001844,CUST_000927,SAVINGS,669018400,BR_01,202875.22,INACTIVE,2023-07-31,2026-09-20T15:49:40.226927
ACCT_00001845,CUST_000928,CHECKING,900294049,BR_07,223957.55,CLOSED,2023-07-26,2026-09-20T15:49:40.226939
ACCT_00001846,CUST_000928,CHECKING,870675831,BR_05,445508.78,CLOSED,2023-10-26,2026-09-20T15:49:40.226942
ACCT_00001847,CUST_000929,MONEY_MARKET,426030678,BR_03,159027.95,ACTIVE,2024-06-29,2026-09-20T15:49:40.226954
ACCT_00001848,CUST_000930,SAVINGS,535823416,BR_15,69036.08,ACTIVE,2024-10-13,2026-09-20T15:49:40.226965
ACCT_00001849,CUST_000930,SAVINGS,156986671,BR_08,408170.57,INACTIVE,2022-09-08,2026-09-20T15:49:40.226969
ACCT_00001850,CUST_000930,CHECKING,522489000,BR_06,224547.92,INACTIVE,2024-08-30,2026-09-20T15:49:40.226972
ACCT_00001851,CUST_000931,SAVINGS,526346256,BR_03,103074.39,ACTIVE,2022-07-20,2026-09-20T15:49:40.226982
ACCT_00001852,CUST_000932,MONEY_MARKET,136522577,BR_09,468464.98,INACTIVE,2026-01-14,2026-09-20T15:49:40.226992
ACCT_00001853,CUST_000933,SAVINGS,775323537,BR_12,154805.7,ACTIVE,2022-11-26,2026-09-20T15:49:40.227001
ACCT_00001854,CUST_000934,CHECKING,350794956,BR_02,475525.89,ACTIVE,2024-01-17,2026-09-20T15:49:40.227011
ACCT_00001855,CUST_000934,MONEY_MARKET,516504706,BR_02,300553.41,CLOSED,2026-07-13,2026-09-20T15:49:40.227015
ACCT_00001856,CUST_000934,CHECKING,452760649,BR_13,147536.48,INACTIVE,2022-10-25,2026-09-20T15:49:40.227018
ACCT_00001857,CUST_000935,CHECKING,837378898,BR_12,88656.08,CLOSED,2026-07-04,2026-09-20T15:49:40.227031
ACCT_00001858,CUST_000935,SAVINGS,869966041,BR_10,185537.42,ACTIVE,2024-11-14,2026-09-20T15:49:40.227034
ACCT_00001859,CUST_000936,MONEY_MARKET,189290037,BR_11,88645.53,ACTIVE,2026-03-05,2026-09-20T15:49:40.227044
ACCT_00001860,CUST_000936,MONEY_MARKET,245205505,BR_03,218924.92,INACTIVE,2022-03-28,2026-09-20T15:49:40.227047
ACCT_00001861,CUST_000937,SAVINGS,163910227,BR_01,79038.55,INACTIVE,2022-05-19,2026-09-20T15:49:40.227057
ACCT_00001862,CUST_000937,MONEY_MARKET,154518064,BR_02,159821.82,INACTIVE,2025-06-08,2026-09-20T15:49:40.227059
ACCT_00001863,CUST_000937,MONEY_MARKET,296594374,BR_15,439266.04,CLOSED,2022-10-16,2026-09-20T15:49:40.227062
ACCT_00001864,CUST_000938,MONEY_MARKET,378775239,BR_08,316894.89,CLOSED,2024-09-25,2026-09-20T15:49:40.227072
ACCT_00001865,CUST_000938,CHECKING,570365157,BR_05,22008.56,INACTIVE,2026-01-29,2026-09-20T15:49:40.227075
ACCT_00001866,CUST_000938,SAVINGS,856112323,BR_04,422277.95,INACTIVE,2023-04-21,2026-09-20T15:49:40.227078
ACCT_00001867,CUST_000939,CHECKING,479960269,BR_12,371607.45,CLOSED,2024-08-02,2026-09-20T15:49:40.227088
ACCT_00001868,CUST_000939,MONEY_MARKET,130118814,BR_15,115376.75,ACTIVE,2026-05-15,2026-09-20T15:49:40.227091
ACCT_00001869,CUST_000939,CHECKING,521626653,BR_05,478700.57,CLOSED,2025-06-05,2026-09-20T15:49:40.227094
ACCT_00001870,CUST_000940,MONEY_MARKET,113104824,BR_04,345045.68,CLOSED,2025-12-22,2026-09-20T15:49:40.227106
ACCT_00001871,CUST_000940,CHECKING,397892654,BR_06,63115.65,ACTIVE,2025-06-08,2026-09-20T15:49:40.227110
ACCT_00001872,CUST_000941,CHECKING,643831212,BR_10,349394.97,INACTIVE,2026-04-12,2026-09-20T15:49:40.227121
ACCT_00001873,CUST_000941,CHECKING,682785263,BR_05,313467.81,ACTIVE,2025-05-25,2026-09-20T15:49:40.227124
ACCT_00001874,CUST_000942,SAVINGS,760752396,BR_10,445964.25,CLOSED,2024-08-16,2026-09-20T15:49:40.227136
ACCT_00001875,CUST_000942,SAVINGS,916006412,BR_13,121891.13,INACTIVE,2022-10-17,2026-09-20T15:49:40.227139
ACCT_00001876,CUST_000942,MONEY_MARKET,465574317,BR_03,22947.73,INACTIVE,2026-03-30,2026-09-20T15:49:40.227143
ACCT_00001877,CUST_000943,CHECKING,537611075,BR_08,284740.3,CLOSED,2026-07-26,2026-09-20T15:49:40.227153
ACCT_00001878,CUST_000944,CHECKING,527116740,BR_10,214293.74,CLOSED,2026-04-23,2026-09-20T15:49:40.227163
ACCT_00001879,CUST_000944,CHECKING,687052578,BR_07,358592.7,INACTIVE,2025-03-01,2026-09-20T15:49:40.227166
ACCT_00001880,CUST_000944,CHECKING,935686725,BR_12,447729.77,INACTIVE,2023-10-31,2026-09-20T15:49:40.227169
ACCT_00001881,CUST_000945,MONEY_MARKET,830378606,BR_03,358356.56,ACTIVE,2022-12-04,2026-09-20T15:49:40.227178
ACCT_00001882,CUST_000945,CHECKING,712329191,BR_14,144559.12,CLOSED,2022-09-20,2026-09-20T15:49:40.227181
ACCT_00001883,CUST_000946,CHECKING,122023733,BR_01,196375.99,INACTIVE,2024-07-10,2026-09-20T15:49:40.227191
ACCT_00001884,CUST_000946,CHECKING,458816898,BR_06,4124.17,ACTIVE,2023-02-02,2026-09-20T15:49:40.227195
ACCT_00001885,CUST_000947,CHECKING,178252732,BR_08,106337.03,INACTIVE,2024-11-18,2026-09-20T15:49:40.227205
ACCT_00001886,CUST_000947,SAVINGS,239594898,BR_15,195642.38,INACTIVE,2026-01-17,2026-09-20T15:49:40.227208
ACCT_00001887,CUST_000948,MONEY_MARKET,373558458,BR_03,291098.27,CLOSED,2025-08-04,2026-09-20T15:49:40.227217
ACCT_00001888,CUST_000948,MONEY_MARKET,714912798,BR_12,389571.28,ACTIVE,2022-03-19,2026-09-20T15:49:40.227220
ACCT_00001889,CUST_000949,SAVINGS,455440732,BR_14,47714.93,ACTIVE,2022-07-04,2026-09-20T15:49:40.227229
ACCT_00001890,CUST_000950,MONEY_MARKET,142771234,BR_11,447525.6,INACTIVE,2021-12-07,2026-09-20T15:49:40.227239
ACCT_00001891,CUST_000951,CHECKING,482434083,BR_04,2908.74,CLOSED,2023-07-10,2026-09-20T15:49:40.227250
ACCT_00001892,CUST_000951,SAVINGS,648077283,BR_05,121563.56,ACTIVE,2025-12-26,2026-09-20T15:49:40.227254
ACCT_00001893,CUST_000951,CHECKING,512344873,BR_07,222091.5,ACTIVE,2023-03-08,2026-09-20T15:49:40.227257
ACCT_00001894,CUST_000952,SAVINGS,828360188,BR_06,478848.12,INACTIVE,2024-10-06,2026-09-20T15:49:40.227269
ACCT_00001895,CUST_000953,MONEY_MARKET,948207070,BR_09,225628.69,CLOSED,2021-10-24,2026-09-20T15:49:40.227279
ACCT_00001896,CUST_000953,CHECKING,194195977,BR_03,296750.2,CLOSED,2022-04-25,2026-09-20T15:49:40.227282
ACCT_00001897,CUST_000953,SAVINGS,434669082,BR_03,197681.14,ACTIVE,2021-11-29,2026-09-20T15:49:40.227285
ACCT_00001898,CUST_000954,SAVINGS,820519918,BR_13,441164.43,ACTIVE,2022-09-30,2026-09-20T15:49:40.227295
ACCT_00001899,CUST_000955,SAVINGS,497331717,BR_06,260378.31,ACTIVE,2025-03-16,2026-09-20T15:49:40.227305
ACCT_00001900,CUST_000956,SAVINGS,126482884,BR_12,297959.28,ACTIVE,2024-02-22,2026-09-20T15:49:40.227315
ACCT_00001901,CUST_000956,CHECKING,197532382,BR_13,172191.7,ACTIVE,2025-05-16,2026-09-20T15:49:40.227318
ACCT_00001902,CUST_000957,MONEY_MARKET,106570447,BR_03,94603.66,CLOSED,2025-09-11,2026-09-20T15:49:40.227327
ACCT_00001903,CUST_000957,CHECKING,794748460,BR_13,304036.41,CLOSED,2025-09-05,2026-09-20T15:49:40.227330
ACCT_00001904,CUST_000957,CHECKING,478570916,BR_15,455201.85,ACTIVE,2023-09-17,2026-09-20T15:49:40.227333
ACCT_00001905,CUST_000958,SAVINGS,876089213,BR_01,343229.09,CLOSED,2026-02-09,2026-09-20T15:49:40.227343
ACCT_00001906,CUST_000958,SAVINGS,214263314,BR_13,56121.08,INACTIVE,2025-06-14,2026-09-20T15:49:40.227347
ACCT_00001907,CUST_000958,MONEY_MARKET,498818191,BR_06,275164.01,ACTIVE,2022-07-18,2026-09-20T15:49:40.227350
ACCT_00001908,CUST_000959,SAVINGS,710932306,BR_12,231928.63,INACTIVE,2025-09-13,2026-09-20T15:49:40.227360
ACCT_00001909,CUST_000959,MONEY_MARKET,841667739,BR_02,190921.7,CLOSED,2026-05-22,2026-09-20T15:49:40.227363
ACCT_00001910,CUST_000959,MONEY_MARKET,154056378,BR_13,496208.4,INACTIVE,2025-04-24,2026-09-20T15:49:40.227366
ACCT_00001911,CUST_000960,MONEY_MARKET,922043724,BR_13,349712.17,ACTIVE,2026-04-06,2026-09-20T15:49:40.227376
ACCT_00001912,CUST_000960,MONEY_MARKET,503123168,BR_10,471308.16,CLOSED,2023-05-18,2026-09-20T15:49:40.227380
ACCT_00001913,CUST_000961,CHECKING,962972557,BR_09,138127.87,INACTIVE,2021-10-12,2026-09-20T15:49:40.227389
ACCT_00001914,CUST_000961,CHECKING,805831207,BR_02,497714.92,ACTIVE,2025-09-11,2026-09-20T15:49:40.227392
ACCT_00001915,CUST_000962,SAVINGS,274497626,BR_01,27081.77,CLOSED,2025-06-10,2026-09-20T15:49:40.227401
ACCT_00001916,CUST_000962,MONEY_MARKET,416265870,BR_09,63817.67,ACTIVE,2025-11-17,2026-09-20T15:49:40.227404
ACCT_00001917,CUST_000962,MONEY_MARKET,266952965,BR_01,126055.81,INACTIVE,2025-01-28,2026-09-20T15:49:40.227408
ACCT_00001918,CUST_000963,SAVINGS,803122317,BR_04,365598.02,CLOSED,2021-10-25,2026-09-20T15:49:40.227419
ACCT_00001919,CUST_000963,MONEY_MARKET,902914771,BR_02,33112.89,INACTIVE,2023-05-27,2026-09-20T15:49:40.227422
ACCT_00001920,CUST_000964,MONEY_MARKET,310757356,BR_12,5202.92,ACTIVE,2022-07-07,2026-09-20T15:49:40.227434
ACCT_00001921,CUST_000964,MONEY_MARKET,888970904,BR_01,63877.58,CLOSED,2025-06-22,2026-09-20T15:49:40.227437
ACCT_00001922,CUST_000964,CHECKING,397424571,BR_15,357225.62,ACTIVE,2025-05-30,2026-09-20T15:49:40.227440
ACCT_00001923,CUST_000965,CHECKING,869807951,BR_08,249063.71,ACTIVE,2022-09-27,2026-09-20T15:49:40.227451
ACCT_00001924,CUST_000966,CHECKING,500431302,BR_12,97062.25,ACTIVE,2023-10-26,2026-09-20T15:49:40.227462
ACCT_00001925,CUST_000967,SAVINGS,460202958,BR_15,23612.71,INACTIVE,2024-06-02,2026-09-20T15:49:40.227472
ACCT_00001926,CUST_000968,CHECKING,832487266,BR_14,28814.82,CLOSED,2022-03-11,2026-09-20T15:49:40.227482
ACCT_00001927,CUST_000969,CHECKING,989248079,BR_08,228513.34,INACTIVE,2024-05-29,2026-09-20T15:49:40.227492
ACCT_00001928,CUST_000969,MONEY_MARKET,203029613,BR_10,268680.81,ACTIVE,2022-05-02,2026-09-20T15:49:40.227495
ACCT_00001929,CUST_000969,CHECKING,834210703,BR_01,325915.46,CLOSED,2026-02-19,2026-09-20T15:49:40.227499
ACCT_00001930,CUST_000970,MONEY_MARKET,972903432,BR_11,489142.28,ACTIVE,2024-01-03,2026-09-20T15:49:40.227511
ACCT_00001931,CUST_000970,SAVINGS,506003375,BR_14,304098.42,ACTIVE,2023-05-17,2026-09-20T15:49:40.227514
ACCT_00001932,CUST_000971,MONEY_MARKET,334258002,BR_02,472061.79,ACTIVE,2025-02-28,2026-09-20T15:49:40.227524
ACCT_00001933,CUST_000971,CHECKING,896581193,BR_09,410606.86,ACTIVE,2023-03-01,2026-09-20T15:49:40.227527
ACCT_00001934,CUST_000971,SAVINGS,520780157,BR_03,75502.8,ACTIVE,2022-02-22,2026-09-20T15:49:40.227530
ACCT_00001935,CUST_000972,CHECKING,550756345,BR_08,7094.65,ACTIVE,2024-07-31,2026-09-20T15:49:40.227540
ACCT_00001936,CUST_000973,MONEY_MARKET,495753745,BR_14,208900.26,INACTIVE,2024-01-21,2026-09-20T15:49:40.227550
ACCT_00001937,CUST_000973,CHECKING,511419981,BR_04,350243.06,ACTIVE,2026-03-02,2026-09-20T15:49:40.227553
ACCT_00001938,CUST_000974,MONEY_MARKET,963483699,BR_07,181089.19,ACTIVE,2024-12-09,2026-09-20T15:49:40.227563
ACCT_00001939,CUST_000974,MONEY_MARKET,408099181,BR_13,381557.23,INACTIVE,2024-12-14,2026-09-20T15:49:40.227566
ACCT_00001940,CUST_000974,MONEY_MARKET,138845555,BR_08,482659.63,INACTIVE,2025-07-15,2026-09-20T15:49:40.227570
ACCT_00001941,CUST_000975,SAVINGS,749247830,BR_13,94363.4,ACTIVE,2023-06-16,2026-09-20T15:49:40.227580
ACCT_00001942,CUST_000975,SAVINGS,469141602,BR_01,151220.2,CLOSED,2024-07-11,2026-09-20T15:49:40.227583
ACCT_00001943,CUST_000975,CHECKING,587065766,BR_04,64824.94,ACTIVE,2024-06-23,2026-09-20T15:49:40.227587
ACCT_00001944,CUST_000976,SAVINGS,995525718,BR_02,44320.98,ACTIVE,2025-03-16,2026-09-20T15:49:40.227597
ACCT_00001945,CUST_000977,SAVINGS,814537172,BR_03,459825.61,CLOSED,2024-09-17,2026-09-20T15:49:40.227608
ACCT_00001946,CUST_000978,MONEY_MARKET,846708348,BR_06,133350.87,ACTIVE,2026-01-26,2026-09-20T15:49:40.227618
ACCT_00001947,CUST_000978,MONEY_MARKET,652641052,BR_14,256667.73,ACTIVE,2023-08-24,2026-09-20T15:49:40.227621
ACCT_00001948,CUST_000978,MONEY_MARKET,629346462,BR_10,475190.47,CLOSED,2026-02-02,2026-09-20T15:49:40.227624
ACCT_00001949,CUST_000979,MONEY_MARKET,537618411,BR_03,319771.07,CLOSED,2024-11-22,2026-09-20T15:49:40.227633
ACCT_00001950,CUST_000979,MONEY_MARKET,190876558,BR_11,300432.49,CLOSED,2024-07-04,2026-09-20T15:49:40.227636
ACCT_00001951,CUST_000979,SAVINGS,336870821,BR_04,279896.84,ACTIVE,2025-11-20,2026-09-20T15:49:40.227639
ACCT_00001952,CUST_000980,SAVINGS,594923103,BR_03,444492.82,CLOSED,2026-04-26,2026-09-20T15:49:40.227649
ACCT_00001953,CUST_000980,SAVINGS,670832029,BR_04,112533.93,INACTIVE,2025-07-03,2026-09-20T15:49:40.227652
ACCT_00001954,CUST_000980,CHECKING,968567809,BR_12,120518.73,ACTIVE,2022-09-05,2026-09-20T15:49:40.227655
ACCT_00001955,CUST_000981,MONEY_MARKET,668011575,BR_08,202893.33,INACTIVE,2022-08-10,2026-09-20T15:49:40.227664
ACCT_00001956,CUST_000981,SAVINGS,497064285,BR_14,233505.55,CLOSED,2024-06-13,2026-09-20T15:49:40.227667
ACCT_00001957,CUST_000982,MONEY_MARKET,824925532,BR_05,249739.81,INACTIVE,2024-05-21,2026-09-20T15:49:40.227677
ACCT_00001958,CUST_000982,MONEY_MARKET,864618363,BR_15,360303.95,INACTIVE,2022-08-04,2026-09-20T15:49:40.227680
ACCT_00001959,CUST_000982,MONEY_MARKET,460244197,BR_04,180310.26,ACTIVE,2024-03-10,2026-09-20T15:49:40.227683
ACCT_00001960,CUST_000983,MONEY_MARKET,607008144,BR_14,135500.17,INACTIVE,2022-07-22,2026-09-20T15:49:40.227692
ACCT_00001961,CUST_000983,MONEY_MARKET,934212299,BR_09,191215.65,ACTIVE,2024-03-22,2026-09-20T15:49:40.227695
ACCT_00001962,CUST_000984,SAVINGS,235799523,BR_02,88623.89,INACTIVE,2024-07-25,2026-09-20T15:49:40.227708
ACCT_00001963,CUST_000985,MONEY_MARKET,849194074,BR_15,4058.88,INACTIVE,2021-12-08,2026-09-20T15:49:40.227720
ACCT_00001964,CUST_000986,SAVINGS,645509776,BR_02,407401.5,ACTIVE,2022-05-17,2026-09-20T15:49:40.227731
ACCT_00001965,CUST_000986,SAVINGS,739890586,BR_03,161615.94,INACTIVE,2023-05-30,2026-09-20T15:49:40.227734
ACCT_00001966,CUST_000986,SAVINGS,526355917,BR_05,422135.33,ACTIVE,2026-01-02,2026-09-20T15:49:40.227737
ACCT_00001967,CUST_000987,CHECKING,586620148,BR_14,490420.62,ACTIVE,2025-04-18,2026-09-20T15:49:40.227749
ACCT_00001968,CUST_000988,MONEY_MARKET,731898478,BR_02,132920.97,INACTIVE,2025-12-14,2026-09-20T15:49:40.227760
ACCT_00001969,CUST_000988,SAVINGS,156520835,BR_11,476833.11,CLOSED,2023-08-02,2026-09-20T15:49:40.227763
ACCT_00001970,CUST_000989,CHECKING,366086508,BR_13,448640.59,INACTIVE,2022-01-22,2026-09-20T15:49:40.227773
ACCT_00001971,CUST_000989,CHECKING,423193523,BR_13,158435.77,INACTIVE,2025-06-10,2026-09-20T15:49:40.227776
ACCT_00001972,CUST_000989,MONEY_MARKET,969294124,BR_01,226457.31,INACTIVE,2025-05-28,2026-09-20T15:49:40.227779
ACCT_00001973,CUST_000990,SAVINGS,342671534,BR_02,480529.17,CLOSED,2026-07-15,2026-09-20T15:49:40.227788
ACCT_00001974,CUST_000990,CHECKING,673547682,BR_11,343160.59,ACTIVE,2023-11-10,2026-09-20T15:49:40.227791
ACCT_00001975,CUST_000990,MONEY_MARKET,982563848,BR_06,459884.3,ACTIVE,2025-12-18,2026-09-20T15:49:40.227794
ACCT_00001976,CUST_000991,SAVINGS,883712842,BR_09,223372.41,CLOSED,2025-01-23,2026-09-20T15:49:40.227804
ACCT_00001977,CUST_000992,CHECKING,324535804,BR_06,407841.17,CLOSED,2025-01-26,2026-09-20T15:49:40.227813
ACCT_00001978,CUST_000992,MONEY_MARKET,289212844,BR_07,444601.15,CLOSED,2022-03-02,2026-09-20T15:49:40.227816
ACCT_00001979,CUST_000993,SAVINGS,386752725,BR_14,340170.13,CLOSED,2023-11-05,2026-09-20T15:49:40.227826
ACCT_00001980,CUST_000993,CHECKING,220719310,BR_08,97078.38,ACTIVE,2021-10-05,2026-09-20T15:49:40.227829
ACCT_00001981,CUST_000994,MONEY_MARKET,127181852,BR_12,264565.48,INACTIVE,2021-09-24,2026-09-20T15:49:40.227838
ACCT_00001982,CUST_000994,MONEY_MARKET,980850326,BR_03,111359.94,INACTIVE,2024-01-17,2026-09-20T15:49:40.227841
ACCT_00001983,CUST_000994,SAVINGS,241794996,BR_10,215044.35,CLOSED,2024-10-27,2026-09-20T15:49:40.227844
ACCT_00001984,CUST_000995,CHECKING,309357320,BR_08,1802.31,INACTIVE,2026-04-17,2026-09-20T15:49:40.227855
ACCT_00001985,CUST_000995,MONEY_MARKET,988430018,BR_01,462507.69,CLOSED,2022-09-17,2026-09-20T15:49:40.227858
ACCT_00001986,CUST_000996,CHECKING,973673014,BR_08,466221.27,ACTIVE,2026-07-02,2026-09-20T15:49:40.227867
ACCT_00001987,CUST_000996,SAVINGS,449485406,BR_11,259620.08,ACTIVE,2026-06-08,2026-09-20T15:49:40.227870
ACCT_00001988,CUST_000997,CHECKING,619524536,BR_14,341240.98,CLOSED,2025-12-02,2026-09-20T15:49:40.227880
ACCT_00001989,CUST_000998,SAVINGS,300047312,BR_06,231611.04,ACTIVE,2025-12-19,2026-09-20T15:49:40.227890
ACCT_00001990,CUST_000999,CHECKING,748771258,BR_05,113431.91,CLOSED,2022-10-04,2026-09-20T15:49:40.227901
ACCT_00001991,CUST_000999,CHECKING,925964494,BR_15,108886.58,INACTIVE,2023-09-03,2026-09-20T15:49:40.227905
ACCT_00001992,CUST_001000,MONEY_MARKET,193248673,BR_08,496727.95,ACTIVE,2025-07-11,2026-09-20T15:49:40.227926
ACCT_00001993,CUST_001000,CHECKING,312725013,BR_07,311254.94,INACTIVE,2022-08-30,2026-09-20T15:49:40.227929
ACCT_00001994,CUST_001000,CHECKING,656302923,BR_13,195443.63,CLOSED,2026-06-28,2026-09-20T15:49:40.227932
ACCT_00001995,CUST_001001,MONEY_MARKET,300238920,BR_10,363154.55,INACTIVE,2022-03-30,2026-09-20T15:49:40.227942
ACCT_00001996,CUST_001001,CHECKING,469334329,BR_03,359596.33,CLOSED,2024-08-30,2026-09-20T15:49:40.227945
ACCT_00001997,CUST_001001,MONEY_MARKET,833242738,BR_04,454781.34,ACTIVE,2025-09-09,2026-09-20T15:49:40.227948
ACCT_00001998,CUST_001002,MONEY_MARKET,844344673,BR_13,407359.32,ACTIVE,2022-09-19,2026-09-20T15:49:40.227958
ACCT_00001999,CUST_001003,CHECKING,660721366,BR_10,304001.07,ACTIVE,2025-01-10,2026-09-20T15:49:40.227968
ACCT_00002000,CUST_001003,SAVINGS,608611547,BR_12,346777.02,ACTIVE,2022-04-03,2026-09-20T15:49:40.227971
ACCT_00002001,CUST_001003,SAVINGS,342130763,BR_03,113395.92,INACTIVE,2026-02-24,2026-09-20T15:49:40.227974
ACCT_00002002,CUST_001004,SAVINGS,137321568,BR_08,198608.3,ACTIVE,2023-07-20,2026-09-20T15:49:40.227983
ACCT_00002003,CUST_001004,SAVINGS,148921479,BR_09,93800.03,CLOSED,2023-11-06,2026-09-20T15:49:40.227987
ACCT_00002004,CUST_001004,CHECKING,920866223,BR_09,403482.2,ACTIVE,2024-07-02,2026-09-20T15:49:40.227990
ACCT_00002005,CUST_001005,CHECKING,115203610,BR_08,62428.18,INACTIVE,2026-01-29,2026-09-20T15:49:40.227999
ACCT_00002006,CUST_001006,MONEY_MARKET,984362336,BR_09,111208.46,CLOSED,2022-11-02,2026-09-20T15:49:40.228009
ACCT_00002007,CUST_001006,MONEY_MARKET,778733695,BR_03,353072.88,INACTIVE,2022-11-26,2026-09-20T15:49:40.228012
ACCT_00002008,CUST_001007,SAVINGS,859620225,BR_13,131142.97,INACTIVE,2022-04-08,2026-09-20T15:49:40.228022
ACCT_00002009,CUST_001007,SAVINGS,613760094,BR_04,162223.49,INACTIVE,2025-11-26,2026-09-20T15:49:40.228025
ACCT_00002010,CUST_001007,CHECKING,325292708,BR_04,491077.93,ACTIVE,2025-11-04,2026-09-20T15:49:40.228028
ACCT_00002011,CUST_001008,MONEY_MARKET,645845541,BR_01,317406.74,CLOSED,2024-12-31,2026-09-20T15:49:40.228037
ACCT_00002012,CUST_001009,CHECKING,471628615,BR_09,495195.73,CLOSED,2023-06-19,2026-09-20T15:49:40.228047
ACCT_00002013,CUST_001009,CHECKING,870253965,BR_14,332535.53,CLOSED,2023-02-06,2026-09-20T15:49:40.228051
ACCT_00002014,CUST_001010,CHECKING,888397590,BR_06,202573.18,INACTIVE,2025-08-12,2026-09-20T15:49:40.228062
ACCT_00002015,CUST_001011,SAVINGS,326627746,BR_06,328079.25,INACTIVE,2025-04-12,2026-09-20T15:49:40.228074
ACCT_00002016,CUST_001011,MONEY_MARKET,948638069,BR_12,239446.35,ACTIVE,2026-04-07,2026-09-20T15:49:40.228077
ACCT_00002017,CUST_001011,MONEY_MARKET,223201532,BR_09,27805.39,INACTIVE,2022-10-21,2026-09-20T15:49:40.228080
ACCT_00002018,CUST_001012,SAVINGS,212250457,BR_14,118233.75,INACTIVE,2022-11-20,2026-09-20T15:49:40.228092
ACCT_00002019,CUST_001012,SAVINGS,346010547,BR_14,279489.36,INACTIVE,2022-04-23,2026-09-20T15:49:40.228095
ACCT_00002020,CUST_001013,MONEY_MARKET,703104265,BR_06,74333.73,CLOSED,2026-03-28,2026-09-20T15:49:40.228106
ACCT_00002021,CUST_001014,SAVINGS,287383818,BR_07,330583.12,CLOSED,2022-03-29,2026-09-20T15:49:40.228117
ACCT_00002022,CUST_001015,MONEY_MARKET,528741321,BR_04,285498.19,CLOSED,2023-12-26,2026-09-20T15:49:40.228127
ACCT_00002023,CUST_001015,MONEY_MARKET,492318435,BR_07,31722.45,CLOSED,2025-02-01,2026-09-20T15:49:40.228129
ACCT_00002024,CUST_001016,CHECKING,488192167,BR_06,125788.39,ACTIVE,2022-02-27,2026-09-20T15:49:40.228139
ACCT_00002025,CUST_001016,CHECKING,772387031,BR_11,33739.67,ACTIVE,2024-03-28,2026-09-20T15:49:40.228142
ACCT_00002026,CUST_001017,SAVINGS,177331835,BR_02,283156.6,CLOSED,2024-09-20,2026-09-20T15:49:40.228152
ACCT_00002027,CUST_001017,SAVINGS,559846264,BR_05,8551.8,CLOSED,2026-02-15,2026-09-20T15:49:40.228155
ACCT_00002028,CUST_001017,MONEY_MARKET,874056751,BR_07,296253.29,ACTIVE,2023-04-29,2026-09-20T15:49:40.228158
ACCT_00002029,CUST_001018,SAVINGS,687467504,BR_08,178940.58,ACTIVE,2026-04-20,2026-09-20T15:49:40.228170
ACCT_00002030,CUST_001018,SAVINGS,962674381,BR_01,405620.62,ACTIVE,2025-03-20,2026-09-20T15:49:40.228173
ACCT_00002031,CUST_001019,SAVINGS,269968727,BR_11,7552.98,CLOSED,2021-10-11,2026-09-20T15:49:40.228182
ACCT_00002032,CUST_001020,SAVINGS,203180131,BR_03,364509.17,ACTIVE,2025-10-19,2026-09-20T15:49:40.228192
ACCT_00002033,CUST_001020,SAVINGS,178696260,BR_04,285829.65,CLOSED,2024-03-24,2026-09-20T15:49:40.228195
ACCT_00002034,CUST_001020,MONEY_MARKET,533290977,BR_08,266036.95,CLOSED,2024-02-04,2026-09-20T15:49:40.228198
ACCT_00002035,CUST_001021,CHECKING,708161666,BR_09,237335.78,ACTIVE,2025-09-18,2026-09-20T15:49:40.228210
ACCT_00002036,CUST_001021,SAVINGS,626723507,BR_15,241987.98,ACTIVE,2022-03-01,2026-09-20T15:49:40.228213
ACCT_00002037,CUST_001022,CHECKING,241574585,BR_08,326051.95,CLOSED,2022-05-09,2026-09-20T15:49:40.228225
ACCT_00002038,CUST_001022,CHECKING,594331680,BR_06,347756.89,CLOSED,2023-08-22,2026-09-20T15:49:40.228228
ACCT_00002039,CUST_001022,MONEY_MARKET,610193066,BR_11,272393.84,INACTIVE,2025-04-23,2026-09-20T15:49:40.228231
ACCT_00002040,CUST_001023,CHECKING,777493723,BR_11,285875.74,CLOSED,2022-10-02,2026-09-20T15:49:40.228243
ACCT_00002041,CUST_001023,SAVINGS,317986019,BR_02,301348.69,CLOSED,2022-04-28,2026-09-20T15:49:40.228246
ACCT_00002042,CUST_001023,SAVINGS,453063140,BR_05,94269.21,CLOSED,2022-11-14,2026-09-20T15:49:40.228249
ACCT_00002043,CUST_001024,MONEY_MARKET,783902885,BR_06,90926.33,ACTIVE,2025-10-29,2026-09-20T15:49:40.228259
ACCT_00002044,CUST_001024,CHECKING,270230537,BR_02,293088.14,INACTIVE,2021-12-01,2026-09-20T15:49:40.228261
ACCT_00002045,CUST_001024,CHECKING,931715844,BR_06,243196.35,INACTIVE,2025-02-10,2026-09-20T15:49:40.228264
ACCT_00002046,CUST_001025,MONEY_MARKET,787284827,BR_08,399790.5,INACTIVE,2023-12-13,2026-09-20T15:49:40.228274
ACCT_00002047,CUST_001025,CHECKING,863394412,BR_01,695.19,INACTIVE,2023-06-29,2026-09-20T15:49:40.228277
ACCT_00002048,CUST_001026,SAVINGS,428747917,BR_05,272423.29,INACTIVE,2023-11-09,2026-09-20T15:49:40.228289
ACCT_00002049,CUST_001026,SAVINGS,419700054,BR_10,223968.26,INACTIVE,2024-11-26,2026-09-20T15:49:40.228292
ACCT_00002050,CUST_001027,SAVINGS,976404979,BR_04,192889.9,INACTIVE,2024-03-31,2026-09-20T15:49:40.228305
ACCT_00002051,CUST_001028,CHECKING,375878162,BR_14,165379.87,ACTIVE,2024-05-11,2026-09-20T15:49:40.228316
ACCT_00002052,CUST_001028,CHECKING,479034438,BR_06,349545.89,INACTIVE,2025-07-10,2026-09-20T15:49:40.228318
ACCT_00002053,CUST_001028,CHECKING,732287160,BR_12,193121.85,INACTIVE,2023-06-21,2026-09-20T15:49:40.228321
ACCT_00002054,CUST_001029,MONEY_MARKET,300222221,BR_08,220745.58,ACTIVE,2023-01-29,2026-09-20T15:49:40.228331
ACCT_00002055,CUST_001029,MONEY_MARKET,798011488,BR_06,68762.86,CLOSED,2024-07-04,2026-09-20T15:49:40.228334
ACCT_00002056,CUST_001030,SAVINGS,321071257,BR_01,347391.27,CLOSED,2024-01-10,2026-09-20T15:49:40.228343
ACCT_00002057,CUST_001031,CHECKING,292464207,BR_06,174947.31,ACTIVE,2023-09-03,2026-09-20T15:49:40.228353
ACCT_00002058,CUST_001031,CHECKING,596790858,BR_07,337243.13,INACTIVE,2024-12-16,2026-09-20T15:49:40.228356
ACCT_00002059,CUST_001031,CHECKING,184141769,BR_14,157075.38,INACTIVE,2023-09-12,2026-09-20T15:49:40.228359
ACCT_00002060,CUST_001032,MONEY_MARKET,711943479,BR_13,167766.06,INACTIVE,2024-09-06,2026-09-20T15:49:40.228371
ACCT_00002061,CUST_001032,SAVINGS,544472750,BR_11,217368.8,INACTIVE,2024-10-14,2026-09-20T15:49:40.228374
ACCT_00002062,CUST_001032,SAVINGS,413704286,BR_12,110781.18,CLOSED,2025-03-12,2026-09-20T15:49:40.228378
ACCT_00002063,CUST_001033,SAVINGS,757115733,BR_02,197821.41,CLOSED,2023-05-03,2026-09-20T15:49:40.228389
ACCT_00002064,CUST_001034,MONEY_MARKET,360337356,BR_14,352873.03,INACTIVE,2025-02-03,2026-09-20T15:49:40.228399
ACCT_00002065,CUST_001035,SAVINGS,406111860,BR_04,287502.47,INACTIVE,2024-05-04,2026-09-20T15:49:40.228408
ACCT_00002066,CUST_001035,SAVINGS,118442805,BR_09,379559.33,CLOSED,2022-09-19,2026-09-20T15:49:40.228411
ACCT_00002067,CUST_001035,MONEY_MARKET,283972085,BR_03,112341.93,CLOSED,2024-10-18,2026-09-20T15:49:40.228414
ACCT_00002068,CUST_001036,SAVINGS,237765049,BR_10,361502.72,CLOSED,2025-05-31,2026-09-20T15:49:40.228423
ACCT_00002069,CUST_001036,MONEY_MARKET,818341713,BR_14,266635.98,CLOSED,2023-05-16,2026-09-20T15:49:40.228426
ACCT_00002070,CUST_001036,SAVINGS,207115374,BR_04,78930.89,ACTIVE,2022-05-18,2026-09-20T15:49:40.228429
ACCT_00002071,CUST_001037,SAVINGS,238608002,BR_01,345666.85,ACTIVE,2021-10-24,2026-09-20T15:49:40.228439
ACCT_00002072,CUST_001037,SAVINGS,917851666,BR_01,239517.2,INACTIVE,2021-11-11,2026-09-20T15:49:40.228442
ACCT_00002073,CUST_001037,MONEY_MARKET,473391201,BR_04,143604.0,CLOSED,2022-03-29,2026-09-20T15:49:40.228445
ACCT_00002074,CUST_001038,SAVINGS,461505382,BR_08,400196.42,ACTIVE,2021-10-27,2026-09-20T15:49:40.228454
ACCT_00002075,CUST_001038,CHECKING,140042366,BR_04,5179.3,INACTIVE,2025-01-29,2026-09-20T15:49:40.228457
ACCT_00002076,CUST_001039,SAVINGS,426832697,BR_07,464457.31,ACTIVE,2022-08-01,2026-09-20T15:49:40.228467
ACCT_00002077,CUST_001039,MONEY_MARKET,339923387,BR_10,27398.38,ACTIVE,2025-11-05,2026-09-20T15:49:40.228471
ACCT_00002078,CUST_001039,MONEY_MARKET,482006738,BR_02,68266.57,ACTIVE,2025-06-30,2026-09-20T15:49:40.228474
ACCT_00002079,CUST_001040,SAVINGS,457897966,BR_14,196801.8,INACTIVE,2023-09-04,2026-09-20T15:49:40.228485
ACCT_00002080,CUST_001040,MONEY_MARKET,738775022,BR_07,95238.26,CLOSED,2024-09-30,2026-09-20T15:49:40.228488
ACCT_00002081,CUST_001040,MONEY_MARKET,827503909,BR_14,235729.52,ACTIVE,2023-07-11,2026-09-20T15:49:40.228491
ACCT_00002082,CUST_001041,CHECKING,715967127,BR_10,109278.6,ACTIVE,2025-03-05,2026-09-20T15:49:40.228501
ACCT_00002083,CUST_001041,MONEY_MARKET,487079860,BR_09,149242.48,INACTIVE,2022-09-27,2026-09-20T15:49:40.228504
ACCT_00002084,CUST_001042,SAVINGS,516489739,BR_04,42412.57,ACTIVE,2023-08-07,2026-09-20T15:49:40.228514
ACCT_00002085,CUST_001042,MONEY_MARKET,498343846,BR_01,442520.5,INACTIVE,2025-08-11,2026-09-20T15:49:40.228517
ACCT_00002086,CUST_001043,SAVINGS,269190920,BR_15,335407.18,ACTIVE,2026-06-14,2026-09-20T15:49:40.228526
ACCT_00002087,CUST_001044,CHECKING,432889352,BR_08,146448.27,INACTIVE,2024-05-11,2026-09-20T15:49:40.228536
ACCT_00002088,CUST_001045,MONEY_MARKET,215729432,BR_01,150698.78,CLOSED,2024-02-10,2026-09-20T15:49:40.228545
ACCT_00002089,CUST_001046,MONEY_MARKET,546338604,BR_09,370751.61,CLOSED,2022-02-23,2026-09-20T15:49:40.228555
ACCT_00002090,CUST_001046,MONEY_MARKET,525464891,BR_13,410795.05,ACTIVE,2026-06-16,2026-09-20T15:49:40.228558
ACCT_00002091,CUST_001046,MONEY_MARKET,949834147,BR_15,494289.43,CLOSED,2024-11-17,2026-09-20T15:49:40.228561
ACCT_00002092,CUST_001047,MONEY_MARKET,251256177,BR_10,430191.68,INACTIVE,2022-06-01,2026-09-20T15:49:40.228570
ACCT_00002093,CUST_001047,MONEY_MARKET,153819205,BR_03,443071.87,CLOSED,2026-02-19,2026-09-20T15:49:40.228573
ACCT_00002094,CUST_001047,MONEY_MARKET,811530233,BR_08,219133.27,INACTIVE,2026-04-12,2026-09-20T15:49:40.228576
ACCT_00002095,CUST_001048,SAVINGS,302210968,BR_01,151118.83,INACTIVE,2026-04-24,2026-09-20T15:49:40.228587
ACCT_00002096,CUST_001048,CHECKING,345222112,BR_09,396990.21,INACTIVE,2026-05-17,2026-09-20T15:49:40.228590
ACCT_00002097,CUST_001049,CHECKING,975171243,BR_09,304790.02,INACTIVE,2024-04-09,2026-09-20T15:49:40.228601
ACCT_00002098,CUST_001050,SAVINGS,294534133,BR_08,375828.07,CLOSED,2021-09-30,2026-09-20T15:49:40.228613
ACCT_00002099,CUST_001050,CHECKING,313642767,BR_04,66824.94,ACTIVE,2023-02-21,2026-09-20T15:49:40.228616
ACCT_00002100,CUST_001051,CHECKING,246342612,BR_01,67307.58,INACTIVE,2023-06-04,2026-09-20T15:49:40.228627
ACCT_00002101,CUST_001052,CHECKING,319484826,BR_15,5079.42,ACTIVE,2025-05-29,2026-09-20T15:49:40.228637
ACCT_00002102,CUST_001053,SAVINGS,538399633,BR_08,220542.51,CLOSED,2022-10-04,2026-09-20T15:49:40.228647
ACCT_00002103,CUST_001054,MONEY_MARKET,559321282,BR_13,228201.49,ACTIVE,2024-03-08,2026-09-20T15:49:40.228656
ACCT_00002104,CUST_001055,CHECKING,933122427,BR_08,304875.29,INACTIVE,2022-06-06,2026-09-20T15:49:40.228666
ACCT_00002105,CUST_001055,SAVINGS,367494277,BR_15,374221.56,ACTIVE,2025-01-29,2026-09-20T15:49:40.228669
ACCT_00002106,CUST_001056,SAVINGS,326140103,BR_01,39213.13,ACTIVE,2025-05-06,2026-09-20T15:49:40.228678
ACCT_00002107,CUST_001056,MONEY_MARKET,724618391,BR_09,384814.28,INACTIVE,2025-09-06,2026-09-20T15:49:40.228681
ACCT_00002108,CUST_001056,CHECKING,131185099,BR_04,135499.53,ACTIVE,2026-05-18,2026-09-20T15:49:40.228684
ACCT_00002109,CUST_001057,MONEY_MARKET,417833070,BR_08,34143.88,CLOSED,2022-02-06,2026-09-20T15:49:40.228694
ACCT_00002110,CUST_001058,CHECKING,197567679,BR_08,358877.89,ACTIVE,2022-12-05,2026-09-20T15:49:40.228704
ACCT_00002111,CUST_001058,CHECKING,414256405,BR_01,440551.91,ACTIVE,2024-03-05,2026-09-20T15:49:40.228708
ACCT_00002112,CUST_001058,MONEY_MARKET,544085808,BR_15,415679.6,CLOSED,2023-07-29,2026-09-20T15:49:40.228714
ACCT_00002113,CUST_001059,MONEY_MARKET,933425421,BR_02,415865.35,INACTIVE,2023-01-14,2026-09-20T15:49:40.228725
ACCT_00002114,CUST_001059,MONEY_MARKET,841938227,BR_08,160625.35,INACTIVE,2024-04-26,2026-09-20T15:49:40.228728
ACCT_00002115,CUST_001060,MONEY_MARKET,944669461,BR_14,300400.03,ACTIVE,2025-02-27,2026-09-20T15:49:40.228738
ACCT_00002116,CUST_001061,SAVINGS,486290168,BR_11,270857.83,CLOSED,2021-09-30,2026-09-20T15:49:40.228748
ACCT_00002117,CUST_001062,CHECKING,946774055,BR_11,234633.55,ACTIVE,2024-09-25,2026-09-20T15:49:40.228757
ACCT_00002118,CUST_001062,MONEY_MARKET,168815053,BR_03,77860.36,CLOSED,2026-05-31,2026-09-20T15:49:40.228761
ACCT_00002119,CUST_001063,MONEY_MARKET,468553408,BR_07,197162.04,CLOSED,2025-01-21,2026-09-20T15:49:40.228771
ACCT_00002120,CUST_001063,MONEY_MARKET,373506158,BR_15,253615.9,CLOSED,2025-10-24,2026-09-20T15:49:40.228774
ACCT_00002121,CUST_001063,CHECKING,621267068,BR_04,313637.81,INACTIVE,2023-06-04,2026-09-20T15:49:40.228777
ACCT_00002122,CUST_001064,CHECKING,207083934,BR_03,42359.71,ACTIVE,2025-12-20,2026-09-20T15:49:40.228787
ACCT_00002123,CUST_001065,SAVINGS,651380104,BR_01,117929.53,INACTIVE,2022-10-12,2026-09-20T15:49:40.228797
ACCT_00002124,CUST_001065,MONEY_MARKET,546599993,BR_13,459114.78,CLOSED,2026-05-11,2026-09-20T15:49:40.228800
ACCT_00002125,CUST_001065,MONEY_MARKET,179385935,BR_08,427543.37,INACTIVE,2025-01-02,2026-09-20T15:49:40.228804
ACCT_00002126,CUST_001066,CHECKING,956779135,BR_11,466272.95,CLOSED,2025-10-16,2026-09-20T15:49:40.228816
ACCT_00002127,CUST_001066,SAVINGS,211206375,BR_10,485815.05,CLOSED,2025-03-24,2026-09-20T15:49:40.228819
ACCT_00002128,CUST_001066,MONEY_MARKET,481135017,BR_03,299128.99,CLOSED,2022-05-09,2026-09-20T15:49:40.228823
ACCT_00002129,CUST_001067,SAVINGS,209547073,BR_03,87833.89,INACTIVE,2024-06-18,2026-09-20T15:49:40.228833
ACCT_00002130,CUST_001068,SAVINGS,368192082,BR_04,278822.4,ACTIVE,2025-09-21,2026-09-20T15:49:40.228842
ACCT_00002131,CUST_001068,CHECKING,487316452,BR_14,144701.76,ACTIVE,2026-01-02,2026-09-20T15:49:40.228845
ACCT_00002132,CUST_001068,SAVINGS,289137013,BR_07,339595.69,CLOSED,2022-02-03,2026-09-20T15:49:40.228848
ACCT_00002133,CUST_001069,MONEY_MARKET,793689814,BR_07,425013.69,ACTIVE,2025-07-18,2026-09-20T15:49:40.228858
ACCT_00002134,CUST_001069,MONEY_MARKET,890210175,BR_01,346208.8,ACTIVE,2025-07-03,2026-09-20T15:49:40.228861
ACCT_00002135,CUST_001070,SAVINGS,424315042,BR_08,438616.82,ACTIVE,2024-12-05,2026-09-20T15:49:40.228870
ACCT_00002136,CUST_001070,MONEY_MARKET,656804859,BR_08,254336.43,CLOSED,2024-10-13,2026-09-20T15:49:40.228873
ACCT_00002137,CUST_001071,SAVINGS,598887226,BR_01,402239.3,ACTIVE,2021-10-25,2026-09-20T15:49:40.228883
ACCT_00002138,CUST_001072,MONEY_MARKET,833490821,BR_07,383001.02,CLOSED,2024-09-05,2026-09-20T15:49:40.228892
ACCT_00002139,CUST_001072,CHECKING,757213142,BR_13,437490.49,ACTIVE,2022-03-22,2026-09-20T15:49:40.228895
ACCT_00002140,CUST_001073,SAVINGS,633472728,BR_05,311994.63,ACTIVE,2024-05-30,2026-09-20T15:49:40.228906
ACCT_00002141,CUST_001073,SAVINGS,781461885,BR_11,104680.62,CLOSED,2022-06-26,2026-09-20T15:49:40.228909
ACCT_00002142,CUST_001073,SAVINGS,544652427,BR_04,134076.93,INACTIVE,2023-11-06,2026-09-20T15:49:40.228912
ACCT_00002143,CUST_001074,SAVINGS,953399697,BR_03,80092.99,INACTIVE,2023-06-17,2026-09-20T15:49:40.228923
ACCT_00002144,CUST_001074,CHECKING,118830065,BR_07,40368.65,INACTIVE,2024-09-05,2026-09-20T15:49:40.228926
ACCT_00002145,CUST_001075,CHECKING,252213519,BR_13,302332.79,ACTIVE,2022-12-21,2026-09-20T15:49:40.228936
ACCT_00002146,CUST_001075,SAVINGS,714936900,BR_12,463730.48,ACTIVE,2023-04-26,2026-09-20T15:49:40.228939
ACCT_00002147,CUST_001075,SAVINGS,225655296,BR_02,161357.9,INACTIVE,2025-05-31,2026-09-20T15:49:40.228942
ACCT_00002148,CUST_001076,CHECKING,735024208,BR_06,157970.74,CLOSED,2022-09-16,2026-09-20T15:49:40.228952
ACCT_00002149,CUST_001077,SAVINGS,349743101,BR_07,122257.44,CLOSED,2022-08-08,2026-09-20T15:49:40.228961
ACCT_00002150,CUST_001077,CHECKING,793371580,BR_07,86263.0,CLOSED,2022-08-02,2026-09-20T15:49:40.228964
ACCT_00002151,CUST_001077,SAVINGS,813050798,BR_13,476982.28,ACTIVE,2024-03-21,2026-09-20T15:49:40.228967
ACCT_00002152,CUST_001078,CHECKING,459944564,BR_11,129678.55,CLOSED,2026-06-27,2026-09-20T15:49:40.228976
ACCT_00002153,CUST_001078,MONEY_MARKET,818143426,BR_09,169887.25,ACTIVE,2025-06-28,2026-09-20T15:49:40.228979
ACCT_00002154,CUST_001079,CHECKING,339482325,BR_11,269201.06,ACTIVE,2026-05-24,2026-09-20T15:49:40.228989
ACCT_00002155,CUST_001079,SAVINGS,716216813,BR_09,425848.66,ACTIVE,2022-09-09,2026-09-20T15:49:40.228992
ACCT_00002156,CUST_001079,CHECKING,168968950,BR_14,321218.87,ACTIVE,2021-11-14,2026-09-20T15:49:40.228995
ACCT_00002157,CUST_001080,CHECKING,989955551,BR_03,391077.27,INACTIVE,2022-06-09,2026-09-20T15:49:40.229004
ACCT_00002158,CUST_001081,MONEY_MARKET,811618397,BR_15,441729.55,CLOSED,2024-07-20,2026-09-20T15:49:40.229013
ACCT_00002159,CUST_001081,MONEY_MARKET,264984400,BR_14,217776.56,INACTIVE,2023-08-20,2026-09-20T15:49:40.229016
ACCT_00002160,CUST_001082,SAVINGS,419925942,BR_15,4317.21,CLOSED,2026-01-09,2026-09-20T15:49:40.229026
ACCT_00002161,CUST_001082,MONEY_MARKET,450809299,BR_05,278180.38,ACTIVE,2024-06-15,2026-09-20T15:49:40.229029
ACCT_00002162,CUST_001083,SAVINGS,905388622,BR_03,418602.12,CLOSED,2026-08-20,2026-09-20T15:49:40.229038
ACCT_00002163,CUST_001083,CHECKING,953208639,BR_07,88912.92,CLOSED,2023-11-06,2026-09-20T15:49:40.229041
ACCT_00002164,CUST_001084,MONEY_MARKET,663088897,BR_08,122351.52,INACTIVE,2023-09-20,2026-09-20T15:49:40.229051
ACCT_00002165,CUST_001084,SAVINGS,933157493,BR_12,479885.39,CLOSED,2024-05-21,2026-09-20T15:49:40.229054
ACCT_00002166,CUST_001085,SAVINGS,904162114,BR_05,387557.89,ACTIVE,2023-04-19,2026-09-20T15:49:40.229063
ACCT_00002167,CUST_001085,SAVINGS,877625813,BR_03,108933.99,CLOSED,2025-08-17,2026-09-20T15:49:40.229066
ACCT_00002168,CUST_001086,MONEY_MARKET,251300266,BR_12,465087.98,ACTIVE,2025-08-20,2026-09-20T15:49:40.229076
ACCT_00002169,CUST_001087,CHECKING,296518095,BR_01,152888.57,ACTIVE,2026-05-20,2026-09-20T15:49:40.229086
ACCT_00002170,CUST_001088,CHECKING,756844639,BR_05,265995.58,ACTIVE,2025-01-22,2026-09-20T15:49:40.229095
ACCT_00002171,CUST_001088,MONEY_MARKET,621406398,BR_09,458526.58,CLOSED,2022-04-22,2026-09-20T15:49:40.229098
ACCT_00002172,CUST_001089,CHECKING,196687876,BR_08,431364.16,INACTIVE,2025-10-11,2026-09-20T15:49:40.229107
ACCT_00002173,CUST_001089,SAVINGS,731497110,BR_10,297071.33,CLOSED,2025-01-30,2026-09-20T15:49:40.229110
ACCT_00002174,CUST_001089,MONEY_MARKET,841584831,BR_09,48357.88,ACTIVE,2023-10-04,2026-09-20T15:49:40.229113
ACCT_00002175,CUST_001090,CHECKING,219071165,BR_12,274821.42,ACTIVE,2025-05-29,2026-09-20T15:49:40.229123
ACCT_00002176,CUST_001090,SAVINGS,553385696,BR_07,10566.29,CLOSED,2022-06-17,2026-09-20T15:49:40.229126
ACCT_00002177,CUST_001090,CHECKING,858309093,BR_01,31287.74,INACTIVE,2025-07-15,2026-09-20T15:49:40.229129
ACCT_00002178,CUST_001091,CHECKING,679006009,BR_06,96776.56,INACTIVE,2025-07-31,2026-09-20T15:49:40.229142
ACCT_00002179,CUST_001091,CHECKING,104132664,BR_06,315940.97,INACTIVE,2022-02-05,2026-09-20T15:49:40.229146
ACCT_00002180,CUST_001091,CHECKING,390074356,BR_04,443159.33,ACTIVE,2023-07-22,2026-09-20T15:49:40.229149
ACCT_00002181,CUST_001092,CHECKING,481476905,BR_09,344587.32,INACTIVE,2021-11-30,2026-09-20T15:49:40.229161
ACCT_00002182,CUST_001092,MONEY_MARKET,283519753,BR_11,389198.87,CLOSED,2026-04-16,2026-09-20T15:49:40.229164
ACCT_00002183,CUST_001092,CHECKING,584366936,BR_07,267037.54,INACTIVE,2025-09-20,2026-09-20T15:49:40.229167
ACCT_00002184,CUST_001093,SAVINGS,362063464,BR_14,113646.49,CLOSED,2025-06-24,2026-09-20T15:49:40.229176
ACCT_00002185,CUST_001093,MONEY_MARKET,754353069,BR_15,192743.73,ACTIVE,2025-06-08,2026-09-20T15:49:40.229180
ACCT_00002186,CUST_001094,SAVINGS,902067778,BR_02,252878.53,CLOSED,2025-12-31,2026-09-20T15:49:40.229189
ACCT_00002187,CUST_001094,MONEY_MARKET,682323497,BR_15,405681.5,INACTIVE,2025-08-24,2026-09-20T15:49:40.229192
ACCT_00002188,CUST_001095,SAVINGS,212479669,BR_04,217083.31,INACTIVE,2022-04-13,2026-09-20T15:49:40.229202
ACCT_00002189,CUST_001095,CHECKING,100880981,BR_02,95016.97,CLOSED,2023-10-21,2026-09-20T15:49:40.229205
ACCT_00002190,CUST_001096,CHECKING,342245638,BR_12,304426.02,ACTIVE,2022-11-12,2026-09-20T15:49:40.229215
ACCT_00002191,CUST_001097,MONEY_MARKET,885001708,BR_04,174728.88,ACTIVE,2024-01-20,2026-09-20T15:49:40.229224
ACCT_00002192,CUST_001097,MONEY_MARKET,744338106,BR_12,428083.55,CLOSED,2023-12-19,2026-09-20T15:49:40.229227
ACCT_00002193,CUST_001097,SAVINGS,860474498,BR_13,368167.97,CLOSED,2026-07-12,2026-09-20T15:49:40.229231
ACCT_00002194,CUST_001098,SAVINGS,629363665,BR_07,47576.46,ACTIVE,2024-04-08,2026-09-20T15:49:40.229242
ACCT_00002195,CUST_001098,MONEY_MARKET,876692943,BR_06,412778.34,ACTIVE,2026-08-09,2026-09-20T15:49:40.229245
ACCT_00002196,CUST_001099,MONEY_MARKET,661187595,BR_02,428164.67,INACTIVE,2025-04-02,2026-09-20T15:49:40.229256
ACCT_00002197,CUST_001099,CHECKING,766976116,BR_03,233597.73,INACTIVE,2024-05-04,2026-09-20T15:49:40.229260
ACCT_00002198,CUST_001099,CHECKING,594613062,BR_15,251633.67,ACTIVE,2024-08-30,2026-09-20T15:49:40.229263
ACCT_00002199,CUST_001100,SAVINGS,722292864,BR_14,266667.18,ACTIVE,2023-08-09,2026-09-20T15:49:40.229273
ACCT_00002200,CUST_001100,MONEY_MARKET,420950640,BR_06,330404.5,ACTIVE,2022-07-09,2026-09-20T15:49:40.229276
ACCT_00002201,CUST_001100,MONEY_MARKET,117863091,BR_12,410972.13,ACTIVE,2022-09-15,2026-09-20T15:49:40.229278
ACCT_00002202,CUST_001101,SAVINGS,495823594,BR_12,476675.18,INACTIVE,2023-08-24,2026-09-20T15:49:40.229288
ACCT_00002203,CUST_001101,SAVINGS,920037430,BR_03,305856.62,INACTIVE,2023-06-01,2026-09-20T15:49:40.229291
ACCT_00002204,CUST_001102,CHECKING,447541007,BR_08,102149.59,CLOSED,2023-10-18,2026-09-20T15:49:40.229300
ACCT_00002205,CUST_001103,MONEY_MARKET,274491262,BR_06,163142.53,CLOSED,2025-02-09,2026-09-20T15:49:40.229310
ACCT_00002206,CUST_001103,MONEY_MARKET,567244461,BR_11,318267.32,INACTIVE,2022-07-02,2026-09-20T15:49:40.229313
ACCT_00002207,CUST_001103,SAVINGS,246569717,BR_10,430840.42,ACTIVE,2024-02-22,2026-09-20T15:49:40.229315
ACCT_00002208,CUST_001104,MONEY_MARKET,610220123,BR_03,382439.61,INACTIVE,2024-04-07,2026-09-20T15:49:40.229325
ACCT_00002209,CUST_001104,MONEY_MARKET,426968135,BR_02,382258.47,CLOSED,2023-03-03,2026-09-20T15:49:40.229328
ACCT_00002210,CUST_001105,SAVINGS,123186044,BR_09,2023.23,CLOSED,2024-01-28,2026-09-20T15:49:40.229337
ACCT_00002211,CUST_001105,SAVINGS,836588668,BR_11,249065.46,CLOSED,2024-08-31,2026-09-20T15:49:40.229341
ACCT_00002212,CUST_001106,MONEY_MARKET,713083580,BR_05,202873.49,ACTIVE,2023-10-14,2026-09-20T15:49:40.229351
ACCT_00002213,CUST_001106,CHECKING,961922308,BR_10,401011.13,INACTIVE,2026-01-03,2026-09-20T15:49:40.229355
ACCT_00002214,CUST_001106,SAVINGS,596115253,BR_04,144558.73,INACTIVE,2023-09-24,2026-09-20T15:49:40.229359
ACCT_00002215,CUST_001107,SAVINGS,321467715,BR_07,366564.76,CLOSED,2022-02-08,2026-09-20T15:49:40.229370
ACCT_00002216,CUST_001107,MONEY_MARKET,214694782,BR_07,146554.35,CLOSED,2023-08-24,2026-09-20T15:49:40.229373
ACCT_00002217,CUST_001107,CHECKING,384778990,BR_05,158086.94,CLOSED,2025-09-14,2026-09-20T15:49:40.229376
ACCT_00002218,CUST_001108,MONEY_MARKET,652729718,BR_13,197309.79,ACTIVE,2024-10-21,2026-09-20T15:49:40.229386
ACCT_00002219,CUST_001108,CHECKING,226988835,BR_14,443826.11,ACTIVE,2025-09-20,2026-09-20T15:49:40.229388
ACCT_00002220,CUST_001108,SAVINGS,249830992,BR_08,19638.35,INACTIVE,2025-01-05,2026-09-20T15:49:40.229391
ACCT_00002221,CUST_001109,MONEY_MARKET,165720036,BR_01,419949.65,ACTIVE,2025-02-13,2026-09-20T15:49:40.229401
ACCT_00002222,CUST_001109,MONEY_MARKET,995032341,BR_05,179348.77,ACTIVE,2022-04-27,2026-09-20T15:49:40.229404
ACCT_00002223,CUST_001109,CHECKING,100584937,BR_09,438642.19,CLOSED,2023-07-11,2026-09-20T15:49:40.229407
ACCT_00002224,CUST_001110,MONEY_MARKET,963823038,BR_01,165007.02,INACTIVE,2022-11-25,2026-09-20T15:49:40.229416
ACCT_00002225,CUST_001111,MONEY_MARKET,354435136,BR_10,297542.7,INACTIVE,2025-03-03,2026-09-20T15:49:40.229426
ACCT_00002226,CUST_001111,MONEY_MARKET,213801929,BR_09,173881.73,ACTIVE,2026-07-23,2026-09-20T15:49:40.229429
ACCT_00002227,CUST_001111,CHECKING,580046546,BR_13,185341.95,ACTIVE,2026-05-17,2026-09-20T15:49:40.229432
ACCT_00002228,CUST_001112,CHECKING,149310804,BR_11,172522.22,INACTIVE,2022-05-18,2026-09-20T15:49:40.229441
ACCT_00002229,CUST_001113,SAVINGS,209331091,BR_10,444313.41,CLOSED,2024-08-23,2026-09-20T15:49:40.229451
ACCT_00002230,CUST_001113,MONEY_MARKET,318297901,BR_01,455589.12,INACTIVE,2024-06-19,2026-09-20T15:49:40.229454
ACCT_00002231,CUST_001113,SAVINGS,204251102,BR_09,130603.51,CLOSED,2025-07-25,2026-09-20T15:49:40.229456
ACCT_00002232,CUST_001114,MONEY_MARKET,814002285,BR_14,448611.61,INACTIVE,2024-03-20,2026-09-20T15:49:40.229466
ACCT_00002233,CUST_001114,SAVINGS,711476881,BR_01,251376.54,INACTIVE,2022-08-06,2026-09-20T15:49:40.229469
ACCT_00002234,CUST_001115,MONEY_MARKET,227039928,BR_09,236104.83,INACTIVE,2023-01-13,2026-09-20T15:49:40.229478
ACCT_00002235,CUST_001116,CHECKING,221331300,BR_11,375085.1,INACTIVE,2024-07-20,2026-09-20T15:49:40.229489
ACCT_00002236,CUST_001117,CHECKING,151115957,BR_04,135764.52,INACTIVE,2024-12-09,2026-09-20T15:49:40.229501
ACCT_00002237,CUST_001117,SAVINGS,241225724,BR_10,297693.47,ACTIVE,2024-06-07,2026-09-20T15:49:40.229505
ACCT_00002238,CUST_001117,SAVINGS,394483082,BR_11,171537.76,INACTIVE,2023-07-04,2026-09-20T15:49:40.229508
ACCT_00002239,CUST_001118,SAVINGS,276989901,BR_05,470005.26,INACTIVE,2025-11-04,2026-09-20T15:49:40.229520
ACCT_00002240,CUST_001118,CHECKING,225444347,BR_06,455089.58,CLOSED,2023-04-16,2026-09-20T15:49:40.229523
ACCT_00002241,CUST_001119,SAVINGS,247024266,BR_06,466226.21,ACTIVE,2025-08-09,2026-09-20T15:49:40.229535
ACCT_00002242,CUST_001119,CHECKING,234093369,BR_10,4056.41,ACTIVE,2025-06-06,2026-09-20T15:49:40.229538
ACCT_00002243,CUST_001120,MONEY_MARKET,808569224,BR_05,219844.46,ACTIVE,2025-03-10,2026-09-20T15:49:40.229549
ACCT_00002244,CUST_001120,SAVINGS,429964279,BR_08,450393.21,INACTIVE,2023-08-09,2026-09-20T15:49:40.229552
ACCT_00002245,CUST_001120,SAVINGS,835227852,BR_13,162907.58,CLOSED,2025-05-22,2026-09-20T15:49:40.229555
ACCT_00002246,CUST_001121,SAVINGS,450316416,BR_03,48284.81,ACTIVE,2023-08-23,2026-09-20T15:49:40.229565
ACCT_00002247,CUST_001121,CHECKING,435587077,BR_01,244600.55,ACTIVE,2025-11-14,2026-09-20T15:49:40.229568
ACCT_00002248,CUST_001121,SAVINGS,457574208,BR_12,173914.31,ACTIVE,2025-09-15,2026-09-20T15:49:40.229571
ACCT_00002249,CUST_001122,MONEY_MARKET,160512446,BR_01,370537.06,INACTIVE,2025-12-03,2026-09-20T15:49:40.229580
ACCT_00002250,CUST_001122,MONEY_MARKET,298464929,BR_02,465266.09,ACTIVE,2022-08-14,2026-09-20T15:49:40.229583
ACCT_00002251,CUST_001122,SAVINGS,354292725,BR_15,389422.59,ACTIVE,2023-02-01,2026-09-20T15:49:40.229586
ACCT_00002252,CUST_001123,SAVINGS,268634305,BR_07,386223.21,CLOSED,2023-01-14,2026-09-20T15:49:40.229596
ACCT_00002253,CUST_001123,MONEY_MARKET,885449020,BR_04,308781.0,CLOSED,2024-11-02,2026-09-20T15:49:40.229599
ACCT_00002254,CUST_001124,MONEY_MARKET,444916917,BR_09,162429.53,ACTIVE,2023-05-13,2026-09-20T15:49:40.229610
ACCT_00002255,CUST_001124,MONEY_MARKET,427785295,BR_03,340665.8,INACTIVE,2025-11-08,2026-09-20T15:49:40.229613
ACCT_00002256,CUST_001124,MONEY_MARKET,435681563,BR_02,203099.5,CLOSED,2024-10-19,2026-09-20T15:49:40.229617
ACCT_00002257,CUST_001125,SAVINGS,760295153,BR_02,224368.47,ACTIVE,2024-10-02,2026-09-20T15:49:40.229629
ACCT_00002258,CUST_001125,CHECKING,668109294,BR_14,318402.36,INACTIVE,2024-11-28,2026-09-20T15:49:40.229632
ACCT_00002259,CUST_001126,CHECKING,377375815,BR_08,227108.6,INACTIVE,2023-12-30,2026-09-20T15:49:40.229642
ACCT_00002260,CUST_001126,CHECKING,921075090,BR_06,319350.42,INACTIVE,2022-04-23,2026-09-20T15:49:40.229646
ACCT_00002261,CUST_001126,CHECKING,419505958,BR_08,436935.13,CLOSED,2022-06-21,2026-09-20T15:49:40.229649
ACCT_00002262,CUST_001127,SAVINGS,220404019,BR_14,394756.41,INACTIVE,2025-12-21,2026-09-20T15:49:40.229661
ACCT_00002263,CUST_001127,SAVINGS,723394061,BR_05,351193.69,CLOSED,2024-01-24,2026-09-20T15:49:40.229665
ACCT_00002264,CUST_001127,CHECKING,379127209,BR_05,423717.95,CLOSED,2025-07-01,2026-09-20T15:49:40.229668
ACCT_00002265,CUST_001128,SAVINGS,348429506,BR_08,255321.5,ACTIVE,2025-05-23,2026-09-20T15:49:40.229677
ACCT_00002266,CUST_001129,CHECKING,668923329,BR_04,210700.52,ACTIVE,2022-10-12,2026-09-20T15:49:40.229687
ACCT_00002267,CUST_001130,CHECKING,986372039,BR_11,260630.7,CLOSED,2025-08-13,2026-09-20T15:49:40.229696
ACCT_00002268,CUST_001131,CHECKING,650807925,BR_08,253063.2,ACTIVE,2022-01-31,2026-09-20T15:49:40.229706
ACCT_00002269,CUST_001131,MONEY_MARKET,173355224,BR_06,397222.5,INACTIVE,2023-08-05,2026-09-20T15:49:40.229709
ACCT_00002270,CUST_001132,CHECKING,110353744,BR_05,413622.24,INACTIVE,2025-08-10,2026-09-20T15:49:40.229718
ACCT_00002271,CUST_001132,SAVINGS,834730622,BR_02,156799.12,ACTIVE,2024-02-22,2026-09-20T15:49:40.229721
ACCT_00002272,CUST_001133,SAVINGS,538724149,BR_06,415882.94,ACTIVE,2024-10-20,2026-09-20T15:49:40.229731
ACCT_00002273,CUST_001133,MONEY_MARKET,343123279,BR_08,406102.68,CLOSED,2026-05-11,2026-09-20T15:49:40.229733
ACCT_00002274,CUST_001133,CHECKING,649631327,BR_10,431752.15,INACTIVE,2024-04-03,2026-09-20T15:49:40.229738
ACCT_00002275,CUST_001134,SAVINGS,301854363,BR_05,139680.24,INACTIVE,2023-11-09,2026-09-20T15:49:40.229747
ACCT_00002276,CUST_001134,CHECKING,889437181,BR_08,221402.27,INACTIVE,2025-09-23,2026-09-20T15:49:40.229750
ACCT_00002277,CUST_001134,MONEY_MARKET,968734630,BR_07,294466.28,ACTIVE,2024-11-24,2026-09-20T15:49:40.229753
ACCT_00002278,CUST_001135,CHECKING,973631388,BR_07,68362.2,CLOSED,2023-05-31,2026-09-20T15:49:40.229764
ACCT_00002279,CUST_001136,SAVINGS,775496328,BR_13,215062.81,INACTIVE,2026-05-06,2026-09-20T15:49:40.229775
ACCT_00002280,CUST_001136,MONEY_MARKET,730868347,BR_10,292960.04,ACTIVE,2022-10-09,2026-09-20T15:49:40.229778
ACCT_00002281,CUST_001137,CHECKING,151780354,BR_09,297829.13,INACTIVE,2023-12-13,2026-09-20T15:49:40.229788
ACCT_00002282,CUST_001138,MONEY_MARKET,118212699,BR_09,452969.83,CLOSED,2022-08-31,2026-09-20T15:49:40.229798
ACCT_00002283,CUST_001139,CHECKING,202219858,BR_12,42583.69,CLOSED,2024-05-05,2026-09-20T15:49:40.229809
ACCT_00002284,CUST_001139,MONEY_MARKET,660565413,BR_05,452310.59,ACTIVE,2022-12-28,2026-09-20T15:49:40.229812
ACCT_00002285,CUST_001140,SAVINGS,397357066,BR_12,468947.72,CLOSED,2024-12-20,2026-09-20T15:49:40.229824
ACCT_00002286,CUST_001140,MONEY_MARKET,906468773,BR_15,419702.33,CLOSED,2022-07-30,2026-09-20T15:49:40.229827
ACCT_00002287,CUST_001141,MONEY_MARKET,498049146,BR_08,85431.21,INACTIVE,2022-01-07,2026-09-20T15:49:40.229837
ACCT_00002288,CUST_001141,SAVINGS,452824489,BR_11,355018.38,INACTIVE,2022-05-30,2026-09-20T15:49:40.229840
ACCT_00002289,CUST_001142,CHECKING,656534054,BR_12,55669.82,CLOSED,2026-05-08,2026-09-20T15:49:40.229849
ACCT_00002290,CUST_001142,CHECKING,254038170,BR_02,220609.58,CLOSED,2024-01-17,2026-09-20T15:49:40.229852
ACCT_00002291,CUST_001142,MONEY_MARKET,678546200,BR_10,330200.55,CLOSED,2021-11-23,2026-09-20T15:49:40.229855
ACCT_00002292,CUST_001143,CHECKING,980470108,BR_03,149689.94,CLOSED,2025-08-02,2026-09-20T15:49:40.229865
ACCT_00002293,CUST_001143,MONEY_MARKET,753303060,BR_15,429953.56,ACTIVE,2024-01-18,2026-09-20T15:49:40.229868
ACCT_00002294,CUST_001143,CHECKING,452365773,BR_13,290341.69,INACTIVE,2025-03-02,2026-09-20T15:49:40.229871
ACCT_00002295,CUST_001144,CHECKING,948156788,BR_05,397423.04,ACTIVE,2024-04-02,2026-09-20T15:49:40.229880
ACCT_00002296,CUST_001144,SAVINGS,916633730,BR_14,80021.99,INACTIVE,2023-09-15,2026-09-20T15:49:40.229883
ACCT_00002297,CUST_001145,CHECKING,295662827,BR_12,108897.14,ACTIVE,2025-06-18,2026-09-20T15:49:40.229893
ACCT_00002298,CUST_001146,MONEY_MARKET,466917992,BR_13,217265.27,CLOSED,2025-12-31,2026-09-20T15:49:40.229902
ACCT_00002299,CUST_001146,CHECKING,720754042,BR_04,304916.33,INACTIVE,2021-12-17,2026-09-20T15:49:40.229906
ACCT_00002300,CUST_001146,MONEY_MARKET,185669964,BR_05,472635.48,INACTIVE,2023-05-29,2026-09-20T15:49:40.229908
ACCT_00002301,CUST_001147,CHECKING,892301737,BR_13,308635.85,CLOSED,2023-06-05,2026-09-20T15:49:40.229919
ACCT_00002302,CUST_001148,CHECKING,994850544,BR_02,222702.92,CLOSED,2026-05-17,2026-09-20T15:49:40.229928
ACCT_00002303,CUST_001148,SAVINGS,438897511,BR_03,280180.98,INACTIVE,2024-04-07,2026-09-20T15:49:40.229932
ACCT_00002304,CUST_001148,MONEY_MARKET,323043927,BR_04,411574.01,INACTIVE,2026-02-19,2026-09-20T15:49:40.229935
ACCT_00002305,CUST_001149,MONEY_MARKET,436168130,BR_12,252345.82,ACTIVE,2022-05-29,2026-09-20T15:49:40.229945
ACCT_00002306,CUST_001149,MONEY_MARKET,598945753,BR_12,6043.18,CLOSED,2024-11-07,2026-09-20T15:49:40.229948
ACCT_00002307,CUST_001149,CHECKING,235867560,BR_11,197342.45,CLOSED,2022-06-19,2026-09-20T15:49:40.229951
ACCT_00002308,CUST_001150,CHECKING,718124470,BR_04,393653.68,ACTIVE,2026-07-31,2026-09-20T15:49:40.229961
ACCT_00002309,CUST_001151,MONEY_MARKET,234915899,BR_14,286795.28,INACTIVE,2024-11-30,2026-09-20T15:49:40.229972
ACCT_00002310,CUST_001152,MONEY_MARKET,438388789,BR_06,60719.16,CLOSED,2024-03-31,2026-09-20T15:49:40.229984
ACCT_00002311,CUST_001153,MONEY_MARKET,163426793,BR_12,265606.28,CLOSED,2022-03-02,2026-09-20T15:49:40.229995
ACCT_00002312,CUST_001154,MONEY_MARKET,870064941,BR_02,21453.98,INACTIVE,2026-04-19,2026-09-20T15:49:40.230004
ACCT_00002313,CUST_001155,SAVINGS,327823766,BR_12,230573.17,INACTIVE,2026-04-01,2026-09-20T15:49:40.230014
ACCT_00002314,CUST_001156,MONEY_MARKET,953705030,BR_13,265511.73,ACTIVE,2024-07-06,2026-09-20T15:49:40.230023
ACCT_00002315,CUST_001156,SAVINGS,250174497,BR_15,219991.41,ACTIVE,2022-10-08,2026-09-20T15:49:40.230026
ACCT_00002316,CUST_001157,MONEY_MARKET,873764645,BR_10,200531.52,ACTIVE,2025-06-19,2026-09-20T15:49:40.230036
ACCT_00002317,CUST_001157,SAVINGS,359839605,BR_13,309379.11,CLOSED,2026-08-07,2026-09-20T15:49:40.230039
ACCT_00002318,CUST_001158,SAVINGS,684708979,BR_06,487716.33,INACTIVE,2026-02-17,2026-09-20T15:49:40.230048
ACCT_00002319,CUST_001158,SAVINGS,779538032,BR_05,225236.34,ACTIVE,2026-02-26,2026-09-20T15:49:40.230051
ACCT_00002320,CUST_001158,MONEY_MARKET,458965044,BR_14,192978.41,INACTIVE,2025-04-18,2026-09-20T15:49:40.230054
ACCT_00002321,CUST_001159,SAVINGS,709992542,BR_03,178598.47,ACTIVE,2026-01-26,2026-09-20T15:49:40.230064
ACCT_00002322,CUST_001159,SAVINGS,411575520,BR_04,196504.4,CLOSED,2023-03-14,2026-09-20T15:49:40.230067
ACCT_00002323,CUST_001159,CHECKING,808696059,BR_03,419175.75,ACTIVE,2023-12-30,2026-09-20T15:49:40.230069
ACCT_00002324,CUST_001160,CHECKING,590631012,BR_01,427644.63,CLOSED,2023-04-22,2026-09-20T15:49:40.230079
ACCT_00002325,CUST_001160,SAVINGS,922174127,BR_11,189167.34,ACTIVE,2024-09-18,2026-09-20T15:49:40.230082
ACCT_00002326,CUST_001161,SAVINGS,290148048,BR_09,41195.18,INACTIVE,2025-03-14,2026-09-20T15:49:40.230091
ACCT_00002327,CUST_001162,MONEY_MARKET,833320192,BR_07,38364.04,ACTIVE,2023-02-22,2026-09-20T15:49:40.230101
ACCT_00002328,CUST_001163,SAVINGS,447172739,BR_11,445832.67,INACTIVE,2023-08-21,2026-09-20T15:49:40.230110
ACCT_00002329,CUST_001163,MONEY_MARKET,421707105,BR_07,414134.92,ACTIVE,2024-07-18,2026-09-20T15:49:40.230113
ACCT_00002330,CUST_001163,CHECKING,140236774,BR_04,334672.48,CLOSED,2026-08-19,2026-09-20T15:49:40.230117
ACCT_00002331,CUST_001164,SAVINGS,329773464,BR_01,132102.98,INACTIVE,2024-04-14,2026-09-20T15:49:40.230126
ACCT_00002332,CUST_001165,SAVINGS,244225974,BR_15,428621.81,ACTIVE,2025-02-28,2026-09-20T15:49:40.230137
ACCT_00002333,CUST_001166,SAVINGS,826313554,BR_05,226698.49,CLOSED,2022-05-28,2026-09-20T15:49:40.230149
ACCT_00002334,CUST_001166,MONEY_MARKET,346871212,BR_10,158562.56,ACTIVE,2026-07-08,2026-09-20T15:49:40.230152
ACCT_00002335,CUST_001166,MONEY_MARKET,542125483,BR_10,398664.16,INACTIVE,2023-11-11,2026-09-20T15:49:40.230156
ACCT_00002336,CUST_001167,SAVINGS,846435811,BR_13,430295.75,CLOSED,2021-10-25,2026-09-20T15:49:40.230166
ACCT_00002337,CUST_001167,MONEY_MARKET,772909894,BR_12,459941.0,CLOSED,2025-08-31,2026-09-20T15:49:40.230169
ACCT_00002338,CUST_001168,MONEY_MARKET,676149519,BR_13,429112.3,CLOSED,2023-10-14,2026-09-20T15:49:40.230178
ACCT_00002339,CUST_001169,SAVINGS,443491142,BR_13,480462.07,ACTIVE,2021-11-03,2026-09-20T15:49:40.230188
ACCT_00002340,CUST_001169,MONEY_MARKET,354615840,BR_14,415733.18,INACTIVE,2023-08-16,2026-09-20T15:49:40.230191
ACCT_00002341,CUST_001170,SAVINGS,245797792,BR_14,245530.89,INACTIVE,2025-02-23,2026-09-20T15:49:40.230202
ACCT_00002342,CUST_001170,CHECKING,122841695,BR_11,483920.83,CLOSED,2023-07-02,2026-09-20T15:49:40.230205
ACCT_00002343,CUST_001170,CHECKING,947006402,BR_02,378803.72,INACTIVE,2022-04-16,2026-09-20T15:49:40.230209
ACCT_00002344,CUST_001171,CHECKING,318071673,BR_05,473560.8,CLOSED,2023-10-25,2026-09-20T15:49:40.230221
ACCT_00002345,CUST_001171,MONEY_MARKET,169799413,BR_09,246759.49,CLOSED,2024-01-02,2026-09-20T15:49:40.230225
ACCT_00002346,CUST_001171,SAVINGS,799971837,BR_12,179636.2,CLOSED,2025-05-23,2026-09-20T15:49:40.230227
ACCT_00002347,CUST_001172,CHECKING,330262923,BR_07,142053.95,INACTIVE,2024-02-13,2026-09-20T15:49:40.230237
ACCT_00002348,CUST_001172,CHECKING,990561573,BR_05,47237.12,CLOSED,2026-08-04,2026-09-20T15:49:40.230240
ACCT_00002349,CUST_001172,MONEY_MARKET,113374929,BR_10,456580.84,INACTIVE,2025-07-22,2026-09-20T15:49:40.230243
ACCT_00002350,CUST_001173,MONEY_MARKET,550038635,BR_01,93226.23,ACTIVE,2024-06-02,2026-09-20T15:49:40.230253
ACCT_00002351,CUST_001173,CHECKING,474393181,BR_05,393783.4,ACTIVE,2025-03-03,2026-09-20T15:49:40.230256
ACCT_00002352,CUST_001173,CHECKING,803525067,BR_14,85275.81,ACTIVE,2026-02-28,2026-09-20T15:49:40.230260
ACCT_00002353,CUST_001174,CHECKING,877562137,BR_11,178114.13,INACTIVE,2025-11-20,2026-09-20T15:49:40.230270
ACCT_00002354,CUST_001174,CHECKING,388332910,BR_13,139821.29,ACTIVE,2026-04-28,2026-09-20T15:49:40.230273
ACCT_00002355,CUST_001174,MONEY_MARKET,841033555,BR_08,344764.58,CLOSED,2025-02-10,2026-09-20T15:49:40.230276
ACCT_00002356,CUST_001175,MONEY_MARKET,330952719,BR_03,135434.22,ACTIVE,2021-12-05,2026-09-20T15:49:40.230285
ACCT_00002357,CUST_001176,MONEY_MARKET,180834889,BR_01,310729.94,CLOSED,2023-03-09,2026-09-20T15:49:40.230296
ACCT_00002358,CUST_001176,SAVINGS,206075687,BR_11,461806.1,ACTIVE,2022-06-06,2026-09-20T15:49:40.230300
ACCT_00002359,CUST_001176,SAVINGS,684100671,BR_08,14177.82,CLOSED,2022-07-07,2026-09-20T15:49:40.230303
ACCT_00002360,CUST_001177,SAVINGS,262160092,BR_12,194948.32,INACTIVE,2021-10-14,2026-09-20T15:49:40.230315
ACCT_00002361,CUST_001177,MONEY_MARKET,536877463,BR_04,91747.79,INACTIVE,2026-03-14,2026-09-20T15:49:40.230318
ACCT_00002362,CUST_001177,SAVINGS,420562730,BR_13,72162.12,INACTIVE,2026-07-24,2026-09-20T15:49:40.230321
ACCT_00002363,CUST_001178,MONEY_MARKET,793300251,BR_11,107071.06,INACTIVE,2026-01-29,2026-09-20T15:49:40.230331
ACCT_00002364,CUST_001178,CHECKING,672915779,BR_14,310966.3,ACTIVE,2025-07-23,2026-09-20T15:49:40.230334
ACCT_00002365,CUST_001179,SAVINGS,664616896,BR_07,49698.46,INACTIVE,2025-06-07,2026-09-20T15:49:40.230343
ACCT_00002366,CUST_001179,CHECKING,609910484,BR_01,74739.71,INACTIVE,2024-02-15,2026-09-20T15:49:40.230346
ACCT_00002367,CUST_001180,MONEY_MARKET,282359183,BR_01,467131.63,ACTIVE,2022-04-09,2026-09-20T15:49:40.230357
ACCT_00002368,CUST_001180,CHECKING,134142338,BR_10,167677.06,ACTIVE,2024-06-12,2026-09-20T15:49:40.230361
ACCT_00002369,CUST_001180,SAVINGS,874642128,BR_03,35132.21,INACTIVE,2025-07-15,2026-09-20T15:49:40.230364
ACCT_00002370,CUST_001181,MONEY_MARKET,726412812,BR_01,5087.2,INACTIVE,2023-12-21,2026-09-20T15:49:40.230375
ACCT_00002371,CUST_001181,MONEY_MARKET,436068827,BR_01,30060.25,INACTIVE,2025-04-10,2026-09-20T15:49:40.230378
ACCT_00002372,CUST_001182,SAVINGS,956782979,BR_10,482851.85,ACTIVE,2022-02-28,2026-09-20T15:49:40.230388
ACCT_00002373,CUST_001183,CHECKING,760711935,BR_08,44828.67,ACTIVE,2022-12-20,2026-09-20T15:49:40.230398
ACCT_00002374,CUST_001183,SAVINGS,284324080,BR_03,46852.74,ACTIVE,2023-08-10,2026-09-20T15:49:40.230401
ACCT_00002375,CUST_001184,MONEY_MARKET,144298773,BR_12,254707.11,ACTIVE,2022-12-19,2026-09-20T15:49:40.230410
ACCT_00002376,CUST_001184,SAVINGS,632161763,BR_03,92900.37,ACTIVE,2022-02-16,2026-09-20T15:49:40.230413
ACCT_00002377,CUST_001185,SAVINGS,862297878,BR_13,139735.94,INACTIVE,2022-03-13,2026-09-20T15:49:40.230423
ACCT_00002378,CUST_001185,CHECKING,632552285,BR_02,284782.76,CLOSED,2022-02-09,2026-09-20T15:49:40.230426
ACCT_00002379,CUST_001186,SAVINGS,995752574,BR_01,227448.6,INACTIVE,2025-04-07,2026-09-20T15:49:40.230435
ACCT_00002380,CUST_001187,CHECKING,255370170,BR_14,112868.89,INACTIVE,2024-12-29,2026-09-20T15:49:40.230445
ACCT_00002381,CUST_001187,CHECKING,297211078,BR_06,72197.92,CLOSED,2024-05-30,2026-09-20T15:49:40.230448
ACCT_00002382,CUST_001188,CHECKING,467564615,BR_03,107415.45,CLOSED,2025-02-15,2026-09-20T15:49:40.230460
ACCT_00002383,CUST_001189,CHECKING,886589310,BR_15,468265.96,CLOSED,2026-07-18,2026-09-20T15:49:40.230471
ACCT_00002384,CUST_001190,SAVINGS,427588870,BR_12,411664.09,INACTIVE,2025-08-17,2026-09-20T15:49:40.230481
ACCT_00002385,CUST_001190,SAVINGS,762524552,BR_01,104201.24,ACTIVE,2024-04-12,2026-09-20T15:49:40.230484
ACCT_00002386,CUST_001190,MONEY_MARKET,771636160,BR_06,157971.55,ACTIVE,2025-11-27,2026-09-20T15:49:40.230487
ACCT_00002387,CUST_001191,SAVINGS,184721244,BR_11,232862.78,INACTIVE,2022-08-08,2026-09-20T15:49:40.230496
ACCT_00002388,CUST_001191,MONEY_MARKET,125884092,BR_11,67054.87,INACTIVE,2021-12-31,2026-09-20T15:49:40.230499
ACCT_00002389,CUST_001192,SAVINGS,727436866,BR_09,175442.71,INACTIVE,2026-06-07,2026-09-20T15:49:40.230509
ACCT_00002390,CUST_001192,CHECKING,213568279,BR_02,287528.73,ACTIVE,2024-11-05,2026-09-20T15:49:40.230511
ACCT_00002391,CUST_001192,MONEY_MARKET,724318789,BR_15,420812.67,ACTIVE,2022-02-14,2026-09-20T15:49:40.230514
ACCT_00002392,CUST_001193,MONEY_MARKET,534439603,BR_13,351589.03,CLOSED,2023-03-28,2026-09-20T15:49:40.230524
ACCT_00002393,CUST_001193,MONEY_MARKET,544125256,BR_05,239536.85,INACTIVE,2022-03-15,2026-09-20T15:49:40.230527
ACCT_00002394,CUST_001194,MONEY_MARKET,552368527,BR_03,107025.56,INACTIVE,2026-04-23,2026-09-20T15:49:40.230536
ACCT_00002395,CUST_001194,CHECKING,637085539,BR_09,134690.22,INACTIVE,2025-03-09,2026-09-20T15:49:40.230539
ACCT_00002396,CUST_001194,CHECKING,648866587,BR_12,115437.57,CLOSED,2023-07-07,2026-09-20T15:49:40.230542
ACCT_00002397,CUST_001195,MONEY_MARKET,217612804,BR_10,16361.25,INACTIVE,2023-03-01,2026-09-20T15:49:40.230552
ACCT_00002398,CUST_001196,CHECKING,192077688,BR_07,150457.69,ACTIVE,2024-05-17,2026-09-20T15:49:40.230561
ACCT_00002399,CUST_001196,MONEY_MARKET,891323080,BR_12,382069.24,ACTIVE,2024-06-08,2026-09-20T15:49:40.230564
ACCT_00002400,CUST_001196,MONEY_MARKET,884220501,BR_11,64015.99,ACTIVE,2022-03-27,2026-09-20T15:49:40.230567
ACCT_00002401,CUST_001197,CHECKING,399147144,BR_09,134580.86,INACTIVE,2025-02-14,2026-09-20T15:49:40.230577
ACCT_00002402,CUST_001197,SAVINGS,141953985,BR_09,78944.4,ACTIVE,2023-06-03,2026-09-20T15:49:40.230580
ACCT_00002403,CUST_001198,SAVINGS,442052414,BR_05,215903.56,ACTIVE,2022-08-19,2026-09-20T15:49:40.230589
ACCT_00002404,CUST_001198,CHECKING,280573895,BR_02,498935.75,ACTIVE,2022-06-21,2026-09-20T15:49:40.230592
ACCT_00002405,CUST_001198,MONEY_MARKET,627924471,BR_11,469406.33,ACTIVE,2021-10-12,2026-09-20T15:49:40.230595
ACCT_00002406,CUST_001199,SAVINGS,453103733,BR_01,439336.75,ACTIVE,2026-08-17,2026-09-20T15:49:40.230608
ACCT_00002407,CUST_001200,CHECKING,119513871,BR_09,259546.68,ACTIVE,2022-03-11,2026-09-20T15:49:40.230619
ACCT_00002408,CUST_001201,MONEY_MARKET,866992315,BR_07,226773.17,CLOSED,2026-01-06,2026-09-20T15:49:40.230631
ACCT_00002409,CUST_001201,MONEY_MARKET,105185375,BR_01,258127.37,CLOSED,2022-05-01,2026-09-20T15:49:40.230634
ACCT_00002410,CUST_001202,CHECKING,230264298,BR_05,59643.57,ACTIVE,2026-07-05,2026-09-20T15:49:40.230646
ACCT_00002411,CUST_001202,MONEY_MARKET,199154991,BR_07,283901.93,CLOSED,2023-02-13,2026-09-20T15:49:40.230649
ACCT_00002412,CUST_001202,CHECKING,980897770,BR_04,69517.97,INACTIVE,2025-07-05,2026-09-20T15:49:40.230652
ACCT_00002413,CUST_001203,MONEY_MARKET,992997999,BR_10,336659.74,CLOSED,2022-07-25,2026-09-20T15:49:40.230661
ACCT_00002414,CUST_001203,SAVINGS,894582515,BR_12,308926.18,INACTIVE,2026-08-03,2026-09-20T15:49:40.230664
ACCT_00002415,CUST_001204,MONEY_MARKET,461677486,BR_05,271709.0,ACTIVE,2021-11-05,2026-09-20T15:49:40.230674
ACCT_00002416,CUST_001204,MONEY_MARKET,556616661,BR_08,499987.47,INACTIVE,2025-04-07,2026-09-20T15:49:40.230677
ACCT_00002417,CUST_001204,CHECKING,154398124,BR_01,460687.54,CLOSED,2023-10-02,2026-09-20T15:49:40.230680
ACCT_00002418,CUST_001205,MONEY_MARKET,335276254,BR_04,217337.56,ACTIVE,2022-08-02,2026-09-20T15:49:40.230690
ACCT_00002419,CUST_001205,CHECKING,578533665,BR_02,464791.6,CLOSED,2026-02-28,2026-09-20T15:49:40.230692
ACCT_00002420,CUST_001206,CHECKING,810981155,BR_10,277692.45,INACTIVE,2022-09-30,2026-09-20T15:49:40.230702
ACCT_00002421,CUST_001206,SAVINGS,454040691,BR_09,70846.66,CLOSED,2022-02-15,2026-09-20T15:49:40.230705
ACCT_00002422,CUST_001207,CHECKING,119511081,BR_04,317997.39,CLOSED,2026-07-28,2026-09-20T15:49:40.230714
ACCT_00002423,CUST_001207,CHECKING,489788510,BR_04,162038.57,ACTIVE,2025-01-30,2026-09-20T15:49:40.230717
ACCT_00002424,CUST_001208,SAVINGS,132181468,BR_08,160893.66,CLOSED,2023-03-27,2026-09-20T15:49:40.230727
ACCT_00002425,CUST_001208,MONEY_MARKET,368846550,BR_05,291044.13,CLOSED,2025-02-08,2026-09-20T15:49:40.230730
ACCT_00002426,CUST_001209,SAVINGS,574182381,BR_03,358085.41,ACTIVE,2026-04-24,2026-09-20T15:49:40.230741
ACCT_00002427,CUST_001209,MONEY_MARKET,248120733,BR_05,440629.16,CLOSED,2026-07-20,2026-09-20T15:49:40.230744
ACCT_00002428,CUST_001210,MONEY_MARKET,926771567,BR_09,455133.89,CLOSED,2023-10-18,2026-09-20T15:49:40.230754
ACCT_00002429,CUST_001211,CHECKING,800743524,BR_04,256718.13,CLOSED,2022-05-04,2026-09-20T15:49:40.230763
ACCT_00002430,CUST_001212,CHECKING,260300857,BR_15,195601.91,ACTIVE,2023-08-30,2026-09-20T15:49:40.230777
ACCT_00002431,CUST_001212,SAVINGS,637726803,BR_15,35106.89,INACTIVE,2022-10-11,2026-09-20T15:49:40.230780
ACCT_00002432,CUST_001213,CHECKING,602048377,BR_04,394855.35,INACTIVE,2023-01-25,2026-09-20T15:49:40.230791
ACCT_00002433,CUST_001213,CHECKING,541936923,BR_05,79968.74,ACTIVE,2024-09-15,2026-09-20T15:49:40.230795
ACCT_00002434,CUST_001214,CHECKING,109042266,BR_05,43686.24,CLOSED,2026-02-09,2026-09-20T15:49:40.230806
ACCT_00002435,CUST_001214,MONEY_MARKET,249775416,BR_09,350639.63,ACTIVE,2023-07-24,2026-09-20T15:49:40.230809
ACCT_00002436,CUST_001215,MONEY_MARKET,549546595,BR_02,314208.06,CLOSED,2024-10-20,2026-09-20T15:49:40.230819
ACCT_00002437,CUST_001216,MONEY_MARKET,119218823,BR_05,332812.76,INACTIVE,2025-12-30,2026-09-20T15:49:40.230828
ACCT_00002438,CUST_001216,CHECKING,165318142,BR_08,300847.36,ACTIVE,2026-04-30,2026-09-20T15:49:40.230831
ACCT_00002439,CUST_001217,SAVINGS,538514565,BR_01,26985.67,ACTIVE,2023-06-28,2026-09-20T15:49:40.230841
ACCT_00002440,CUST_001217,CHECKING,660892225,BR_03,229194.79,ACTIVE,2026-02-19,2026-09-20T15:49:40.230844
ACCT_00002441,CUST_001218,MONEY_MARKET,288743450,BR_04,491806.23,ACTIVE,2023-06-16,2026-09-20T15:49:40.230853
ACCT_00002442,CUST_001218,MONEY_MARKET,773393647,BR_07,34415.03,ACTIVE,2025-12-08,2026-09-20T15:49:40.230856
ACCT_00002443,CUST_001218,CHECKING,803154820,BR_15,132319.53,CLOSED,2022-08-18,2026-09-20T15:49:40.230859
ACCT_00002444,CUST_001219,CHECKING,634464106,BR_12,214748.67,INACTIVE,2025-05-19,2026-09-20T15:49:40.230868
ACCT_00002445,CUST_001219,MONEY_MARKET,909514799,BR_05,156097.07,CLOSED,2026-05-19,2026-09-20T15:49:40.230871
ACCT_00002446,CUST_001220,MONEY_MARKET,290808599,BR_15,72248.85,INACTIVE,2024-04-15,2026-09-20T15:49:40.230880
ACCT_00002447,CUST_001220,CHECKING,780766368,BR_05,191471.39,ACTIVE,2026-01-14,2026-09-20T15:49:40.230883
ACCT_00002448,CUST_001221,CHECKING,457444674,BR_04,3521.1,INACTIVE,2022-08-10,2026-09-20T15:49:40.230893
ACCT_00002449,CUST_001221,MONEY_MARKET,957436085,BR_11,491519.47,CLOSED,2024-11-26,2026-09-20T15:49:40.230896
ACCT_00002450,CUST_001221,SAVINGS,259880979,BR_05,117515.74,CLOSED,2024-04-10,2026-09-20T15:49:40.230898
ACCT_00002451,CUST_001222,SAVINGS,540054094,BR_09,84621.56,INACTIVE,2022-05-24,2026-09-20T15:49:40.230908
ACCT_00002452,CUST_001223,MONEY_MARKET,829488325,BR_03,413042.47,CLOSED,2025-08-11,2026-09-20T15:49:40.230917
ACCT_00002453,CUST_001224,SAVINGS,104073079,BR_09,196053.11,INACTIVE,2022-09-11,2026-09-20T15:49:40.230928
ACCT_00002454,CUST_001224,SAVINGS,476971843,BR_15,349425.11,INACTIVE,2025-10-13,2026-09-20T15:49:40.230931
ACCT_00002455,CUST_001225,SAVINGS,182236165,BR_15,310738.44,INACTIVE,2024-05-06,2026-09-20T15:49:40.230943
ACCT_00002456,CUST_001226,SAVINGS,648292001,BR_14,422170.16,CLOSED,2024-12-29,2026-09-20T15:49:40.230959
ACCT_00002457,CUST_001226,SAVINGS,601524962,BR_14,40351.75,ACTIVE,2023-05-25,2026-09-20T15:49:40.230962
ACCT_00002458,CUST_001226,CHECKING,786241228,BR_04,180866.65,ACTIVE,2024-04-28,2026-09-20T15:49:40.230966
ACCT_00002459,CUST_001227,MONEY_MARKET,425674553,BR_09,282856.09,INACTIVE,2025-10-27,2026-09-20T15:49:40.230976
ACCT_00002460,CUST_001228,CHECKING,436303462,BR_14,136010.43,ACTIVE,2024-11-30,2026-09-20T15:49:40.230986
ACCT_00002461,CUST_001229,SAVINGS,879599058,BR_07,439364.7,INACTIVE,2023-07-27,2026-09-20T15:49:40.230995
ACCT_00002462,CUST_001230,CHECKING,261937333,BR_02,168205.58,CLOSED,2024-03-18,2026-09-20T15:49:40.231005
ACCT_00002463,CUST_001231,MONEY_MARKET,892695042,BR_13,178204.54,INACTIVE,2025-03-14,2026-09-20T15:49:40.231015
ACCT_00002464,CUST_001231,MONEY_MARKET,943590330,BR_03,8694.24,INACTIVE,2022-12-09,2026-09-20T15:49:40.231018
ACCT_00002465,CUST_001232,SAVINGS,960099249,BR_05,321444.76,ACTIVE,2022-05-05,2026-09-20T15:49:40.231027
ACCT_00002466,CUST_001232,CHECKING,208528825,BR_11,355157.7,INACTIVE,2022-04-19,2026-09-20T15:49:40.231030
ACCT_00002467,CUST_001232,CHECKING,687016782,BR_09,40245.9,ACTIVE,2024-01-15,2026-09-20T15:49:40.231033
ACCT_00002468,CUST_001233,CHECKING,818000528,BR_07,116827.51,ACTIVE,2024-09-30,2026-09-20T15:49:40.231042
ACCT_00002469,CUST_001234,MONEY_MARKET,947134005,BR_05,250271.35,CLOSED,2022-02-12,2026-09-20T15:49:40.231051
ACCT_00002470,CUST_001234,CHECKING,877405890,BR_02,264164.72,INACTIVE,2023-05-08,2026-09-20T15:49:40.231054
ACCT_00002471,CUST_001234,SAVINGS,676427933,BR_01,496536.9,INACTIVE,2025-03-08,2026-09-20T15:49:40.231057
ACCT_00002472,CUST_001235,SAVINGS,205591327,BR_14,50468.18,ACTIVE,2025-08-14,2026-09-20T15:49:40.231067
ACCT_00002473,CUST_001236,CHECKING,975290209,BR_15,185597.87,ACTIVE,2022-12-16,2026-09-20T15:49:40.231076
ACCT_00002474,CUST_001237,SAVINGS,188327860,BR_13,363131.07,ACTIVE,2021-10-19,2026-09-20T15:49:40.231085
ACCT_00002475,CUST_001237,CHECKING,227199606,BR_12,200784.14,INACTIVE,2023-03-19,2026-09-20T15:49:40.231088
ACCT_00002476,CUST_001237,MONEY_MARKET,666820349,BR_07,2195.22,ACTIVE,2023-11-08,2026-09-20T15:49:40.231091
ACCT_00002477,CUST_001238,CHECKING,866146970,BR_12,320965.83,CLOSED,2024-06-24,2026-09-20T15:49:40.231102
ACCT_00002478,CUST_001239,CHECKING,317578493,BR_03,31334.74,CLOSED,2025-07-05,2026-09-20T15:49:40.231113
ACCT_00002479,CUST_001240,MONEY_MARKET,579663895,BR_09,414053.17,CLOSED,2023-04-02,2026-09-20T15:49:40.231124
ACCT_00002480,CUST_001241,CHECKING,196062787,BR_13,138083.64,ACTIVE,2025-06-18,2026-09-20T15:49:40.231134
ACCT_00002481,CUST_001242,SAVINGS,973264983,BR_02,120426.86,CLOSED,2023-11-09,2026-09-20T15:49:40.231143
ACCT_00002482,CUST_001242,MONEY_MARKET,206194604,BR_10,411335.57,CLOSED,2023-07-12,2026-09-20T15:49:40.231146
ACCT_00002483,CUST_001243,CHECKING,938242627,BR_12,52570.65,CLOSED,2022-05-23,2026-09-20T15:49:40.231156
ACCT_00002484,CUST_001243,SAVINGS,267061425,BR_13,493848.64,INACTIVE,2022-10-21,2026-09-20T15:49:40.231158
ACCT_00002485,CUST_001244,MONEY_MARKET,906654824,BR_01,360907.09,INACTIVE,2026-02-01,2026-09-20T15:49:40.231168
ACCT_00002486,CUST_001244,MONEY_MARKET,795799923,BR_05,422715.96,CLOSED,2024-01-09,2026-09-20T15:49:40.231171
ACCT_00002487,CUST_001244,MONEY_MARKET,452892501,BR_14,182392.82,ACTIVE,2023-02-11,2026-09-20T15:49:40.231173
ACCT_00002488,CUST_001245,CHECKING,321226278,BR_08,170428.99,INACTIVE,2023-09-01,2026-09-20T15:49:40.231183
ACCT_00002489,CUST_001246,MONEY_MARKET,228183145,BR_01,236326.87,ACTIVE,2023-07-05,2026-09-20T15:49:40.231192
ACCT_00002490,CUST_001247,MONEY_MARKET,998851802,BR_08,261340.86,ACTIVE,2023-12-30,2026-09-20T15:49:40.231201
ACCT_00002491,CUST_001247,CHECKING,936863235,BR_08,299412.28,ACTIVE,2022-08-18,2026-09-20T15:49:40.231204
ACCT_00002492,CUST_001247,CHECKING,602455623,BR_02,472752.16,ACTIVE,2024-03-31,2026-09-20T15:49:40.231207
ACCT_00002493,CUST_001248,MONEY_MARKET,841160403,BR_09,55622.99,CLOSED,2024-01-02,2026-09-20T15:49:40.231218
ACCT_00002494,CUST_001249,CHECKING,317757643,BR_11,297901.37,CLOSED,2023-02-01,2026-09-20T15:49:40.231230
ACCT_00002495,CUST_001250,SAVINGS,616600571,BR_08,387469.48,CLOSED,2025-07-12,2026-09-20T15:49:40.231242
ACCT_00002496,CUST_001250,SAVINGS,463835270,BR_14,113419.85,INACTIVE,2024-04-15,2026-09-20T15:49:40.231245
ACCT_00002497,CUST_001251,CHECKING,107488394,BR_03,399154.62,CLOSED,2026-07-22,2026-09-20T15:49:40.231255
ACCT_00002498,CUST_001251,MONEY_MARKET,876095030,BR_12,274565.58,INACTIVE,2024-01-11,2026-09-20T15:49:40.231259
ACCT_00002499,CUST_001251,MONEY_MARKET,133799063,BR_01,84941.25,INACTIVE,2022-11-20,2026-09-20T15:49:40.231262
ACCT_00002500,CUST_001252,CHECKING,957278208,BR_13,67563.23,INACTIVE,2025-08-05,2026-09-20T15:49:40.231273
ACCT_00002501,CUST_001252,CHECKING,985021510,BR_02,195412.47,ACTIVE,2022-03-19,2026-09-20T15:49:40.231277
ACCT_00002502,CUST_001253,MONEY_MARKET,818214809,BR_13,191275.1,INACTIVE,2021-11-21,2026-09-20T15:49:40.231288
ACCT_00002503,CUST_001253,SAVINGS,378723623,BR_07,333224.26,ACTIVE,2024-06-16,2026-09-20T15:49:40.231290
ACCT_00002504,CUST_001254,MONEY_MARKET,832978139,BR_06,33239.98,CLOSED,2022-10-08,2026-09-20T15:49:40.231300
ACCT_00002505,CUST_001254,CHECKING,364041505,BR_10,424867.26,INACTIVE,2022-09-24,2026-09-20T15:49:40.231303
ACCT_00002506,CUST_001255,CHECKING,196038353,BR_06,27553.86,ACTIVE,2021-12-08,2026-09-20T15:49:40.231312
ACCT_00002507,CUST_001255,SAVINGS,420180997,BR_14,72681.29,ACTIVE,2026-08-12,2026-09-20T15:49:40.231315
ACCT_00002508,CUST_001255,SAVINGS,110357517,BR_04,98892.71,ACTIVE,2022-01-29,2026-09-20T15:49:40.231320
ACCT_00002509,CUST_001256,MONEY_MARKET,923392214,BR_05,446404.74,ACTIVE,2025-01-21,2026-09-20T15:49:40.231329
ACCT_00002510,CUST_001256,CHECKING,854643224,BR_12,347449.59,CLOSED,2023-08-15,2026-09-20T15:49:40.231332
ACCT_00002511,CUST_001256,CHECKING,720501769,BR_03,144350.34,INACTIVE,2023-10-26,2026-09-20T15:49:40.231335
ACCT_00002512,CUST_001257,CHECKING,125324302,BR_01,150783.74,ACTIVE,2022-07-01,2026-09-20T15:49:40.231344
ACCT_00002513,CUST_001258,MONEY_MARKET,969053253,BR_13,37389.67,ACTIVE,2024-11-12,2026-09-20T15:49:40.231354
ACCT_00002514,CUST_001258,CHECKING,150305579,BR_03,50556.91,ACTIVE,2024-07-10,2026-09-20T15:49:40.231357
ACCT_00002515,CUST_001259,MONEY_MARKET,491624145,BR_13,403790.62,CLOSED,2024-06-18,2026-09-20T15:49:40.231367
ACCT_00002516,CUST_001259,MONEY_MARKET,412245889,BR_07,356486.28,ACTIVE,2025-05-05,2026-09-20T15:49:40.231370
ACCT_00002517,CUST_001260,MONEY_MARKET,454329269,BR_04,154998.11,ACTIVE,2026-02-11,2026-09-20T15:49:40.231380
ACCT_00002518,CUST_001260,CHECKING,449880532,BR_01,410110.67,INACTIVE,2023-11-04,2026-09-20T15:49:40.231384
ACCT_00002519,CUST_001260,SAVINGS,378718330,BR_13,496813.19,INACTIVE,2023-10-21,2026-09-20T15:49:40.231387
ACCT_00002520,CUST_001261,SAVINGS,231296592,BR_06,236282.08,CLOSED,2024-09-30,2026-09-20T15:49:40.231398
ACCT_00002521,CUST_001261,SAVINGS,899357837,BR_13,457205.6,ACTIVE,2025-11-14,2026-09-20T15:49:40.231401
ACCT_00002522,CUST_001261,MONEY_MARKET,927241215,BR_02,452925.84,INACTIVE,2024-10-16,2026-09-20T15:49:40.231404
ACCT_00002523,CUST_001262,CHECKING,351481310,BR_10,186120.79,CLOSED,2023-11-06,2026-09-20T15:49:40.231414
ACCT_00002524,CUST_001263,CHECKING,466539120,BR_06,129872.71,INACTIVE,2021-11-06,2026-09-20T15:49:40.231425
ACCT_00002525,CUST_001263,MONEY_MARKET,148978137,BR_13,335756.15,CLOSED,2024-01-19,2026-09-20T15:49:40.231429
ACCT_00002526,CUST_001263,CHECKING,343828244,BR_12,191737.86,ACTIVE,2024-12-24,2026-09-20T15:49:40.231432
ACCT_00002527,CUST_001264,SAVINGS,914302591,BR_12,421303.66,INACTIVE,2022-04-24,2026-09-20T15:49:40.231444
ACCT_00002528,CUST_001264,SAVINGS,554033342,BR_13,231341.73,ACTIVE,2026-06-07,2026-09-20T15:49:40.231447
ACCT_00002529,CUST_001265,CHECKING,574103130,BR_02,13755.5,ACTIVE,2026-04-18,2026-09-20T15:49:40.231456
ACCT_00002530,CUST_001265,MONEY_MARKET,598050069,BR_02,180890.73,INACTIVE,2022-05-29,2026-09-20T15:49:40.231459
ACCT_00002531,CUST_001266,SAVINGS,670756740,BR_11,376343.98,INACTIVE,2022-11-29,2026-09-20T15:49:40.231469
ACCT_00002532,CUST_001266,MONEY_MARKET,165714543,BR_04,48941.54,INACTIVE,2024-12-01,2026-09-20T15:49:40.231471
ACCT_00002533,CUST_001266,CHECKING,669165072,BR_01,388180.71,INACTIVE,2024-12-22,2026-09-20T15:49:40.231474
ACCT_00002534,CUST_001267,SAVINGS,640365793,BR_14,162226.38,INACTIVE,2022-11-15,2026-09-20T15:49:40.231484
ACCT_00002535,CUST_001268,SAVINGS,153483663,BR_03,281354.98,INACTIVE,2025-03-08,2026-09-20T15:49:40.231493
ACCT_00002536,CUST_001269,MONEY_MARKET,667018691,BR_07,490634.46,INACTIVE,2025-08-06,2026-09-20T15:49:40.231503
ACCT_00002537,CUST_001269,MONEY_MARKET,654259528,BR_14,150198.67,ACTIVE,2024-02-15,2026-09-20T15:49:40.231506
ACCT_00002538,CUST_001270,SAVINGS,369156658,BR_03,5241.77,CLOSED,2024-07-10,2026-09-20T15:49:40.231516
ACCT_00002539,CUST_001270,MONEY_MARKET,322129722,BR_03,239169.58,ACTIVE,2021-10-26,2026-09-20T15:49:40.231519
ACCT_00002540,CUST_001271,CHECKING,463201016,BR_04,363341.9,INACTIVE,2023-12-21,2026-09-20T15:49:40.231529
ACCT_00002541,CUST_001271,SAVINGS,842630509,BR_03,179131.45,ACTIVE,2025-06-01,2026-09-20T15:49:40.231532
ACCT_00002542,CUST_001271,MONEY_MARKET,563037605,BR_12,252024.46,INACTIVE,2023-03-27,2026-09-20T15:49:40.231535
ACCT_00002543,CUST_001272,SAVINGS,821363297,BR_12,15201.75,INACTIVE,2023-09-28,2026-09-20T15:49:40.231544
ACCT_00002544,CUST_001273,SAVINGS,734926925,BR_11,116954.6,ACTIVE,2022-09-30,2026-09-20T15:49:40.231554
ACCT_00002545,CUST_001273,SAVINGS,937703414,BR_06,388732.65,INACTIVE,2026-08-09,2026-09-20T15:49:40.231557
ACCT_00002546,CUST_001273,SAVINGS,946330579,BR_01,343683.35,CLOSED,2022-04-23,2026-09-20T15:49:40.231560
ACCT_00002547,CUST_001274,SAVINGS,314764254,BR_10,209118.21,ACTIVE,2024-10-20,2026-09-20T15:49:40.231569
ACCT_00002548,CUST_001275,SAVINGS,560704282,BR_05,388278.18,INACTIVE,2025-07-25,2026-09-20T15:49:40.231578
ACCT_00002549,CUST_001275,MONEY_MARKET,804629780,BR_12,160902.35,INACTIVE,2026-04-25,2026-09-20T15:49:40.231581
ACCT_00002550,CUST_001275,MONEY_MARKET,608620737,BR_09,297729.84,INACTIVE,2023-11-02,2026-09-20T15:49:40.231584
ACCT_00002551,CUST_001276,SAVINGS,469648413,BR_05,79476.73,ACTIVE,2023-05-08,2026-09-20T15:49:40.231594
ACCT_00002552,CUST_001276,MONEY_MARKET,129658094,BR_04,415603.67,CLOSED,2025-03-08,2026-09-20T15:49:40.231597
ACCT_00002553,CUST_001276,CHECKING,294269615,BR_08,105107.94,INACTIVE,2022-06-08,2026-09-20T15:49:40.231600
ACCT_00002554,CUST_001277,SAVINGS,882374165,BR_04,90213.16,CLOSED,2025-08-26,2026-09-20T15:49:40.231611
ACCT_00002555,CUST_001278,MONEY_MARKET,258081685,BR_08,51733.39,ACTIVE,2021-12-14,2026-09-20T15:49:40.231622
ACCT_00002556,CUST_001279,SAVINGS,799273096,BR_15,245098.87,CLOSED,2025-12-17,2026-09-20T15:49:40.231633
ACCT_00002557,CUST_001279,SAVINGS,214469419,BR_07,82274.4,INACTIVE,2025-10-03,2026-09-20T15:49:40.231636
ACCT_00002558,CUST_001280,MONEY_MARKET,499377110,BR_02,144546.16,CLOSED,2024-05-16,2026-09-20T15:49:40.231647
ACCT_00002559,CUST_001280,MONEY_MARKET,694272037,BR_04,16287.73,ACTIVE,2026-01-21,2026-09-20T15:49:40.231650
ACCT_00002560,CUST_001280,SAVINGS,721250746,BR_01,103744.44,ACTIVE,2025-08-03,2026-09-20T15:49:40.231653
ACCT_00002561,CUST_001281,CHECKING,901953462,BR_07,497451.41,CLOSED,2022-03-08,2026-09-20T15:49:40.231662
ACCT_00002562,CUST_001282,CHECKING,202709157,BR_15,133143.92,CLOSED,2024-05-29,2026-09-20T15:49:40.231677
ACCT_00002563,CUST_001282,SAVINGS,631991459,BR_14,38808.34,INACTIVE,2023-07-30,2026-09-20T15:49:40.231680
ACCT_00002564,CUST_001282,CHECKING,176721925,BR_08,232330.1,ACTIVE,2025-06-05,2026-09-20T15:49:40.231684
ACCT_00002565,CUST_001283,SAVINGS,308325394,BR_08,443558.27,ACTIVE,2024-09-19,2026-09-20T15:49:40.231695
ACCT_00002566,CUST_001284,CHECKING,135324099,BR_05,291692.93,ACTIVE,2025-08-08,2026-09-20T15:49:40.231705
ACCT_00002567,CUST_001284,SAVINGS,996714792,BR_08,91851.55,INACTIVE,2024-07-11,2026-09-20T15:49:40.231708
ACCT_00002568,CUST_001284,MONEY_MARKET,340385838,BR_14,56654.92,INACTIVE,2025-09-28,2026-09-20T15:49:40.231711
ACCT_00002569,CUST_001285,SAVINGS,940224182,BR_08,216672.3,ACTIVE,2023-07-11,2026-09-20T15:49:40.231720
ACCT_00002570,CUST_001285,CHECKING,679746759,BR_04,478955.57,ACTIVE,2022-06-25,2026-09-20T15:49:40.231723
ACCT_00002571,CUST_001285,SAVINGS,911998014,BR_15,162615.69,ACTIVE,2025-10-05,2026-09-20T15:49:40.231726
ACCT_00002572,CUST_001286,MONEY_MARKET,882250530,BR_10,408830.07,CLOSED,2024-10-25,2026-09-20T15:49:40.231736
ACCT_00002573,CUST_001286,CHECKING,850417561,BR_10,109570.02,CLOSED,2025-05-18,2026-09-20T15:49:40.231738
ACCT_00002574,CUST_001287,SAVINGS,852386291,BR_03,495654.11,INACTIVE,2025-08-17,2026-09-20T15:49:40.231748
ACCT_00002575,CUST_001288,CHECKING,271868828,BR_15,286338.7,INACTIVE,2025-05-23,2026-09-20T15:49:40.231757
ACCT_00002576,CUST_001288,SAVINGS,800313111,BR_01,149302.72,CLOSED,2022-01-21,2026-09-20T15:49:40.231761
ACCT_00002577,CUST_001288,SAVINGS,163887297,BR_03,415239.54,CLOSED,2024-04-14,2026-09-20T15:49:40.231764
ACCT_00002578,CUST_001289,SAVINGS,793510145,BR_06,412049.0,INACTIVE,2021-10-19,2026-09-20T15:49:40.231775
ACCT_00002579,CUST_001289,CHECKING,693741395,BR_11,151930.83,ACTIVE,2023-05-05,2026-09-20T15:49:40.231778
ACCT_00002580,CUST_001290,SAVINGS,769401451,BR_12,313338.25,INACTIVE,2026-07-05,2026-09-20T15:49:40.231789
ACCT_00002581,CUST_001290,SAVINGS,876085519,BR_01,252882.18,CLOSED,2024-03-14,2026-09-20T15:49:40.231793
ACCT_00002582,CUST_001291,CHECKING,549571247,BR_12,247631.34,INACTIVE,2022-05-31,2026-09-20T15:49:40.231803
ACCT_00002583,CUST_001291,SAVINGS,123300625,BR_03,22392.97,ACTIVE,2022-11-28,2026-09-20T15:49:40.231806
ACCT_00002584,CUST_001292,CHECKING,706712173,BR_14,422236.75,CLOSED,2026-05-18,2026-09-20T15:49:40.231815
ACCT_00002585,CUST_001292,CHECKING,299899342,BR_13,38969.39,INACTIVE,2022-04-14,2026-09-20T15:49:40.231818
ACCT_00002586,CUST_001292,SAVINGS,973862714,BR_04,309886.29,INACTIVE,2025-03-09,2026-09-20T15:49:40.231822
ACCT_00002587,CUST_001293,MONEY_MARKET,137145865,BR_10,112662.76,ACTIVE,2024-09-07,2026-09-20T15:49:40.231834
ACCT_00002588,CUST_001293,CHECKING,365500051,BR_04,86739.25,ACTIVE,2025-04-07,2026-09-20T15:49:40.231837
ACCT_00002589,CUST_001293,SAVINGS,172193741,BR_01,77066.72,INACTIVE,2022-12-25,2026-09-20T15:49:40.231840
ACCT_00002590,CUST_001294,SAVINGS,163758329,BR_02,309134.07,CLOSED,2025-05-15,2026-09-20T15:49:40.231851
ACCT_00002591,CUST_001294,SAVINGS,404598982,BR_06,398127.69,CLOSED,2026-06-14,2026-09-20T15:49:40.231854
ACCT_00002592,CUST_001295,SAVINGS,723731541,BR_09,406598.37,CLOSED,2025-01-15,2026-09-20T15:49:40.231865
ACCT_00002593,CUST_001296,CHECKING,769780425,BR_04,377551.0,ACTIVE,2025-07-23,2026-09-20T15:49:40.231875
ACCT_00002594,CUST_001296,CHECKING,416263403,BR_14,123220.26,ACTIVE,2023-04-27,2026-09-20T15:49:40.231878
ACCT_00002595,CUST_001296,SAVINGS,242015997,BR_01,405941.68,ACTIVE,2024-09-10,2026-09-20T15:49:40.231881
ACCT_00002596,CUST_001297,MONEY_MARKET,895018763,BR_09,499910.63,ACTIVE,2025-12-14,2026-09-20T15:49:40.231891
ACCT_00002597,CUST_001297,CHECKING,992980918,BR_13,134805.95,INACTIVE,2026-02-17,2026-09-20T15:49:40.231894
ACCT_00002598,CUST_001297,CHECKING,722542127,BR_01,222221.08,INACTIVE,2022-06-05,2026-09-20T15:49:40.231897
ACCT_00002599,CUST_001298,SAVINGS,436142310,BR_15,437295.43,CLOSED,2023-03-11,2026-09-20T15:49:40.231906
ACCT_00002600,CUST_001298,CHECKING,160603959,BR_02,71407.21,INACTIVE,2024-05-21,2026-09-20T15:49:40.231909
ACCT_00002601,CUST_001298,CHECKING,180803326,BR_08,229946.89,CLOSED,2024-07-21,2026-09-20T15:49:40.231912
ACCT_00002602,CUST_001299,CHECKING,170401522,BR_15,7542.25,ACTIVE,2023-04-20,2026-09-20T15:49:40.231922
ACCT_00002603,CUST_001299,SAVINGS,788179646,BR_02,283221.97,INACTIVE,2024-09-20,2026-09-20T15:49:40.231926
ACCT_00002604,CUST_001300,CHECKING,729166384,BR_03,90487.65,INACTIVE,2026-03-19,2026-09-20T15:49:40.231937
ACCT_00002605,CUST_001300,MONEY_MARKET,345972789,BR_02,240860.63,ACTIVE,2022-08-03,2026-09-20T15:49:40.231941
ACCT_00002606,CUST_001300,SAVINGS,237555813,BR_07,427499.95,INACTIVE,2023-12-26,2026-09-20T15:49:40.231944
ACCT_00002607,CUST_001301,CHECKING,817023093,BR_14,254397.1,INACTIVE,2025-03-24,2026-09-20T15:49:40.231955
ACCT_00002608,CUST_001301,SAVINGS,210472590,BR_15,452862.55,CLOSED,2026-06-30,2026-09-20T15:49:40.231958
ACCT_00002609,CUST_001302,SAVINGS,229348877,BR_08,404344.91,ACTIVE,2026-06-28,2026-09-20T15:49:40.231967
ACCT_00002610,CUST_001302,CHECKING,713194513,BR_10,79253.76,CLOSED,2023-08-26,2026-09-20T15:49:40.231970
ACCT_00002611,CUST_001302,SAVINGS,438663589,BR_14,68800.55,ACTIVE,2025-07-26,2026-09-20T15:49:40.231973
ACCT_00002612,CUST_001303,MONEY_MARKET,213703592,BR_02,176981.05,ACTIVE,2021-10-25,2026-09-20T15:49:40.231983
ACCT_00002613,CUST_001304,SAVINGS,110665577,BR_06,47134.17,ACTIVE,2022-08-08,2026-09-20T15:49:40.231992
ACCT_00002614,CUST_001304,CHECKING,207768794,BR_10,319959.64,INACTIVE,2025-04-22,2026-09-20T15:49:40.231995
ACCT_00002615,CUST_001305,CHECKING,655580562,BR_14,220864.14,CLOSED,2024-01-20,2026-09-20T15:49:40.232005
ACCT_00002616,CUST_001305,MONEY_MARKET,249956163,BR_05,233122.27,ACTIVE,2024-07-16,2026-09-20T15:49:40.232008
ACCT_00002617,CUST_001305,MONEY_MARKET,895910051,BR_05,429998.77,ACTIVE,2026-02-11,2026-09-20T15:49:40.232011
ACCT_00002618,CUST_001306,MONEY_MARKET,353689759,BR_12,409337.39,CLOSED,2022-03-01,2026-09-20T15:49:40.232020
ACCT_00002619,CUST_001306,MONEY_MARKET,445031986,BR_12,465892.26,ACTIVE,2023-04-30,2026-09-20T15:49:40.232023
ACCT_00002620,CUST_001306,CHECKING,890224337,BR_15,484566.67,INACTIVE,2022-04-24,2026-09-20T15:49:40.232026
ACCT_00002621,CUST_001307,SAVINGS,628966211,BR_01,215767.89,CLOSED,2024-06-30,2026-09-20T15:49:40.232036
ACCT_00002622,CUST_001307,MONEY_MARKET,312895369,BR_04,440325.74,ACTIVE,2023-05-03,2026-09-20T15:49:40.232048
ACCT_00002623,CUST_001307,MONEY_MARKET,699351974,BR_07,177209.65,INACTIVE,2021-09-29,2026-09-20T15:49:40.232051
ACCT_00002624,CUST_001308,CHECKING,278165076,BR_06,233688.25,CLOSED,2022-11-28,2026-09-20T15:49:40.232062
ACCT_00002625,CUST_001308,SAVINGS,565242667,BR_05,28759.3,CLOSED,2024-10-07,2026-09-20T15:49:40.232065
ACCT_00002626,CUST_001308,MONEY_MARKET,640581958,BR_13,392215.55,CLOSED,2023-09-07,2026-09-20T15:49:40.232068
ACCT_00002627,CUST_001309,CHECKING,990714291,BR_12,270788.79,INACTIVE,2022-09-19,2026-09-20T15:49:40.232077
ACCT_00002628,CUST_001309,SAVINGS,863002504,BR_13,238965.19,INACTIVE,2022-03-21,2026-09-20T15:49:40.232080
ACCT_00002629,CUST_001309,CHECKING,119316032,BR_12,254006.9,INACTIVE,2023-12-08,2026-09-20T15:49:40.232083
ACCT_00002630,CUST_001310,MONEY_MARKET,727603238,BR_13,84224.05,INACTIVE,2025-06-04,2026-09-20T15:49:40.232092
ACCT_00002631,CUST_001311,SAVINGS,891469943,BR_06,40168.53,CLOSED,2024-06-10,2026-09-20T15:49:40.232102
ACCT_00002632,CUST_001311,CHECKING,696408977,BR_03,86389.49,INACTIVE,2026-08-04,2026-09-20T15:49:40.232105
ACCT_00002633,CUST_001311,CHECKING,672608950,BR_03,176399.11,CLOSED,2023-01-28,2026-09-20T15:49:40.232109
ACCT_00002634,CUST_001312,CHECKING,912750574,BR_15,494429.65,INACTIVE,2025-09-03,2026-09-20T15:49:40.232120
ACCT_00002635,CUST_001312,MONEY_MARKET,541510997,BR_04,294532.3,INACTIVE,2025-08-17,2026-09-20T15:49:40.232123
ACCT_00002636,CUST_001313,CHECKING,197323605,BR_14,472887.42,ACTIVE,2025-04-05,2026-09-20T15:49:40.232135
ACCT_00002637,CUST_001313,SAVINGS,193619024,BR_05,284908.83,ACTIVE,2023-04-23,2026-09-20T15:49:40.232137
ACCT_00002638,CUST_001313,CHECKING,946174067,BR_01,302781.72,CLOSED,2024-04-18,2026-09-20T15:49:40.232140
ACCT_00002639,CUST_001314,CHECKING,992789780,BR_12,221747.67,ACTIVE,2024-05-04,2026-09-20T15:49:40.232150
ACCT_00002640,CUST_001314,SAVINGS,100264915,BR_05,459288.53,INACTIVE,2021-12-30,2026-09-20T15:49:40.232153
ACCT_00002641,CUST_001315,MONEY_MARKET,487949907,BR_07,97183.23,ACTIVE,2023-12-18,2026-09-20T15:49:40.232162
ACCT_00002642,CUST_001316,MONEY_MARKET,142238985,BR_01,358616.51,CLOSED,2026-03-21,2026-09-20T15:49:40.232171
ACCT_00002643,CUST_001316,CHECKING,891695433,BR_13,42292.66,ACTIVE,2025-04-05,2026-09-20T15:49:40.232174
ACCT_00002644,CUST_001317,CHECKING,678471226,BR_10,88900.52,ACTIVE,2024-12-19,2026-09-20T15:49:40.232184
ACCT_00002645,CUST_001317,SAVINGS,200551789,BR_02,474823.89,ACTIVE,2024-06-30,2026-09-20T15:49:40.232187
ACCT_00002646,CUST_001318,MONEY_MARKET,150226323,BR_07,482548.76,CLOSED,2025-10-31,2026-09-20T15:49:40.232196
ACCT_00002647,CUST_001319,SAVINGS,807677294,BR_01,160253.36,INACTIVE,2024-05-24,2026-09-20T15:49:40.232205
ACCT_00002648,CUST_001319,CHECKING,835606935,BR_12,209050.86,ACTIVE,2023-12-25,2026-09-20T15:49:40.232208
ACCT_00002649,CUST_001320,CHECKING,519749640,BR_05,109272.48,CLOSED,2022-08-22,2026-09-20T15:49:40.232217
ACCT_00002650,CUST_001320,SAVINGS,111084635,BR_01,286264.21,ACTIVE,2024-01-16,2026-09-20T15:49:40.232220
ACCT_00002651,CUST_001321,CHECKING,391388729,BR_07,45156.85,INACTIVE,2022-12-11,2026-09-20T15:49:40.232230
ACCT_00002652,CUST_001322,CHECKING,822946804,BR_02,102872.44,ACTIVE,2022-03-25,2026-09-20T15:49:40.232239
ACCT_00002653,CUST_001323,CHECKING,113347477,BR_11,468434.61,CLOSED,2025-03-09,2026-09-20T15:49:40.232248
ACCT_00002654,CUST_001323,SAVINGS,865096129,BR_02,482502.3,INACTIVE,2025-11-13,2026-09-20T15:49:40.232251
ACCT_00002655,CUST_001324,MONEY_MARKET,206452673,BR_07,174548.13,INACTIVE,2025-12-26,2026-09-20T15:49:40.232261
ACCT_00002656,CUST_001325,CHECKING,593670730,BR_03,232014.61,CLOSED,2024-06-17,2026-09-20T15:49:40.232270
ACCT_00002657,CUST_001325,MONEY_MARKET,488707689,BR_08,475515.87,ACTIVE,2024-04-09,2026-09-20T15:49:40.232273
ACCT_00002658,CUST_001325,MONEY_MARKET,323798112,BR_13,125578.83,INACTIVE,2025-08-18,2026-09-20T15:49:40.232276
ACCT_00002659,CUST_001326,CHECKING,979168483,BR_05,440011.75,ACTIVE,2023-12-26,2026-09-20T15:49:40.232285
ACCT_00002660,CUST_001326,SAVINGS,465266436,BR_02,255847.37,INACTIVE,2026-07-12,2026-09-20T15:49:40.232288
ACCT_00002661,CUST_001326,CHECKING,997533747,BR_14,247257.69,CLOSED,2023-06-22,2026-09-20T15:49:40.232291
ACCT_00002662,CUST_001327,CHECKING,421886039,BR_12,91457.78,ACTIVE,2025-01-11,2026-09-20T15:49:40.232300
ACCT_00002663,CUST_001328,CHECKING,578133290,BR_05,133377.69,INACTIVE,2026-03-15,2026-09-20T15:49:40.232310
ACCT_00002664,CUST_001328,SAVINGS,280622991,BR_04,134407.25,INACTIVE,2022-04-05,2026-09-20T15:49:40.232314
ACCT_00002665,CUST_001328,SAVINGS,954838689,BR_04,250541.48,INACTIVE,2023-06-06,2026-09-20T15:49:40.232317
ACCT_00002666,CUST_001329,SAVINGS,712325550,BR_13,498716.87,ACTIVE,2024-08-16,2026-09-20T15:49:40.232326
ACCT_00002667,CUST_001329,SAVINGS,929691979,BR_09,184924.59,ACTIVE,2024-07-07,2026-09-20T15:49:40.232329
ACCT_00002668,CUST_001330,SAVINGS,700663963,BR_10,20827.07,CLOSED,2024-01-07,2026-09-20T15:49:40.232340
ACCT_00002669,CUST_001331,CHECKING,653747656,BR_07,366997.71,INACTIVE,2026-04-14,2026-09-20T15:49:40.232351
ACCT_00002670,CUST_001332,CHECKING,103449831,BR_10,169517.88,CLOSED,2021-09-26,2026-09-20T15:49:40.232360
ACCT_00002671,CUST_001332,SAVINGS,771970661,BR_15,156544.85,CLOSED,2025-02-19,2026-09-20T15:49:40.232363
ACCT_00002672,CUST_001332,CHECKING,198108059,BR_07,363083.89,ACTIVE,2024-11-02,2026-09-20T15:49:40.232366
ACCT_00002673,CUST_001333,MONEY_MARKET,117183561,BR_14,399061.77,CLOSED,2022-04-05,2026-09-20T15:49:40.232376
ACCT_00002674,CUST_001333,CHECKING,612127164,BR_09,38918.52,CLOSED,2024-03-29,2026-09-20T15:49:40.232379
ACCT_00002675,CUST_001333,CHECKING,427195656,BR_08,423230.34,CLOSED,2024-05-03,2026-09-20T15:49:40.232382
ACCT_00002676,CUST_001334,CHECKING,415250617,BR_04,227859.79,CLOSED,2025-03-03,2026-09-20T15:49:40.232392
ACCT_00002677,CUST_001334,SAVINGS,327932482,BR_08,25709.55,CLOSED,2024-07-14,2026-09-20T15:49:40.232394
ACCT_00002678,CUST_001334,CHECKING,682217399,BR_13,225741.0,CLOSED,2021-11-02,2026-09-20T15:49:40.232397
ACCT_00002679,CUST_001335,SAVINGS,375315150,BR_15,207105.51,INACTIVE,2025-11-25,2026-09-20T15:49:40.232408
ACCT_00002680,CUST_001335,MONEY_MARKET,516289106,BR_13,116996.64,CLOSED,2022-02-06,2026-09-20T15:49:40.232411
ACCT_00002681,CUST_001336,SAVINGS,807726398,BR_05,441145.8,ACTIVE,2023-09-23,2026-09-20T15:49:40.232421
ACCT_00002682,CUST_001337,MONEY_MARKET,901596386,BR_10,285669.56,ACTIVE,2025-10-20,2026-09-20T15:49:40.232430
ACCT_00002683,CUST_001337,SAVINGS,610433183,BR_15,347919.4,CLOSED,2021-11-29,2026-09-20T15:49:40.232433
ACCT_00002684,CUST_001338,CHECKING,934373594,BR_09,154101.91,ACTIVE,2022-09-23,2026-09-20T15:49:40.232443
ACCT_00002685,CUST_001339,MONEY_MARKET,999396143,BR_09,192590.87,INACTIVE,2025-04-25,2026-09-20T15:49:40.232453
ACCT_00002686,CUST_001339,SAVINGS,542271517,BR_13,441162.99,ACTIVE,2024-09-29,2026-09-20T15:49:40.232457
ACCT_00002687,CUST_001340,CHECKING,857941358,BR_04,222159.09,INACTIVE,2023-04-27,2026-09-20T15:49:40.232468
ACCT_00002688,CUST_001341,CHECKING,326853761,BR_01,198239.39,CLOSED,2024-03-03,2026-09-20T15:49:40.232479
ACCT_00002689,CUST_001341,MONEY_MARKET,326549155,BR_01,408729.94,INACTIVE,2022-09-16,2026-09-20T15:49:40.232483
ACCT_00002690,CUST_001341,CHECKING,688403692,BR_15,67906.1,CLOSED,2025-08-11,2026-09-20T15:49:40.232486
ACCT_00002691,CUST_001342,SAVINGS,610429896,BR_15,287360.57,INACTIVE,2022-04-15,2026-09-20T15:49:40.232498
ACCT_00002692,CUST_001342,CHECKING,759608584,BR_01,385571.57,INACTIVE,2023-10-16,2026-09-20T15:49:40.232501
ACCT_00002693,CUST_001343,MONEY_MARKET,562683847,BR_06,109093.19,INACTIVE,2022-11-06,2026-09-20T15:49:40.232512
ACCT_00002694,CUST_001343,MONEY_MARKET,967946492,BR_14,23440.75,INACTIVE,2022-06-05,2026-09-20T15:49:40.232516
ACCT_00002695,CUST_001343,CHECKING,714868729,BR_07,102254.73,CLOSED,2022-01-29,2026-09-20T15:49:40.232519
ACCT_00002696,CUST_001344,MONEY_MARKET,653017043,BR_12,308996.88,CLOSED,2022-05-26,2026-09-20T15:49:40.232530
ACCT_00002697,CUST_001345,SAVINGS,125845386,BR_12,421932.93,CLOSED,2024-10-30,2026-09-20T15:49:40.232542
ACCT_00002698,CUST_001345,CHECKING,820207687,BR_11,151411.39,ACTIVE,2025-11-10,2026-09-20T15:49:40.232545
ACCT_00002699,CUST_001346,MONEY_MARKET,588994129,BR_01,131254.64,CLOSED,2024-04-08,2026-09-20T15:49:40.232555
ACCT_00002700,CUST_001347,CHECKING,685259134,BR_14,200796.21,CLOSED,2024-02-27,2026-09-20T15:49:40.232566
ACCT_00002701,CUST_001347,CHECKING,537157837,BR_07,103045.78,ACTIVE,2022-05-13,2026-09-20T15:49:40.232570
ACCT_00002702,CUST_001347,CHECKING,531879514,BR_13,81513.36,CLOSED,2026-07-22,2026-09-20T15:49:40.232573
ACCT_00002703,CUST_001348,CHECKING,969284742,BR_10,290719.03,CLOSED,2021-12-07,2026-09-20T15:49:40.232585
ACCT_00002704,CUST_001348,MONEY_MARKET,185998255,BR_11,497598.64,CLOSED,2025-09-28,2026-09-20T15:49:40.232588
ACCT_00002705,CUST_001349,CHECKING,703284296,BR_03,209397.91,INACTIVE,2022-04-29,2026-09-20T15:49:40.232598
ACCT_00002706,CUST_001349,CHECKING,929589050,BR_13,116766.87,ACTIVE,2024-01-27,2026-09-20T15:49:40.232601
ACCT_00002707,CUST_001350,CHECKING,673263738,BR_07,411197.03,INACTIVE,2023-03-20,2026-09-20T15:49:40.232613
ACCT_00002708,CUST_001350,SAVINGS,284270925,BR_07,293697.4,ACTIVE,2026-06-21,2026-09-20T15:49:40.232616
ACCT_00002709,CUST_001350,CHECKING,870907221,BR_12,295720.07,CLOSED,2022-11-29,2026-09-20T15:49:40.232620
ACCT_00002710,CUST_001351,CHECKING,824315961,BR_13,118778.92,INACTIVE,2024-12-10,2026-09-20T15:49:40.232631
ACCT_00002711,CUST_001352,MONEY_MARKET,745860057,BR_12,9736.91,INACTIVE,2024-08-17,2026-09-20T15:49:40.232642
ACCT_00002712,CUST_001352,MONEY_MARKET,755514857,BR_07,224875.61,INACTIVE,2023-04-13,2026-09-20T15:49:40.232646
ACCT_00002713,CUST_001352,CHECKING,168192701,BR_10,170055.29,CLOSED,2024-03-05,2026-09-20T15:49:40.232649
ACCT_00002714,CUST_001353,CHECKING,494991422,BR_05,498117.45,CLOSED,2025-09-23,2026-09-20T15:49:40.232661
ACCT_00002715,CUST_001354,CHECKING,702810664,BR_15,256363.58,INACTIVE,2022-12-12,2026-09-20T15:49:40.232672
ACCT_00002716,CUST_001354,CHECKING,971581005,BR_01,348717.63,CLOSED,2022-11-01,2026-09-20T15:49:40.232675
ACCT_00002717,CUST_001355,CHECKING,600265347,BR_12,269434.72,INACTIVE,2023-12-30,2026-09-20T15:49:40.232686
ACCT_00002718,CUST_001355,MONEY_MARKET,105991892,BR_07,317045.44,CLOSED,2025-02-12,2026-09-20T15:49:40.232690
ACCT_00002719,CUST_001355,MONEY_MARKET,338149490,BR_11,57037.5,CLOSED,2023-09-06,2026-09-20T15:49:40.232693
ACCT_00002720,CUST_001356,CHECKING,210548322,BR_07,325280.64,INACTIVE,2022-04-23,2026-09-20T15:49:40.232703
ACCT_00002721,CUST_001356,MONEY_MARKET,876007264,BR_11,71044.24,CLOSED,2023-10-10,2026-09-20T15:49:40.232706
ACCT_00002722,CUST_001356,CHECKING,452796749,BR_01,99936.61,INACTIVE,2022-04-18,2026-09-20T15:49:40.232709
ACCT_00002723,CUST_001357,CHECKING,611051706,BR_01,468464.18,ACTIVE,2024-04-29,2026-09-20T15:49:40.232719
ACCT_00002724,CUST_001358,SAVINGS,145667621,BR_08,439929.77,ACTIVE,2026-06-19,2026-09-20T15:49:40.232729
ACCT_00002725,CUST_001358,MONEY_MARKET,775495142,BR_09,15819.59,CLOSED,2021-10-13,2026-09-20T15:49:40.232732
ACCT_00002726,CUST_001358,CHECKING,587759677,BR_03,201115.37,CLOSED,2025-09-16,2026-09-20T15:49:40.232735
ACCT_00002727,CUST_001359,SAVINGS,690845542,BR_03,325675.87,INACTIVE,2021-12-20,2026-09-20T15:49:40.232745
ACCT_00002728,CUST_001359,SAVINGS,665408109,BR_06,376157.73,ACTIVE,2022-12-08,2026-09-20T15:49:40.232748
ACCT_00002729,CUST_001359,CHECKING,591390731,BR_03,258218.44,CLOSED,2023-05-23,2026-09-20T15:49:40.232751
ACCT_00002730,CUST_001360,MONEY_MARKET,297408206,BR_11,323458.24,CLOSED,2025-02-03,2026-09-20T15:49:40.232761
ACCT_00002731,CUST_001360,CHECKING,180811924,BR_07,269964.47,INACTIVE,2023-04-26,2026-09-20T15:49:40.232764
ACCT_00002732,CUST_001361,CHECKING,872269849,BR_10,442290.7,INACTIVE,2021-10-28,2026-09-20T15:49:40.232773
ACCT_00002733,CUST_001361,CHECKING,284136527,BR_13,236176.7,INACTIVE,2025-11-23,2026-09-20T15:49:40.232776
ACCT_00002734,CUST_001361,CHECKING,698578119,BR_01,265238.85,ACTIVE,2025-04-17,2026-09-20T15:49:40.232779
ACCT_00002735,CUST_001362,CHECKING,589937103,BR_01,317837.75,ACTIVE,2024-04-11,2026-09-20T15:49:40.232789
ACCT_00002736,CUST_001362,CHECKING,822110525,BR_15,441193.34,INACTIVE,2025-02-16,2026-09-20T15:49:40.232792
ACCT_00002737,CUST_001362,CHECKING,450108093,BR_13,297471.57,CLOSED,2022-12-27,2026-09-20T15:49:40.232795
ACCT_00002738,CUST_001363,MONEY_MARKET,371744479,BR_06,499160.08,CLOSED,2022-01-12,2026-09-20T15:49:40.232805
ACCT_00002739,CUST_001364,CHECKING,187212522,BR_03,5574.92,CLOSED,2024-12-25,2026-09-20T15:49:40.232815
ACCT_00002740,CUST_001364,MONEY_MARKET,806253349,BR_03,149198.47,CLOSED,2021-09-21,2026-09-20T15:49:40.232818
ACCT_00002741,CUST_001365,CHECKING,537895383,BR_10,9381.82,ACTIVE,2025-10-06,2026-09-20T15:49:40.232828
ACCT_00002742,CUST_001365,CHECKING,592342143,BR_06,124397.14,ACTIVE,2023-07-19,2026-09-20T15:49:40.232832
ACCT_00002743,CUST_001366,MONEY_MARKET,584632494,BR_07,411476.74,CLOSED,2026-04-23,2026-09-20T15:49:40.232842
ACCT_00002744,CUST_001366,CHECKING,755030693,BR_07,324547.7,INACTIVE,2026-08-20,2026-09-20T15:49:40.232845
ACCT_00002745,CUST_001367,SAVINGS,360149444,BR_07,159190.71,CLOSED,2024-11-28,2026-09-20T15:49:40.232854
ACCT_00002746,CUST_001368,SAVINGS,481027822,BR_04,349230.76,INACTIVE,2025-03-16,2026-09-20T15:49:40.232864
ACCT_00002747,CUST_001369,CHECKING,851525130,BR_09,407594.75,INACTIVE,2022-04-09,2026-09-20T15:49:40.232874
ACCT_00002748,CUST_001369,SAVINGS,829789753,BR_01,485451.56,INACTIVE,2022-01-01,2026-09-20T15:49:40.232877
ACCT_00002749,CUST_001369,MONEY_MARKET,392033365,BR_14,438602.83,CLOSED,2023-07-29,2026-09-20T15:49:40.232880
ACCT_00002750,CUST_001370,CHECKING,478255806,BR_14,358453.12,INACTIVE,2023-11-05,2026-09-20T15:49:40.232891
ACCT_00002751,CUST_001371,MONEY_MARKET,496681764,BR_05,469541.17,INACTIVE,2024-05-02,2026-09-20T15:49:40.232901
ACCT_00002752,CUST_001372,CHECKING,236551103,BR_04,214000.98,INACTIVE,2024-05-18,2026-09-20T15:49:40.232911
ACCT_00002753,CUST_001373,MONEY_MARKET,932646872,BR_10,485080.99,INACTIVE,2025-01-17,2026-09-20T15:49:40.232920
ACCT_00002754,CUST_001373,MONEY_MARKET,179124205,BR_03,186479.32,INACTIVE,2023-06-17,2026-09-20T15:49:40.232923
ACCT_00002755,CUST_001374,MONEY_MARKET,287023912,BR_03,374272.51,INACTIVE,2025-08-06,2026-09-20T15:49:40.232933
ACCT_00002756,CUST_001374,MONEY_MARKET,663107636,BR_07,92340.99,INACTIVE,2023-06-24,2026-09-20T15:49:40.232937
ACCT_00002757,CUST_001375,CHECKING,111896665,BR_07,208534.75,ACTIVE,2024-02-04,2026-09-20T15:49:40.232946
ACCT_00002758,CUST_001375,MONEY_MARKET,726428368,BR_07,88542.66,INACTIVE,2024-07-10,2026-09-20T15:49:40.232950
ACCT_00002759,CUST_001375,MONEY_MARKET,733516846,BR_15,444854.8,CLOSED,2022-12-14,2026-09-20T15:49:40.232953
ACCT_00002760,CUST_001376,MONEY_MARKET,891602149,BR_10,395583.65,CLOSED,2023-07-26,2026-09-20T15:49:40.232963
ACCT_00002761,CUST_001377,CHECKING,444259092,BR_13,276467.73,INACTIVE,2021-10-15,2026-09-20T15:49:40.232973
ACCT_00002762,CUST_001378,MONEY_MARKET,652727806,BR_08,355086.77,INACTIVE,2023-03-19,2026-09-20T15:49:40.232982
ACCT_00002763,CUST_001378,CHECKING,499613352,BR_15,390516.38,ACTIVE,2024-12-13,2026-09-20T15:49:40.232985
ACCT_00002764,CUST_001379,CHECKING,373596878,BR_09,86416.02,CLOSED,2021-10-11,2026-09-20T15:49:40.232995
ACCT_00002765,CUST_001380,MONEY_MARKET,973057837,BR_04,47913.26,ACTIVE,2023-04-04,2026-09-20T15:49:40.233005
ACCT_00002766,CUST_001380,MONEY_MARKET,901049701,BR_04,488026.52,CLOSED,2026-03-01,2026-09-20T15:49:40.233007
ACCT_00002767,CUST_001381,CHECKING,532128407,BR_01,14762.55,ACTIVE,2025-01-05,2026-09-20T15:49:40.233017
ACCT_00002768,CUST_001382,CHECKING,800478501,BR_11,349227.74,INACTIVE,2025-10-25,2026-09-20T15:49:40.233027
ACCT_00002769,CUST_001382,MONEY_MARKET,877793559,BR_12,471953.14,INACTIVE,2022-06-26,2026-09-20T15:49:40.233030
ACCT_00002770,CUST_001383,MONEY_MARKET,343555636,BR_14,16974.48,INACTIVE,2022-07-16,2026-09-20T15:49:40.233039
ACCT_00002771,CUST_001383,MONEY_MARKET,175931766,BR_04,150329.45,ACTIVE,2025-06-29,2026-09-20T15:49:40.233042
ACCT_00002772,CUST_001383,MONEY_MARKET,971370906,BR_10,247903.5,ACTIVE,2023-01-28,2026-09-20T15:49:40.233046
ACCT_00002773,CUST_001384,SAVINGS,242158329,BR_01,295759.22,CLOSED,2024-03-14,2026-09-20T15:49:40.233055
ACCT_00002774,CUST_001384,MONEY_MARKET,451355158,BR_14,335713.77,INACTIVE,2025-09-28,2026-09-20T15:49:40.233058
ACCT_00002775,CUST_001384,MONEY_MARKET,943858326,BR_11,469916.84,ACTIVE,2024-12-22,2026-09-20T15:49:40.233061
ACCT_00002776,CUST_001385,SAVINGS,766884646,BR_12,324517.36,ACTIVE,2023-09-24,2026-09-20T15:49:40.233071
ACCT_00002777,CUST_001386,CHECKING,461672337,BR_14,116140.54,CLOSED,2023-12-03,2026-09-20T15:49:40.233080
ACCT_00002778,CUST_001387,SAVINGS,753512782,BR_13,51242.22,INACTIVE,2023-07-04,2026-09-20T15:49:40.233090
ACCT_00002779,CUST_001387,MONEY_MARKET,530225557,BR_03,457695.31,CLOSED,2021-12-31,2026-09-20T15:49:40.233093
ACCT_00002780,CUST_001388,CHECKING,796896016,BR_14,185073.78,CLOSED,2025-11-25,2026-09-20T15:49:40.233103
ACCT_00002781,CUST_001388,CHECKING,191456029,BR_08,329474.99,ACTIVE,2023-02-12,2026-09-20T15:49:40.233106
ACCT_00002782,CUST_001388,CHECKING,581648264,BR_10,204304.74,ACTIVE,2023-09-09,2026-09-20T15:49:40.233109
ACCT_00002783,CUST_001389,MONEY_MARKET,457776706,BR_08,76552.31,CLOSED,2022-07-13,2026-09-20T15:49:40.233119
ACCT_00002784,CUST_001389,MONEY_MARKET,928116962,BR_05,424802.1,ACTIVE,2024-11-25,2026-09-20T15:49:40.233122
ACCT_00002785,CUST_001390,SAVINGS,626941508,BR_05,60345.94,ACTIVE,2024-11-08,2026-09-20T15:49:40.233132
ACCT_00002786,CUST_001391,CHECKING,805070917,BR_04,241132.72,CLOSED,2024-11-13,2026-09-20T15:49:40.233142
ACCT_00002787,CUST_001392,CHECKING,113671671,BR_01,248150.7,INACTIVE,2025-07-15,2026-09-20T15:49:40.233151
ACCT_00002788,CUST_001392,MONEY_MARKET,282061804,BR_02,248214.89,INACTIVE,2026-04-16,2026-09-20T15:49:40.233154
ACCT_00002789,CUST_001393,SAVINGS,192514659,BR_13,287841.81,CLOSED,2025-08-19,2026-09-20T15:49:40.233164
ACCT_00002790,CUST_001394,CHECKING,846261080,BR_06,416679.66,CLOSED,2021-12-14,2026-09-20T15:49:40.233174
ACCT_00002791,CUST_001395,MONEY_MARKET,875492318,BR_02,295434.07,CLOSED,2023-12-04,2026-09-20T15:49:40.233184
ACCT_00002792,CUST_001395,CHECKING,325450563,BR_08,20253.36,INACTIVE,2022-07-15,2026-09-20T15:49:40.233187
ACCT_00002793,CUST_001395,CHECKING,970122874,BR_05,425906.88,INACTIVE,2025-02-04,2026-09-20T15:49:40.233190
ACCT_00002794,CUST_001396,SAVINGS,690504508,BR_10,142.7,INACTIVE,2023-11-15,2026-09-20T15:49:40.233199
ACCT_00002795,CUST_001396,SAVINGS,127565844,BR_08,374921.23,CLOSED,2024-04-22,2026-09-20T15:49:40.233203
ACCT_00002796,CUST_001397,CHECKING,438457639,BR_02,461510.19,ACTIVE,2022-10-05,2026-09-20T15:49:40.233212
ACCT_00002797,CUST_001398,SAVINGS,445049909,BR_02,388718.34,CLOSED,2026-03-28,2026-09-20T15:49:40.233222
ACCT_00002798,CUST_001398,SAVINGS,776323071,BR_01,488730.78,CLOSED,2023-07-07,2026-09-20T15:49:40.233225
ACCT_00002799,CUST_001399,CHECKING,618962248,BR_12,119522.25,CLOSED,2025-09-15,2026-09-20T15:49:40.233235
ACCT_00002800,CUST_001399,MONEY_MARKET,736825007,BR_06,39320.65,INACTIVE,2024-06-27,2026-09-20T15:49:40.233238
ACCT_00002801,CUST_001400,SAVINGS,139770754,BR_10,406990.13,CLOSED,2022-03-08,2026-09-20T15:49:40.233248
ACCT_00002802,CUST_001401,MONEY_MARKET,101562964,BR_06,173223.73,CLOSED,2026-03-13,2026-09-20T15:49:40.233258
ACCT_00002803,CUST_001401,MONEY_MARKET,890924775,BR_13,47808.55,INACTIVE,2025-03-06,2026-09-20T15:49:40.233261
ACCT_00002804,CUST_001402,MONEY_MARKET,959816695,BR_10,196261.07,INACTIVE,2025-03-30,2026-09-20T15:49:40.233271
ACCT_00002805,CUST_001402,MONEY_MARKET,815547413,BR_02,460920.57,ACTIVE,2023-01-05,2026-09-20T15:49:40.233274
ACCT_00002806,CUST_001403,SAVINGS,102891417,BR_01,142599.72,CLOSED,2025-04-05,2026-09-20T15:49:40.233283
ACCT_00002807,CUST_001403,CHECKING,869684435,BR_05,159534.72,INACTIVE,2025-12-24,2026-09-20T15:49:40.233286
ACCT_00002808,CUST_001404,SAVINGS,119729988,BR_13,124397.42,CLOSED,2023-07-30,2026-09-20T15:49:40.233296
ACCT_00002809,CUST_001404,CHECKING,291352683,BR_02,402155.52,ACTIVE,2022-10-27,2026-09-20T15:49:40.233299
ACCT_00002810,CUST_001404,CHECKING,731968306,BR_07,196888.76,ACTIVE,2022-05-03,2026-09-20T15:49:40.233302
ACCT_00002811,CUST_001405,MONEY_MARKET,142848295,BR_04,256919.39,CLOSED,2023-07-13,2026-09-20T15:49:40.233313
ACCT_00002812,CUST_001405,SAVINGS,834968443,BR_05,314208.18,CLOSED,2022-06-20,2026-09-20T15:49:40.233317
ACCT_00002813,CUST_001405,CHECKING,808746345,BR_08,267135.68,ACTIVE,2025-10-15,2026-09-20T15:49:40.233321
ACCT_00002814,CUST_001406,SAVINGS,269058334,BR_10,348937.48,ACTIVE,2024-06-30,2026-09-20T15:49:40.233331
ACCT_00002815,CUST_001406,SAVINGS,843082157,BR_07,354676.06,ACTIVE,2021-10-11,2026-09-20T15:49:40.233334
ACCT_00002816,CUST_001407,MONEY_MARKET,354186893,BR_06,360444.4,ACTIVE,2025-07-08,2026-09-20T15:49:40.233343
ACCT_00002817,CUST_001408,CHECKING,749507930,BR_08,150060.53,ACTIVE,2023-10-26,2026-09-20T15:49:40.233353
ACCT_00002818,CUST_001409,CHECKING,918284805,BR_13,420231.76,INACTIVE,2026-05-26,2026-09-20T15:49:40.233363
ACCT_00002819,CUST_001409,MONEY_MARKET,872916142,BR_10,279238.74,ACTIVE,2023-04-18,2026-09-20T15:49:40.233366
ACCT_00002820,CUST_001409,CHECKING,144051620,BR_11,357847.8,CLOSED,2022-09-19,2026-09-20T15:49:40.233370
ACCT_00002821,CUST_001410,CHECKING,680734759,BR_14,361470.61,CLOSED,2023-02-10,2026-09-20T15:49:40.233380
ACCT_00002822,CUST_001410,SAVINGS,338754933,BR_02,46028.57,CLOSED,2021-11-02,2026-09-20T15:49:40.233383
ACCT_00002823,CUST_001410,CHECKING,970543563,BR_07,189348.3,ACTIVE,2024-10-04,2026-09-20T15:49:40.233386
ACCT_00002824,CUST_001411,SAVINGS,694364236,BR_06,280482.52,INACTIVE,2025-09-22,2026-09-20T15:49:40.233396
ACCT_00002825,CUST_001411,SAVINGS,358738308,BR_03,329103.98,ACTIVE,2023-04-23,2026-09-20T15:49:40.233399
ACCT_00002826,CUST_001411,MONEY_MARKET,533016334,BR_01,147704.78,INACTIVE,2022-02-28,2026-09-20T15:49:40.233402
ACCT_00002827,CUST_001412,MONEY_MARKET,270652170,BR_03,9142.92,ACTIVE,2023-04-09,2026-09-20T15:49:40.233412
ACCT_00002828,CUST_001412,SAVINGS,828126405,BR_01,238076.79,INACTIVE,2024-08-07,2026-09-20T15:49:40.233415
ACCT_00002829,CUST_001412,MONEY_MARKET,399054184,BR_05,240175.82,CLOSED,2022-03-18,2026-09-20T15:49:40.233418
ACCT_00002830,CUST_001413,MONEY_MARKET,828959132,BR_15,339487.9,ACTIVE,2023-01-18,2026-09-20T15:49:40.233428
ACCT_00002831,CUST_001414,CHECKING,576519145,BR_13,31855.36,INACTIVE,2022-06-16,2026-09-20T15:49:40.233437
ACCT_00002832,CUST_001415,MONEY_MARKET,714497013,BR_06,364624.41,CLOSED,2025-02-10,2026-09-20T15:49:40.233447
ACCT_00002833,CUST_001416,SAVINGS,963188027,BR_07,498901.31,ACTIVE,2021-09-29,2026-09-20T15:49:40.233457
ACCT_00002834,CUST_001416,SAVINGS,293060906,BR_04,163425.76,CLOSED,2024-07-13,2026-09-20T15:49:40.233460
ACCT_00002835,CUST_001417,SAVINGS,349203827,BR_01,69020.16,INACTIVE,2026-03-24,2026-09-20T15:49:40.233470
ACCT_00002836,CUST_001418,MONEY_MARKET,423418414,BR_01,64956.96,INACTIVE,2022-01-30,2026-09-20T15:49:40.233479
ACCT_00002837,CUST_001418,MONEY_MARKET,581491985,BR_01,108119.31,INACTIVE,2023-09-28,2026-09-20T15:49:40.233482
ACCT_00002838,CUST_001418,SAVINGS,151989168,BR_06,464070.37,ACTIVE,2024-06-07,2026-09-20T15:49:40.233485
ACCT_00002839,CUST_001419,CHECKING,525445097,BR_07,119429.13,ACTIVE,2024-07-23,2026-09-20T15:49:40.233495
ACCT_00002840,CUST_001420,CHECKING,884834446,BR_09,443561.0,ACTIVE,2023-01-04,2026-09-20T15:49:40.233505
ACCT_00002841,CUST_001421,SAVINGS,385595879,BR_14,4106.34,CLOSED,2023-05-06,2026-09-20T15:49:40.233515
ACCT_00002842,CUST_001421,CHECKING,111756387,BR_14,108256.17,ACTIVE,2023-04-26,2026-09-20T15:49:40.233518
ACCT_00002843,CUST_001421,CHECKING,277069484,BR_01,402766.5,ACTIVE,2023-01-21,2026-09-20T15:49:40.233521
ACCT_00002844,CUST_001422,CHECKING,491740160,BR_03,11750.41,INACTIVE,2024-09-26,2026-09-20T15:49:40.233530
ACCT_00002845,CUST_001423,MONEY_MARKET,314781638,BR_13,471384.6,INACTIVE,2023-06-14,2026-09-20T15:49:40.233540
ACCT_00002846,CUST_001424,MONEY_MARKET,741513295,BR_06,115709.48,ACTIVE,2023-06-02,2026-09-20T15:49:40.233550
ACCT_00002847,CUST_001424,MONEY_MARKET,985171102,BR_03,484590.99,ACTIVE,2026-05-12,2026-09-20T15:49:40.233553
ACCT_00002848,CUST_001425,MONEY_MARKET,672783451,BR_07,21594.66,INACTIVE,2024-09-06,2026-09-20T15:49:40.233562
ACCT_00002849,CUST_001425,SAVINGS,417049930,BR_11,160908.2,INACTIVE,2023-02-08,2026-09-20T15:49:40.233566
ACCT_00002850,CUST_001425,MONEY_MARKET,247169416,BR_01,159579.48,CLOSED,2023-07-08,2026-09-20T15:49:40.233569
ACCT_00002851,CUST_001426,SAVINGS,844624702,BR_05,462871.86,ACTIVE,2023-10-04,2026-09-20T15:49:40.233578
ACCT_00002852,CUST_001426,CHECKING,233525943,BR_09,8243.36,CLOSED,2025-12-17,2026-09-20T15:49:40.233581
ACCT_00002853,CUST_001426,MONEY_MARKET,688436302,BR_10,194705.9,CLOSED,2024-09-03,2026-09-20T15:49:40.233584
ACCT_00002854,CUST_001427,CHECKING,404291481,BR_15,419499.93,INACTIVE,2022-05-14,2026-09-20T15:49:40.233594
ACCT_00002855,CUST_001427,SAVINGS,527496252,BR_07,78534.44,ACTIVE,2023-04-17,2026-09-20T15:49:40.233597
ACCT_00002856,CUST_001427,MONEY_MARKET,498352510,BR_03,61761.65,CLOSED,2023-11-12,2026-09-20T15:49:40.233600
ACCT_00002857,CUST_001428,SAVINGS,850987216,BR_07,190005.1,ACTIVE,2022-02-01,2026-09-20T15:49:40.233611
ACCT_00002858,CUST_001429,CHECKING,970654370,BR_07,420194.19,INACTIVE,2023-08-08,2026-09-20T15:49:40.233621
ACCT_00002859,CUST_001429,SAVINGS,132731256,BR_08,5341.45,INACTIVE,2021-10-18,2026-09-20T15:49:40.233624
ACCT_00002860,CUST_001430,CHECKING,913648731,BR_07,450908.63,INACTIVE,2026-07-20,2026-09-20T15:49:40.233634
ACCT_00002861,CUST_001430,CHECKING,311248322,BR_06,399908.52,ACTIVE,2024-08-02,2026-09-20T15:49:40.233637
ACCT_00002862,CUST_001430,MONEY_MARKET,492093935,BR_01,35596.03,ACTIVE,2022-10-27,2026-09-20T15:49:40.233640
ACCT_00002863,CUST_001431,CHECKING,573755379,BR_04,339727.43,CLOSED,2026-02-18,2026-09-20T15:49:40.233650
ACCT_00002864,CUST_001432,SAVINGS,968617742,BR_02,158085.09,ACTIVE,2024-09-10,2026-09-20T15:49:40.233660
ACCT_00002865,CUST_001432,MONEY_MARKET,572486892,BR_10,31013.0,ACTIVE,2025-08-19,2026-09-20T15:49:40.233663
ACCT_00002866,CUST_001433,SAVINGS,180587885,BR_04,122722.95,INACTIVE,2024-11-30,2026-09-20T15:49:40.233673
ACCT_00002867,CUST_001433,SAVINGS,708991600,BR_05,28401.54,INACTIVE,2025-02-26,2026-09-20T15:49:40.233676
ACCT_00002868,CUST_001434,MONEY_MARKET,492309683,BR_04,48627.2,INACTIVE,2022-09-29,2026-09-20T15:49:40.233685
ACCT_00002869,CUST_001434,SAVINGS,726554808,BR_01,159727.02,INACTIVE,2025-12-12,2026-09-20T15:49:40.233689
ACCT_00002870,CUST_001434,MONEY_MARKET,889565011,BR_02,379259.79,CLOSED,2023-01-24,2026-09-20T15:49:40.233692
ACCT_00002871,CUST_001435,MONEY_MARKET,527198520,BR_07,482215.47,INACTIVE,2021-11-20,2026-09-20T15:49:40.233702
ACCT_00002872,CUST_001435,MONEY_MARKET,534452834,BR_10,107482.56,INACTIVE,2024-06-17,2026-09-20T15:49:40.233705
ACCT_00002873,CUST_001435,CHECKING,694561966,BR_04,97484.66,INACTIVE,2022-08-21,2026-09-20T15:49:40.233708
ACCT_00002874,CUST_001436,SAVINGS,383299427,BR_11,335309.27,INACTIVE,2024-06-02,2026-09-20T15:49:40.233718
ACCT_00002875,CUST_001436,MONEY_MARKET,107425539,BR_06,343363.72,ACTIVE,2022-04-23,2026-09-20T15:49:40.233721
ACCT_00002876,CUST_001436,CHECKING,360798337,BR_12,347063.08,INACTIVE,2022-02-22,2026-09-20T15:49:40.233724
ACCT_00002877,CUST_001437,CHECKING,682033441,BR_05,122255.89,ACTIVE,2022-02-13,2026-09-20T15:49:40.233735
ACCT_00002878,CUST_001437,MONEY_MARKET,207655062,BR_10,92885.73,ACTIVE,2023-04-04,2026-09-20T15:49:40.233738
ACCT_00002879,CUST_001437,SAVINGS,564379001,BR_08,121023.56,ACTIVE,2021-11-14,2026-09-20T15:49:40.233741
ACCT_00002880,CUST_001438,MONEY_MARKET,858564440,BR_10,349331.62,ACTIVE,2022-03-25,2026-09-20T15:49:40.233751
ACCT_00002881,CUST_001439,CHECKING,325843670,BR_10,499145.92,INACTIVE,2025-01-06,2026-09-20T15:49:40.233760
ACCT_00002882,CUST_001439,SAVINGS,142861764,BR_03,434301.73,ACTIVE,2024-10-31,2026-09-20T15:49:40.233764
ACCT_00002883,CUST_001439,CHECKING,919357965,BR_03,407757.03,INACTIVE,2024-07-12,2026-09-20T15:49:40.233767
ACCT_00002884,CUST_001440,MONEY_MARKET,800875109,BR_03,129217.82,INACTIVE,2023-12-26,2026-09-20T15:49:40.233776
ACCT_00002885,CUST_001440,CHECKING,767813146,BR_15,354583.4,ACTIVE,2022-08-06,2026-09-20T15:49:40.233779
ACCT_00002886,CUST_001440,MONEY_MARKET,463083379,BR_11,70431.61,ACTIVE,2025-04-20,2026-09-20T15:49:40.233784
ACCT_00002887,CUST_001441,CHECKING,123290626,BR_10,47050.97,CLOSED,2026-08-21,2026-09-20T15:49:40.233794
ACCT_00002888,CUST_001441,CHECKING,554493262,BR_10,94530.55,ACTIVE,2023-09-29,2026-09-20T15:49:40.233797
ACCT_00002889,CUST_001441,SAVINGS,414966144,BR_03,106287.67,INACTIVE,2023-11-12,2026-09-20T15:49:40.233800
ACCT_00002890,CUST_001442,CHECKING,749237951,BR_10,262683.09,CLOSED,2026-08-03,2026-09-20T15:49:40.233809
ACCT_00002891,CUST_001442,MONEY_MARKET,618908724,BR_06,409957.16,ACTIVE,2024-10-18,2026-09-20T15:49:40.233812
ACCT_00002892,CUST_001442,SAVINGS,840928626,BR_06,63506.18,INACTIVE,2026-04-26,2026-09-20T15:49:40.233815
ACCT_00002893,CUST_001443,SAVINGS,568599729,BR_10,344894.12,CLOSED,2026-04-01,2026-09-20T15:49:40.233825
ACCT_00002894,CUST_001443,CHECKING,691754292,BR_04,62246.12,ACTIVE,2022-08-15,2026-09-20T15:49:40.233828
ACCT_00002895,CUST_001444,SAVINGS,363984684,BR_04,336749.97,ACTIVE,2022-04-20,2026-09-20T15:49:40.233838
ACCT_00002896,CUST_001444,SAVINGS,771536189,BR_12,389563.4,ACTIVE,2023-11-16,2026-09-20T15:49:40.233841
ACCT_00002897,CUST_001445,SAVINGS,601289396,BR_04,101955.64,ACTIVE,2024-04-25,2026-09-20T15:49:40.233851
ACCT_00002898,CUST_001445,MONEY_MARKET,643562503,BR_12,480049.23,INACTIVE,2024-05-21,2026-09-20T15:49:40.233855
ACCT_00002899,CUST_001446,MONEY_MARKET,613401565,BR_01,462764.0,INACTIVE,2026-08-14,2026-09-20T15:49:40.233865
ACCT_00002900,CUST_001446,CHECKING,699697364,BR_06,26274.74,INACTIVE,2022-03-02,2026-09-20T15:49:40.233868
ACCT_00002901,CUST_001447,SAVINGS,759666896,BR_06,84815.91,CLOSED,2022-03-05,2026-09-20T15:49:40.233877
ACCT_00002902,CUST_001448,CHECKING,776644713,BR_05,42498.69,ACTIVE,2023-01-18,2026-09-20T15:49:40.233888
ACCT_00002903,CUST_001448,SAVINGS,949421482,BR_12,148825.84,ACTIVE,2025-11-24,2026-09-20T15:49:40.233891
ACCT_00002904,CUST_001449,SAVINGS,119867046,BR_11,324037.08,INACTIVE,2023-12-26,2026-09-20T15:49:40.233900
ACCT_00002905,CUST_001449,SAVINGS,643677956,BR_03,214071.01,INACTIVE,2025-11-12,2026-09-20T15:49:40.233903
ACCT_00002906,CUST_001450,MONEY_MARKET,102598836,BR_14,462980.67,ACTIVE,2026-07-24,2026-09-20T15:49:40.233913
ACCT_00002907,CUST_001450,CHECKING,363185142,BR_12,202478.5,CLOSED,2022-12-04,2026-09-20T15:49:40.233916
ACCT_00002908,CUST_001451,MONEY_MARKET,952400997,BR_13,471923.99,INACTIVE,2024-04-30,2026-09-20T15:49:40.233926
ACCT_00002909,CUST_001451,MONEY_MARKET,176207508,BR_05,286880.93,INACTIVE,2024-11-14,2026-09-20T15:49:40.233929
ACCT_00002910,CUST_001452,SAVINGS,793303150,BR_10,104512.0,CLOSED,2025-06-02,2026-09-20T15:49:40.233939
ACCT_00002911,CUST_001452,MONEY_MARKET,850527086,BR_13,285409.38,INACTIVE,2022-06-10,2026-09-20T15:49:40.233942
ACCT_00002912,CUST_001452,MONEY_MARKET,681628162,BR_12,138970.4,CLOSED,2022-03-18,2026-09-20T15:49:40.233945
ACCT_00002913,CUST_001453,SAVINGS,742894425,BR_15,353062.25,INACTIVE,2026-06-12,2026-09-20T15:49:40.233955
ACCT_00002914,CUST_001454,MONEY_MARKET,765957064,BR_15,157565.53,INACTIVE,2026-07-23,2026-09-20T15:49:40.233965
ACCT_00002915,CUST_001454,SAVINGS,741255139,BR_12,400237.8,ACTIVE,2025-11-02,2026-09-20T15:49:40.233968
ACCT_00002916,CUST_001454,SAVINGS,932233178,BR_14,218315.65,ACTIVE,2025-12-03,2026-09-20T15:49:40.233971
ACCT_00002917,CUST_001455,MONEY_MARKET,338834252,BR_10,128704.23,INACTIVE,2026-01-26,2026-09-20T15:49:40.233987
ACCT_00002918,CUST_001456,CHECKING,268522141,BR_12,274071.52,CLOSED,2023-08-25,2026-09-20T15:49:40.233997
ACCT_00002919,CUST_001457,CHECKING,809241789,BR_14,455123.73,INACTIVE,2023-03-09,2026-09-20T15:49:40.234007
ACCT_00002920,CUST_001457,SAVINGS,703856167,BR_15,169783.18,INACTIVE,2026-07-19,2026-09-20T15:49:40.234010
ACCT_00002921,CUST_001457,CHECKING,851408023,BR_02,91308.0,INACTIVE,2024-03-10,2026-09-20T15:49:40.234013
ACCT_00002922,CUST_001458,MONEY_MARKET,275394713,BR_03,454818.57,CLOSED,2023-08-30,2026-09-20T15:49:40.234023
ACCT_00002923,CUST_001458,MONEY_MARKET,426616998,BR_08,150155.59,CLOSED,2025-09-25,2026-09-20T15:49:40.234026
ACCT_00002924,CUST_001458,SAVINGS,527018183,BR_12,230601.47,CLOSED,2022-09-26,2026-09-20T15:49:40.234029
ACCT_00002925,CUST_001459,CHECKING,651250266,BR_13,250643.37,ACTIVE,2025-12-01,2026-09-20T15:49:40.234039
ACCT_00002926,CUST_001459,CHECKING,583453574,BR_09,321515.72,CLOSED,2023-12-06,2026-09-20T15:49:40.234042
ACCT_00002927,CUST_001460,SAVINGS,805732367,BR_09,486268.31,INACTIVE,2026-04-05,2026-09-20T15:49:40.234052
ACCT_00002928,CUST_001461,MONEY_MARKET,153124338,BR_07,348794.48,CLOSED,2025-07-08,2026-09-20T15:49:40.234062
ACCT_00002929,CUST_001461,MONEY_MARKET,876676811,BR_05,287809.72,INACTIVE,2024-05-23,2026-09-20T15:49:40.234065
ACCT_00002930,CUST_001462,SAVINGS,902722296,BR_10,299769.25,INACTIVE,2024-06-11,2026-09-20T15:49:40.234075
ACCT_00002931,CUST_001462,CHECKING,908568763,BR_11,162351.19,INACTIVE,2022-10-15,2026-09-20T15:49:40.234078
ACCT_00002932,CUST_001463,MONEY_MARKET,389201113,BR_10,387544.68,INACTIVE,2025-07-23,2026-09-20T15:49:40.234087
ACCT_00002933,CUST_001463,MONEY_MARKET,681513487,BR_04,485535.5,CLOSED,2021-10-29,2026-09-20T15:49:40.234090
ACCT_00002934,CUST_001464,CHECKING,316177102,BR_07,402012.08,ACTIVE,2021-12-06,2026-09-20T15:49:40.234100
ACCT_00002935,CUST_001464,MONEY_MARKET,163730847,BR_10,440040.47,INACTIVE,2026-03-03,2026-09-20T15:49:40.234103
ACCT_00002936,CUST_001465,SAVINGS,242172514,BR_01,49568.33,INACTIVE,2024-08-22,2026-09-20T15:49:40.234113
ACCT_00002937,CUST_001465,SAVINGS,886467460,BR_08,342223.47,INACTIVE,2025-01-30,2026-09-20T15:49:40.234116
ACCT_00002938,CUST_001466,SAVINGS,814585584,BR_15,261416.98,INACTIVE,2024-10-30,2026-09-20T15:49:40.234126
ACCT_00002939,CUST_001466,SAVINGS,907032814,BR_13,179301.12,INACTIVE,2024-08-30,2026-09-20T15:49:40.234129
ACCT_00002940,CUST_001467,CHECKING,373552584,BR_08,215533.6,ACTIVE,2026-08-07,2026-09-20T15:49:40.234140
ACCT_00002941,CUST_001468,SAVINGS,662399011,BR_08,168855.49,INACTIVE,2022-02-08,2026-09-20T15:49:40.234150
ACCT_00002942,CUST_001469,CHECKING,412641556,BR_11,28839.17,ACTIVE,2024-04-24,2026-09-20T15:49:40.234160
ACCT_00002943,CUST_001469,SAVINGS,478923729,BR_05,162615.54,ACTIVE,2025-08-28,2026-09-20T15:49:40.234163
ACCT_00002944,CUST_001469,SAVINGS,424846191,BR_05,34448.68,CLOSED,2023-05-04,2026-09-20T15:49:40.234166
ACCT_00002945,CUST_001470,SAVINGS,417941511,BR_01,71945.78,ACTIVE,2025-07-05,2026-09-20T15:49:40.234176
ACCT_00002946,CUST_001470,MONEY_MARKET,536514589,BR_15,267251.88,INACTIVE,2026-07-18,2026-09-20T15:49:40.234179
ACCT_00002947,CUST_001470,MONEY_MARKET,932720610,BR_04,418265.05,INACTIVE,2021-10-10,2026-09-20T15:49:40.234182
ACCT_00002948,CUST_001471,MONEY_MARKET,168207271,BR_08,10037.94,ACTIVE,2024-05-07,2026-09-20T15:49:40.234192
ACCT_00002949,CUST_001472,CHECKING,768093917,BR_05,404964.16,INACTIVE,2025-10-10,2026-09-20T15:49:40.234203
ACCT_00002950,CUST_001473,MONEY_MARKET,790402847,BR_07,30475.49,ACTIVE,2022-03-03,2026-09-20T15:49:40.234213
ACCT_00002951,CUST_001474,SAVINGS,885251038,BR_01,270324.62,CLOSED,2023-08-22,2026-09-20T15:49:40.234223
ACCT_00002952,CUST_001474,CHECKING,132638306,BR_10,388451.85,INACTIVE,2022-06-14,2026-09-20T15:49:40.234226
ACCT_00002953,CUST_001474,CHECKING,328268030,BR_05,334019.92,ACTIVE,2023-05-14,2026-09-20T15:49:40.234229
ACCT_00002954,CUST_001475,MONEY_MARKET,171096250,BR_14,303740.27,CLOSED,2023-12-03,2026-09-20T15:49:40.234239
ACCT_00002955,CUST_001475,MONEY_MARKET,622889364,BR_03,420365.75,INACTIVE,2025-10-12,2026-09-20T15:49:40.234242
ACCT_00002956,CUST_001476,SAVINGS,217591776,BR_04,181353.01,CLOSED,2025-02-14,2026-09-20T15:49:40.234252
ACCT_00002957,CUST_001476,MONEY_MARKET,114154618,BR_05,158954.81,ACTIVE,2024-01-14,2026-09-20T15:49:40.234255
ACCT_00002958,CUST_001476,CHECKING,480037473,BR_13,385060.0,CLOSED,2023-11-18,2026-09-20T15:49:40.234258
ACCT_00002959,CUST_001477,MONEY_MARKET,115204964,BR_10,161001.85,CLOSED,2023-01-21,2026-09-20T15:49:40.234268
ACCT_00002960,CUST_001477,CHECKING,715293993,BR_05,338447.61,INACTIVE,2023-05-12,2026-09-20T15:49:40.234271
ACCT_00002961,CUST_001478,MONEY_MARKET,148487381,BR_03,328964.76,INACTIVE,2026-08-19,2026-09-20T15:49:40.234281
ACCT_00002962,CUST_001478,CHECKING,870116692,BR_10,125562.23,ACTIVE,2022-12-28,2026-09-20T15:49:40.234284
ACCT_00002963,CUST_001478,CHECKING,960529750,BR_04,484726.51,INACTIVE,2023-08-31,2026-09-20T15:49:40.234288
ACCT_00002964,CUST_001479,CHECKING,456614938,BR_09,140255.3,ACTIVE,2024-01-05,2026-09-20T15:49:40.234298
ACCT_00002965,CUST_001479,CHECKING,435199547,BR_03,20530.42,ACTIVE,2023-06-24,2026-09-20T15:49:40.234302
ACCT_00002966,CUST_001479,MONEY_MARKET,572466267,BR_11,229972.18,INACTIVE,2023-08-27,2026-09-20T15:49:40.234305
ACCT_00002967,CUST_001480,SAVINGS,489311064,BR_10,182713.29,ACTIVE,2022-12-16,2026-09-20T15:49:40.234314
ACCT_00002968,CUST_001480,SAVINGS,171611803,BR_09,449687.09,CLOSED,2025-02-20,2026-09-20T15:49:40.234317
ACCT_00002969,CUST_001481,MONEY_MARKET,874849172,BR_03,100813.15,CLOSED,2023-09-17,2026-09-20T15:49:40.234327
ACCT_00002970,CUST_001481,MONEY_MARKET,238659194,BR_14,303226.28,CLOSED,2023-09-22,2026-09-20T15:49:40.234330
ACCT_00002971,CUST_001481,SAVINGS,847680119,BR_09,403009.85,INACTIVE,2026-01-16,2026-09-20T15:49:40.234333
ACCT_00002972,CUST_001482,SAVINGS,270911254,BR_04,323386.75,ACTIVE,2025-09-11,2026-09-20T15:49:40.234343
ACCT_00002973,CUST_001482,SAVINGS,133423400,BR_12,321448.23,CLOSED,2023-07-25,2026-09-20T15:49:40.234347
ACCT_00002974,CUST_001482,SAVINGS,869262479,BR_10,378396.33,ACTIVE,2024-01-24,2026-09-20T15:49:40.234350
ACCT_00002975,CUST_001483,SAVINGS,414107655,BR_15,258225.23,ACTIVE,2021-11-16,2026-09-20T15:49:40.234360
ACCT_00002976,CUST_001483,SAVINGS,306662873,BR_12,1343.67,INACTIVE,2025-08-14,2026-09-20T15:49:40.234365
ACCT_00002977,CUST_001484,CHECKING,805666604,BR_11,457387.62,ACTIVE,2024-07-22,2026-09-20T15:49:40.234375
ACCT_00002978,CUST_001484,CHECKING,971839315,BR_09,461669.14,ACTIVE,2024-01-05,2026-09-20T15:49:40.234378
ACCT_00002979,CUST_001484,MONEY_MARKET,637571781,BR_03,147521.03,ACTIVE,2024-07-01,2026-09-20T15:49:40.234381
ACCT_00002980,CUST_001485,SAVINGS,704652399,BR_05,207218.3,CLOSED,2023-04-24,2026-09-20T15:49:40.234390
ACCT_00002981,CUST_001485,CHECKING,551410152,BR_15,76466.0,ACTIVE,2024-01-22,2026-09-20T15:49:40.234394
ACCT_00002982,CUST_001486,CHECKING,336291485,BR_11,236931.22,INACTIVE,2023-02-19,2026-09-20T15:49:40.234403
ACCT_00002983,CUST_001486,MONEY_MARKET,721988060,BR_01,490349.94,ACTIVE,2025-05-12,2026-09-20T15:49:40.234406
ACCT_00002984,CUST_001486,SAVINGS,829403184,BR_14,286647.11,ACTIVE,2022-09-01,2026-09-20T15:49:40.234409
ACCT_00002985,CUST_001487,SAVINGS,984679582,BR_05,436473.26,CLOSED,2023-08-07,2026-09-20T15:49:40.234419
ACCT_00002986,CUST_001487,MONEY_MARKET,784792001,BR_08,27908.85,CLOSED,2025-01-24,2026-09-20T15:49:40.234422
ACCT_00002987,CUST_001488,SAVINGS,723763433,BR_06,351663.14,ACTIVE,2023-02-14,2026-09-20T15:49:40.234432
ACCT_00002988,CUST_001488,SAVINGS,551743874,BR_08,157048.7,ACTIVE,2023-04-24,2026-09-20T15:49:40.234435
ACCT_00002989,CUST_001489,CHECKING,978903995,BR_15,432460.92,CLOSED,2023-02-20,2026-09-20T15:49:40.234445
ACCT_00002990,CUST_001489,MONEY_MARKET,142725845,BR_14,226271.27,ACTIVE,2024-01-17,2026-09-20T15:49:40.234448
ACCT_00002991,CUST_001489,MONEY_MARKET,171198655,BR_06,291634.44,INACTIVE,2023-11-14,2026-09-20T15:49:40.234451
ACCT_00002992,CUST_001490,CHECKING,698961481,BR_10,151319.72,CLOSED,2023-03-24,2026-09-20T15:49:40.234461
ACCT_00002993,CUST_001490,MONEY_MARKET,773437464,BR_07,83907.37,CLOSED,2025-06-17,2026-09-20T15:49:40.234464
ACCT_00002994,CUST_001490,MONEY_MARKET,383011015,BR_09,255912.04,INACTIVE,2025-06-27,2026-09-20T15:49:40.234467
ACCT_00002995,CUST_001491,CHECKING,267025475,BR_01,342655.4,INACTIVE,2026-03-12,2026-09-20T15:49:40.234477
ACCT_00002996,CUST_001491,CHECKING,355330790,BR_10,199634.14,ACTIVE,2025-08-17,2026-09-20T15:49:40.234480
ACCT_00002997,CUST_001491,CHECKING,778171718,BR_13,333983.25,ACTIVE,2023-02-04,2026-09-20T15:49:40.234483
ACCT_00002998,CUST_001492,MONEY_MARKET,194720953,BR_09,439259.14,CLOSED,2026-01-29,2026-09-20T15:49:40.234493
ACCT_00002999,CUST_001492,CHECKING,708889385,BR_11,394576.9,CLOSED,2023-01-11,2026-09-20T15:49:40.234496
ACCT_00003000,CUST_001493,MONEY_MARKET,941961746,BR_13,49235.9,ACTIVE,2022-01-24,2026-09-20T15:49:40.234506
ACCT_00003001,CUST_001493,CHECKING,796703831,BR_14,244278.32,INACTIVE,2024-06-18,2026-09-20T15:49:40.234509
ACCT_00003002,CUST_001494,MONEY_MARKET,139350408,BR_14,59299.01,INACTIVE,2023-05-09,2026-09-20T15:49:40.234518
ACCT_00003003,CUST_001494,CHECKING,335628419,BR_08,389689.95,CLOSED,2023-07-12,2026-09-20T15:49:40.234521
ACCT_00003004,CUST_001494,CHECKING,516206207,BR_09,303387.02,ACTIVE,2025-05-20,2026-09-20T15:49:40.234524
ACCT_00003005,CUST_001495,MONEY_MARKET,649091046,BR_11,464855.5,INACTIVE,2022-12-06,2026-09-20T15:49:40.234535
ACCT_00003006,CUST_001495,SAVINGS,752268031,BR_15,227115.3,ACTIVE,2025-04-12,2026-09-20T15:49:40.234538
ACCT_00003007,CUST_001496,SAVINGS,147500964,BR_07,245465.82,INACTIVE,2023-10-10,2026-09-20T15:49:40.234548
ACCT_00003008,CUST_001496,MONEY_MARKET,544277539,BR_14,259330.34,CLOSED,2021-10-15,2026-09-20T15:49:40.234551
ACCT_00003009,CUST_001496,CHECKING,305094266,BR_06,177221.19,INACTIVE,2026-07-25,2026-09-20T15:49:40.234554
ACCT_00003010,CUST_001497,SAVINGS,353537964,BR_12,50870.5,ACTIVE,2021-12-05,2026-09-20T15:49:40.234564
ACCT_00003011,CUST_001497,MONEY_MARKET,334097644,BR_02,161520.01,INACTIVE,2023-02-04,2026-09-20T15:49:40.234567
ACCT_00003012,CUST_001498,MONEY_MARKET,924238313,BR_06,220045.15,ACTIVE,2024-08-19,2026-09-20T15:49:40.234577
ACCT_00003013,CUST_001499,MONEY_MARKET,200517430,BR_09,239272.73,CLOSED,2022-11-07,2026-09-20T15:49:40.234587
ACCT_00003014,CUST_001500,CHECKING,654671717,BR_05,355483.08,INACTIVE,2025-02-28,2026-09-20T15:49:40.234605
ACCT_00003015,CUST_001500,CHECKING,434126591,BR_06,490929.61,CLOSED,2025-06-19,2026-09-20T15:49:40.234608
ACCT_00003016,CUST_001500,CHECKING,181980092,BR_05,32039.31,INACTIVE,2026-05-08,2026-09-20T15:49:40.234611
ACCT_00003017,CUST_001501,MONEY_MARKET,209954091,BR_13,76276.95,ACTIVE,2023-01-02,2026-09-20T15:49:40.234622
ACCT_00003018,CUST_001501,SAVINGS,152849110,BR_04,200358.11,INACTIVE,2025-12-31,2026-09-20T15:49:40.234625
ACCT_00003019,CUST_001501,SAVINGS,774079234,BR_13,196832.62,CLOSED,2023-04-07,2026-09-20T15:49:40.234628
ACCT_00003020,CUST_001502,MONEY_MARKET,140237920,BR_10,319471.17,INACTIVE,2023-03-05,2026-09-20T15:49:40.234638
ACCT_00003021,CUST_001503,MONEY_MARKET,157377339,BR_14,441251.82,ACTIVE,2023-01-21,2026-09-20T15:49:40.234648
ACCT_00003022,CUST_001503,SAVINGS,963606853,BR_13,313818.77,INACTIVE,2024-03-31,2026-09-20T15:49:40.234652
ACCT_00003023,CUST_001504,SAVINGS,382828526,BR_07,488165.72,CLOSED,2022-02-04,2026-09-20T15:49:40.234661
ACCT_00003024,CUST_001504,SAVINGS,126564074,BR_15,380665.16,ACTIVE,2022-01-16,2026-09-20T15:49:40.234664
ACCT_00003025,CUST_001504,SAVINGS,879138454,BR_14,213693.75,INACTIVE,2022-01-27,2026-09-20T15:49:40.234668
ACCT_00003026,CUST_001505,CHECKING,563863347,BR_04,468822.1,CLOSED,2024-11-06,2026-09-20T15:49:40.234677
ACCT_00003027,CUST_001506,CHECKING,914307019,BR_08,253065.36,ACTIVE,2021-10-08,2026-09-20T15:49:40.234688
ACCT_00003028,CUST_001506,CHECKING,481250537,BR_10,472457.15,INACTIVE,2024-02-06,2026-09-20T15:49:40.234692
ACCT_00003029,CUST_001507,CHECKING,745769764,BR_15,351680.07,ACTIVE,2022-12-04,2026-09-20T15:49:40.234703
ACCT_00003030,CUST_001507,SAVINGS,350741721,BR_02,254571.07,CLOSED,2022-04-19,2026-09-20T15:49:40.234707
ACCT_00003031,CUST_001507,MONEY_MARKET,323743428,BR_12,18969.16,CLOSED,2021-12-26,2026-09-20T15:49:40.234710
ACCT_00003032,CUST_001508,SAVINGS,700447798,BR_06,460891.15,CLOSED,2024-12-06,2026-09-20T15:49:40.234721
ACCT_00003033,CUST_001509,CHECKING,982235154,BR_04,113396.91,INACTIVE,2026-02-17,2026-09-20T15:49:40.234730
ACCT_00003034,CUST_001509,SAVINGS,890690604,BR_06,34579.39,INACTIVE,2023-02-15,2026-09-20T15:49:40.234733
ACCT_00003035,CUST_001509,MONEY_MARKET,373041260,BR_09,123794.72,INACTIVE,2022-03-03,2026-09-20T15:49:40.234736
ACCT_00003036,CUST_001510,CHECKING,600969027,BR_15,103731.25,INACTIVE,2022-03-08,2026-09-20T15:49:40.234746
ACCT_00003037,CUST_001510,SAVINGS,605670877,BR_12,127378.6,ACTIVE,2022-07-24,2026-09-20T15:49:40.234749
ACCT_00003038,CUST_001511,SAVINGS,897801414,BR_11,286193.72,CLOSED,2025-01-18,2026-09-20T15:49:40.234759
ACCT_00003039,CUST_001512,CHECKING,773355906,BR_08,133940.61,CLOSED,2025-12-29,2026-09-20T15:49:40.234769
ACCT_00003040,CUST_001512,SAVINGS,168335098,BR_08,1568.4,ACTIVE,2025-09-25,2026-09-20T15:49:40.234772
ACCT_00003041,CUST_001512,CHECKING,182594982,BR_09,332235.74,INACTIVE,2023-06-22,2026-09-20T15:49:40.234775
ACCT_00003042,CUST_001513,CHECKING,793133016,BR_14,471401.68,ACTIVE,2025-05-12,2026-09-20T15:49:40.234785
ACCT_00003043,CUST_001513,SAVINGS,999556349,BR_05,333856.4,INACTIVE,2022-09-20,2026-09-20T15:49:40.234788
ACCT_00003044,CUST_001513,CHECKING,857238597,BR_10,127647.26,CLOSED,2025-07-01,2026-09-20T15:49:40.234791
ACCT_00003045,CUST_001514,SAVINGS,970655711,BR_08,143971.99,CLOSED,2025-12-01,2026-09-20T15:49:40.234801
ACCT_00003046,CUST_001514,MONEY_MARKET,970122687,BR_12,429728.35,CLOSED,2024-05-14,2026-09-20T15:49:40.234804
ACCT_00003047,CUST_001514,SAVINGS,813434783,BR_11,498460.66,ACTIVE,2022-04-26,2026-09-20T15:49:40.234807
ACCT_00003048,CUST_001515,CHECKING,556074388,BR_14,317244.01,CLOSED,2026-06-22,2026-09-20T15:49:40.234817
ACCT_00003049,CUST_001516,MONEY_MARKET,793432826,BR_10,192296.97,ACTIVE,2025-12-26,2026-09-20T15:49:40.234827
ACCT_00003050,CUST_001516,MONEY_MARKET,302515882,BR_07,188618.08,INACTIVE,2025-12-12,2026-09-20T15:49:40.234830
ACCT_00003051,CUST_001516,MONEY_MARKET,901285082,BR_07,494974.85,INACTIVE,2024-03-13,2026-09-20T15:49:40.234833
ACCT_00003052,CUST_001517,CHECKING,249840510,BR_06,373328.08,ACTIVE,2025-01-29,2026-09-20T15:49:40.234843
ACCT_00003053,CUST_001518,CHECKING,244340189,BR_13,424529.91,ACTIVE,2025-11-21,2026-09-20T15:49:40.234854
ACCT_00003054,CUST_001519,MONEY_MARKET,336416716,BR_05,306897.91,CLOSED,2026-06-01,2026-09-20T15:49:40.234865
ACCT_00003055,CUST_001519,CHECKING,324150872,BR_12,218915.29,INACTIVE,2023-07-14,2026-09-20T15:49:40.234868
ACCT_00003056,CUST_001519,CHECKING,552019564,BR_08,179105.9,CLOSED,2026-07-19,2026-09-20T15:49:40.234871
ACCT_00003057,CUST_001520,SAVINGS,585695832,BR_10,36176.19,ACTIVE,2023-01-28,2026-09-20T15:49:40.234881
ACCT_00003058,CUST_001521,SAVINGS,974296933,BR_07,60236.78,INACTIVE,2026-06-27,2026-09-20T15:49:40.234892
ACCT_00003059,CUST_001521,MONEY_MARKET,276313335,BR_04,122732.09,INACTIVE,2026-04-15,2026-09-20T15:49:40.234895
ACCT_00003060,CUST_001522,SAVINGS,524614310,BR_15,180312.2,INACTIVE,2025-11-08,2026-09-20T15:49:40.234905
ACCT_00003061,CUST_001522,SAVINGS,973549236,BR_01,55110.83,INACTIVE,2025-04-04,2026-09-20T15:49:40.234908
ACCT_00003062,CUST_001523,CHECKING,507603187,BR_04,33335.54,CLOSED,2022-04-02,2026-09-20T15:49:40.234918
ACCT_00003063,CUST_001523,SAVINGS,889269065,BR_15,321458.64,CLOSED,2023-02-01,2026-09-20T15:49:40.234921
ACCT_00003064,CUST_001524,SAVINGS,725613347,BR_13,79059.57,ACTIVE,2023-11-30,2026-09-20T15:49:40.234931
ACCT_00003065,CUST_001524,MONEY_MARKET,571020080,BR_07,425418.85,INACTIVE,2022-02-01,2026-09-20T15:49:40.234934
ACCT_00003066,CUST_001525,SAVINGS,752680360,BR_01,13260.27,CLOSED,2024-10-28,2026-09-20T15:49:40.234944
ACCT_00003067,CUST_001526,CHECKING,897737670,BR_13,167327.83,ACTIVE,2022-07-21,2026-09-20T15:49:40.234954
ACCT_00003068,CUST_001527,CHECKING,993077760,BR_15,390919.5,INACTIVE,2022-04-08,2026-09-20T15:49:40.234965
ACCT_00003069,CUST_001527,SAVINGS,833737187,BR_05,437514.92,INACTIVE,2023-12-10,2026-09-20T15:49:40.234968
ACCT_00003070,CUST_001527,CHECKING,293883347,BR_09,455311.42,ACTIVE,2023-06-06,2026-09-20T15:49:40.234971
ACCT_00003071,CUST_001528,SAVINGS,603393775,BR_13,120676.05,ACTIVE,2026-04-08,2026-09-20T15:49:40.234981
ACCT_00003072,CUST_001529,SAVINGS,396345583,BR_07,365634.41,CLOSED,2026-03-03,2026-09-20T15:49:40.234991
ACCT_00003073,CUST_001529,SAVINGS,837271659,BR_08,146276.12,ACTIVE,2025-10-21,2026-09-20T15:49:40.234994
ACCT_00003074,CUST_001530,CHECKING,222896953,BR_05,348371.48,CLOSED,2024-01-27,2026-09-20T15:49:40.235004
ACCT_00003075,CUST_001530,MONEY_MARKET,655187465,BR_08,294863.75,INACTIVE,2025-06-10,2026-09-20T15:49:40.235007
ACCT_00003076,CUST_001531,CHECKING,838953065,BR_01,144827.66,CLOSED,2024-10-31,2026-09-20T15:49:40.235017
ACCT_00003077,CUST_001532,CHECKING,573318556,BR_08,325350.68,INACTIVE,2026-02-08,2026-09-20T15:49:40.235027
ACCT_00003078,CUST_001532,MONEY_MARKET,308648628,BR_01,349212.7,INACTIVE,2023-10-28,2026-09-20T15:49:40.235030
ACCT_00003079,CUST_001533,CHECKING,207272466,BR_12,348385.46,INACTIVE,2025-04-10,2026-09-20T15:49:40.235040
ACCT_00003080,CUST_001534,SAVINGS,321330859,BR_10,42245.44,ACTIVE,2026-04-11,2026-09-20T15:49:40.235051
ACCT_00003081,CUST_001535,CHECKING,565074258,BR_08,267476.85,ACTIVE,2023-02-06,2026-09-20T15:49:40.235062
ACCT_00003082,CUST_001535,CHECKING,959195052,BR_01,242994.03,CLOSED,2026-03-16,2026-09-20T15:49:40.235065
ACCT_00003083,CUST_001536,SAVINGS,204494207,BR_01,307608.22,INACTIVE,2023-02-06,2026-09-20T15:49:40.235076
ACCT_00003084,CUST_001536,MONEY_MARKET,443687047,BR_07,150666.03,INACTIVE,2022-05-16,2026-09-20T15:49:40.235079
ACCT_00003085,CUST_001536,SAVINGS,156778439,BR_07,321193.18,CLOSED,2021-12-10,2026-09-20T15:49:40.235082
ACCT_00003086,CUST_001537,CHECKING,559361512,BR_14,289135.21,ACTIVE,2025-04-08,2026-09-20T15:49:40.235092
ACCT_00003087,CUST_001538,CHECKING,499740903,BR_05,89685.01,CLOSED,2025-07-16,2026-09-20T15:49:40.235102
ACCT_00003088,CUST_001538,CHECKING,534054101,BR_01,26491.64,ACTIVE,2026-05-02,2026-09-20T15:49:40.235105
ACCT_00003089,CUST_001538,CHECKING,639235838,BR_07,437151.94,CLOSED,2022-10-06,2026-09-20T15:49:40.235108
ACCT_00003090,CUST_001539,MONEY_MARKET,120258162,BR_11,163287.82,ACTIVE,2025-09-11,2026-09-20T15:49:40.235118
ACCT_00003091,CUST_001539,SAVINGS,895535798,BR_02,48009.23,ACTIVE,2026-06-27,2026-09-20T15:49:40.235121
ACCT_00003092,CUST_001540,SAVINGS,615825164,BR_01,51638.09,ACTIVE,2025-03-15,2026-09-20T15:49:40.235131
ACCT_00003093,CUST_001540,SAVINGS,892996284,BR_10,283238.26,ACTIVE,2026-02-07,2026-09-20T15:49:40.235134
ACCT_00003094,CUST_001541,SAVINGS,368273078,BR_04,424417.39,CLOSED,2025-11-06,2026-09-20T15:49:40.235144
ACCT_00003095,CUST_001541,CHECKING,245688986,BR_14,68401.37,ACTIVE,2026-06-18,2026-09-20T15:49:40.235147
ACCT_00003096,CUST_001542,CHECKING,730400488,BR_03,92176.19,ACTIVE,2026-05-17,2026-09-20T15:49:40.235157
ACCT_00003097,CUST_001542,SAVINGS,505638961,BR_03,327542.02,ACTIVE,2022-12-02,2026-09-20T15:49:40.235161
ACCT_00003098,CUST_001543,MONEY_MARKET,913368384,BR_01,425183.16,ACTIVE,2022-05-22,2026-09-20T15:49:40.235172
ACCT_00003099,CUST_001543,CHECKING,374905803,BR_09,153442.97,ACTIVE,2023-05-30,2026-09-20T15:49:40.235175
ACCT_00003100,CUST_001543,CHECKING,306634199,BR_04,320907.0,INACTIVE,2025-08-15,2026-09-20T15:49:40.235179
ACCT_00003101,CUST_001544,SAVINGS,225352608,BR_13,107417.16,ACTIVE,2022-07-12,2026-09-20T15:49:40.235189
ACCT_00003102,CUST_001544,MONEY_MARKET,372905421,BR_06,416218.67,INACTIVE,2022-10-30,2026-09-20T15:49:40.235192
ACCT_00003103,CUST_001544,SAVINGS,457831517,BR_03,108367.51,ACTIVE,2023-10-31,2026-09-20T15:49:40.235195
ACCT_00003104,CUST_001545,SAVINGS,929481744,BR_13,149044.73,INACTIVE,2024-03-28,2026-09-20T15:49:40.235205
ACCT_00003105,CUST_001545,CHECKING,286039346,BR_05,291866.55,INACTIVE,2024-03-25,2026-09-20T15:49:40.235208
ACCT_00003106,CUST_001546,SAVINGS,286688954,BR_12,27348.93,CLOSED,2024-08-21,2026-09-20T15:49:40.235218
ACCT_00003107,CUST_001547,SAVINGS,905686686,BR_08,318365.03,INACTIVE,2023-02-18,2026-09-20T15:49:40.235228
ACCT_00003108,CUST_001548,SAVINGS,810678587,BR_10,275118.22,CLOSED,2024-08-13,2026-09-20T15:49:40.235238
ACCT_00003109,CUST_001549,MONEY_MARKET,606696308,BR_14,116103.47,INACTIVE,2021-12-16,2026-09-20T15:49:40.235247
ACCT_00003110,CUST_001550,SAVINGS,839118629,BR_03,498639.68,INACTIVE,2024-07-23,2026-09-20T15:49:40.235257
ACCT_00003111,CUST_001551,MONEY_MARKET,171227412,BR_05,244013.85,INACTIVE,2025-10-03,2026-09-20T15:49:40.235269
ACCT_00003112,CUST_001551,SAVINGS,945608416,BR_04,436181.49,CLOSED,2026-04-19,2026-09-20T15:49:40.235272
ACCT_00003113,CUST_001552,SAVINGS,547201781,BR_05,52702.67,INACTIVE,2022-04-01,2026-09-20T15:49:40.235282
ACCT_00003114,CUST_001552,SAVINGS,335337896,BR_04,202219.46,CLOSED,2022-09-22,2026-09-20T15:49:40.235285
ACCT_00003115,CUST_001552,SAVINGS,270997635,BR_05,439090.65,INACTIVE,2022-05-08,2026-09-20T15:49:40.235288
ACCT_00003116,CUST_001553,SAVINGS,872749635,BR_06,333494.98,INACTIVE,2025-06-21,2026-09-20T15:49:40.235298
ACCT_00003117,CUST_001553,MONEY_MARKET,723371785,BR_12,344730.94,INACTIVE,2025-12-04,2026-09-20T15:49:40.235301
ACCT_00003118,CUST_001554,MONEY_MARKET,692108780,BR_15,169608.03,ACTIVE,2025-10-10,2026-09-20T15:49:40.235312
ACCT_00003119,CUST_001554,SAVINGS,317484230,BR_15,455400.51,INACTIVE,2023-11-14,2026-09-20T15:49:40.235315
ACCT_00003120,CUST_001554,MONEY_MARKET,261849986,BR_05,51718.55,INACTIVE,2026-03-07,2026-09-20T15:49:40.235319
ACCT_00003121,CUST_001555,MONEY_MARKET,591415741,BR_14,322466.16,INACTIVE,2025-07-15,2026-09-20T15:49:40.235330
ACCT_00003122,CUST_001556,MONEY_MARKET,687392912,BR_15,112380.31,INACTIVE,2025-06-12,2026-09-20T15:49:40.235340
ACCT_00003123,CUST_001556,MONEY_MARKET,407755020,BR_07,274309.53,CLOSED,2022-06-09,2026-09-20T15:49:40.235343
ACCT_00003124,CUST_001556,SAVINGS,364517377,BR_11,288917.8,INACTIVE,2022-03-28,2026-09-20T15:49:40.235346
ACCT_00003125,CUST_001557,SAVINGS,884614354,BR_09,73642.78,CLOSED,2024-01-01,2026-09-20T15:49:40.235356
ACCT_00003126,CUST_001558,MONEY_MARKET,353794145,BR_10,304248.42,CLOSED,2022-03-23,2026-09-20T15:49:40.235366
ACCT_00003127,CUST_001558,MONEY_MARKET,182854171,BR_07,48181.14,ACTIVE,2022-11-11,2026-09-20T15:49:40.235369
ACCT_00003128,CUST_001558,MONEY_MARKET,189445288,BR_02,196886.35,CLOSED,2022-12-17,2026-09-20T15:49:40.235372
ACCT_00003129,CUST_001559,MONEY_MARKET,595966332,BR_02,14710.54,ACTIVE,2023-11-07,2026-09-20T15:49:40.235382
ACCT_00003130,CUST_001560,SAVINGS,240444062,BR_07,29559.47,CLOSED,2025-09-15,2026-09-20T15:49:40.235393
ACCT_00003131,CUST_001561,CHECKING,394065328,BR_09,306810.94,INACTIVE,2023-07-14,2026-09-20T15:49:40.235405
ACCT_00003132,CUST_001562,CHECKING,696927376,BR_15,70054.99,CLOSED,2025-02-04,2026-09-20T15:49:40.235417
ACCT_00003133,CUST_001562,MONEY_MARKET,323345200,BR_02,65994.27,ACTIVE,2025-01-14,2026-09-20T15:49:40.235420
ACCT_00003134,CUST_001562,SAVINGS,941549820,BR_04,296117.41,INACTIVE,2022-04-01,2026-09-20T15:49:40.235423
ACCT_00003135,CUST_001563,SAVINGS,297507871,BR_06,321257.89,ACTIVE,2022-06-10,2026-09-20T15:49:40.235433
ACCT_00003136,CUST_001563,MONEY_MARKET,992652729,BR_11,82307.45,CLOSED,2024-12-22,2026-09-20T15:49:40.235436
ACCT_00003137,CUST_001564,SAVINGS,320240357,BR_15,407990.76,CLOSED,2026-01-11,2026-09-20T15:49:40.235446
ACCT_00003138,CUST_001564,SAVINGS,248922222,BR_12,465380.79,CLOSED,2023-02-07,2026-09-20T15:49:40.235449
ACCT_00003139,CUST_001565,CHECKING,331103124,BR_07,410347.64,INACTIVE,2023-10-21,2026-09-20T15:49:40.235459
ACCT_00003140,CUST_001565,MONEY_MARKET,185817576,BR_11,55007.66,CLOSED,2024-04-26,2026-09-20T15:49:40.235462
ACCT_00003141,CUST_001566,SAVINGS,871596547,BR_05,283621.76,ACTIVE,2023-02-28,2026-09-20T15:49:40.235472
ACCT_00003142,CUST_001566,SAVINGS,584792101,BR_11,12884.85,CLOSED,2023-07-21,2026-09-20T15:49:40.235475
ACCT_00003143,CUST_001566,CHECKING,334559782,BR_06,110414.75,ACTIVE,2026-06-15,2026-09-20T15:49:40.235478
ACCT_00003144,CUST_001567,SAVINGS,215358719,BR_03,175017.18,CLOSED,2026-06-26,2026-09-20T15:49:40.235488
ACCT_00003145,CUST_001568,SAVINGS,933299526,BR_12,123524.57,CLOSED,2025-02-10,2026-09-20T15:49:40.235498
ACCT_00003146,CUST_001569,MONEY_MARKET,136386265,BR_13,377199.87,ACTIVE,2025-05-15,2026-09-20T15:49:40.235507
ACCT_00003147,CUST_001569,CHECKING,392246075,BR_05,107800.54,CLOSED,2024-04-15,2026-09-20T15:49:40.235511
ACCT_00003148,CUST_001569,SAVINGS,805224457,BR_13,102638.74,CLOSED,2025-02-07,2026-09-20T15:49:40.235514
ACCT_00003149,CUST_001570,CHECKING,402201255,BR_01,412779.74,CLOSED,2022-03-03,2026-09-20T15:49:40.235523
ACCT_00003150,CUST_001570,MONEY_MARKET,384866066,BR_02,364212.36,ACTIVE,2021-10-15,2026-09-20T15:49:40.235526
ACCT_00003151,CUST_001570,SAVINGS,630024523,BR_10,108333.41,ACTIVE,2025-03-25,2026-09-20T15:49:40.235529
ACCT_00003152,CUST_001571,CHECKING,211378694,BR_07,5309.92,INACTIVE,2023-05-25,2026-09-20T15:49:40.235539
ACCT_00003153,CUST_001571,MONEY_MARKET,862761737,BR_10,331492.09,ACTIVE,2022-04-24,2026-09-20T15:49:40.235543
ACCT_00003154,CUST_001571,CHECKING,151067852,BR_14,155844.11,ACTIVE,2026-06-03,2026-09-20T15:49:40.235546
ACCT_00003155,CUST_001572,MONEY_MARKET,703250965,BR_14,440861.94,INACTIVE,2025-12-21,2026-09-20T15:49:40.235557
ACCT_00003156,CUST_001573,MONEY_MARKET,135412408,BR_12,482411.71,CLOSED,2023-04-06,2026-09-20T15:49:40.235568
ACCT_00003157,CUST_001573,CHECKING,364621313,BR_05,72275.29,ACTIVE,2025-03-11,2026-09-20T15:49:40.235571
ACCT_00003158,CUST_001574,MONEY_MARKET,453397017,BR_05,276803.26,ACTIVE,2026-04-21,2026-09-20T15:49:40.235582
ACCT_00003159,CUST_001574,CHECKING,442793673,BR_04,37436.1,ACTIVE,2022-09-27,2026-09-20T15:49:40.235585
ACCT_00003160,CUST_001574,SAVINGS,707173372,BR_11,48174.57,CLOSED,2026-01-29,2026-09-20T15:49:40.235588
ACCT_00003161,CUST_001575,MONEY_MARKET,510338581,BR_01,40010.76,INACTIVE,2026-01-31,2026-09-20T15:49:40.235598
ACCT_00003162,CUST_001576,CHECKING,949024504,BR_08,58091.46,ACTIVE,2022-04-02,2026-09-20T15:49:40.235608
ACCT_00003163,CUST_001576,MONEY_MARKET,204970141,BR_10,340954.4,ACTIVE,2025-11-17,2026-09-20T15:49:40.235611
ACCT_00003164,CUST_001576,SAVINGS,598141520,BR_11,433729.11,ACTIVE,2023-09-20,2026-09-20T15:49:40.235614
ACCT_00003165,CUST_001577,MONEY_MARKET,194773719,BR_05,46098.62,ACTIVE,2021-12-04,2026-09-20T15:49:40.235624
ACCT_00003166,CUST_001577,MONEY_MARKET,593251831,BR_14,316037.26,INACTIVE,2025-11-15,2026-09-20T15:49:40.235627
ACCT_00003167,CUST_001577,SAVINGS,848613214,BR_02,386326.27,CLOSED,2025-06-11,2026-09-20T15:49:40.235630
ACCT_00003168,CUST_001578,SAVINGS,647690382,BR_06,245480.66,INACTIVE,2021-10-25,2026-09-20T15:49:40.235640
ACCT_00003169,CUST_001578,SAVINGS,301350528,BR_10,35966.62,CLOSED,2022-03-20,2026-09-20T15:49:40.235643
ACCT_00003170,CUST_001579,CHECKING,784136920,BR_08,150902.56,ACTIVE,2022-12-14,2026-09-20T15:49:40.235653
ACCT_00003171,CUST_001580,CHECKING,940157239,BR_10,499378.05,ACTIVE,2025-03-29,2026-09-20T15:49:40.235664
ACCT_00003172,CUST_001580,MONEY_MARKET,262942208,BR_02,174240.71,ACTIVE,2026-03-19,2026-09-20T15:49:40.235667
ACCT_00003173,CUST_001581,CHECKING,188477579,BR_15,167824.17,INACTIVE,2026-05-08,2026-09-20T15:49:40.235678
ACCT_00003174,CUST_001581,SAVINGS,740821972,BR_11,216727.9,CLOSED,2025-08-07,2026-09-20T15:49:40.235682
ACCT_00003175,CUST_001581,SAVINGS,171327924,BR_07,273978.97,INACTIVE,2024-09-30,2026-09-20T15:49:40.235685
ACCT_00003176,CUST_001582,SAVINGS,288442075,BR_13,328028.43,CLOSED,2024-11-21,2026-09-20T15:49:40.235695
ACCT_00003177,CUST_001583,CHECKING,249175681,BR_11,181705.74,INACTIVE,2022-08-07,2026-09-20T15:49:40.235705
ACCT_00003178,CUST_001584,MONEY_MARKET,600948542,BR_10,271447.46,CLOSED,2023-03-14,2026-09-20T15:49:40.235715
ACCT_00003179,CUST_001585,MONEY_MARKET,664478772,BR_15,454919.95,INACTIVE,2024-06-13,2026-09-20T15:49:40.235724
ACCT_00003180,CUST_001585,MONEY_MARKET,403145810,BR_09,285149.52,CLOSED,2025-05-26,2026-09-20T15:49:40.235727
ACCT_00003181,CUST_001586,CHECKING,496472975,BR_02,295464.45,CLOSED,2022-09-16,2026-09-20T15:49:40.235737
ACCT_00003182,CUST_001587,SAVINGS,564592940,BR_08,173999.26,CLOSED,2024-05-20,2026-09-20T15:49:40.235747
ACCT_00003183,CUST_001587,CHECKING,492581831,BR_06,389170.64,INACTIVE,2025-10-27,2026-09-20T15:49:40.235750
ACCT_00003184,CUST_001587,CHECKING,581309963,BR_11,362233.04,INACTIVE,2025-10-06,2026-09-20T15:49:40.235753
ACCT_00003185,CUST_001588,SAVINGS,243096531,BR_13,326739.73,INACTIVE,2024-07-31,2026-09-20T15:49:40.235762
ACCT_00003186,CUST_001588,CHECKING,378088986,BR_07,436994.98,INACTIVE,2026-07-06,2026-09-20T15:49:40.235765
ACCT_00003187,CUST_001589,CHECKING,189123910,BR_05,429524.81,CLOSED,2025-02-05,2026-09-20T15:49:40.235775
ACCT_00003188,CUST_001589,CHECKING,338888536,BR_01,493415.64,INACTIVE,2023-10-14,2026-09-20T15:49:40.235779
ACCT_00003189,CUST_001589,MONEY_MARKET,552023094,BR_14,90098.31,ACTIVE,2022-03-23,2026-09-20T15:49:40.235782
ACCT_00003190,CUST_001590,MONEY_MARKET,577900702,BR_13,404032.54,ACTIVE,2026-08-14,2026-09-20T15:49:40.235792
ACCT_00003191,CUST_001590,MONEY_MARKET,972663070,BR_07,204648.12,CLOSED,2026-04-23,2026-09-20T15:49:40.235795
ACCT_00003192,CUST_001590,MONEY_MARKET,391996935,BR_13,379872.17,INACTIVE,2025-11-17,2026-09-20T15:49:40.235798
ACCT_00003193,CUST_001591,CHECKING,108276051,BR_08,203881.15,ACTIVE,2023-10-29,2026-09-20T15:49:40.235808
ACCT_00003194,CUST_001591,MONEY_MARKET,219529669,BR_02,175652.06,CLOSED,2025-09-25,2026-09-20T15:49:40.235811
ACCT_00003195,CUST_001591,CHECKING,346282525,BR_03,276151.87,ACTIVE,2025-08-28,2026-09-20T15:49:40.235814
ACCT_00003196,CUST_001592,CHECKING,404844433,BR_01,268071.41,INACTIVE,2024-10-21,2026-09-20T15:49:40.235825
ACCT_00003197,CUST_001592,CHECKING,664797692,BR_04,179022.14,CLOSED,2023-04-29,2026-09-20T15:49:40.235828
ACCT_00003198,CUST_001592,MONEY_MARKET,419073389,BR_01,744.28,ACTIVE,2026-06-03,2026-09-20T15:49:40.235831
ACCT_00003199,CUST_001593,MONEY_MARKET,387737664,BR_08,302709.24,ACTIVE,2025-05-11,2026-09-20T15:49:40.235841
ACCT_00003200,CUST_001593,SAVINGS,939403372,BR_02,352295.07,ACTIVE,2024-09-10,2026-09-20T15:49:40.235844
ACCT_00003201,CUST_001593,MONEY_MARKET,131891477,BR_14,426511.67,INACTIVE,2025-07-20,2026-09-20T15:49:40.235847
ACCT_00003202,CUST_001594,SAVINGS,256357107,BR_03,383095.12,CLOSED,2023-04-27,2026-09-20T15:49:40.235858
ACCT_00003203,CUST_001594,CHECKING,986526385,BR_01,395793.68,INACTIVE,2025-01-06,2026-09-20T15:49:40.235861
ACCT_00003204,CUST_001595,MONEY_MARKET,851843543,BR_15,332485.91,INACTIVE,2023-07-09,2026-09-20T15:49:40.235871
ACCT_00003205,CUST_001596,MONEY_MARKET,915153519,BR_08,262143.01,ACTIVE,2025-12-03,2026-09-20T15:49:40.235881
ACCT_00003206,CUST_001597,CHECKING,178155433,BR_01,447487.98,ACTIVE,2023-02-25,2026-09-20T15:49:40.235890
ACCT_00003207,CUST_001597,SAVINGS,864820968,BR_06,121368.14,ACTIVE,2023-03-15,2026-09-20T15:49:40.235893
ACCT_00003208,CUST_001597,SAVINGS,915028324,BR_03,393343.0,CLOSED,2022-05-16,2026-09-20T15:49:40.235896
ACCT_00003209,CUST_001598,MONEY_MARKET,382004346,BR_05,234818.54,INACTIVE,2022-02-25,2026-09-20T15:49:40.235906
ACCT_00003210,CUST_001599,SAVINGS,886799247,BR_15,314441.15,CLOSED,2026-06-08,2026-09-20T15:49:40.235917
ACCT_00003211,CUST_001599,CHECKING,191270684,BR_11,255018.7,CLOSED,2023-03-21,2026-09-20T15:49:40.235921
ACCT_00003212,CUST_001600,CHECKING,513955271,BR_04,378028.77,INACTIVE,2023-07-03,2026-09-20T15:49:40.235930
ACCT_00003213,CUST_001601,MONEY_MARKET,126776418,BR_11,497693.85,INACTIVE,2023-07-05,2026-09-20T15:49:40.235940
ACCT_00003214,CUST_001601,MONEY_MARKET,930119369,BR_02,333850.43,ACTIVE,2025-05-24,2026-09-20T15:49:40.235943
ACCT_00003215,CUST_001601,MONEY_MARKET,766326694,BR_12,452459.98,INACTIVE,2025-03-26,2026-09-20T15:49:40.235946
ACCT_00003216,CUST_001602,MONEY_MARKET,532178354,BR_10,287896.9,INACTIVE,2022-01-27,2026-09-20T15:49:40.235956
ACCT_00003217,CUST_001603,MONEY_MARKET,446993509,BR_06,457491.79,INACTIVE,2023-04-26,2026-09-20T15:49:40.235966
ACCT_00003218,CUST_001603,MONEY_MARKET,428630554,BR_12,384101.11,CLOSED,2022-05-19,2026-09-20T15:49:40.235969
ACCT_00003219,CUST_001604,CHECKING,718381406,BR_15,368311.73,INACTIVE,2023-04-05,2026-09-20T15:49:40.235978
ACCT_00003220,CUST_001604,SAVINGS,708208946,BR_11,24514.59,INACTIVE,2024-08-16,2026-09-20T15:49:40.235981
ACCT_00003221,CUST_001605,MONEY_MARKET,752552516,BR_13,271656.62,ACTIVE,2024-07-10,2026-09-20T15:49:40.235991
ACCT_00003222,CUST_001606,MONEY_MARKET,152045272,BR_07,165846.57,INACTIVE,2025-04-16,2026-09-20T15:49:40.236001
ACCT_00003223,CUST_001607,SAVINGS,911905612,BR_05,185690.2,ACTIVE,2026-03-05,2026-09-20T15:49:40.236011
ACCT_00003224,CUST_001608,SAVINGS,254513193,BR_08,207245.81,ACTIVE,2024-04-17,2026-09-20T15:49:40.236021
ACCT_00003225,CUST_001608,MONEY_MARKET,701444428,BR_02,149490.58,CLOSED,2026-04-24,2026-09-20T15:49:40.236024
ACCT_00003226,CUST_001609,SAVINGS,336171651,BR_11,10345.79,INACTIVE,2025-07-19,2026-09-20T15:49:40.236033
ACCT_00003227,CUST_001610,MONEY_MARKET,527852041,BR_10,306928.93,CLOSED,2023-03-15,2026-09-20T15:49:40.236043
ACCT_00003228,CUST_001610,SAVINGS,417570922,BR_05,150716.86,INACTIVE,2021-10-26,2026-09-20T15:49:40.236046
ACCT_00003229,CUST_001611,SAVINGS,961900465,BR_15,405814.88,CLOSED,2025-01-21,2026-09-20T15:49:40.236056
ACCT_00003230,CUST_001612,CHECKING,358114953,BR_12,70505.22,INACTIVE,2025-08-30,2026-09-20T15:49:40.236068
ACCT_00003231,CUST_001612,CHECKING,423713330,BR_09,2483.24,ACTIVE,2025-02-07,2026-09-20T15:49:40.236071
ACCT_00003232,CUST_001612,CHECKING,587875211,BR_12,63096.91,ACTIVE,2022-08-08,2026-09-20T15:49:40.236074
ACCT_00003233,CUST_001613,SAVINGS,364785282,BR_14,199220.31,ACTIVE,2024-10-20,2026-09-20T15:49:40.236084
ACCT_00003234,CUST_001613,MONEY_MARKET,462964007,BR_06,229322.09,CLOSED,2026-06-24,2026-09-20T15:49:40.236087
ACCT_00003235,CUST_001614,CHECKING,995604142,BR_08,281593.49,INACTIVE,2026-07-22,2026-09-20T15:49:40.236097
ACCT_00003236,CUST_001614,CHECKING,398017489,BR_03,184524.42,ACTIVE,2025-04-19,2026-09-20T15:49:40.236100
ACCT_00003237,CUST_001615,CHECKING,805619076,BR_03,310329.25,INACTIVE,2022-11-07,2026-09-20T15:49:40.236110
ACCT_00003238,CUST_001616,SAVINGS,485297578,BR_03,465465.64,ACTIVE,2024-10-31,2026-09-20T15:49:40.236120
ACCT_00003239,CUST_001616,MONEY_MARKET,677480205,BR_15,405234.04,CLOSED,2024-06-20,2026-09-20T15:49:40.236123
ACCT_00003240,CUST_001616,CHECKING,149488908,BR_05,10225.88,ACTIVE,2023-03-31,2026-09-20T15:49:40.236126
ACCT_00003241,CUST_001617,SAVINGS,297376293,BR_15,440884.99,CLOSED,2023-04-11,2026-09-20T15:49:40.236136
ACCT_00003242,CUST_001617,CHECKING,575261602,BR_03,49694.46,INACTIVE,2025-10-04,2026-09-20T15:49:40.236139
ACCT_00003243,CUST_001618,CHECKING,990368516,BR_03,13318.76,ACTIVE,2024-05-09,2026-09-20T15:49:40.236148
ACCT_00003244,CUST_001618,SAVINGS,681510765,BR_15,384572.41,ACTIVE,2024-08-16,2026-09-20T15:49:40.236151
ACCT_00003245,CUST_001618,MONEY_MARKET,358490376,BR_10,88128.86,INACTIVE,2024-06-29,2026-09-20T15:49:40.236154
ACCT_00003246,CUST_001619,CHECKING,609854554,BR_14,495259.83,ACTIVE,2024-06-01,2026-09-20T15:49:40.236164
ACCT_00003247,CUST_001619,CHECKING,235508256,BR_14,177540.13,ACTIVE,2025-06-06,2026-09-20T15:49:40.236167
ACCT_00003248,CUST_001619,CHECKING,347635067,BR_10,78530.03,ACTIVE,2024-12-11,2026-09-20T15:49:40.236170
ACCT_00003249,CUST_001620,SAVINGS,108149630,BR_03,75696.76,INACTIVE,2026-02-07,2026-09-20T15:49:40.236180
ACCT_00003250,CUST_001620,MONEY_MARKET,728180486,BR_01,53210.83,ACTIVE,2023-01-13,2026-09-20T15:49:40.236188
ACCT_00003251,CUST_001620,CHECKING,327253619,BR_06,309535.69,INACTIVE,2023-04-02,2026-09-20T15:49:40.236191
ACCT_00003252,CUST_001621,CHECKING,748220964,BR_01,1130.63,CLOSED,2026-07-08,2026-09-20T15:49:40.236201
ACCT_00003253,CUST_001621,CHECKING,860996453,BR_10,324050.73,INACTIVE,2026-01-30,2026-09-20T15:49:40.236204
ACCT_00003254,CUST_001622,CHECKING,297789539,BR_14,170321.97,CLOSED,2022-08-12,2026-09-20T15:49:40.236214
ACCT_00003255,CUST_001622,MONEY_MARKET,401477675,BR_12,246165.48,CLOSED,2022-06-28,2026-09-20T15:49:40.236217
ACCT_00003256,CUST_001623,SAVINGS,743925238,BR_05,1328.44,INACTIVE,2023-05-23,2026-09-20T15:49:40.236227
ACCT_00003257,CUST_001623,MONEY_MARKET,971766117,BR_15,71398.99,ACTIVE,2025-01-13,2026-09-20T15:49:40.236230
ACCT_00003258,CUST_001624,MONEY_MARKET,963075210,BR_04,68444.54,ACTIVE,2026-03-05,2026-09-20T15:49:40.236239
ACCT_00003259,CUST_001624,SAVINGS,798887348,BR_11,234414.67,CLOSED,2022-05-01,2026-09-20T15:49:40.236244
ACCT_00003260,CUST_001625,SAVINGS,455942903,BR_07,144883.69,CLOSED,2025-01-09,2026-09-20T15:49:40.236254
ACCT_00003261,CUST_001626,SAVINGS,113796010,BR_13,370071.01,CLOSED,2024-12-24,2026-09-20T15:49:40.236264
ACCT_00003262,CUST_001627,CHECKING,827652457,BR_10,349679.88,ACTIVE,2026-03-10,2026-09-20T15:49:40.236274
ACCT_00003263,CUST_001627,MONEY_MARKET,584643845,BR_08,214011.31,INACTIVE,2022-08-25,2026-09-20T15:49:40.236277
ACCT_00003264,CUST_001628,SAVINGS,162720822,BR_06,88479.89,INACTIVE,2023-01-02,2026-09-20T15:49:40.236287
ACCT_00003265,CUST_001628,SAVINGS,171829542,BR_03,13348.71,CLOSED,2025-09-28,2026-09-20T15:49:40.236290
ACCT_00003266,CUST_001629,CHECKING,981935980,BR_12,324036.7,INACTIVE,2023-07-27,2026-09-20T15:49:40.236300
ACCT_00003267,CUST_001629,CHECKING,536776115,BR_11,37182.13,CLOSED,2023-02-19,2026-09-20T15:49:40.236303
ACCT_00003268,CUST_001629,CHECKING,267374517,BR_03,123028.65,CLOSED,2025-12-31,2026-09-20T15:49:40.236306
ACCT_00003269,CUST_001630,SAVINGS,772230652,BR_09,339908.36,INACTIVE,2026-07-03,2026-09-20T15:49:40.236315
ACCT_00003270,CUST_001630,SAVINGS,775597843,BR_14,238963.9,INACTIVE,2025-06-29,2026-09-20T15:49:40.236318
ACCT_00003271,CUST_001631,CHECKING,245474065,BR_03,99291.41,INACTIVE,2025-12-12,2026-09-20T15:49:40.236328
ACCT_00003272,CUST_001631,MONEY_MARKET,481968328,BR_10,77740.65,ACTIVE,2024-07-07,2026-09-20T15:49:40.236331
ACCT_00003273,CUST_001632,MONEY_MARKET,873589883,BR_05,323596.05,INACTIVE,2024-04-25,2026-09-20T15:49:40.236341
ACCT_00003274,CUST_001632,CHECKING,634702154,BR_02,41654.89,ACTIVE,2023-03-29,2026-09-20T15:49:40.236344
ACCT_00003275,CUST_001632,SAVINGS,306765234,BR_01,20117.19,CLOSED,2025-04-07,2026-09-20T15:49:40.236347
ACCT_00003276,CUST_001633,SAVINGS,929904866,BR_15,122904.5,CLOSED,2023-06-22,2026-09-20T15:49:40.236357
ACCT_00003277,CUST_001633,MONEY_MARKET,259453509,BR_14,121720.53,CLOSED,2026-03-25,2026-09-20T15:49:40.236360
ACCT_00003278,CUST_001634,CHECKING,378800387,BR_07,172355.35,CLOSED,2023-02-16,2026-09-20T15:49:40.236370
ACCT_00003279,CUST_001635,SAVINGS,508010532,BR_10,104425.02,INACTIVE,2022-05-28,2026-09-20T15:49:40.236380
ACCT_00003280,CUST_001635,MONEY_MARKET,866228196,BR_05,51730.42,CLOSED,2023-07-14,2026-09-20T15:49:40.236383
ACCT_00003281,CUST_001635,CHECKING,960547563,BR_11,248516.46,INACTIVE,2023-06-11,2026-09-20T15:49:40.236386
ACCT_00003282,CUST_001636,SAVINGS,325817903,BR_15,261944.07,ACTIVE,2026-02-09,2026-09-20T15:49:40.236396
ACCT_00003283,CUST_001637,SAVINGS,816506780,BR_14,15263.9,INACTIVE,2022-02-17,2026-09-20T15:49:40.236405
ACCT_00003284,CUST_001638,CHECKING,851972908,BR_07,196520.38,ACTIVE,2024-03-22,2026-09-20T15:49:40.236415
ACCT_00003285,CUST_001638,SAVINGS,951494641,BR_15,110242.46,INACTIVE,2026-04-13,2026-09-20T15:49:40.236418
ACCT_00003286,CUST_001639,SAVINGS,296579255,BR_05,158029.75,INACTIVE,2025-05-27,2026-09-20T15:49:40.236428
ACCT_00003287,CUST_001640,SAVINGS,995954606,BR_06,336353.35,INACTIVE,2022-06-05,2026-09-20T15:49:40.236438
ACCT_00003288,CUST_001641,MONEY_MARKET,603865874,BR_07,130162.84,INACTIVE,2023-10-09,2026-09-20T15:49:40.236449
ACCT_00003289,CUST_001641,SAVINGS,732090958,BR_07,79955.39,INACTIVE,2022-01-27,2026-09-20T15:49:40.236452
ACCT_00003290,CUST_001642,SAVINGS,860378644,BR_06,415247.44,ACTIVE,2024-12-01,2026-09-20T15:49:40.236462
ACCT_00003291,CUST_001642,SAVINGS,771597906,BR_03,157519.22,INACTIVE,2023-05-25,2026-09-20T15:49:40.236465
ACCT_00003292,CUST_001642,CHECKING,709329827,BR_07,163562.82,CLOSED,2024-10-07,2026-09-20T15:49:40.236468
ACCT_00003293,CUST_001643,CHECKING,978775469,BR_11,27212.89,INACTIVE,2022-05-06,2026-09-20T15:49:40.236478
ACCT_00003294,CUST_001644,SAVINGS,548706636,BR_12,246145.79,CLOSED,2025-05-05,2026-09-20T15:49:40.236488
ACCT_00003295,CUST_001645,SAVINGS,853931434,BR_01,306983.09,CLOSED,2022-04-12,2026-09-20T15:49:40.236497
ACCT_00003296,CUST_001645,CHECKING,376381823,BR_11,438680.12,ACTIVE,2026-03-25,2026-09-20T15:49:40.236500
ACCT_00003297,CUST_001645,CHECKING,717968512,BR_02,150650.77,CLOSED,2024-07-22,2026-09-20T15:49:40.236503
ACCT_00003298,CUST_001646,CHECKING,258209699,BR_13,98022.21,INACTIVE,2024-01-19,2026-09-20T15:49:40.236513
ACCT_00003299,CUST_001647,MONEY_MARKET,850797601,BR_11,364988.07,ACTIVE,2025-01-11,2026-09-20T15:49:40.236523
ACCT_00003300,CUST_001647,SAVINGS,629082656,BR_12,283662.13,ACTIVE,2024-07-17,2026-09-20T15:49:40.236526
ACCT_00003301,CUST_001647,CHECKING,658079886,BR_05,349087.43,ACTIVE,2024-01-25,2026-09-20T15:49:40.236529
ACCT_00003302,CUST_001648,CHECKING,347152003,BR_11,305520.97,ACTIVE,2026-02-11,2026-09-20T15:49:40.236539
ACCT_00003303,CUST_001649,SAVINGS,696464195,BR_11,420453.87,ACTIVE,2022-04-19,2026-09-20T15:49:40.236549
ACCT_00003304,CUST_001649,CHECKING,307305046,BR_08,322589.33,ACTIVE,2022-10-01,2026-09-20T15:49:40.236552
ACCT_00003305,CUST_001650,MONEY_MARKET,850241428,BR_12,134936.12,ACTIVE,2022-08-13,2026-09-20T15:49:40.236562
ACCT_00003306,CUST_001651,SAVINGS,529712592,BR_13,364948.94,ACTIVE,2024-06-03,2026-09-20T15:49:40.236571
ACCT_00003307,CUST_001651,CHECKING,537008782,BR_11,109932.88,ACTIVE,2021-11-17,2026-09-20T15:49:40.236574
ACCT_00003308,CUST_001652,SAVINGS,315243627,BR_01,56500.59,ACTIVE,2022-03-10,2026-09-20T15:49:40.236584
ACCT_00003309,CUST_001652,CHECKING,129062574,BR_14,474579.26,ACTIVE,2022-08-08,2026-09-20T15:49:40.236587
ACCT_00003310,CUST_001652,MONEY_MARKET,656190061,BR_05,251739.56,INACTIVE,2025-12-05,2026-09-20T15:49:40.236590
ACCT_00003311,CUST_001653,SAVINGS,930254571,BR_14,271614.21,ACTIVE,2022-06-02,2026-09-20T15:49:40.236600
ACCT_00003312,CUST_001653,CHECKING,554042040,BR_14,225734.29,CLOSED,2024-07-02,2026-09-20T15:49:40.236603
ACCT_00003313,CUST_001654,MONEY_MARKET,278655186,BR_12,270174.65,INACTIVE,2023-11-04,2026-09-20T15:49:40.236613
ACCT_00003314,CUST_001655,MONEY_MARKET,785194877,BR_02,348686.2,INACTIVE,2026-08-04,2026-09-20T15:49:40.236623
ACCT_00003315,CUST_001655,SAVINGS,787318239,BR_11,126671.97,INACTIVE,2024-03-14,2026-09-20T15:49:40.236626
ACCT_00003316,CUST_001655,MONEY_MARKET,242894408,BR_01,281189.4,INACTIVE,2024-04-15,2026-09-20T15:49:40.236629
ACCT_00003317,CUST_001656,MONEY_MARKET,867931864,BR_14,26094.09,ACTIVE,2025-10-27,2026-09-20T15:49:40.236639
ACCT_00003318,CUST_001656,SAVINGS,767471886,BR_06,381822.52,ACTIVE,2023-06-24,2026-09-20T15:49:40.236642
ACCT_00003319,CUST_001657,SAVINGS,153599571,BR_14,326576.63,ACTIVE,2026-03-16,2026-09-20T15:49:40.236652
ACCT_00003320,CUST_001658,SAVINGS,413289430,BR_07,54951.25,INACTIVE,2022-03-24,2026-09-20T15:49:40.236661
ACCT_00003321,CUST_001659,MONEY_MARKET,841873046,BR_15,354270.0,ACTIVE,2023-08-10,2026-09-20T15:49:40.236671
ACCT_00003322,CUST_001659,CHECKING,332719721,BR_09,366900.82,CLOSED,2023-01-21,2026-09-20T15:49:40.236674
ACCT_00003323,CUST_001659,MONEY_MARKET,889520089,BR_01,142992.04,CLOSED,2026-04-04,2026-09-20T15:49:40.236678
ACCT_00003324,CUST_001660,SAVINGS,165966225,BR_05,121070.94,INACTIVE,2024-05-13,2026-09-20T15:49:40.236688
ACCT_00003325,CUST_001661,MONEY_MARKET,464997557,BR_02,343583.08,INACTIVE,2025-07-26,2026-09-20T15:49:40.236698
ACCT_00003326,CUST_001661,MONEY_MARKET,781080247,BR_11,51603.61,CLOSED,2023-01-07,2026-09-20T15:49:40.236701
ACCT_00003327,CUST_001662,SAVINGS,433175966,BR_08,159927.42,CLOSED,2026-05-11,2026-09-20T15:49:40.236711
ACCT_00003328,CUST_001663,CHECKING,770514618,BR_11,6109.92,INACTIVE,2023-09-29,2026-09-20T15:49:40.236721
ACCT_00003329,CUST_001664,SAVINGS,402615057,BR_08,55083.93,INACTIVE,2023-07-24,2026-09-20T15:49:40.236731
ACCT_00003330,CUST_001664,SAVINGS,138753165,BR_02,481037.09,CLOSED,2026-06-06,2026-09-20T15:49:40.236734
ACCT_00003331,CUST_001665,SAVINGS,948588711,BR_15,328563.27,INACTIVE,2023-03-29,2026-09-20T15:49:40.236744
ACCT_00003332,CUST_001666,MONEY_MARKET,699958121,BR_11,351671.78,INACTIVE,2022-09-14,2026-09-20T15:49:40.236754
ACCT_00003333,CUST_001666,CHECKING,568077832,BR_02,53440.87,CLOSED,2024-06-15,2026-09-20T15:49:40.236757
ACCT_00003334,CUST_001666,SAVINGS,957740558,BR_09,488885.22,ACTIVE,2026-02-28,2026-09-20T15:49:40.236760
ACCT_00003335,CUST_001667,MONEY_MARKET,604683149,BR_14,415819.09,INACTIVE,2024-08-22,2026-09-20T15:49:40.236769
ACCT_00003336,CUST_001667,MONEY_MARKET,890105570,BR_12,260706.0,CLOSED,2025-07-10,2026-09-20T15:49:40.236773
ACCT_00003337,CUST_001667,CHECKING,544339294,BR_02,238297.55,ACTIVE,2022-08-09,2026-09-20T15:49:40.236775
ACCT_00003338,CUST_001668,CHECKING,457383647,BR_09,103768.95,ACTIVE,2025-03-16,2026-09-20T15:49:40.236785
ACCT_00003339,CUST_001668,SAVINGS,791085813,BR_09,33580.23,INACTIVE,2024-04-09,2026-09-20T15:49:40.236788
ACCT_00003340,CUST_001669,SAVINGS,857620702,BR_03,272761.62,ACTIVE,2024-08-05,2026-09-20T15:49:40.236798
ACCT_00003341,CUST_001669,CHECKING,365713640,BR_10,328101.18,CLOSED,2025-09-21,2026-09-20T15:49:40.236801
ACCT_00003342,CUST_001670,CHECKING,516500500,BR_07,329763.13,ACTIVE,2024-01-06,2026-09-20T15:49:40.236811
ACCT_00003343,CUST_001670,MONEY_MARKET,617519754,BR_06,279823.08,ACTIVE,2022-10-26,2026-09-20T15:49:40.236814
ACCT_00003344,CUST_001671,MONEY_MARKET,974438089,BR_05,464522.37,INACTIVE,2023-07-26,2026-09-20T15:49:40.236824
ACCT_00003345,CUST_001671,SAVINGS,749347883,BR_14,104087.94,ACTIVE,2026-08-08,2026-09-20T15:49:40.236827
ACCT_00003346,CUST_001672,MONEY_MARKET,466116319,BR_04,78879.39,INACTIVE,2025-08-20,2026-09-20T15:49:40.236837
ACCT_00003347,CUST_001673,SAVINGS,561706302,BR_10,280131.79,CLOSED,2025-05-24,2026-09-20T15:49:40.236847
ACCT_00003348,CUST_001673,SAVINGS,440006560,BR_02,319021.88,CLOSED,2022-08-28,2026-09-20T15:49:40.236850
ACCT_00003349,CUST_001674,CHECKING,443527807,BR_03,437406.43,INACTIVE,2024-12-15,2026-09-20T15:49:40.236860
ACCT_00003350,CUST_001675,CHECKING,356144513,BR_01,401915.52,INACTIVE,2022-01-19,2026-09-20T15:49:40.236870
ACCT_00003351,CUST_001675,CHECKING,108218490,BR_09,458057.13,INACTIVE,2025-12-08,2026-09-20T15:49:40.236873
ACCT_00003352,CUST_001676,CHECKING,786022853,BR_08,382786.31,ACTIVE,2023-07-11,2026-09-20T15:49:40.236882
ACCT_00003353,CUST_001676,MONEY_MARKET,279226001,BR_08,396699.73,INACTIVE,2024-01-31,2026-09-20T15:49:40.236885
ACCT_00003354,CUST_001676,MONEY_MARKET,911392745,BR_02,60523.2,CLOSED,2024-12-30,2026-09-20T15:49:40.236888
ACCT_00003355,CUST_001677,SAVINGS,237730655,BR_12,366270.63,CLOSED,2023-10-24,2026-09-20T15:49:40.236898
ACCT_00003356,CUST_001678,CHECKING,101177582,BR_13,301309.31,ACTIVE,2024-02-27,2026-09-20T15:49:40.236907
ACCT_00003357,CUST_001678,CHECKING,257224640,BR_02,24120.17,ACTIVE,2022-08-15,2026-09-20T15:49:40.236910
ACCT_00003358,CUST_001679,CHECKING,307728366,BR_05,337600.33,INACTIVE,2025-06-04,2026-09-20T15:49:40.236919
ACCT_00003359,CUST_001679,MONEY_MARKET,155651033,BR_06,369455.8,INACTIVE,2021-11-17,2026-09-20T15:49:40.236922
ACCT_00003360,CUST_001680,MONEY_MARKET,580000449,BR_08,47058.44,CLOSED,2021-12-17,2026-09-20T15:49:40.236932
ACCT_00003361,CUST_001680,MONEY_MARKET,558695184,BR_15,60242.73,CLOSED,2023-05-16,2026-09-20T15:49:40.236935
ACCT_00003362,CUST_001680,MONEY_MARKET,609744704,BR_02,188161.49,CLOSED,2023-03-21,2026-09-20T15:49:40.236938
ACCT_00003363,CUST_001681,SAVINGS,928800626,BR_07,201377.68,INACTIVE,2024-05-11,2026-09-20T15:49:40.236949
ACCT_00003364,CUST_001681,SAVINGS,143692620,BR_10,304739.06,CLOSED,2024-07-09,2026-09-20T15:49:40.236953
ACCT_00003365,CUST_001682,CHECKING,309134166,BR_05,389511.44,ACTIVE,2026-07-17,2026-09-20T15:49:40.236964
ACCT_00003366,CUST_001682,MONEY_MARKET,866007320,BR_06,76254.34,INACTIVE,2025-11-11,2026-09-20T15:49:40.236969
ACCT_00003367,CUST_001682,MONEY_MARKET,507873572,BR_11,356351.98,ACTIVE,2022-04-06,2026-09-20T15:49:40.236972
ACCT_00003368,CUST_001683,MONEY_MARKET,315060555,BR_12,91231.25,ACTIVE,2023-05-23,2026-09-20T15:49:40.236982
ACCT_00003369,CUST_001683,CHECKING,916300465,BR_05,122014.24,CLOSED,2022-09-11,2026-09-20T15:49:40.236985
ACCT_00003370,CUST_001684,SAVINGS,122818301,BR_06,346670.4,INACTIVE,2022-11-15,2026-09-20T15:49:40.236995
ACCT_00003371,CUST_001685,SAVINGS,153761008,BR_13,57097.43,INACTIVE,2022-03-20,2026-09-20T15:49:40.237005
ACCT_00003372,CUST_001686,MONEY_MARKET,222717310,BR_02,453945.66,INACTIVE,2026-06-06,2026-09-20T15:49:40.237015
ACCT_00003373,CUST_001686,MONEY_MARKET,853873078,BR_02,22023.72,INACTIVE,2022-08-31,2026-09-20T15:49:40.237018
ACCT_00003374,CUST_001686,CHECKING,549961186,BR_01,15461.93,ACTIVE,2025-11-19,2026-09-20T15:49:40.237021
ACCT_00003375,CUST_001687,SAVINGS,701859191,BR_10,358912.13,CLOSED,2025-03-04,2026-09-20T15:49:40.237030
ACCT_00003376,CUST_001687,SAVINGS,461060837,BR_10,227911.58,CLOSED,2021-11-07,2026-09-20T15:49:40.237033
ACCT_00003377,CUST_001688,CHECKING,442141929,BR_05,253849.29,CLOSED,2025-06-24,2026-09-20T15:49:40.237043
ACCT_00003378,CUST_001689,SAVINGS,195840932,BR_10,93526.84,INACTIVE,2023-06-10,2026-09-20T15:49:40.237053
ACCT_00003379,CUST_001689,SAVINGS,606799338,BR_10,45735.71,INACTIVE,2024-06-25,2026-09-20T15:49:40.237056
ACCT_00003380,CUST_001690,MONEY_MARKET,642623237,BR_15,206642.49,CLOSED,2024-06-19,2026-09-20T15:49:40.237065
ACCT_00003381,CUST_001691,MONEY_MARKET,993089494,BR_04,406175.29,ACTIVE,2021-09-21,2026-09-20T15:49:40.237076
ACCT_00003382,CUST_001691,CHECKING,198375408,BR_08,346367.37,CLOSED,2024-05-09,2026-09-20T15:49:40.237080
ACCT_00003383,CUST_001692,SAVINGS,257037633,BR_13,259271.99,INACTIVE,2024-06-08,2026-09-20T15:49:40.237090
ACCT_00003384,CUST_001692,MONEY_MARKET,457633982,BR_05,429169.89,CLOSED,2025-09-15,2026-09-20T15:49:40.237093
ACCT_00003385,CUST_001693,SAVINGS,819203604,BR_03,145120.12,ACTIVE,2022-02-03,2026-09-20T15:49:40.237103
ACCT_00003386,CUST_001693,CHECKING,840029411,BR_15,367345.26,CLOSED,2025-11-05,2026-09-20T15:49:40.237105
ACCT_00003387,CUST_001693,CHECKING,686375085,BR_07,332069.0,ACTIVE,2024-12-07,2026-09-20T15:49:40.237110
ACCT_00003388,CUST_001694,MONEY_MARKET,504790266,BR_13,8832.26,ACTIVE,2023-05-03,2026-09-20T15:49:40.237119
ACCT_00003389,CUST_001694,CHECKING,700735292,BR_13,169026.42,ACTIVE,2022-01-07,2026-09-20T15:49:40.237122
ACCT_00003390,CUST_001694,CHECKING,632046879,BR_15,57359.35,CLOSED,2025-07-02,2026-09-20T15:49:40.237125
ACCT_00003391,CUST_001695,CHECKING,792525544,BR_12,362772.94,ACTIVE,2024-11-04,2026-09-20T15:49:40.237135
ACCT_00003392,CUST_001695,SAVINGS,803789100,BR_15,108613.51,CLOSED,2022-08-23,2026-09-20T15:49:40.237138
ACCT_00003393,CUST_001695,CHECKING,971688876,BR_01,44795.64,ACTIVE,2026-04-27,2026-09-20T15:49:40.237142
ACCT_00003394,CUST_001696,CHECKING,732791389,BR_01,263209.05,CLOSED,2023-05-04,2026-09-20T15:49:40.237153
ACCT_00003395,CUST_001696,CHECKING,170830990,BR_09,221739.3,ACTIVE,2022-07-24,2026-09-20T15:49:40.237156
ACCT_00003396,CUST_001696,CHECKING,969239391,BR_05,426818.59,CLOSED,2026-05-22,2026-09-20T15:49:40.237159
ACCT_00003397,CUST_001697,MONEY_MARKET,791164594,BR_04,168027.56,INACTIVE,2026-04-11,2026-09-20T15:49:40.237171
ACCT_00003398,CUST_001698,MONEY_MARKET,744391846,BR_13,89937.3,CLOSED,2026-05-10,2026-09-20T15:49:40.237182
ACCT_00003399,CUST_001698,MONEY_MARKET,894134179,BR_04,24779.53,INACTIVE,2022-09-05,2026-09-20T15:49:40.237186
ACCT_00003400,CUST_001699,MONEY_MARKET,576184654,BR_07,212406.3,ACTIVE,2022-04-27,2026-09-20T15:49:40.237197
ACCT_00003401,CUST_001700,SAVINGS,282958826,BR_09,458103.38,ACTIVE,2023-10-08,2026-09-20T15:49:40.237208
ACCT_00003402,CUST_001700,CHECKING,250678756,BR_03,337222.12,INACTIVE,2023-09-22,2026-09-20T15:49:40.237211
ACCT_00003403,CUST_001701,SAVINGS,917152142,BR_10,151619.61,INACTIVE,2022-09-23,2026-09-20T15:49:40.237221
ACCT_00003404,CUST_001702,SAVINGS,104022109,BR_14,173806.55,CLOSED,2025-05-27,2026-09-20T15:49:40.237230
ACCT_00003405,CUST_001702,CHECKING,989282376,BR_14,498932.9,ACTIVE,2024-09-06,2026-09-20T15:49:40.237233
ACCT_00003406,CUST_001703,MONEY_MARKET,327730919,BR_11,389899.48,ACTIVE,2026-08-04,2026-09-20T15:49:40.237242
ACCT_00003407,CUST_001703,MONEY_MARKET,564554816,BR_08,464941.3,CLOSED,2024-02-16,2026-09-20T15:49:40.237245
ACCT_00003408,CUST_001703,MONEY_MARKET,640992123,BR_05,489368.12,ACTIVE,2023-07-06,2026-09-20T15:49:40.237248
ACCT_00003409,CUST_001704,CHECKING,902080894,BR_05,70051.42,INACTIVE,2023-03-29,2026-09-20T15:49:40.237257
ACCT_00003410,CUST_001704,CHECKING,609351789,BR_07,366749.92,INACTIVE,2023-01-03,2026-09-20T15:49:40.237260
ACCT_00003411,CUST_001704,CHECKING,913325187,BR_12,52012.52,INACTIVE,2024-03-30,2026-09-20T15:49:40.237263
ACCT_00003412,CUST_001705,MONEY_MARKET,205541963,BR_09,247670.28,INACTIVE,2021-10-05,2026-09-20T15:49:40.237272
ACCT_00003413,CUST_001705,CHECKING,806739067,BR_09,271392.14,ACTIVE,2024-05-06,2026-09-20T15:49:40.237275
ACCT_00003414,CUST_001706,SAVINGS,684917581,BR_09,453035.43,CLOSED,2024-08-19,2026-09-20T15:49:40.237284
ACCT_00003415,CUST_001707,CHECKING,882446102,BR_11,198316.48,CLOSED,2025-09-25,2026-09-20T15:49:40.237294
ACCT_00003416,CUST_001708,SAVINGS,284573605,BR_10,79541.76,INACTIVE,2024-03-19,2026-09-20T15:49:40.237304
ACCT_00003417,CUST_001708,SAVINGS,576583771,BR_09,415418.18,CLOSED,2026-07-30,2026-09-20T15:49:40.237308
ACCT_00003418,CUST_001709,MONEY_MARKET,838505209,BR_04,223828.38,INACTIVE,2026-02-27,2026-09-20T15:49:40.237319
ACCT_00003419,CUST_001709,SAVINGS,977271621,BR_06,84587.14,CLOSED,2023-01-17,2026-09-20T15:49:40.237322
ACCT_00003420,CUST_001709,MONEY_MARKET,825826174,BR_15,357091.43,CLOSED,2026-08-20,2026-09-20T15:49:40.237326
ACCT_00003421,CUST_001710,SAVINGS,723607953,BR_10,120994.56,INACTIVE,2023-06-20,2026-09-20T15:49:40.237336
ACCT_00003422,CUST_001710,MONEY_MARKET,214001826,BR_03,161797.08,CLOSED,2023-12-19,2026-09-20T15:49:40.237339
ACCT_00003423,CUST_001711,SAVINGS,263524359,BR_07,161425.76,CLOSED,2021-12-13,2026-09-20T15:49:40.237348
ACCT_00003424,CUST_001711,SAVINGS,508217232,BR_05,12566.27,ACTIVE,2023-07-08,2026-09-20T15:49:40.237351
ACCT_00003425,CUST_001712,MONEY_MARKET,671446570,BR_01,158612.18,ACTIVE,2022-08-27,2026-09-20T15:49:40.237361
ACCT_00003426,CUST_001712,SAVINGS,234001312,BR_13,220464.29,INACTIVE,2024-10-15,2026-09-20T15:49:40.237364
ACCT_00003427,CUST_001713,MONEY_MARKET,725682612,BR_04,285871.42,ACTIVE,2023-05-01,2026-09-20T15:49:40.237373
ACCT_00003428,CUST_001713,SAVINGS,525718988,BR_06,400736.05,CLOSED,2023-08-26,2026-09-20T15:49:40.237376
ACCT_00003429,CUST_001714,CHECKING,796093047,BR_02,420772.61,INACTIVE,2023-09-10,2026-09-20T15:49:40.237386
ACCT_00003430,CUST_001714,SAVINGS,142281596,BR_01,436531.43,INACTIVE,2022-04-20,2026-09-20T15:49:40.237389
ACCT_00003431,CUST_001715,CHECKING,871375397,BR_10,91899.47,INACTIVE,2023-04-22,2026-09-20T15:49:40.237398
ACCT_00003432,CUST_001716,MONEY_MARKET,294290402,BR_09,473952.29,CLOSED,2021-12-15,2026-09-20T15:49:40.237409
ACCT_00003433,CUST_001716,SAVINGS,475359489,BR_11,231581.46,ACTIVE,2023-02-16,2026-09-20T15:49:40.237413
ACCT_00003434,CUST_001716,CHECKING,789944027,BR_01,386993.32,CLOSED,2025-07-16,2026-09-20T15:49:40.237416
ACCT_00003435,CUST_001717,CHECKING,209173086,BR_12,438606.54,INACTIVE,2023-02-01,2026-09-20T15:49:40.237425
ACCT_00003436,CUST_001718,CHECKING,791217014,BR_09,195773.37,CLOSED,2026-06-09,2026-09-20T15:49:40.237434
ACCT_00003437,CUST_001719,SAVINGS,283518973,BR_10,377142.23,ACTIVE,2024-05-21,2026-09-20T15:49:40.237444
ACCT_00003438,CUST_001719,MONEY_MARKET,790553405,BR_10,172380.31,ACTIVE,2025-09-24,2026-09-20T15:49:40.237447
ACCT_00003439,CUST_001720,CHECKING,538166450,BR_10,105489.22,ACTIVE,2023-01-31,2026-09-20T15:49:40.237456
ACCT_00003440,CUST_001721,CHECKING,512791218,BR_03,443229.11,ACTIVE,2022-04-02,2026-09-20T15:49:40.237466
ACCT_00003441,CUST_001721,SAVINGS,786055154,BR_04,10004.5,ACTIVE,2022-01-31,2026-09-20T15:49:40.237470
ACCT_00003442,CUST_001721,SAVINGS,943420302,BR_03,452358.8,CLOSED,2022-08-27,2026-09-20T15:49:40.237473
ACCT_00003443,CUST_001722,CHECKING,378702972,BR_12,402484.6,INACTIVE,2024-08-07,2026-09-20T15:49:40.237484
ACCT_00003444,CUST_001722,CHECKING,604200736,BR_13,367415.04,INACTIVE,2026-07-02,2026-09-20T15:49:40.237489
ACCT_00003445,CUST_001723,SAVINGS,631306928,BR_15,390969.11,ACTIVE,2022-02-11,2026-09-20T15:49:40.237500
ACCT_00003446,CUST_001723,MONEY_MARKET,918878651,BR_05,152607.26,CLOSED,2023-04-16,2026-09-20T15:49:40.237503
ACCT_00003447,CUST_001723,SAVINGS,538093907,BR_11,388508.7,INACTIVE,2025-03-16,2026-09-20T15:49:40.237506
ACCT_00003448,CUST_001724,MONEY_MARKET,508482969,BR_09,451618.74,ACTIVE,2024-08-10,2026-09-20T15:49:40.237515
ACCT_00003449,CUST_001725,SAVINGS,371819915,BR_06,109513.02,INACTIVE,2022-07-30,2026-09-20T15:49:40.237525
ACCT_00003450,CUST_001725,CHECKING,401385801,BR_07,327692.66,CLOSED,2023-08-19,2026-09-20T15:49:40.237528
ACCT_00003451,CUST_001725,MONEY_MARKET,983390229,BR_07,177032.52,CLOSED,2025-07-11,2026-09-20T15:49:40.237532
ACCT_00003452,CUST_001726,MONEY_MARKET,387406296,BR_09,99229.74,INACTIVE,2023-06-28,2026-09-20T15:49:40.237542
ACCT_00003453,CUST_001726,MONEY_MARKET,345501290,BR_11,469895.37,INACTIVE,2022-12-19,2026-09-20T15:49:40.237545
ACCT_00003454,CUST_001726,MONEY_MARKET,560591776,BR_11,80094.56,INACTIVE,2021-12-21,2026-09-20T15:49:40.237548
ACCT_00003455,CUST_001727,CHECKING,566193554,BR_07,414952.21,CLOSED,2024-11-18,2026-09-20T15:49:40.237557
ACCT_00003456,CUST_001727,CHECKING,265632702,BR_01,430352.27,INACTIVE,2023-12-27,2026-09-20T15:49:40.237560
ACCT_00003457,CUST_001728,MONEY_MARKET,605731915,BR_01,462163.4,CLOSED,2025-01-03,2026-09-20T15:49:40.237570
ACCT_00003458,CUST_001728,CHECKING,270798072,BR_13,441922.5,INACTIVE,2022-04-25,2026-09-20T15:49:40.237573
ACCT_00003459,CUST_001729,MONEY_MARKET,334551455,BR_11,414577.46,INACTIVE,2024-12-14,2026-09-20T15:49:40.237582
ACCT_00003460,CUST_001729,CHECKING,882543250,BR_07,498408.74,CLOSED,2024-09-30,2026-09-20T15:49:40.237585
ACCT_00003461,CUST_001729,MONEY_MARKET,134009445,BR_06,11987.22,CLOSED,2022-03-17,2026-09-20T15:49:40.237588
ACCT_00003462,CUST_001730,SAVINGS,958681931,BR_01,180652.96,CLOSED,2026-06-17,2026-09-20T15:49:40.237597
ACCT_00003463,CUST_001730,MONEY_MARKET,287763577,BR_09,134643.05,INACTIVE,2025-09-17,2026-09-20T15:49:40.237600
ACCT_00003464,CUST_001731,CHECKING,154907528,BR_08,98617.16,ACTIVE,2022-05-22,2026-09-20T15:49:40.237610
ACCT_00003465,CUST_001731,MONEY_MARKET,914419475,BR_04,283615.56,CLOSED,2024-01-07,2026-09-20T15:49:40.237613
ACCT_00003466,CUST_001731,SAVINGS,344036309,BR_15,369178.19,ACTIVE,2021-11-26,2026-09-20T15:49:40.237616
ACCT_00003467,CUST_001732,SAVINGS,389524906,BR_11,394255.64,INACTIVE,2022-11-25,2026-09-20T15:49:40.237626
ACCT_00003468,CUST_001732,MONEY_MARKET,836184335,BR_01,120920.39,ACTIVE,2026-04-14,2026-09-20T15:49:40.237629
ACCT_00003469,CUST_001732,SAVINGS,247862053,BR_06,279591.39,INACTIVE,2026-01-08,2026-09-20T15:49:40.237632
ACCT_00003470,CUST_001733,CHECKING,826476586,BR_03,344594.92,CLOSED,2026-08-12,2026-09-20T15:49:40.237643
ACCT_00003471,CUST_001733,SAVINGS,468826759,BR_01,329001.02,CLOSED,2026-02-10,2026-09-20T15:49:40.237646
ACCT_00003472,CUST_001734,CHECKING,468741931,BR_04,442370.7,ACTIVE,2024-01-14,2026-09-20T15:49:40.237663
ACCT_00003473,CUST_001734,MONEY_MARKET,384351805,BR_13,341921.67,CLOSED,2022-10-20,2026-09-20T15:49:40.237667
ACCT_00003474,CUST_001735,CHECKING,905947165,BR_08,310258.23,INACTIVE,2025-08-01,2026-09-20T15:49:40.237677
ACCT_00003475,CUST_001736,MONEY_MARKET,878337658,BR_15,50375.13,ACTIVE,2025-04-19,2026-09-20T15:49:40.237687
ACCT_00003476,CUST_001737,SAVINGS,718587449,BR_01,137458.14,ACTIVE,2024-05-22,2026-09-20T15:49:40.237697
ACCT_00003477,CUST_001737,SAVINGS,298267042,BR_15,230413.47,INACTIVE,2025-10-20,2026-09-20T15:49:40.237700
ACCT_00003478,CUST_001737,MONEY_MARKET,566144752,BR_14,337854.44,ACTIVE,2022-02-13,2026-09-20T15:49:40.237703
ACCT_00003479,CUST_001738,SAVINGS,219195540,BR_12,25651.17,INACTIVE,2023-11-10,2026-09-20T15:49:40.237713
ACCT_00003480,CUST_001738,CHECKING,667504460,BR_04,277048.2,CLOSED,2024-09-04,2026-09-20T15:49:40.237716
ACCT_00003481,CUST_001738,SAVINGS,414129192,BR_06,477284.51,INACTIVE,2023-02-04,2026-09-20T15:49:40.237719
ACCT_00003482,CUST_001739,CHECKING,957046045,BR_10,411916.2,CLOSED,2026-03-09,2026-09-20T15:49:40.237728
ACCT_00003483,CUST_001739,MONEY_MARKET,349269501,BR_06,46974.11,INACTIVE,2022-11-27,2026-09-20T15:49:40.237731
ACCT_00003484,CUST_001740,SAVINGS,989914366,BR_06,156400.98,CLOSED,2025-05-28,2026-09-20T15:49:40.237741
ACCT_00003485,CUST_001740,MONEY_MARKET,587216226,BR_12,15722.19,INACTIVE,2025-11-17,2026-09-20T15:49:40.237744
ACCT_00003486,CUST_001741,CHECKING,683918267,BR_14,53916.01,INACTIVE,2025-07-08,2026-09-20T15:49:40.237753
ACCT_00003487,CUST_001741,CHECKING,574875053,BR_05,192697.1,ACTIVE,2021-11-23,2026-09-20T15:49:40.237756
ACCT_00003488,CUST_001742,MONEY_MARKET,440870625,BR_14,237866.29,INACTIVE,2022-08-10,2026-09-20T15:49:40.237766
ACCT_00003489,CUST_001743,MONEY_MARKET,279085302,BR_13,212758.45,ACTIVE,2025-08-31,2026-09-20T15:49:40.237776
ACCT_00003490,CUST_001743,SAVINGS,130867236,BR_09,128843.53,ACTIVE,2023-10-10,2026-09-20T15:49:40.237779
ACCT_00003491,CUST_001743,MONEY_MARKET,574674893,BR_07,79975.9,CLOSED,2023-02-26,2026-09-20T15:49:40.237781
ACCT_00003492,CUST_001744,SAVINGS,713127985,BR_04,42009.75,INACTIVE,2025-04-16,2026-09-20T15:49:40.237791
ACCT_00003493,CUST_001745,CHECKING,764073301,BR_10,168079.96,ACTIVE,2024-03-12,2026-09-20T15:49:40.237802
ACCT_00003494,CUST_001746,SAVINGS,163690400,BR_05,167859.86,CLOSED,2024-10-15,2026-09-20T15:49:40.237813
ACCT_00003495,CUST_001746,MONEY_MARKET,760936710,BR_14,295127.48,ACTIVE,2022-01-13,2026-09-20T15:49:40.237817
ACCT_00003496,CUST_001746,CHECKING,827116086,BR_12,361815.12,INACTIVE,2025-05-12,2026-09-20T15:49:40.237820
ACCT_00003497,CUST_001747,CHECKING,286018670,BR_13,107734.99,ACTIVE,2021-12-30,2026-09-20T15:49:40.237830
ACCT_00003498,CUST_001747,MONEY_MARKET,697057829,BR_09,478639.14,INACTIVE,2023-10-28,2026-09-20T15:49:40.237833
ACCT_00003499,CUST_001747,SAVINGS,197121569,BR_11,145946.99,ACTIVE,2026-04-26,2026-09-20T15:49:40.237836
ACCT_00003500,CUST_001748,SAVINGS,752627485,BR_14,121221.56,INACTIVE,2024-08-01,2026-09-20T15:49:40.237846
ACCT_00003501,CUST_001749,MONEY_MARKET,255427067,BR_09,87934.55,CLOSED,2025-04-22,2026-09-20T15:49:40.237855
ACCT_00003502,CUST_001750,CHECKING,374181807,BR_03,235743.19,INACTIVE,2024-02-29,2026-09-20T15:49:40.237865
ACCT_00003503,CUST_001751,SAVINGS,298433240,BR_10,304855.98,ACTIVE,2022-08-11,2026-09-20T15:49:40.237874
ACCT_00003504,CUST_001751,SAVINGS,414396543,BR_10,12239.0,INACTIVE,2023-02-11,2026-09-20T15:49:40.237877
ACCT_00003505,CUST_001752,CHECKING,191354907,BR_09,425434.68,ACTIVE,2023-01-05,2026-09-20T15:49:40.237887
ACCT_00003506,CUST_001752,SAVINGS,367073513,BR_07,441477.91,INACTIVE,2025-05-18,2026-09-20T15:49:40.237890
ACCT_00003507,CUST_001753,CHECKING,836238982,BR_11,427891.29,CLOSED,2023-05-11,2026-09-20T15:49:40.237899
ACCT_00003508,CUST_001754,SAVINGS,227455659,BR_11,321294.16,INACTIVE,2026-07-20,2026-09-20T15:49:40.237909
ACCT_00003509,CUST_001754,SAVINGS,257923134,BR_11,292314.83,CLOSED,2024-01-07,2026-09-20T15:49:40.237912
ACCT_00003510,CUST_001755,CHECKING,518573394,BR_15,391151.41,INACTIVE,2022-02-07,2026-09-20T15:49:40.237921
ACCT_00003511,CUST_001755,CHECKING,585239484,BR_04,428630.82,CLOSED,2026-01-05,2026-09-20T15:49:40.237924
ACCT_00003512,CUST_001755,SAVINGS,251670952,BR_11,307230.41,CLOSED,2026-05-04,2026-09-20T15:49:40.237927
ACCT_00003513,CUST_001756,MONEY_MARKET,625244213,BR_04,410066.46,ACTIVE,2025-10-05,2026-09-20T15:49:40.237937
ACCT_00003514,CUST_001756,CHECKING,737484750,BR_09,123168.18,CLOSED,2026-03-20,2026-09-20T15:49:40.237941
ACCT_00003515,CUST_001756,SAVINGS,575295669,BR_04,339730.76,INACTIVE,2022-04-11,2026-09-20T15:49:40.237944
ACCT_00003516,CUST_001757,CHECKING,929869347,BR_01,179556.53,CLOSED,2023-10-04,2026-09-20T15:49:40.237955
ACCT_00003517,CUST_001757,MONEY_MARKET,584494738,BR_08,589.31,CLOSED,2024-12-31,2026-09-20T15:49:40.237959
ACCT_00003518,CUST_001758,MONEY_MARKET,895089814,BR_10,420259.71,ACTIVE,2024-07-18,2026-09-20T15:49:40.237970
ACCT_00003519,CUST_001758,CHECKING,160644610,BR_05,137154.61,ACTIVE,2026-07-31,2026-09-20T15:49:40.237974
ACCT_00003520,CUST_001759,CHECKING,240587322,BR_13,323136.35,CLOSED,2022-02-11,2026-09-20T15:49:40.237983
ACCT_00003521,CUST_001760,CHECKING,701790761,BR_08,277520.28,ACTIVE,2025-06-11,2026-09-20T15:49:40.237993
ACCT_00003522,CUST_001760,MONEY_MARKET,432514850,BR_11,173175.43,ACTIVE,2025-09-07,2026-09-20T15:49:40.237997
ACCT_00003523,CUST_001760,MONEY_MARKET,439526145,BR_09,199942.55,INACTIVE,2026-05-17,2026-09-20T15:49:40.238000
ACCT_00003524,CUST_001761,MONEY_MARKET,936564504,BR_01,136173.09,CLOSED,2022-04-05,2026-09-20T15:49:40.238010
ACCT_00003525,CUST_001762,CHECKING,393284532,BR_07,342453.56,INACTIVE,2022-10-30,2026-09-20T15:49:40.238020
ACCT_00003526,CUST_001762,SAVINGS,419542823,BR_11,34496.82,CLOSED,2022-08-01,2026-09-20T15:49:40.238022
ACCT_00003527,CUST_001762,CHECKING,357798550,BR_13,212039.67,CLOSED,2026-02-05,2026-09-20T15:49:40.238025
ACCT_00003528,CUST_001763,CHECKING,361549469,BR_14,274775.33,ACTIVE,2024-02-19,2026-09-20T15:49:40.238035
ACCT_00003529,CUST_001764,CHECKING,152042316,BR_14,375196.24,ACTIVE,2025-04-09,2026-09-20T15:49:40.238044
ACCT_00003530,CUST_001765,SAVINGS,502972038,BR_01,50364.97,INACTIVE,2025-09-28,2026-09-20T15:49:40.238054
ACCT_00003531,CUST_001766,CHECKING,205806587,BR_04,267755.06,CLOSED,2025-09-09,2026-09-20T15:49:40.238063
ACCT_00003532,CUST_001767,CHECKING,286629880,BR_01,385497.02,CLOSED,2025-07-14,2026-09-20T15:49:40.238073
ACCT_00003533,CUST_001767,MONEY_MARKET,885124400,BR_02,440753.77,CLOSED,2024-06-20,2026-09-20T15:49:40.238076
ACCT_00003534,CUST_001768,CHECKING,877029187,BR_13,318623.73,ACTIVE,2024-04-23,2026-09-20T15:49:40.238086
ACCT_00003535,CUST_001768,CHECKING,355077060,BR_09,282713.61,CLOSED,2022-10-28,2026-09-20T15:49:40.238088
ACCT_00003536,CUST_001768,CHECKING,796335345,BR_12,239494.17,ACTIVE,2022-07-02,2026-09-20T15:49:40.238091
ACCT_00003537,CUST_001769,MONEY_MARKET,113561750,BR_08,374568.18,CLOSED,2022-09-05,2026-09-20T15:49:40.238102
ACCT_00003538,CUST_001769,SAVINGS,795801932,BR_08,214262.5,ACTIVE,2026-05-19,2026-09-20T15:49:40.238105
ACCT_00003539,CUST_001770,CHECKING,479662428,BR_03,40488.17,CLOSED,2022-08-14,2026-09-20T15:49:40.238116
ACCT_00003540,CUST_001771,CHECKING,608834631,BR_15,4516.61,ACTIVE,2024-03-16,2026-09-20T15:49:40.238128
ACCT_00003541,CUST_001772,SAVINGS,701970386,BR_06,435693.63,ACTIVE,2022-03-08,2026-09-20T15:49:40.238139
ACCT_00003542,CUST_001773,MONEY_MARKET,672447124,BR_14,303367.41,ACTIVE,2025-08-17,2026-09-20T15:49:40.238148
ACCT_00003543,CUST_001773,CHECKING,592608918,BR_01,264590.25,ACTIVE,2022-05-08,2026-09-20T15:49:40.238151
ACCT_00003544,CUST_001773,CHECKING,938679025,BR_10,376762.08,CLOSED,2025-02-25,2026-09-20T15:49:40.238154
ACCT_00003545,CUST_001774,SAVINGS,488487392,BR_05,467376.59,INACTIVE,2023-03-30,2026-09-20T15:49:40.238164
ACCT_00003546,CUST_001774,SAVINGS,252222332,BR_10,197774.4,INACTIVE,2024-06-15,2026-09-20T15:49:40.238167
ACCT_00003547,CUST_001774,CHECKING,744287848,BR_03,226814.41,INACTIVE,2026-03-14,2026-09-20T15:49:40.238170
ACCT_00003548,CUST_001775,SAVINGS,579046938,BR_12,342209.23,ACTIVE,2022-10-12,2026-09-20T15:49:40.238179
ACCT_00003549,CUST_001776,MONEY_MARKET,637381943,BR_07,375066.77,INACTIVE,2025-04-16,2026-09-20T15:49:40.238189
ACCT_00003550,CUST_001776,MONEY_MARKET,480507688,BR_07,53365.22,CLOSED,2024-05-21,2026-09-20T15:49:40.238192
ACCT_00003551,CUST_001776,SAVINGS,933611596,BR_08,271997.01,ACTIVE,2024-07-20,2026-09-20T15:49:40.238195
ACCT_00003552,CUST_001777,SAVINGS,322772686,BR_08,49312.95,CLOSED,2021-11-23,2026-09-20T15:49:40.238206
ACCT_00003553,CUST_001777,MONEY_MARKET,613063229,BR_12,143319.11,ACTIVE,2025-09-16,2026-09-20T15:49:40.238209
ACCT_00003554,CUST_001778,CHECKING,333448013,BR_11,327672.85,CLOSED,2022-05-15,2026-09-20T15:49:40.238219
ACCT_00003555,CUST_001778,SAVINGS,816418659,BR_07,480711.25,INACTIVE,2024-12-21,2026-09-20T15:49:40.238222
ACCT_00003556,CUST_001778,SAVINGS,509378291,BR_03,247170.11,ACTIVE,2022-07-24,2026-09-20T15:49:40.238225
ACCT_00003557,CUST_001779,CHECKING,418747625,BR_11,55313.95,INACTIVE,2024-04-21,2026-09-20T15:49:40.238234
ACCT_00003558,CUST_001780,MONEY_MARKET,420179381,BR_03,313142.11,ACTIVE,2024-07-15,2026-09-20T15:49:40.238244
ACCT_00003559,CUST_001781,SAVINGS,649067221,BR_04,56436.05,INACTIVE,2023-08-28,2026-09-20T15:49:40.238253
ACCT_00003560,CUST_001782,SAVINGS,322488904,BR_15,461548.6,INACTIVE,2023-12-14,2026-09-20T15:49:40.238263
ACCT_00003561,CUST_001782,CHECKING,368705960,BR_07,156665.54,CLOSED,2023-06-21,2026-09-20T15:49:40.238266
ACCT_00003562,CUST_001782,SAVINGS,736895586,BR_09,451206.79,ACTIVE,2025-06-04,2026-09-20T15:49:40.238269
ACCT_00003563,CUST_001783,MONEY_MARKET,699934643,BR_13,480649.46,ACTIVE,2026-06-25,2026-09-20T15:49:40.238280
ACCT_00003564,CUST_001783,SAVINGS,681198951,BR_04,243262.03,CLOSED,2023-01-17,2026-09-20T15:49:40.238284
ACCT_00003565,CUST_001784,SAVINGS,882689612,BR_04,345078.62,ACTIVE,2022-05-07,2026-09-20T15:49:40.238295
ACCT_00003566,CUST_001785,MONEY_MARKET,294481468,BR_12,476049.09,CLOSED,2023-04-23,2026-09-20T15:49:40.238305
ACCT_00003567,CUST_001785,CHECKING,810087627,BR_11,83916.81,ACTIVE,2024-06-27,2026-09-20T15:49:40.238308
ACCT_00003568,CUST_001786,MONEY_MARKET,339502626,BR_05,32300.52,INACTIVE,2026-05-11,2026-09-20T15:49:40.238318
ACCT_00003569,CUST_001786,SAVINGS,897604198,BR_15,342827.06,CLOSED,2026-02-10,2026-09-20T15:49:40.238321
ACCT_00003570,CUST_001787,MONEY_MARKET,584969042,BR_03,64228.41,ACTIVE,2025-01-23,2026-09-20T15:49:40.238331
ACCT_00003571,CUST_001788,CHECKING,656835945,BR_04,10309.08,CLOSED,2025-12-31,2026-09-20T15:49:40.238340
ACCT_00003572,CUST_001788,SAVINGS,847886206,BR_10,386361.1,INACTIVE,2022-12-25,2026-09-20T15:49:40.238343
ACCT_00003573,CUST_001789,SAVINGS,459344678,BR_11,224154.97,CLOSED,2022-07-20,2026-09-20T15:49:40.238352
ACCT_00003574,CUST_001790,MONEY_MARKET,804555982,BR_05,416332.12,INACTIVE,2025-01-15,2026-09-20T15:49:40.238362
ACCT_00003575,CUST_001790,MONEY_MARKET,759600052,BR_08,312178.63,ACTIVE,2024-11-13,2026-09-20T15:49:40.238365
ACCT_00003576,CUST_001790,CHECKING,244763884,BR_02,245217.23,ACTIVE,2025-01-27,2026-09-20T15:49:40.238368
ACCT_00003577,CUST_001791,SAVINGS,948822372,BR_06,493923.59,INACTIVE,2023-09-28,2026-09-20T15:49:40.238378
ACCT_00003578,CUST_001791,MONEY_MARKET,201920457,BR_09,309943.55,CLOSED,2026-01-25,2026-09-20T15:49:40.238382
ACCT_00003579,CUST_001791,CHECKING,564574335,BR_02,246308.75,CLOSED,2022-02-23,2026-09-20T15:49:40.238385
ACCT_00003580,CUST_001792,MONEY_MARKET,436492518,BR_07,430799.12,ACTIVE,2024-05-08,2026-09-20T15:49:40.238395
ACCT_00003581,CUST_001792,CHECKING,990229175,BR_02,84164.66,INACTIVE,2024-08-01,2026-09-20T15:49:40.238398
ACCT_00003582,CUST_001792,SAVINGS,581714224,BR_14,89086.44,INACTIVE,2026-01-22,2026-09-20T15:49:40.238401
ACCT_00003583,CUST_001793,MONEY_MARKET,427586062,BR_10,205319.31,INACTIVE,2023-06-30,2026-09-20T15:49:40.238411
ACCT_00003584,CUST_001793,MONEY_MARKET,176268517,BR_02,287021.97,ACTIVE,2023-09-10,2026-09-20T15:49:40.238414
ACCT_00003585,CUST_001794,MONEY_MARKET,733483441,BR_11,290422.92,CLOSED,2026-05-04,2026-09-20T15:49:40.238423
ACCT_00003586,CUST_001794,SAVINGS,669514031,BR_03,348879.93,ACTIVE,2022-05-11,2026-09-20T15:49:40.238426
ACCT_00003587,CUST_001794,CHECKING,790418078,BR_14,6582.73,ACTIVE,2024-04-01,2026-09-20T15:49:40.238429
ACCT_00003588,CUST_001795,SAVINGS,302427314,BR_13,341665.57,ACTIVE,2025-12-29,2026-09-20T15:49:40.238439
ACCT_00003589,CUST_001795,SAVINGS,338159583,BR_13,491836.45,ACTIVE,2024-04-10,2026-09-20T15:49:40.238441
ACCT_00003590,CUST_001796,CHECKING,182551138,BR_08,306998.72,CLOSED,2024-10-16,2026-09-20T15:49:40.238451
ACCT_00003591,CUST_001797,MONEY_MARKET,139332199,BR_13,423957.57,INACTIVE,2022-10-10,2026-09-20T15:49:40.238461
ACCT_00003592,CUST_001797,MONEY_MARKET,996353032,BR_01,121412.04,CLOSED,2025-09-21,2026-09-20T15:49:40.238463
ACCT_00003593,CUST_001798,SAVINGS,905021918,BR_05,185848.6,INACTIVE,2023-10-25,2026-09-20T15:49:40.238473
ACCT_00003594,CUST_001798,CHECKING,466947371,BR_12,210606.88,ACTIVE,2022-10-29,2026-09-20T15:49:40.238476
ACCT_00003595,CUST_001798,MONEY_MARKET,729209054,BR_09,379276.36,ACTIVE,2025-10-12,2026-09-20T15:49:40.238480
ACCT_00003596,CUST_001799,SAVINGS,886535084,BR_04,301917.94,ACTIVE,2025-10-28,2026-09-20T15:49:40.238491
ACCT_00003597,CUST_001799,SAVINGS,934507540,BR_15,171078.67,INACTIVE,2022-02-07,2026-09-20T15:49:40.238494
ACCT_00003598,CUST_001800,CHECKING,995100018,BR_10,350311.89,ACTIVE,2024-10-30,2026-09-20T15:49:40.238506
ACCT_00003599,CUST_001800,MONEY_MARKET,171692520,BR_11,369553.08,INACTIVE,2021-12-21,2026-09-20T15:49:40.238509
ACCT_00003600,CUST_001801,SAVINGS,292741111,BR_15,467535.65,CLOSED,2025-08-13,2026-09-20T15:49:40.238520
ACCT_00003601,CUST_001801,MONEY_MARKET,301723464,BR_07,405567.94,ACTIVE,2022-09-26,2026-09-20T15:49:40.238523
ACCT_00003602,CUST_001802,SAVINGS,350472797,BR_10,299157.24,INACTIVE,2025-03-11,2026-09-20T15:49:40.238532
ACCT_00003603,CUST_001802,CHECKING,985637936,BR_04,361691.61,CLOSED,2025-03-24,2026-09-20T15:49:40.238535
ACCT_00003604,CUST_001802,SAVINGS,350991636,BR_02,157044.24,ACTIVE,2022-04-15,2026-09-20T15:49:40.238538
ACCT_00003605,CUST_001803,MONEY_MARKET,360233608,BR_01,447388.67,INACTIVE,2023-04-15,2026-09-20T15:49:40.238548
ACCT_00003606,CUST_001804,MONEY_MARKET,810256084,BR_12,168903.69,CLOSED,2026-05-19,2026-09-20T15:49:40.238557
ACCT_00003607,CUST_001804,MONEY_MARKET,730440296,BR_07,347912.18,INACTIVE,2024-08-09,2026-09-20T15:49:40.238560
ACCT_00003608,CUST_001805,MONEY_MARKET,599090130,BR_03,314855.91,CLOSED,2026-06-17,2026-09-20T15:49:40.238570
ACCT_00003609,CUST_001805,MONEY_MARKET,904509987,BR_10,302715.31,ACTIVE,2022-09-13,2026-09-20T15:49:40.238573
ACCT_00003610,CUST_001805,CHECKING,594890024,BR_08,318061.98,ACTIVE,2024-10-17,2026-09-20T15:49:40.238576
ACCT_00003611,CUST_001806,CHECKING,549400734,BR_07,254160.32,ACTIVE,2025-06-25,2026-09-20T15:49:40.238585
ACCT_00003612,CUST_001806,CHECKING,767545345,BR_08,96135.53,INACTIVE,2024-02-06,2026-09-20T15:49:40.238588
ACCT_00003613,CUST_001806,CHECKING,613483794,BR_12,68129.11,INACTIVE,2022-12-15,2026-09-20T15:49:40.238591
ACCT_00003614,CUST_001807,MONEY_MARKET,415394753,BR_01,353202.97,ACTIVE,2024-12-04,2026-09-20T15:49:40.238601
ACCT_00003615,CUST_001808,MONEY_MARKET,284308700,BR_11,85450.93,INACTIVE,2026-02-10,2026-09-20T15:49:40.238611
ACCT_00003616,CUST_001809,MONEY_MARKET,663940539,BR_15,395977.13,CLOSED,2025-05-08,2026-09-20T15:49:40.238620
ACCT_00003617,CUST_001809,CHECKING,542161188,BR_11,456190.12,ACTIVE,2022-07-11,2026-09-20T15:49:40.238623
ACCT_00003618,CUST_001809,CHECKING,565874575,BR_06,154339.72,ACTIVE,2026-02-10,2026-09-20T15:49:40.238626
ACCT_00003619,CUST_001810,CHECKING,796658202,BR_13,155070.94,INACTIVE,2025-09-11,2026-09-20T15:49:40.238636
ACCT_00003620,CUST_001810,SAVINGS,916880487,BR_09,436320.32,INACTIVE,2025-10-07,2026-09-20T15:49:40.238639
ACCT_00003621,CUST_001810,MONEY_MARKET,817424055,BR_01,78755.22,INACTIVE,2025-04-07,2026-09-20T15:49:40.238642
ACCT_00003622,CUST_001811,CHECKING,849156816,BR_10,153894.4,INACTIVE,2024-09-02,2026-09-20T15:49:40.238652
ACCT_00003623,CUST_001811,MONEY_MARKET,197561620,BR_02,334187.0,CLOSED,2024-04-01,2026-09-20T15:49:40.238655
ACCT_00003624,CUST_001812,CHECKING,461167057,BR_07,494847.73,ACTIVE,2023-03-16,2026-09-20T15:49:40.238664
ACCT_00003625,CUST_001812,MONEY_MARKET,406024103,BR_02,154533.76,INACTIVE,2025-07-23,2026-09-20T15:49:40.238667
ACCT_00003626,CUST_001812,MONEY_MARKET,678909734,BR_10,353369.97,ACTIVE,2024-01-07,2026-09-20T15:49:40.238670
ACCT_00003627,CUST_001813,SAVINGS,433983173,BR_14,318180.12,INACTIVE,2021-12-08,2026-09-20T15:49:40.238680
ACCT_00003628,CUST_001814,CHECKING,834844423,BR_11,311832.24,CLOSED,2022-01-06,2026-09-20T15:49:40.238691
ACCT_00003629,CUST_001814,CHECKING,513974177,BR_14,38139.04,ACTIVE,2026-06-27,2026-09-20T15:49:40.238695
ACCT_00003630,CUST_001815,CHECKING,441778521,BR_07,159830.54,INACTIVE,2025-08-15,2026-09-20T15:49:40.238706
ACCT_00003631,CUST_001815,MONEY_MARKET,720523128,BR_10,495039.28,ACTIVE,2023-01-31,2026-09-20T15:49:40.238709
ACCT_00003632,CUST_001815,CHECKING,359697265,BR_08,191177.3,INACTIVE,2024-03-18,2026-09-20T15:49:40.238713
ACCT_00003633,CUST_001816,MONEY_MARKET,554650778,BR_10,86717.2,ACTIVE,2023-06-11,2026-09-20T15:49:40.238722
ACCT_00003634,CUST_001816,SAVINGS,350963145,BR_04,268676.01,ACTIVE,2023-06-14,2026-09-20T15:49:40.238725
ACCT_00003635,CUST_001816,SAVINGS,199713203,BR_14,32805.96,CLOSED,2022-04-02,2026-09-20T15:49:40.238728
ACCT_00003636,CUST_001817,MONEY_MARKET,826716299,BR_01,417903.75,ACTIVE,2022-03-31,2026-09-20T15:49:40.238737
ACCT_00003637,CUST_001818,CHECKING,401123040,BR_11,315499.96,ACTIVE,2024-12-27,2026-09-20T15:49:40.238747
ACCT_00003638,CUST_001818,CHECKING,506461429,BR_07,336706.44,CLOSED,2022-06-18,2026-09-20T15:49:40.238750
ACCT_00003639,CUST_001819,SAVINGS,540353882,BR_04,100865.72,INACTIVE,2022-11-09,2026-09-20T15:49:40.238759
ACCT_00003640,CUST_001820,MONEY_MARKET,749085442,BR_04,476140.76,INACTIVE,2025-06-20,2026-09-20T15:49:40.238769
ACCT_00003641,CUST_001820,SAVINGS,498279854,BR_02,469541.52,CLOSED,2023-09-08,2026-09-20T15:49:40.238772
ACCT_00003642,CUST_001820,SAVINGS,568344697,BR_15,306185.79,CLOSED,2026-06-06,2026-09-20T15:49:40.238776
ACCT_00003643,CUST_001821,SAVINGS,933273151,BR_13,181049.47,INACTIVE,2025-08-27,2026-09-20T15:49:40.238786
ACCT_00003644,CUST_001821,SAVINGS,367457666,BR_12,281053.8,INACTIVE,2023-02-28,2026-09-20T15:49:40.238789
ACCT_00003645,CUST_001821,CHECKING,695373815,BR_06,171828.35,INACTIVE,2025-02-17,2026-09-20T15:49:40.238792
ACCT_00003646,CUST_001822,SAVINGS,981748727,BR_14,10952.27,INACTIVE,2025-09-21,2026-09-20T15:49:40.238801
ACCT_00003647,CUST_001823,MONEY_MARKET,661633309,BR_13,310769.37,INACTIVE,2023-03-24,2026-09-20T15:49:40.238811
ACCT_00003648,CUST_001823,SAVINGS,614971107,BR_14,315814.48,ACTIVE,2025-03-30,2026-09-20T15:49:40.238814
ACCT_00003649,CUST_001823,MONEY_MARKET,558401861,BR_13,452163.15,INACTIVE,2025-01-18,2026-09-20T15:49:40.238817
ACCT_00003650,CUST_001824,CHECKING,446513598,BR_10,48153.45,INACTIVE,2024-05-14,2026-09-20T15:49:40.238826
ACCT_00003651,CUST_001824,SAVINGS,148105326,BR_05,229007.62,CLOSED,2023-09-15,2026-09-20T15:49:40.238829
ACCT_00003652,CUST_001825,CHECKING,140410901,BR_13,295999.74,CLOSED,2024-09-24,2026-09-20T15:49:40.238839
ACCT_00003653,CUST_001826,CHECKING,691072065,BR_09,474775.02,ACTIVE,2025-02-05,2026-09-20T15:49:40.238848
ACCT_00003654,CUST_001826,SAVINGS,894109265,BR_12,305299.25,INACTIVE,2022-11-25,2026-09-20T15:49:40.238851
ACCT_00003655,CUST_001827,MONEY_MARKET,565615555,BR_07,225041.94,CLOSED,2023-03-19,2026-09-20T15:49:40.238861
ACCT_00003656,CUST_001827,MONEY_MARKET,377255287,BR_08,8298.92,CLOSED,2026-01-15,2026-09-20T15:49:40.238864
ACCT_00003657,CUST_001828,MONEY_MARKET,789855263,BR_01,436104.07,INACTIVE,2023-05-13,2026-09-20T15:49:40.238873
ACCT_00003658,CUST_001828,CHECKING,191271843,BR_14,130505.04,INACTIVE,2026-03-06,2026-09-20T15:49:40.238876
ACCT_00003659,CUST_001829,CHECKING,914666750,BR_04,399230.56,INACTIVE,2022-03-05,2026-09-20T15:49:40.238886
ACCT_00003660,CUST_001830,SAVINGS,210197081,BR_06,196155.28,INACTIVE,2024-04-16,2026-09-20T15:49:40.238895
ACCT_00003661,CUST_001830,SAVINGS,881571976,BR_06,125.75,INACTIVE,2026-03-18,2026-09-20T15:49:40.238898
ACCT_00003662,CUST_001830,MONEY_MARKET,881653263,BR_09,211246.51,ACTIVE,2022-10-16,2026-09-20T15:49:40.238904
ACCT_00003663,CUST_001831,SAVINGS,627631129,BR_11,146336.33,CLOSED,2022-08-01,2026-09-20T15:49:40.238913
ACCT_00003664,CUST_001832,CHECKING,319483775,BR_05,347177.69,INACTIVE,2023-03-20,2026-09-20T15:49:40.238923
ACCT_00003665,CUST_001832,MONEY_MARKET,567010400,BR_10,258609.74,ACTIVE,2025-01-29,2026-09-20T15:49:40.238926
ACCT_00003666,CUST_001832,SAVINGS,915473388,BR_15,8417.76,INACTIVE,2022-04-04,2026-09-20T15:49:40.238929
ACCT_00003667,CUST_001833,SAVINGS,859575160,BR_10,395514.81,ACTIVE,2023-12-03,2026-09-20T15:49:40.238939
ACCT_00003668,CUST_001833,SAVINGS,433790545,BR_01,67943.64,CLOSED,2022-06-09,2026-09-20T15:49:40.238942
ACCT_00003669,CUST_001834,CHECKING,954059387,BR_09,217373.29,INACTIVE,2021-12-23,2026-09-20T15:49:40.238951
ACCT_00003670,CUST_001834,MONEY_MARKET,676663129,BR_10,83992.54,INACTIVE,2022-02-22,2026-09-20T15:49:40.238954
ACCT_00003671,CUST_001835,CHECKING,422834128,BR_01,422257.78,INACTIVE,2026-04-29,2026-09-20T15:49:40.238964
ACCT_00003672,CUST_001835,MONEY_MARKET,358468406,BR_09,161930.69,CLOSED,2023-11-21,2026-09-20T15:49:40.238967
ACCT_00003673,CUST_001836,MONEY_MARKET,285144943,BR_13,188258.4,INACTIVE,2023-10-03,2026-09-20T15:49:40.238976
ACCT_00003674,CUST_001836,CHECKING,775582258,BR_07,380319.51,ACTIVE,2023-09-27,2026-09-20T15:49:40.238979
ACCT_00003675,CUST_001837,SAVINGS,715222108,BR_04,379394.59,INACTIVE,2021-10-26,2026-09-20T15:49:40.238989
ACCT_00003676,CUST_001837,MONEY_MARKET,155588331,BR_11,192742.77,INACTIVE,2023-10-08,2026-09-20T15:49:40.238992
ACCT_00003677,CUST_001837,SAVINGS,337012088,BR_01,360073.2,ACTIVE,2026-07-08,2026-09-20T15:49:40.238994
ACCT_00003678,CUST_001838,CHECKING,571667883,BR_09,289094.99,CLOSED,2024-10-08,2026-09-20T15:49:40.239006
ACCT_00003679,CUST_001839,MONEY_MARKET,796345359,BR_04,866.74,INACTIVE,2023-01-13,2026-09-20T15:49:40.239015
ACCT_00003680,CUST_001840,SAVINGS,258301477,BR_15,434126.57,CLOSED,2023-11-23,2026-09-20T15:49:40.239025
ACCT_00003681,CUST_001840,SAVINGS,476108295,BR_09,188086.32,INACTIVE,2026-05-14,2026-09-20T15:49:40.239028
ACCT_00003682,CUST_001840,CHECKING,515850822,BR_06,207535.45,ACTIVE,2025-07-20,2026-09-20T15:49:40.239031
ACCT_00003683,CUST_001841,SAVINGS,331533041,BR_05,152091.89,INACTIVE,2025-06-15,2026-09-20T15:49:40.239041
ACCT_00003684,CUST_001841,MONEY_MARKET,739019669,BR_05,201542.87,CLOSED,2024-07-09,2026-09-20T15:49:40.239043
ACCT_00003685,CUST_001841,MONEY_MARKET,893226267,BR_12,122378.12,ACTIVE,2023-08-17,2026-09-20T15:49:40.239046
ACCT_00003686,CUST_001842,MONEY_MARKET,261640251,BR_04,111252.92,INACTIVE,2022-10-30,2026-09-20T15:49:40.239056
ACCT_00003687,CUST_001843,CHECKING,611936255,BR_12,421121.87,ACTIVE,2024-02-15,2026-09-20T15:49:40.239066
ACCT_00003688,CUST_001843,CHECKING,233178211,BR_15,223305.65,INACTIVE,2021-10-12,2026-09-20T15:49:40.239069
ACCT_00003689,CUST_001844,SAVINGS,595586415,BR_15,214061.02,CLOSED,2024-04-27,2026-09-20T15:49:40.239080
ACCT_00003690,CUST_001844,CHECKING,516745164,BR_04,471606.16,INACTIVE,2023-08-15,2026-09-20T15:49:40.239083
ACCT_00003691,CUST_001845,MONEY_MARKET,144173900,BR_09,307165.18,CLOSED,2023-03-31,2026-09-20T15:49:40.239093
ACCT_00003692,CUST_001845,SAVINGS,973722326,BR_08,132556.56,INACTIVE,2022-04-21,2026-09-20T15:49:40.239096
ACCT_00003693,CUST_001846,MONEY_MARKET,392718126,BR_11,143498.48,ACTIVE,2025-01-14,2026-09-20T15:49:40.239105
ACCT_00003694,CUST_001846,MONEY_MARKET,865429893,BR_06,69254.83,INACTIVE,2021-11-18,2026-09-20T15:49:40.239108
ACCT_00003695,CUST_001847,SAVINGS,905203911,BR_08,393627.02,ACTIVE,2022-06-01,2026-09-20T15:49:40.239118
ACCT_00003696,CUST_001848,SAVINGS,518000601,BR_08,210003.8,INACTIVE,2025-01-22,2026-09-20T15:49:40.239128
ACCT_00003697,CUST_001849,SAVINGS,261380876,BR_01,479152.96,INACTIVE,2024-04-11,2026-09-20T15:49:40.239137
ACCT_00003698,CUST_001850,SAVINGS,186454570,BR_05,298426.73,INACTIVE,2025-07-08,2026-09-20T15:49:40.239147
ACCT_00003699,CUST_001850,SAVINGS,194775843,BR_02,158613.32,INACTIVE,2022-05-05,2026-09-20T15:49:40.239150
ACCT_00003700,CUST_001851,MONEY_MARKET,934249863,BR_04,29791.55,CLOSED,2026-04-24,2026-09-20T15:49:40.239159
ACCT_00003701,CUST_001852,MONEY_MARKET,870546313,BR_01,285530.59,INACTIVE,2022-07-01,2026-09-20T15:49:40.239169
ACCT_00003702,CUST_001853,SAVINGS,500076911,BR_07,178598.46,CLOSED,2025-10-18,2026-09-20T15:49:40.239178
ACCT_00003703,CUST_001854,MONEY_MARKET,411927084,BR_12,131769.44,ACTIVE,2023-09-11,2026-09-20T15:49:40.239188
ACCT_00003704,CUST_001855,MONEY_MARKET,805690050,BR_07,182791.95,INACTIVE,2025-08-17,2026-09-20T15:49:40.239197
ACCT_00003705,CUST_001855,CHECKING,826744963,BR_03,470749.15,INACTIVE,2026-06-17,2026-09-20T15:49:40.239200
ACCT_00003706,CUST_001856,MONEY_MARKET,820595525,BR_13,6838.03,ACTIVE,2025-03-07,2026-09-20T15:49:40.239211
ACCT_00003707,CUST_001856,SAVINGS,131034525,BR_14,499769.92,CLOSED,2026-03-13,2026-09-20T15:49:40.239214
ACCT_00003708,CUST_001856,CHECKING,164349347,BR_12,122832.87,INACTIVE,2023-05-12,2026-09-20T15:49:40.239217
ACCT_00003709,CUST_001857,SAVINGS,985269889,BR_07,38990.54,CLOSED,2022-10-10,2026-09-20T15:49:40.239227
ACCT_00003710,CUST_001857,MONEY_MARKET,638872596,BR_10,295825.53,INACTIVE,2021-12-18,2026-09-20T15:49:40.239230
ACCT_00003711,CUST_001857,SAVINGS,186274942,BR_02,273854.52,CLOSED,2024-11-08,2026-09-20T15:49:40.239233
ACCT_00003712,CUST_001858,CHECKING,904099224,BR_08,393798.96,INACTIVE,2024-05-21,2026-09-20T15:49:40.239244
ACCT_00003713,CUST_001858,SAVINGS,182142091,BR_05,365110.1,INACTIVE,2024-02-15,2026-09-20T15:49:40.239248
ACCT_00003714,CUST_001858,SAVINGS,199868088,BR_09,321453.82,CLOSED,2024-05-07,2026-09-20T15:49:40.239251
ACCT_00003715,CUST_001859,SAVINGS,818257671,BR_01,140404.0,INACTIVE,2022-07-12,2026-09-20T15:49:40.239261
ACCT_00003716,CUST_001859,MONEY_MARKET,541961521,BR_07,335640.22,INACTIVE,2023-07-27,2026-09-20T15:49:40.239264
ACCT_00003717,CUST_001859,CHECKING,860391524,BR_10,8009.77,INACTIVE,2022-08-24,2026-09-20T15:49:40.239267
ACCT_00003718,CUST_001860,SAVINGS,533916321,BR_06,488977.59,CLOSED,2024-07-15,2026-09-20T15:49:40.239276
ACCT_00003719,CUST_001861,MONEY_MARKET,789239031,BR_10,33992.92,CLOSED,2025-09-19,2026-09-20T15:49:40.239286
ACCT_00003720,CUST_001862,CHECKING,842659360,BR_04,1904.09,ACTIVE,2023-06-02,2026-09-20T15:49:40.239295
ACCT_00003721,CUST_001862,MONEY_MARKET,299647059,BR_08,211464.25,INACTIVE,2021-11-04,2026-09-20T15:49:40.239298
ACCT_00003722,CUST_001862,CHECKING,438814661,BR_05,419104.13,CLOSED,2025-04-13,2026-09-20T15:49:40.239301
ACCT_00003723,CUST_001863,MONEY_MARKET,553474494,BR_03,457321.42,ACTIVE,2025-03-21,2026-09-20T15:49:40.239311
ACCT_00003724,CUST_001863,CHECKING,480698743,BR_02,108219.1,ACTIVE,2023-08-28,2026-09-20T15:49:40.239313
ACCT_00003725,CUST_001863,SAVINGS,503830476,BR_01,154232.66,INACTIVE,2024-02-10,2026-09-20T15:49:40.239316
ACCT_00003726,CUST_001864,CHECKING,692451326,BR_10,419020.45,INACTIVE,2024-02-04,2026-09-20T15:49:40.239326
ACCT_00003727,CUST_001865,MONEY_MARKET,637238907,BR_06,83913.04,INACTIVE,2024-12-17,2026-09-20T15:49:40.239335
ACCT_00003728,CUST_001865,SAVINGS,988643566,BR_03,1431.11,INACTIVE,2023-03-30,2026-09-20T15:49:40.239338
ACCT_00003729,CUST_001865,SAVINGS,402823100,BR_02,8441.84,CLOSED,2021-09-27,2026-09-20T15:49:40.239341
ACCT_00003730,CUST_001866,CHECKING,875249151,BR_04,391567.22,INACTIVE,2023-01-08,2026-09-20T15:49:40.239351
ACCT_00003731,CUST_001866,CHECKING,483700328,BR_02,268681.55,CLOSED,2022-10-25,2026-09-20T15:49:40.239354
ACCT_00003732,CUST_001866,MONEY_MARKET,910441201,BR_14,203203.0,INACTIVE,2021-10-11,2026-09-20T15:49:40.239357
ACCT_00003733,CUST_001867,SAVINGS,424749280,BR_02,101973.11,ACTIVE,2024-08-01,2026-09-20T15:49:40.239369
ACCT_00003734,CUST_001867,CHECKING,642757734,BR_11,94030.46,ACTIVE,2024-08-24,2026-09-20T15:49:40.239373
ACCT_00003735,CUST_001868,SAVINGS,310018939,BR_05,450360.93,INACTIVE,2022-04-23,2026-09-20T15:49:40.239383
ACCT_00003736,CUST_001868,SAVINGS,673927597,BR_14,39359.55,ACTIVE,2023-02-25,2026-09-20T15:49:40.239386
ACCT_00003737,CUST_001868,MONEY_MARKET,933030595,BR_09,182403.49,ACTIVE,2022-10-01,2026-09-20T15:49:40.239389
ACCT_00003738,CUST_001869,SAVINGS,690963169,BR_10,164001.39,CLOSED,2022-02-11,2026-09-20T15:49:40.239399
ACCT_00003739,CUST_001870,CHECKING,968491687,BR_10,261304.98,CLOSED,2022-11-03,2026-09-20T15:49:40.239408
ACCT_00003740,CUST_001870,CHECKING,283404909,BR_09,489605.14,INACTIVE,2024-08-12,2026-09-20T15:49:40.239411
ACCT_00003741,CUST_001870,MONEY_MARKET,218758081,BR_07,230411.7,CLOSED,2025-08-22,2026-09-20T15:49:40.239414
ACCT_00003742,CUST_001871,MONEY_MARKET,320690471,BR_14,48640.73,ACTIVE,2024-11-22,2026-09-20T15:49:40.239424
ACCT_00003743,CUST_001872,MONEY_MARKET,198461971,BR_09,445775.15,ACTIVE,2022-07-14,2026-09-20T15:49:40.239433
ACCT_00003744,CUST_001872,CHECKING,310537146,BR_09,32608.82,INACTIVE,2021-10-13,2026-09-20T15:49:40.239436
ACCT_00003745,CUST_001872,SAVINGS,303021597,BR_05,63654.92,CLOSED,2022-01-22,2026-09-20T15:49:40.239439
ACCT_00003746,CUST_001873,SAVINGS,268562642,BR_02,344599.78,INACTIVE,2023-06-02,2026-09-20T15:49:40.239449
ACCT_00003747,CUST_001874,MONEY_MARKET,360020221,BR_13,423511.14,CLOSED,2022-07-07,2026-09-20T15:49:40.239458
ACCT_00003748,CUST_001874,CHECKING,286174894,BR_02,257553.71,ACTIVE,2023-12-28,2026-09-20T15:49:40.239461
ACCT_00003749,CUST_001875,SAVINGS,197364663,BR_02,147931.9,INACTIVE,2026-02-22,2026-09-20T15:49:40.239471
ACCT_00003750,CUST_001876,CHECKING,190030521,BR_06,441338.65,INACTIVE,2024-08-09,2026-09-20T15:49:40.239480
ACCT_00003751,CUST_001877,CHECKING,167400710,BR_06,111806.16,ACTIVE,2026-04-23,2026-09-20T15:49:40.239490
ACCT_00003752,CUST_001878,SAVINGS,111019532,BR_08,220531.44,ACTIVE,2022-11-15,2026-09-20T15:49:40.239501
ACCT_00003753,CUST_001878,MONEY_MARKET,207168313,BR_15,23821.57,CLOSED,2024-05-09,2026-09-20T15:49:40.239505
ACCT_00003754,CUST_001879,MONEY_MARKET,689516020,BR_05,331855.53,INACTIVE,2024-11-05,2026-09-20T15:49:40.239516
ACCT_00003755,CUST_001879,SAVINGS,536773725,BR_12,419721.16,INACTIVE,2025-04-22,2026-09-20T15:49:40.239519
ACCT_00003756,CUST_001880,SAVINGS,449541965,BR_15,151857.56,CLOSED,2022-06-24,2026-09-20T15:49:40.239531
ACCT_00003757,CUST_001880,CHECKING,741706635,BR_10,49230.43,INACTIVE,2023-03-13,2026-09-20T15:49:40.239534
ACCT_00003758,CUST_001880,MONEY_MARKET,386582420,BR_06,76435.18,INACTIVE,2024-12-01,2026-09-20T15:49:40.239537
ACCT_00003759,CUST_001881,CHECKING,763705212,BR_15,366897.91,ACTIVE,2026-07-06,2026-09-20T15:49:40.239549
ACCT_00003760,CUST_001881,SAVINGS,212358004,BR_15,347417.84,INACTIVE,2023-01-17,2026-09-20T15:49:40.239553
ACCT_00003761,CUST_001881,SAVINGS,840905178,BR_10,46732.39,ACTIVE,2022-05-31,2026-09-20T15:49:40.239556
ACCT_00003762,CUST_001882,MONEY_MARKET,665256666,BR_11,66294.13,CLOSED,2025-03-27,2026-09-20T15:49:40.239567
ACCT_00003763,CUST_001882,CHECKING,959059825,BR_12,61836.6,CLOSED,2025-11-05,2026-09-20T15:49:40.239570
ACCT_00003764,CUST_001882,SAVINGS,985006827,BR_09,462535.11,ACTIVE,2022-10-14,2026-09-20T15:49:40.239573
ACCT_00003765,CUST_001883,MONEY_MARKET,970323808,BR_08,177984.24,CLOSED,2024-05-20,2026-09-20T15:49:40.239583
ACCT_00003766,CUST_001884,MONEY_MARKET,939842132,BR_07,417845.5,CLOSED,2022-04-09,2026-09-20T15:49:40.239592
ACCT_00003767,CUST_001885,CHECKING,132724417,BR_09,96857.02,INACTIVE,2023-11-09,2026-09-20T15:49:40.239602
ACCT_00003768,CUST_001885,MONEY_MARKET,958597195,BR_15,354237.37,CLOSED,2026-08-14,2026-09-20T15:49:40.239604
ACCT_00003769,CUST_001886,SAVINGS,710640269,BR_04,69662.24,CLOSED,2023-02-01,2026-09-20T15:49:40.239615
ACCT_00003770,CUST_001887,SAVINGS,628577993,BR_03,380055.68,CLOSED,2023-02-14,2026-09-20T15:49:40.239626
ACCT_00003771,CUST_001887,SAVINGS,152781191,BR_12,100698.25,ACTIVE,2026-06-20,2026-09-20T15:49:40.239629
ACCT_00003772,CUST_001887,CHECKING,792980560,BR_11,231704.96,INACTIVE,2023-07-04,2026-09-20T15:49:40.239633
ACCT_00003773,CUST_001888,MONEY_MARKET,629725989,BR_12,64496.06,ACTIVE,2023-07-09,2026-09-20T15:49:40.239644
ACCT_00003774,CUST_001888,SAVINGS,231100258,BR_03,305069.1,ACTIVE,2024-12-25,2026-09-20T15:49:40.239648
ACCT_00003775,CUST_001889,CHECKING,870107397,BR_13,22443.48,CLOSED,2023-10-08,2026-09-20T15:49:40.239659
ACCT_00003776,CUST_001889,MONEY_MARKET,124769110,BR_12,464880.86,CLOSED,2023-09-30,2026-09-20T15:49:40.239663
ACCT_00003777,CUST_001890,CHECKING,965450537,BR_07,22054.52,CLOSED,2026-06-24,2026-09-20T15:49:40.239674
ACCT_00003778,CUST_001890,CHECKING,949646442,BR_15,415893.59,INACTIVE,2026-07-26,2026-09-20T15:49:40.239678
ACCT_00003779,CUST_001891,SAVINGS,422590594,BR_15,238605.33,INACTIVE,2022-02-16,2026-09-20T15:49:40.239688
ACCT_00003780,CUST_001891,SAVINGS,843662896,BR_10,483022.88,ACTIVE,2022-08-12,2026-09-20T15:49:40.239691
ACCT_00003781,CUST_001892,CHECKING,376140252,BR_14,41807.45,CLOSED,2022-07-21,2026-09-20T15:49:40.239701
ACCT_00003782,CUST_001892,MONEY_MARKET,642303462,BR_06,217882.23,CLOSED,2025-03-08,2026-09-20T15:49:40.239705
ACCT_00003783,CUST_001892,CHECKING,137878567,BR_02,450299.97,INACTIVE,2023-02-14,2026-09-20T15:49:40.239708
ACCT_00003784,CUST_001893,SAVINGS,964640420,BR_03,110356.74,CLOSED,2023-11-18,2026-09-20T15:49:40.239720
ACCT_00003785,CUST_001893,MONEY_MARKET,646168564,BR_15,255274.16,CLOSED,2024-07-02,2026-09-20T15:49:40.239723
ACCT_00003786,CUST_001894,SAVINGS,848673952,BR_15,488325.35,CLOSED,2021-12-27,2026-09-20T15:49:40.239734
ACCT_00003787,CUST_001894,CHECKING,179530865,BR_04,194737.48,ACTIVE,2024-04-20,2026-09-20T15:49:40.239737
ACCT_00003788,CUST_001895,CHECKING,248232294,BR_14,295829.94,ACTIVE,2026-02-02,2026-09-20T15:49:40.239746
ACCT_00003789,CUST_001895,MONEY_MARKET,307800896,BR_09,191157.06,INACTIVE,2023-12-08,2026-09-20T15:49:40.239749
ACCT_00003790,CUST_001895,MONEY_MARKET,397527636,BR_11,376642.8,ACTIVE,2022-05-31,2026-09-20T15:49:40.239752
ACCT_00003791,CUST_001896,MONEY_MARKET,116561169,BR_04,254518.97,ACTIVE,2024-10-16,2026-09-20T15:49:40.239761
ACCT_00003792,CUST_001896,CHECKING,915966459,BR_12,365165.11,CLOSED,2023-05-08,2026-09-20T15:49:40.239764
ACCT_00003793,CUST_001896,SAVINGS,883673320,BR_04,280103.73,CLOSED,2023-06-12,2026-09-20T15:49:40.239767
ACCT_00003794,CUST_001897,SAVINGS,178831808,BR_10,355677.83,ACTIVE,2025-03-08,2026-09-20T15:49:40.239777
ACCT_00003795,CUST_001897,SAVINGS,968527300,BR_10,365565.39,INACTIVE,2025-05-01,2026-09-20T15:49:40.239780
ACCT_00003796,CUST_001898,SAVINGS,237595514,BR_09,119760.31,INACTIVE,2026-02-12,2026-09-20T15:49:40.239790
ACCT_00003797,CUST_001898,MONEY_MARKET,538987950,BR_08,107604.93,ACTIVE,2022-01-15,2026-09-20T15:49:40.239793
ACCT_00003798,CUST_001899,SAVINGS,882449471,BR_04,63134.68,CLOSED,2024-06-06,2026-09-20T15:49:40.239803
ACCT_00003799,CUST_001899,SAVINGS,108403679,BR_13,278340.94,CLOSED,2022-05-20,2026-09-20T15:49:40.239806
ACCT_00003800,CUST_001899,MONEY_MARKET,533804693,BR_14,313432.07,CLOSED,2022-04-27,2026-09-20T15:49:40.239809
ACCT_00003801,CUST_001900,SAVINGS,508019579,BR_12,330448.68,CLOSED,2025-09-14,2026-09-20T15:49:40.239818
ACCT_00003802,CUST_001900,SAVINGS,931396536,BR_11,469636.61,CLOSED,2022-12-02,2026-09-20T15:49:40.239821
ACCT_00003803,CUST_001901,CHECKING,664291201,BR_15,82458.34,CLOSED,2026-08-18,2026-09-20T15:49:40.239831
ACCT_00003804,CUST_001902,MONEY_MARKET,334434121,BR_03,122810.12,ACTIVE,2026-05-28,2026-09-20T15:49:40.239840
ACCT_00003805,CUST_001903,MONEY_MARKET,652160162,BR_06,213604.25,CLOSED,2024-12-19,2026-09-20T15:49:40.239850
ACCT_00003806,CUST_001903,MONEY_MARKET,993141822,BR_07,242530.74,INACTIVE,2023-01-21,2026-09-20T15:49:40.239853
ACCT_00003807,CUST_001904,MONEY_MARKET,119834267,BR_10,474550.12,INACTIVE,2024-10-27,2026-09-20T15:49:40.239863
ACCT_00003808,CUST_001904,MONEY_MARKET,334946399,BR_08,486785.65,CLOSED,2025-01-24,2026-09-20T15:49:40.239866
ACCT_00003809,CUST_001905,SAVINGS,992226732,BR_10,237524.45,ACTIVE,2026-03-12,2026-09-20T15:49:40.239877
ACCT_00003810,CUST_001905,CHECKING,483770585,BR_11,100412.99,INACTIVE,2024-10-30,2026-09-20T15:49:40.239881
ACCT_00003811,CUST_001905,SAVINGS,834094814,BR_13,354588.72,CLOSED,2023-02-11,2026-09-20T15:49:40.239884
ACCT_00003812,CUST_001906,MONEY_MARKET,851640984,BR_10,244323.5,CLOSED,2022-08-31,2026-09-20T15:49:40.239895
ACCT_00003813,CUST_001907,SAVINGS,193400066,BR_11,32278.57,CLOSED,2025-01-02,2026-09-20T15:49:40.239905
ACCT_00003814,CUST_001907,MONEY_MARKET,514219219,BR_11,443672.56,ACTIVE,2024-03-27,2026-09-20T15:49:40.239908
ACCT_00003815,CUST_001908,SAVINGS,916701932,BR_02,419531.33,CLOSED,2025-12-23,2026-09-20T15:49:40.239919
ACCT_00003816,CUST_001908,MONEY_MARKET,764451451,BR_08,212257.95,INACTIVE,2025-05-20,2026-09-20T15:49:40.239922
ACCT_00003817,CUST_001909,MONEY_MARKET,536217455,BR_06,393586.47,ACTIVE,2022-05-03,2026-09-20T15:49:40.239933
ACCT_00003818,CUST_001909,SAVINGS,936068779,BR_11,217971.56,ACTIVE,2023-03-18,2026-09-20T15:49:40.239936
ACCT_00003819,CUST_001910,SAVINGS,668426481,BR_10,213441.29,CLOSED,2026-08-05,2026-09-20T15:49:40.239946
ACCT_00003820,CUST_001910,CHECKING,707442086,BR_04,175546.11,CLOSED,2022-01-19,2026-09-20T15:49:40.239949
ACCT_00003821,CUST_001911,CHECKING,996649844,BR_02,198061.69,ACTIVE,2021-12-11,2026-09-20T15:49:40.239958
ACCT_00003822,CUST_001912,CHECKING,914541546,BR_12,163707.78,INACTIVE,2022-12-25,2026-09-20T15:49:40.239968
ACCT_00003823,CUST_001913,CHECKING,285276246,BR_15,140462.85,ACTIVE,2023-09-13,2026-09-20T15:49:40.239979
ACCT_00003824,CUST_001913,SAVINGS,915318522,BR_09,395960.96,ACTIVE,2024-12-04,2026-09-20T15:49:40.239982
ACCT_00003825,CUST_001913,MONEY_MARKET,744462414,BR_03,239850.72,INACTIVE,2023-07-15,2026-09-20T15:49:40.239985
ACCT_00003826,CUST_001914,MONEY_MARKET,774771058,BR_09,383169.49,INACTIVE,2022-12-19,2026-09-20T15:49:40.239995
ACCT_00003827,CUST_001915,CHECKING,188919422,BR_13,316920.81,CLOSED,2026-06-14,2026-09-20T15:49:40.240004
ACCT_00003828,CUST_001915,SAVINGS,108704457,BR_13,102070.24,INACTIVE,2023-07-15,2026-09-20T15:49:40.240007
ACCT_00003829,CUST_001915,CHECKING,177298097,BR_14,427180.69,ACTIVE,2024-03-06,2026-09-20T15:49:40.240010
ACCT_00003830,CUST_001916,CHECKING,502361074,BR_13,440584.03,INACTIVE,2024-05-24,2026-09-20T15:49:40.240020
ACCT_00003831,CUST_001916,MONEY_MARKET,621806732,BR_02,464279.09,INACTIVE,2025-03-05,2026-09-20T15:49:40.240023
ACCT_00003832,CUST_001916,SAVINGS,547566590,BR_15,7984.68,ACTIVE,2023-05-10,2026-09-20T15:49:40.240027
ACCT_00003833,CUST_001917,SAVINGS,143919167,BR_10,445276.42,INACTIVE,2021-11-03,2026-09-20T15:49:40.240038
ACCT_00003834,CUST_001918,MONEY_MARKET,985509949,BR_07,316532.73,ACTIVE,2023-11-10,2026-09-20T15:49:40.240051
ACCT_00003835,CUST_001918,CHECKING,151623165,BR_11,166445.7,ACTIVE,2024-06-03,2026-09-20T15:49:40.240055
ACCT_00003836,CUST_001919,SAVINGS,770069531,BR_10,31576.96,CLOSED,2022-10-07,2026-09-20T15:49:40.240065
ACCT_00003837,CUST_001919,CHECKING,862998088,BR_09,410523.73,INACTIVE,2024-05-06,2026-09-20T15:49:40.240068
ACCT_00003838,CUST_001919,SAVINGS,893372662,BR_11,462750.83,ACTIVE,2022-02-19,2026-09-20T15:49:40.240070
ACCT_00003839,CUST_001920,SAVINGS,892274377,BR_01,85439.18,ACTIVE,2024-08-20,2026-09-20T15:49:40.240080
ACCT_00003840,CUST_001920,SAVINGS,875944748,BR_15,424910.77,CLOSED,2021-12-08,2026-09-20T15:49:40.240083
ACCT_00003841,CUST_001920,MONEY_MARKET,333547398,BR_09,123025.48,ACTIVE,2022-11-11,2026-09-20T15:49:40.240086
ACCT_00003842,CUST_001921,SAVINGS,465269903,BR_14,160080.8,ACTIVE,2026-02-20,2026-09-20T15:49:40.240095
ACCT_00003843,CUST_001921,CHECKING,514762151,BR_03,208450.82,ACTIVE,2023-03-27,2026-09-20T15:49:40.240098
ACCT_00003844,CUST_001922,SAVINGS,612918429,BR_11,256048.05,INACTIVE,2022-06-11,2026-09-20T15:49:40.240108
ACCT_00003845,CUST_001922,SAVINGS,102714084,BR_08,280633.22,ACTIVE,2021-12-23,2026-09-20T15:49:40.240111
ACCT_00003846,CUST_001923,SAVINGS,188246628,BR_11,390660.17,CLOSED,2022-09-24,2026-09-20T15:49:40.240120
ACCT_00003847,CUST_001923,MONEY_MARKET,207433142,BR_10,252485.73,INACTIVE,2023-12-06,2026-09-20T15:49:40.240123
ACCT_00003848,CUST_001924,SAVINGS,173574595,BR_03,286336.05,CLOSED,2025-01-31,2026-09-20T15:49:40.240133
ACCT_00003849,CUST_001924,SAVINGS,203054880,BR_13,153478.79,ACTIVE,2024-09-26,2026-09-20T15:49:40.240137
ACCT_00003850,CUST_001925,MONEY_MARKET,207707312,BR_07,458834.67,CLOSED,2023-08-09,2026-09-20T15:49:40.240148
ACCT_00003851,CUST_001926,MONEY_MARKET,915330243,BR_11,380000.98,CLOSED,2022-04-06,2026-09-20T15:49:40.240158
ACCT_00003852,CUST_001927,SAVINGS,811851734,BR_10,237986.78,INACTIVE,2024-02-22,2026-09-20T15:49:40.240167
ACCT_00003853,CUST_001927,SAVINGS,476351832,BR_07,390087.97,CLOSED,2026-06-07,2026-09-20T15:49:40.240170
ACCT_00003854,CUST_001927,SAVINGS,120124124,BR_06,163139.21,CLOSED,2023-03-16,2026-09-20T15:49:40.240173
ACCT_00003855,CUST_001928,MONEY_MARKET,952327146,BR_12,105202.4,INACTIVE,2025-05-23,2026-09-20T15:49:40.240183
ACCT_00003856,CUST_001928,SAVINGS,676646026,BR_08,328655.63,ACTIVE,2024-10-02,2026-09-20T15:49:40.240187
ACCT_00003857,CUST_001929,MONEY_MARKET,287605603,BR_03,362989.4,CLOSED,2025-02-23,2026-09-20T15:49:40.240199
ACCT_00003858,CUST_001929,MONEY_MARKET,157733140,BR_08,202517.17,CLOSED,2025-04-15,2026-09-20T15:49:40.240202
ACCT_00003859,CUST_001930,CHECKING,471272240,BR_04,180035.01,INACTIVE,2024-01-09,2026-09-20T15:49:40.240213
ACCT_00003860,CUST_001930,CHECKING,154710586,BR_11,23964.57,ACTIVE,2024-10-08,2026-09-20T15:49:40.240216
ACCT_00003861,CUST_001931,SAVINGS,596437722,BR_08,429418.24,INACTIVE,2023-03-12,2026-09-20T15:49:40.240226
ACCT_00003862,CUST_001931,SAVINGS,358118876,BR_11,35971.1,CLOSED,2025-03-02,2026-09-20T15:49:40.240228
ACCT_00003863,CUST_001931,MONEY_MARKET,676126506,BR_08,66832.59,INACTIVE,2024-08-03,2026-09-20T15:49:40.240231
ACCT_00003864,CUST_001932,MONEY_MARKET,461600240,BR_07,127355.73,ACTIVE,2024-09-19,2026-09-20T15:49:40.240241
ACCT_00003865,CUST_001932,SAVINGS,795954125,BR_12,316976.62,INACTIVE,2026-02-07,2026-09-20T15:49:40.240244
ACCT_00003866,CUST_001933,MONEY_MARKET,453045244,BR_15,324385.78,INACTIVE,2025-06-09,2026-09-20T15:49:40.240253
ACCT_00003867,CUST_001933,MONEY_MARKET,814243754,BR_06,75909.16,ACTIVE,2023-08-19,2026-09-20T15:49:40.240256
ACCT_00003868,CUST_001934,SAVINGS,475292209,BR_09,8924.71,CLOSED,2022-06-08,2026-09-20T15:49:40.240266
ACCT_00003869,CUST_001934,MONEY_MARKET,943699457,BR_14,172070.82,CLOSED,2023-04-15,2026-09-20T15:49:40.240269
ACCT_00003870,CUST_001935,SAVINGS,488829155,BR_15,250842.4,CLOSED,2024-05-06,2026-09-20T15:49:40.240278
ACCT_00003871,CUST_001935,SAVINGS,147578908,BR_03,393728.68,CLOSED,2022-04-21,2026-09-20T15:49:40.240281
ACCT_00003872,CUST_001936,MONEY_MARKET,787490095,BR_02,388369.66,INACTIVE,2025-09-12,2026-09-20T15:49:40.240291
ACCT_00003873,CUST_001936,CHECKING,329141821,BR_12,368057.41,CLOSED,2024-12-11,2026-09-20T15:49:40.240294
ACCT_00003874,CUST_001937,CHECKING,422748556,BR_01,232560.51,INACTIVE,2024-05-23,2026-09-20T15:49:40.240304
ACCT_00003875,CUST_001937,MONEY_MARKET,577373085,BR_11,358187.01,INACTIVE,2022-07-19,2026-09-20T15:49:40.240307
ACCT_00003876,CUST_001938,MONEY_MARKET,733365098,BR_08,360210.1,CLOSED,2025-04-06,2026-09-20T15:49:40.240318
ACCT_00003877,CUST_001938,SAVINGS,233665346,BR_09,174714.81,INACTIVE,2023-06-07,2026-09-20T15:49:40.240321
ACCT_00003878,CUST_001939,CHECKING,656414665,BR_12,108454.38,INACTIVE,2024-07-19,2026-09-20T15:49:40.240331
ACCT_00003879,CUST_001939,MONEY_MARKET,923112466,BR_07,18636.1,INACTIVE,2026-06-30,2026-09-20T15:49:40.240334
ACCT_00003880,CUST_001940,MONEY_MARKET,985456508,BR_07,50476.4,ACTIVE,2024-01-22,2026-09-20T15:49:40.240343
ACCT_00003881,CUST_001941,MONEY_MARKET,827787048,BR_01,329560.84,ACTIVE,2022-05-22,2026-09-20T15:49:40.240354
ACCT_00003882,CUST_001941,CHECKING,570652648,BR_12,17729.42,INACTIVE,2024-01-22,2026-09-20T15:49:40.240358
ACCT_00003883,CUST_001942,MONEY_MARKET,389599251,BR_10,16818.44,CLOSED,2024-03-19,2026-09-20T15:49:40.240369
ACCT_00003884,CUST_001942,MONEY_MARKET,741434519,BR_03,472085.21,INACTIVE,2024-11-17,2026-09-20T15:49:40.240373
ACCT_00003885,CUST_001942,MONEY_MARKET,205083665,BR_07,451942.31,ACTIVE,2026-01-09,2026-09-20T15:49:40.240376
ACCT_00003886,CUST_001943,SAVINGS,720945818,BR_13,390318.69,CLOSED,2023-07-23,2026-09-20T15:49:40.240386
ACCT_00003887,CUST_001943,MONEY_MARKET,555503305,BR_08,200961.94,ACTIVE,2024-08-29,2026-09-20T15:49:40.240389
ACCT_00003888,CUST_001943,CHECKING,948886022,BR_07,243454.84,ACTIVE,2024-07-29,2026-09-20T15:49:40.240391
ACCT_00003889,CUST_001944,SAVINGS,855088496,BR_09,297213.74,ACTIVE,2023-11-24,2026-09-20T15:49:40.240401
ACCT_00003890,CUST_001944,CHECKING,587966880,BR_03,66506.42,CLOSED,2025-06-08,2026-09-20T15:49:40.240404
ACCT_00003891,CUST_001944,SAVINGS,936541953,BR_02,483522.62,ACTIVE,2022-02-23,2026-09-20T15:49:40.240407
ACCT_00003892,CUST_001945,CHECKING,908829922,BR_04,306084.67,ACTIVE,2025-02-10,2026-09-20T15:49:40.240417
ACCT_00003893,CUST_001945,CHECKING,150603678,BR_10,234100.96,INACTIVE,2025-09-18,2026-09-20T15:49:40.240420
ACCT_00003894,CUST_001946,MONEY_MARKET,432597968,BR_10,113432.82,INACTIVE,2021-11-13,2026-09-20T15:49:40.240429
ACCT_00003895,CUST_001946,MONEY_MARKET,341609039,BR_06,239944.06,CLOSED,2023-06-16,2026-09-20T15:49:40.240432
ACCT_00003896,CUST_001947,SAVINGS,925305364,BR_14,442231.02,CLOSED,2025-02-19,2026-09-20T15:49:40.240442
ACCT_00003897,CUST_001947,MONEY_MARKET,123994565,BR_04,351826.48,CLOSED,2026-07-30,2026-09-20T15:49:40.240446
ACCT_00003898,CUST_001948,CHECKING,589923634,BR_11,360486.22,INACTIVE,2022-04-19,2026-09-20T15:49:40.240456
ACCT_00003899,CUST_001948,MONEY_MARKET,569174612,BR_14,182442.24,ACTIVE,2024-06-14,2026-09-20T15:49:40.240459
ACCT_00003900,CUST_001948,CHECKING,651544844,BR_03,487157.28,INACTIVE,2025-08-15,2026-09-20T15:49:40.240461
ACCT_00003901,CUST_001949,SAVINGS,354782376,BR_15,364756.93,CLOSED,2025-02-26,2026-09-20T15:49:40.240471
ACCT_00003902,CUST_001949,MONEY_MARKET,935804670,BR_13,34247.94,CLOSED,2021-10-17,2026-09-20T15:49:40.240474
ACCT_00003903,CUST_001949,MONEY_MARKET,519124621,BR_07,469493.27,ACTIVE,2026-02-21,2026-09-20T15:49:40.240477
ACCT_00003904,CUST_001950,MONEY_MARKET,237892661,BR_04,398402.27,ACTIVE,2026-03-20,2026-09-20T15:49:40.240487
ACCT_00003905,CUST_001951,MONEY_MARKET,806172960,BR_03,161203.44,ACTIVE,2022-02-15,2026-09-20T15:49:40.240496
ACCT_00003906,CUST_001951,SAVINGS,188700059,BR_15,54191.9,INACTIVE,2022-03-18,2026-09-20T15:49:40.240499
ACCT_00003907,CUST_001952,MONEY_MARKET,709465264,BR_13,489227.13,INACTIVE,2022-02-05,2026-09-20T15:49:40.240509
ACCT_00003908,CUST_001952,MONEY_MARKET,428708841,BR_07,488375.18,INACTIVE,2024-02-09,2026-09-20T15:49:40.240512
ACCT_00003909,CUST_001952,SAVINGS,775573615,BR_11,136496.91,INACTIVE,2022-09-18,2026-09-20T15:49:40.240516
ACCT_00003910,CUST_001953,CHECKING,502421988,BR_11,409504.13,INACTIVE,2025-01-12,2026-09-20T15:49:40.240527
ACCT_00003911,CUST_001954,CHECKING,659174581,BR_02,398666.57,CLOSED,2023-08-27,2026-09-20T15:49:40.240538
ACCT_00003912,CUST_001955,MONEY_MARKET,467873466,BR_02,106993.2,INACTIVE,2025-08-02,2026-09-20T15:49:40.240550
ACCT_00003913,CUST_001955,MONEY_MARKET,119639059,BR_11,169129.9,ACTIVE,2025-06-25,2026-09-20T15:49:40.240553
ACCT_00003914,CUST_001955,MONEY_MARKET,986405524,BR_11,321769.77,ACTIVE,2022-10-08,2026-09-20T15:49:40.240556
ACCT_00003915,CUST_001956,CHECKING,577341760,BR_14,475614.72,INACTIVE,2023-10-06,2026-09-20T15:49:40.240566
ACCT_00003916,CUST_001956,SAVINGS,937865413,BR_02,268575.21,INACTIVE,2021-10-21,2026-09-20T15:49:40.240569
ACCT_00003917,CUST_001956,SAVINGS,186190530,BR_05,191062.72,ACTIVE,2025-09-16,2026-09-20T15:49:40.240572
ACCT_00003918,CUST_001957,CHECKING,380284707,BR_11,261161.55,ACTIVE,2025-04-11,2026-09-20T15:49:40.240581
ACCT_00003919,CUST_001958,SAVINGS,164064827,BR_15,48813.22,ACTIVE,2024-02-26,2026-09-20T15:49:40.240591
ACCT_00003920,CUST_001958,CHECKING,681648804,BR_04,455718.0,ACTIVE,2025-07-17,2026-09-20T15:49:40.240594
ACCT_00003921,CUST_001959,MONEY_MARKET,617203525,BR_15,388877.59,INACTIVE,2024-01-05,2026-09-20T15:49:40.240603
ACCT_00003922,CUST_001960,CHECKING,886316777,BR_10,5382.5,INACTIVE,2022-12-06,2026-09-20T15:49:40.240613
ACCT_00003923,CUST_001960,MONEY_MARKET,618798200,BR_07,54292.85,CLOSED,2025-04-23,2026-09-20T15:49:40.240616
ACCT_00003924,CUST_001961,SAVINGS,255028146,BR_12,301889.69,ACTIVE,2023-12-06,2026-09-20T15:49:40.240625
ACCT_00003925,CUST_001961,SAVINGS,802448013,BR_08,344552.54,ACTIVE,2023-01-26,2026-09-20T15:49:40.240628
ACCT_00003926,CUST_001962,CHECKING,200726798,BR_08,73726.15,INACTIVE,2023-07-31,2026-09-20T15:49:40.240638
ACCT_00003927,CUST_001962,MONEY_MARKET,654207053,BR_07,280500.99,CLOSED,2024-12-16,2026-09-20T15:49:40.240641
ACCT_00003928,CUST_001963,MONEY_MARKET,518685219,BR_14,287194.0,ACTIVE,2025-05-15,2026-09-20T15:49:40.240650
ACCT_00003929,CUST_001964,CHECKING,515669761,BR_14,148756.77,INACTIVE,2022-03-06,2026-09-20T15:49:40.240660
ACCT_00003930,CUST_001964,SAVINGS,375632325,BR_10,214756.92,INACTIVE,2026-01-10,2026-09-20T15:49:40.240663
ACCT_00003931,CUST_001964,MONEY_MARKET,758068861,BR_02,200698.89,INACTIVE,2022-08-12,2026-09-20T15:49:40.240666
ACCT_00003932,CUST_001965,CHECKING,754151548,BR_11,10314.54,INACTIVE,2022-03-05,2026-09-20T15:49:40.240680
ACCT_00003933,CUST_001965,MONEY_MARKET,135637879,BR_10,359687.14,INACTIVE,2023-01-08,2026-09-20T15:49:40.240683
ACCT_00003934,CUST_001965,CHECKING,346389450,BR_05,65431.12,CLOSED,2025-12-30,2026-09-20T15:49:40.240686
ACCT_00003935,CUST_001966,MONEY_MARKET,583858741,BR_11,26634.84,CLOSED,2026-04-02,2026-09-20T15:49:40.240696
ACCT_00003936,CUST_001966,MONEY_MARKET,501325710,BR_09,286976.7,ACTIVE,2024-05-30,2026-09-20T15:49:40.240698
ACCT_00003937,CUST_001966,MONEY_MARKET,252687711,BR_10,195690.8,ACTIVE,2024-01-18,2026-09-20T15:49:40.240701
ACCT_00003938,CUST_001967,CHECKING,226557327,BR_06,461144.51,ACTIVE,2023-04-14,2026-09-20T15:49:40.240711
ACCT_00003939,CUST_001967,CHECKING,784635297,BR_15,199046.78,ACTIVE,2022-04-05,2026-09-20T15:49:40.240714
ACCT_00003940,CUST_001968,CHECKING,531138599,BR_13,1823.29,ACTIVE,2026-01-02,2026-09-20T15:49:40.240724
ACCT_00003941,CUST_001968,SAVINGS,713521876,BR_12,464618.2,ACTIVE,2023-07-21,2026-09-20T15:49:40.240727
ACCT_00003942,CUST_001969,MONEY_MARKET,589084667,BR_06,396354.37,CLOSED,2026-07-31,2026-09-20T15:49:40.240736
ACCT_00003943,CUST_001969,CHECKING,747986180,BR_04,99573.49,INACTIVE,2023-08-01,2026-09-20T15:49:40.240739
ACCT_00003944,CUST_001969,CHECKING,911754549,BR_09,413795.29,ACTIVE,2022-10-24,2026-09-20T15:49:40.240742
ACCT_00003945,CUST_001970,MONEY_MARKET,188780086,BR_01,204185.99,INACTIVE,2025-04-18,2026-09-20T15:49:40.240752
ACCT_00003946,CUST_001970,SAVINGS,190689340,BR_08,155818.05,INACTIVE,2024-07-10,2026-09-20T15:49:40.240755
ACCT_00003947,CUST_001970,MONEY_MARKET,333723697,BR_13,345164.81,INACTIVE,2025-12-14,2026-09-20T15:49:40.240757
ACCT_00003948,CUST_001971,CHECKING,888560979,BR_02,152198.67,ACTIVE,2025-10-17,2026-09-20T15:49:40.240767
ACCT_00003949,CUST_001972,CHECKING,303364920,BR_02,285721.26,INACTIVE,2023-10-05,2026-09-20T15:49:40.240777
ACCT_00003950,CUST_001972,MONEY_MARKET,725891293,BR_12,241147.3,CLOSED,2026-07-28,2026-09-20T15:49:40.240780
ACCT_00003951,CUST_001972,CHECKING,463864010,BR_13,379207.61,CLOSED,2024-02-04,2026-09-20T15:49:40.240782
ACCT_00003952,CUST_001973,SAVINGS,629294829,BR_02,428524.45,CLOSED,2026-06-28,2026-09-20T15:49:40.240792
ACCT_00003953,CUST_001974,CHECKING,470870088,BR_07,250208.48,ACTIVE,2023-06-05,2026-09-20T15:49:40.240802
ACCT_00003954,CUST_001975,CHECKING,239124162,BR_05,455047.06,CLOSED,2024-06-30,2026-09-20T15:49:40.240811
ACCT_00003955,CUST_001975,CHECKING,454291430,BR_02,481591.86,INACTIVE,2023-08-10,2026-09-20T15:49:40.240814
ACCT_00003956,CUST_001976,MONEY_MARKET,777742353,BR_09,295339.26,ACTIVE,2025-04-19,2026-09-20T15:49:40.240824
ACCT_00003957,CUST_001977,SAVINGS,699808902,BR_05,57740.13,CLOSED,2024-02-05,2026-09-20T15:49:40.240833
ACCT_00003958,CUST_001977,SAVINGS,591242358,BR_08,432848.14,INACTIVE,2021-10-30,2026-09-20T15:49:40.240836
ACCT_00003959,CUST_001978,CHECKING,516368871,BR_05,112297.9,INACTIVE,2022-12-17,2026-09-20T15:49:40.240846
ACCT_00003960,CUST_001979,MONEY_MARKET,957960619,BR_12,227577.75,CLOSED,2022-11-22,2026-09-20T15:49:40.240857
ACCT_00003961,CUST_001979,CHECKING,185930369,BR_11,381302.99,ACTIVE,2026-05-22,2026-09-20T15:49:40.240860
ACCT_00003962,CUST_001979,CHECKING,342449056,BR_03,132171.91,INACTIVE,2022-06-11,2026-09-20T15:49:40.240863
ACCT_00003963,CUST_001980,MONEY_MARKET,584460245,BR_06,456213.2,INACTIVE,2025-02-27,2026-09-20T15:49:40.240874
ACCT_00003964,CUST_001980,SAVINGS,224887333,BR_13,261.11,CLOSED,2025-01-23,2026-09-20T15:49:40.240877
ACCT_00003965,CUST_001980,MONEY_MARKET,146374038,BR_10,151804.94,INACTIVE,2022-07-28,2026-09-20T15:49:40.240880
ACCT_00003966,CUST_001981,CHECKING,681325221,BR_02,495414.5,INACTIVE,2026-07-12,2026-09-20T15:49:40.240890
ACCT_00003967,CUST_001982,SAVINGS,274158708,BR_08,25827.04,CLOSED,2022-04-08,2026-09-20T15:49:40.240899
ACCT_00003968,CUST_001982,MONEY_MARKET,486416739,BR_14,289902.73,INACTIVE,2022-02-19,2026-09-20T15:49:40.240902
ACCT_00003969,CUST_001983,SAVINGS,993305015,BR_02,52682.57,ACTIVE,2023-12-04,2026-09-20T15:49:40.240912
ACCT_00003970,CUST_001983,MONEY_MARKET,607511022,BR_07,153406.04,INACTIVE,2024-08-10,2026-09-20T15:49:40.240915
ACCT_00003971,CUST_001984,MONEY_MARKET,897983156,BR_06,209221.96,INACTIVE,2025-10-19,2026-09-20T15:49:40.240924
ACCT_00003972,CUST_001984,MONEY_MARKET,706958746,BR_13,228012.8,ACTIVE,2024-06-19,2026-09-20T15:49:40.240927
ACCT_00003973,CUST_001985,MONEY_MARKET,325580609,BR_05,253504.27,INACTIVE,2022-10-28,2026-09-20T15:49:40.240937
ACCT_00003974,CUST_001985,CHECKING,914123692,BR_04,290027.01,CLOSED,2023-10-17,2026-09-20T15:49:40.240940
ACCT_00003975,CUST_001985,SAVINGS,835815026,BR_07,264259.52,INACTIVE,2022-06-25,2026-09-20T15:49:40.240943
ACCT_00003976,CUST_001986,CHECKING,565867862,BR_07,361810.1,CLOSED,2023-04-16,2026-09-20T15:49:40.240952
ACCT_00003977,CUST_001986,CHECKING,797883290,BR_12,431465.0,ACTIVE,2025-05-31,2026-09-20T15:49:40.240955
ACCT_00003978,CUST_001987,CHECKING,539984049,BR_13,273975.91,ACTIVE,2023-02-19,2026-09-20T15:49:40.240965
ACCT_00003979,CUST_001987,SAVINGS,573205816,BR_15,228161.99,CLOSED,2024-07-15,2026-09-20T15:49:40.240968
ACCT_00003980,CUST_001987,SAVINGS,143894791,BR_13,327161.82,CLOSED,2023-06-21,2026-09-20T15:49:40.240971
ACCT_00003981,CUST_001988,CHECKING,503993768,BR_04,248551.5,CLOSED,2025-08-10,2026-09-20T15:49:40.240980
ACCT_00003982,CUST_001988,MONEY_MARKET,967472894,BR_13,461406.82,ACTIVE,2022-11-18,2026-09-20T15:49:40.240983
ACCT_00003983,CUST_001989,CHECKING,570089369,BR_13,119257.61,INACTIVE,2025-12-12,2026-09-20T15:49:40.240993
ACCT_00003984,CUST_001990,MONEY_MARKET,741103254,BR_07,86278.39,CLOSED,2022-03-11,2026-09-20T15:49:40.241004
ACCT_00003985,CUST_001991,SAVINGS,679433170,BR_15,326613.71,ACTIVE,2025-01-10,2026-09-20T15:49:40.241014
ACCT_00003986,CUST_001992,CHECKING,348923721,BR_04,342237.0,ACTIVE,2026-05-07,2026-09-20T15:49:40.241023
ACCT_00003987,CUST_001993,CHECKING,762265266,BR_10,464544.0,INACTIVE,2025-01-25,2026-09-20T15:49:40.241033
ACCT_00003988,CUST_001994,CHECKING,945569641,BR_07,407216.23,ACTIVE,2021-12-16,2026-09-20T15:49:40.241043
ACCT_00003989,CUST_001994,SAVINGS,707736561,BR_05,353888.2,CLOSED,2026-08-17,2026-09-20T15:49:40.241046
ACCT_00003990,CUST_001995,MONEY_MARKET,469141527,BR_11,65344.32,INACTIVE,2024-03-08,2026-09-20T15:49:40.241059
ACCT_00003991,CUST_001995,MONEY_MARKET,520678942,BR_06,389286.15,CLOSED,2024-12-04,2026-09-20T15:49:40.241062
ACCT_00003992,CUST_001996,CHECKING,643150489,BR_06,121295.81,CLOSED,2021-12-16,2026-09-20T15:49:40.241072
ACCT_00003993,CUST_001997,CHECKING,943391856,BR_07,430756.79,INACTIVE,2025-03-20,2026-09-20T15:49:40.241081
ACCT_00003994,CUST_001998,MONEY_MARKET,461133470,BR_05,265900.86,INACTIVE,2025-04-06,2026-09-20T15:49:40.241091
ACCT_00003995,CUST_001998,CHECKING,225034990,BR_10,315912.41,CLOSED,2022-03-31,2026-09-20T15:49:40.241094
ACCT_00003996,CUST_001998,CHECKING,374797453,BR_03,181118.79,INACTIVE,2025-11-01,2026-09-20T15:49:40.241097
ACCT_00003997,CUST_001999,CHECKING,447874612,BR_04,487215.82,INACTIVE,2022-05-18,2026-09-20T15:49:40.241107
ACCT_00003998,CUST_001999,SAVINGS,241747015,BR_06,166577.37,ACTIVE,2023-12-13,2026-09-20T15:49:40.241110
ACCT_00003999,CUST_001999,MONEY_MARKET,555563637,BR_09,265063.98,INACTIVE,2023-08-03,2026-09-20T15:49:40.241113
ACCT_00004000,CUST_002000,CHECKING,828786753,BR_03,21117.41,CLOSED,2023-05-01,2026-09-20T15:49:40.241131
ACCT_00004001,CUST_002000,CHECKING,281230224,BR_02,124628.31,ACTIVE,2023-12-11,2026-09-20T15:49:40.241134
ACCT_00004002,CUST_002001,CHECKING,767257628,BR_12,451793.13,CLOSED,2024-05-22,2026-09-20T15:49:40.241144
ACCT_00004003,CUST_002002,CHECKING,735511831,BR_13,288387.23,ACTIVE,2023-08-12,2026-09-20T15:49:40.241155
ACCT_00004004,CUST_002002,SAVINGS,707587856,BR_09,388390.44,ACTIVE,2023-09-23,2026-09-20T15:49:40.241158
ACCT_00004005,CUST_002003,CHECKING,987304124,BR_13,349863.94,INACTIVE,2022-02-22,2026-09-20T15:49:40.241168
ACCT_00004006,CUST_002003,CHECKING,964969658,BR_05,283735.24,INACTIVE,2025-08-31,2026-09-20T15:49:40.241171
ACCT_00004007,CUST_002004,CHECKING,608834927,BR_15,333299.86,INACTIVE,2024-11-25,2026-09-20T15:49:40.241181
ACCT_00004008,CUST_002004,SAVINGS,223324899,BR_07,4270.15,ACTIVE,2022-05-18,2026-09-20T15:49:40.241184
ACCT_00004009,CUST_002004,CHECKING,681862817,BR_09,253328.55,INACTIVE,2026-08-12,2026-09-20T15:49:40.241187
ACCT_00004010,CUST_002005,SAVINGS,184375586,BR_12,20759.59,CLOSED,2023-11-27,2026-09-20T15:49:40.241197
ACCT_00004011,CUST_002006,SAVINGS,835271285,BR_02,75116.49,ACTIVE,2025-10-24,2026-09-20T15:49:40.241208
ACCT_00004012,CUST_002006,MONEY_MARKET,270951395,BR_12,351683.82,ACTIVE,2026-03-06,2026-09-20T15:49:40.241211
ACCT_00004013,CUST_002007,SAVINGS,487462220,BR_05,183350.36,INACTIVE,2026-04-07,2026-09-20T15:49:40.241221
ACCT_00004014,CUST_002007,SAVINGS,395737248,BR_09,249194.78,ACTIVE,2022-12-12,2026-09-20T15:49:40.241224
ACCT_00004015,CUST_002007,MONEY_MARKET,173176350,BR_01,434235.03,INACTIVE,2024-05-12,2026-09-20T15:49:40.241227
ACCT_00004016,CUST_002008,CHECKING,600865702,BR_06,325151.95,ACTIVE,2022-04-07,2026-09-20T15:49:40.241237
ACCT_00004017,CUST_002008,CHECKING,481727800,BR_03,202936.32,CLOSED,2023-06-09,2026-09-20T15:49:40.241240
ACCT_00004018,CUST_002009,SAVINGS,396111085,BR_03,412635.8,ACTIVE,2021-10-09,2026-09-20T15:49:40.241250
ACCT_00004019,CUST_002009,MONEY_MARKET,527610172,BR_01,240692.6,INACTIVE,2024-12-31,2026-09-20T15:49:40.241253
ACCT_00004020,CUST_002010,MONEY_MARKET,964372245,BR_04,100911.43,CLOSED,2024-07-20,2026-09-20T15:49:40.241263
ACCT_00004021,CUST_002010,MONEY_MARKET,629796318,BR_03,451053.22,CLOSED,2023-07-11,2026-09-20T15:49:40.241266
ACCT_00004022,CUST_002010,CHECKING,527238047,BR_09,353638.18,ACTIVE,2024-04-01,2026-09-20T15:49:40.241269
ACCT_00004023,CUST_002011,CHECKING,378760265,BR_06,222772.57,CLOSED,2025-10-11,2026-09-20T15:49:40.241279
ACCT_00004024,CUST_002012,CHECKING,530931168,BR_08,37831.1,CLOSED,2022-12-01,2026-09-20T15:49:40.241290
ACCT_00004025,CUST_002013,SAVINGS,637050887,BR_12,49951.54,CLOSED,2024-01-22,2026-09-20T15:49:40.241300
ACCT_00004026,CUST_002013,CHECKING,202707466,BR_06,22237.98,ACTIVE,2023-06-20,2026-09-20T15:49:40.241303
ACCT_00004027,CUST_002013,SAVINGS,632953308,BR_10,490610.16,INACTIVE,2022-11-20,2026-09-20T15:49:40.241306
ACCT_00004028,CUST_002014,CHECKING,762955229,BR_03,175263.74,CLOSED,2025-11-27,2026-09-20T15:49:40.241316
ACCT_00004029,CUST_002015,CHECKING,703819871,BR_03,274899.38,CLOSED,2024-08-29,2026-09-20T15:49:40.241325
ACCT_00004030,CUST_002016,CHECKING,343572651,BR_12,74782.36,CLOSED,2024-02-12,2026-09-20T15:49:40.241335
ACCT_00004031,CUST_002017,SAVINGS,717776407,BR_11,425513.22,INACTIVE,2023-05-10,2026-09-20T15:49:40.241345
ACCT_00004032,CUST_002018,MONEY_MARKET,273436506,BR_10,454754.65,INACTIVE,2023-08-21,2026-09-20T15:49:40.241354
ACCT_00004033,CUST_002018,MONEY_MARKET,499382584,BR_15,161424.69,ACTIVE,2026-03-16,2026-09-20T15:49:40.241357
ACCT_00004034,CUST_002019,CHECKING,961218558,BR_10,322997.63,ACTIVE,2025-01-20,2026-09-20T15:49:40.241367
ACCT_00004035,CUST_002019,MONEY_MARKET,277031767,BR_01,452028.47,INACTIVE,2024-10-06,2026-09-20T15:49:40.241370
ACCT_00004036,CUST_002020,SAVINGS,847314813,BR_14,55438.64,INACTIVE,2025-08-11,2026-09-20T15:49:40.241380
ACCT_00004037,CUST_002020,SAVINGS,702678846,BR_13,233925.23,ACTIVE,2023-05-16,2026-09-20T15:49:40.241382
ACCT_00004038,CUST_002021,CHECKING,513904749,BR_03,172978.93,ACTIVE,2023-09-27,2026-09-20T15:49:40.241392
ACCT_00004039,CUST_002021,MONEY_MARKET,355265590,BR_12,35137.93,INACTIVE,2022-12-23,2026-09-20T15:49:40.241395
ACCT_00004040,CUST_002022,SAVINGS,881273065,BR_08,117893.66,CLOSED,2024-03-15,2026-09-20T15:49:40.241404
ACCT_00004041,CUST_002022,MONEY_MARKET,947615797,BR_08,240060.23,INACTIVE,2024-12-21,2026-09-20T15:49:40.241407
ACCT_00004042,CUST_002022,CHECKING,782208721,BR_05,98856.73,INACTIVE,2021-10-25,2026-09-20T15:49:40.241410
ACCT_00004043,CUST_002023,MONEY_MARKET,596540988,BR_09,247754.14,CLOSED,2021-10-11,2026-09-20T15:49:40.241420
ACCT_00004044,CUST_002023,SAVINGS,488590565,BR_08,55247.79,INACTIVE,2022-06-02,2026-09-20T15:49:40.241423
ACCT_00004045,CUST_002024,SAVINGS,339230170,BR_15,259311.84,CLOSED,2023-01-03,2026-09-20T15:49:40.241433
ACCT_00004046,CUST_002024,CHECKING,996486198,BR_03,306730.33,CLOSED,2026-05-17,2026-09-20T15:49:40.241436
ACCT_00004047,CUST_002024,CHECKING,390136461,BR_15,267017.08,ACTIVE,2023-01-17,2026-09-20T15:49:40.241439
ACCT_00004048,CUST_002025,CHECKING,414618688,BR_08,290633.07,INACTIVE,2026-05-10,2026-09-20T15:49:40.241449
ACCT_00004049,CUST_002025,MONEY_MARKET,132825556,BR_12,25014.67,INACTIVE,2026-08-02,2026-09-20T15:49:40.241452
ACCT_00004050,CUST_002026,CHECKING,549844358,BR_12,177232.9,ACTIVE,2023-12-17,2026-09-20T15:49:40.241462
ACCT_00004051,CUST_002026,SAVINGS,236842815,BR_05,439502.67,INACTIVE,2024-06-30,2026-09-20T15:49:40.241464
ACCT_00004052,CUST_002026,MONEY_MARKET,936665936,BR_12,416661.36,ACTIVE,2024-08-02,2026-09-20T15:49:40.241467
ACCT_00004053,CUST_002027,MONEY_MARKET,265130452,BR_15,16623.17,INACTIVE,2022-04-03,2026-09-20T15:49:40.241477
ACCT_00004054,CUST_002027,MONEY_MARKET,347958006,BR_01,297756.84,ACTIVE,2022-08-12,2026-09-20T15:49:40.241480
ACCT_00004055,CUST_002028,MONEY_MARKET,162972171,BR_15,50217.87,INACTIVE,2025-10-22,2026-09-20T15:49:40.241490
ACCT_00004056,CUST_002028,SAVINGS,359552189,BR_02,472116.94,ACTIVE,2022-06-03,2026-09-20T15:49:40.241492
ACCT_00004057,CUST_002029,CHECKING,980030489,BR_03,198061.38,ACTIVE,2025-03-10,2026-09-20T15:49:40.241502
ACCT_00004058,CUST_002029,SAVINGS,452465217,BR_07,285831.78,ACTIVE,2026-07-29,2026-09-20T15:49:40.241505
ACCT_00004059,CUST_002030,CHECKING,660174718,BR_05,63024.27,CLOSED,2022-03-03,2026-09-20T15:49:40.241515
ACCT_00004060,CUST_002030,CHECKING,333461156,BR_06,305448.63,CLOSED,2025-02-09,2026-09-20T15:49:40.241518
ACCT_00004061,CUST_002030,SAVINGS,960203946,BR_05,81875.59,CLOSED,2023-08-14,2026-09-20T15:49:40.241521
ACCT_00004062,CUST_002031,CHECKING,995569515,BR_13,481417.31,CLOSED,2022-05-14,2026-09-20T15:49:40.241530
ACCT_00004063,CUST_002031,SAVINGS,761915446,BR_07,342227.51,CLOSED,2023-12-10,2026-09-20T15:49:40.241533
ACCT_00004064,CUST_002031,SAVINGS,956041059,BR_15,41301.75,INACTIVE,2025-03-29,2026-09-20T15:49:40.241536
ACCT_00004065,CUST_002032,CHECKING,947873719,BR_03,83165.43,ACTIVE,2022-06-24,2026-09-20T15:49:40.241546
ACCT_00004066,CUST_002032,SAVINGS,599261285,BR_12,389708.28,INACTIVE,2024-10-26,2026-09-20T15:49:40.241549
ACCT_00004067,CUST_002032,CHECKING,145855285,BR_12,101475.91,CLOSED,2023-06-26,2026-09-20T15:49:40.241552
ACCT_00004068,CUST_002033,MONEY_MARKET,140733027,BR_12,485697.74,ACTIVE,2024-03-19,2026-09-20T15:49:40.241563
ACCT_00004069,CUST_002034,SAVINGS,536561135,BR_02,432346.17,CLOSED,2024-11-21,2026-09-20T15:49:40.241573
ACCT_00004070,CUST_002034,SAVINGS,256389404,BR_08,251668.75,ACTIVE,2021-12-01,2026-09-20T15:49:40.241576
ACCT_00004071,CUST_002035,MONEY_MARKET,448843737,BR_06,129977.82,ACTIVE,2022-08-19,2026-09-20T15:49:40.241586
ACCT_00004072,CUST_002035,SAVINGS,289017333,BR_11,124367.29,INACTIVE,2023-03-02,2026-09-20T15:49:40.241589
ACCT_00004073,CUST_002035,SAVINGS,742839570,BR_03,362086.78,CLOSED,2026-04-18,2026-09-20T15:49:40.241591
ACCT_00004074,CUST_002036,SAVINGS,575533014,BR_06,405731.25,INACTIVE,2023-06-09,2026-09-20T15:49:40.241602
ACCT_00004075,CUST_002036,CHECKING,767838217,BR_04,152957.93,ACTIVE,2022-10-21,2026-09-20T15:49:40.241604
ACCT_00004076,CUST_002036,MONEY_MARKET,529760349,BR_10,9710.44,INACTIVE,2021-11-07,2026-09-20T15:49:40.241607
ACCT_00004077,CUST_002037,MONEY_MARKET,935234609,BR_11,295023.0,ACTIVE,2022-03-15,2026-09-20T15:49:40.241618
ACCT_00004078,CUST_002038,SAVINGS,287386713,BR_09,234458.05,CLOSED,2025-05-23,2026-09-20T15:49:40.241628
ACCT_00004079,CUST_002038,SAVINGS,590349545,BR_04,124135.17,CLOSED,2026-02-01,2026-09-20T15:49:40.241631
ACCT_00004080,CUST_002038,CHECKING,364433958,BR_01,467133.45,ACTIVE,2025-01-31,2026-09-20T15:49:40.241634
ACCT_00004081,CUST_002039,CHECKING,775460157,BR_15,419144.79,ACTIVE,2026-05-10,2026-09-20T15:49:40.241644
ACCT_00004082,CUST_002039,CHECKING,346963592,BR_07,155182.06,ACTIVE,2025-10-13,2026-09-20T15:49:40.241647
ACCT_00004083,CUST_002040,SAVINGS,372191501,BR_01,316807.16,CLOSED,2024-07-16,2026-09-20T15:49:40.241657
ACCT_00004084,CUST_002040,CHECKING,867273752,BR_14,229372.27,ACTIVE,2025-04-13,2026-09-20T15:49:40.241660
ACCT_00004085,CUST_002041,SAVINGS,148127667,BR_06,457935.68,INACTIVE,2026-05-15,2026-09-20T15:49:40.241670
ACCT_00004086,CUST_002042,CHECKING,982078248,BR_03,163394.12,ACTIVE,2023-11-27,2026-09-20T15:49:40.241679
ACCT_00004087,CUST_002043,CHECKING,492600292,BR_06,162200.67,INACTIVE,2026-05-03,2026-09-20T15:49:40.241689
ACCT_00004088,CUST_002043,MONEY_MARKET,386445481,BR_11,498833.69,ACTIVE,2025-02-08,2026-09-20T15:49:40.241703
ACCT_00004089,CUST_002043,CHECKING,263544419,BR_15,323850.38,CLOSED,2022-11-08,2026-09-20T15:49:40.241706
ACCT_00004090,CUST_002044,SAVINGS,522270729,BR_05,35696.09,CLOSED,2023-02-27,2026-09-20T15:49:40.241717
ACCT_00004091,CUST_002044,CHECKING,498718714,BR_14,186193.54,ACTIVE,2025-11-25,2026-09-20T15:49:40.241720
ACCT_00004092,CUST_002045,CHECKING,648351099,BR_13,406349.47,INACTIVE,2022-04-26,2026-09-20T15:49:40.241730
ACCT_00004093,CUST_002045,MONEY_MARKET,180925466,BR_10,45657.44,ACTIVE,2022-01-10,2026-09-20T15:49:40.241733
ACCT_00004094,CUST_002046,SAVINGS,122893809,BR_06,357776.86,ACTIVE,2022-07-20,2026-09-20T15:49:40.241742
ACCT_00004095,CUST_002046,MONEY_MARKET,432924799,BR_10,480502.9,ACTIVE,2023-03-08,2026-09-20T15:49:40.241745
ACCT_00004096,CUST_002046,MONEY_MARKET,605137683,BR_02,166657.46,INACTIVE,2021-10-29,2026-09-20T15:49:40.241749
ACCT_00004097,CUST_002047,SAVINGS,632766694,BR_02,447078.82,INACTIVE,2024-03-19,2026-09-20T15:49:40.241759
ACCT_00004098,CUST_002047,CHECKING,286484949,BR_09,315938.63,ACTIVE,2025-01-30,2026-09-20T15:49:40.241762
ACCT_00004099,CUST_002048,CHECKING,118736179,BR_14,391938.61,ACTIVE,2022-06-18,2026-09-20T15:49:40.241771
ACCT_00004100,CUST_002048,SAVINGS,244018707,BR_14,426051.86,CLOSED,2022-11-19,2026-09-20T15:49:40.241774
ACCT_00004101,CUST_002049,MONEY_MARKET,491576348,BR_15,474247.66,INACTIVE,2025-04-22,2026-09-20T15:49:40.241784
ACCT_00004102,CUST_002049,SAVINGS,241114697,BR_01,437013.0,ACTIVE,2024-01-26,2026-09-20T15:49:40.241787
ACCT_00004103,CUST_002049,SAVINGS,178552321,BR_06,20863.62,ACTIVE,2026-05-01,2026-09-20T15:49:40.241790
ACCT_00004104,CUST_002050,MONEY_MARKET,703847723,BR_11,192767.61,INACTIVE,2022-11-23,2026-09-20T15:49:40.241800
ACCT_00004105,CUST_002050,MONEY_MARKET,551000460,BR_10,222751.75,ACTIVE,2024-12-03,2026-09-20T15:49:40.241803
ACCT_00004106,CUST_002051,MONEY_MARKET,331683299,BR_12,482179.71,ACTIVE,2023-10-22,2026-09-20T15:49:40.241814
ACCT_00004107,CUST_002052,MONEY_MARKET,921908435,BR_10,19067.21,ACTIVE,2026-03-13,2026-09-20T15:49:40.241825
ACCT_00004108,CUST_002053,SAVINGS,886767326,BR_02,424804.61,CLOSED,2025-06-04,2026-09-20T15:49:40.241837
ACCT_00004109,CUST_002053,MONEY_MARKET,259772218,BR_08,415545.9,CLOSED,2023-10-31,2026-09-20T15:49:40.241841
ACCT_00004110,CUST_002054,CHECKING,677616179,BR_10,103641.31,INACTIVE,2022-02-27,2026-09-20T15:49:40.241851
ACCT_00004111,CUST_002054,SAVINGS,804850981,BR_02,192998.28,ACTIVE,2023-07-12,2026-09-20T15:49:40.241854
ACCT_00004112,CUST_002054,MONEY_MARKET,222279518,BR_07,483446.01,INACTIVE,2022-09-02,2026-09-20T15:49:40.241857
ACCT_00004113,CUST_002055,MONEY_MARKET,478294643,BR_02,263768.37,CLOSED,2024-08-28,2026-09-20T15:49:40.241867
ACCT_00004114,CUST_002055,SAVINGS,739826131,BR_01,496506.28,CLOSED,2026-06-10,2026-09-20T15:49:40.241870
ACCT_00004115,CUST_002055,MONEY_MARKET,734809099,BR_07,167102.28,INACTIVE,2022-05-21,2026-09-20T15:49:40.241873
ACCT_00004116,CUST_002056,MONEY_MARKET,914608646,BR_03,190158.74,ACTIVE,2023-09-13,2026-09-20T15:49:40.241883
ACCT_00004117,CUST_002056,CHECKING,112918749,BR_08,474628.27,CLOSED,2023-11-26,2026-09-20T15:49:40.241886
ACCT_00004118,CUST_002056,CHECKING,984894263,BR_01,362028.82,CLOSED,2026-01-04,2026-09-20T15:49:40.241889
ACCT_00004119,CUST_002057,MONEY_MARKET,411796516,BR_08,77253.46,ACTIVE,2024-01-26,2026-09-20T15:49:40.241898
ACCT_00004120,CUST_002057,CHECKING,477640259,BR_07,141430.66,INACTIVE,2023-09-30,2026-09-20T15:49:40.241901
ACCT_00004121,CUST_002057,CHECKING,880773239,BR_12,355989.22,ACTIVE,2023-08-25,2026-09-20T15:49:40.241904
ACCT_00004122,CUST_002058,CHECKING,925327922,BR_07,301869.86,CLOSED,2022-05-18,2026-09-20T15:49:40.241914
ACCT_00004123,CUST_002059,MONEY_MARKET,775180532,BR_10,185677.05,CLOSED,2025-03-17,2026-09-20T15:49:40.241924
ACCT_00004124,CUST_002059,SAVINGS,405002393,BR_10,274357.49,INACTIVE,2024-01-19,2026-09-20T15:49:40.241927
ACCT_00004125,CUST_002059,CHECKING,379400832,BR_07,240454.91,CLOSED,2026-06-10,2026-09-20T15:49:40.241930
ACCT_00004126,CUST_002060,SAVINGS,665706460,BR_09,361636.55,INACTIVE,2024-07-19,2026-09-20T15:49:40.241940
ACCT_00004127,CUST_002060,CHECKING,702569666,BR_06,381454.45,ACTIVE,2026-03-02,2026-09-20T15:49:40.241943
ACCT_00004128,CUST_002061,SAVINGS,480451878,BR_07,22812.36,CLOSED,2023-03-26,2026-09-20T15:49:40.241952
ACCT_00004129,CUST_002061,SAVINGS,981570822,BR_07,103693.39,INACTIVE,2025-03-30,2026-09-20T15:49:40.241955
ACCT_00004130,CUST_002062,MONEY_MARKET,152414193,BR_15,312945.82,INACTIVE,2025-06-18,2026-09-20T15:49:40.241965
ACCT_00004131,CUST_002063,CHECKING,117456362,BR_12,16282.97,INACTIVE,2023-09-03,2026-09-20T15:49:40.241975
ACCT_00004132,CUST_002063,SAVINGS,560122252,BR_06,379235.03,ACTIVE,2025-04-17,2026-09-20T15:49:40.241978
ACCT_00004133,CUST_002063,SAVINGS,855383659,BR_08,241107.27,ACTIVE,2026-07-15,2026-09-20T15:49:40.241981
ACCT_00004134,CUST_002064,CHECKING,206753199,BR_07,247615.02,CLOSED,2023-12-10,2026-09-20T15:49:40.241990
ACCT_00004135,CUST_002064,CHECKING,735550652,BR_13,80528.05,INACTIVE,2026-01-13,2026-09-20T15:49:40.241993
ACCT_00004136,CUST_002064,SAVINGS,404052874,BR_09,240295.21,ACTIVE,2026-07-27,2026-09-20T15:49:40.241996
ACCT_00004137,CUST_002065,CHECKING,381987344,BR_11,28882.75,INACTIVE,2022-01-19,2026-09-20T15:49:40.242006
ACCT_00004138,CUST_002066,SAVINGS,444939454,BR_01,329126.28,INACTIVE,2024-12-24,2026-09-20T15:49:40.242015
ACCT_00004139,CUST_002066,MONEY_MARKET,133662562,BR_09,496764.58,CLOSED,2026-06-08,2026-09-20T15:49:40.242018
ACCT_00004140,CUST_002067,MONEY_MARKET,729372871,BR_15,275325.69,ACTIVE,2023-06-15,2026-09-20T15:49:40.242028
ACCT_00004141,CUST_002067,SAVINGS,531066098,BR_11,229178.0,CLOSED,2023-10-12,2026-09-20T15:49:40.242031
ACCT_00004142,CUST_002067,SAVINGS,245067480,BR_05,188815.52,INACTIVE,2025-06-08,2026-09-20T15:49:40.242034
ACCT_00004143,CUST_002068,CHECKING,957204592,BR_13,385992.36,ACTIVE,2023-09-09,2026-09-20T15:49:40.242044
ACCT_00004144,CUST_002069,MONEY_MARKET,163822119,BR_01,15051.34,ACTIVE,2025-01-02,2026-09-20T15:49:40.242053
ACCT_00004145,CUST_002070,SAVINGS,268994595,BR_10,153675.98,ACTIVE,2026-07-16,2026-09-20T15:49:40.242063
ACCT_00004146,CUST_002071,MONEY_MARKET,866511556,BR_05,53267.66,CLOSED,2023-06-19,2026-09-20T15:49:40.242073
ACCT_00004147,CUST_002071,MONEY_MARKET,543215479,BR_06,495185.78,INACTIVE,2022-05-29,2026-09-20T15:49:40.242075
ACCT_00004148,CUST_002072,CHECKING,649739328,BR_10,248315.73,ACTIVE,2024-08-16,2026-09-20T15:49:40.242085
ACCT_00004149,CUST_002072,CHECKING,660352520,BR_10,399243.78,ACTIVE,2025-10-28,2026-09-20T15:49:40.242088
ACCT_00004150,CUST_002073,CHECKING,585698123,BR_13,163720.46,INACTIVE,2026-04-29,2026-09-20T15:49:40.242098
ACCT_00004151,CUST_002073,CHECKING,278169832,BR_03,124980.87,ACTIVE,2025-05-19,2026-09-20T15:49:40.242102
ACCT_00004152,CUST_002074,CHECKING,499732959,BR_07,371804.68,INACTIVE,2021-11-08,2026-09-20T15:49:40.242114
ACCT_00004153,CUST_002074,CHECKING,298054041,BR_06,39498.37,INACTIVE,2023-09-24,2026-09-20T15:49:40.242117
ACCT_00004154,CUST_002075,MONEY_MARKET,146686181,BR_14,131271.02,CLOSED,2021-11-13,2026-09-20T15:49:40.242128
ACCT_00004155,CUST_002075,MONEY_MARKET,278243041,BR_13,431042.46,ACTIVE,2024-10-01,2026-09-20T15:49:40.242132
ACCT_00004156,CUST_002075,CHECKING,543259677,BR_07,215735.09,CLOSED,2023-08-07,2026-09-20T15:49:40.242135
ACCT_00004157,CUST_002076,CHECKING,333549461,BR_10,63632.15,CLOSED,2023-07-15,2026-09-20T15:49:40.242146
ACCT_00004158,CUST_002077,SAVINGS,621746371,BR_11,307144.26,CLOSED,2023-07-08,2026-09-20T15:49:40.242156
ACCT_00004159,CUST_002077,SAVINGS,958625571,BR_04,208200.47,INACTIVE,2025-11-07,2026-09-20T15:49:40.242159
ACCT_00004160,CUST_002078,SAVINGS,756591953,BR_06,414580.98,INACTIVE,2024-12-09,2026-09-20T15:49:40.242169
ACCT_00004161,CUST_002078,SAVINGS,266744343,BR_01,72459.34,INACTIVE,2022-09-30,2026-09-20T15:49:40.242172
ACCT_00004162,CUST_002079,CHECKING,369575884,BR_09,272155.5,INACTIVE,2025-07-26,2026-09-20T15:49:40.242182
ACCT_00004163,CUST_002079,MONEY_MARKET,175695139,BR_04,434166.34,ACTIVE,2024-01-18,2026-09-20T15:49:40.242185
ACCT_00004164,CUST_002079,CHECKING,422340967,BR_06,20872.03,ACTIVE,2021-12-10,2026-09-20T15:49:40.242188
ACCT_00004165,CUST_002080,MONEY_MARKET,133893916,BR_12,76334.54,CLOSED,2024-07-03,2026-09-20T15:49:40.242197
ACCT_00004166,CUST_002081,MONEY_MARKET,972064462,BR_02,460051.33,ACTIVE,2023-04-02,2026-09-20T15:49:40.242207
ACCT_00004167,CUST_002081,CHECKING,818908985,BR_10,204441.23,INACTIVE,2026-02-28,2026-09-20T15:49:40.242210
ACCT_00004168,CUST_002081,CHECKING,383139583,BR_08,465346.62,ACTIVE,2021-09-28,2026-09-20T15:49:40.242213
ACCT_00004169,CUST_002082,MONEY_MARKET,994762458,BR_12,62157.79,ACTIVE,2022-01-26,2026-09-20T15:49:40.242222
ACCT_00004170,CUST_002082,MONEY_MARKET,963543372,BR_13,307857.73,CLOSED,2024-11-14,2026-09-20T15:49:40.242225
ACCT_00004171,CUST_002082,SAVINGS,806283231,BR_11,299663.81,INACTIVE,2022-07-26,2026-09-20T15:49:40.242229
ACCT_00004172,CUST_002083,SAVINGS,701508999,BR_09,334573.44,ACTIVE,2025-01-06,2026-09-20T15:49:40.242238
ACCT_00004173,CUST_002083,CHECKING,148604517,BR_04,130990.63,INACTIVE,2026-02-12,2026-09-20T15:49:40.242241
ACCT_00004174,CUST_002084,CHECKING,653695027,BR_02,55521.08,CLOSED,2023-02-01,2026-09-20T15:49:40.242251
ACCT_00004175,CUST_002085,SAVINGS,110423305,BR_06,460822.75,CLOSED,2022-09-10,2026-09-20T15:49:40.242261
ACCT_00004176,CUST_002086,CHECKING,438081409,BR_11,58010.5,CLOSED,2022-11-21,2026-09-20T15:49:40.242270
ACCT_00004177,CUST_002087,SAVINGS,434813242,BR_08,19372.34,INACTIVE,2024-04-25,2026-09-20T15:49:40.242280
ACCT_00004178,CUST_002088,MONEY_MARKET,899766026,BR_05,396213.21,INACTIVE,2024-02-05,2026-09-20T15:49:40.242289
ACCT_00004179,CUST_002089,SAVINGS,809294673,BR_14,251713.95,CLOSED,2025-06-12,2026-09-20T15:49:40.242299
ACCT_00004180,CUST_002090,CHECKING,312528425,BR_02,131411.79,INACTIVE,2022-05-12,2026-09-20T15:49:40.242309
ACCT_00004181,CUST_002091,SAVINGS,437909217,BR_08,62659.12,ACTIVE,2024-01-27,2026-09-20T15:49:40.242319
ACCT_00004182,CUST_002091,SAVINGS,810164638,BR_08,299861.79,ACTIVE,2024-02-02,2026-09-20T15:49:40.242322
ACCT_00004183,CUST_002092,SAVINGS,129336116,BR_04,107475.8,INACTIVE,2025-02-24,2026-09-20T15:49:40.242331
ACCT_00004184,CUST_002092,SAVINGS,763826795,BR_11,290354.16,CLOSED,2024-02-12,2026-09-20T15:49:40.242335
ACCT_00004185,CUST_002092,CHECKING,748828476,BR_04,123541.41,ACTIVE,2022-09-01,2026-09-20T15:49:40.242338
ACCT_00004186,CUST_002093,SAVINGS,902937649,BR_10,144536.38,ACTIVE,2022-01-24,2026-09-20T15:49:40.242347
ACCT_00004187,CUST_002094,SAVINGS,422615928,BR_02,2253.07,INACTIVE,2026-07-18,2026-09-20T15:49:40.242357
ACCT_00004188,CUST_002094,CHECKING,280205750,BR_07,379562.86,INACTIVE,2024-09-02,2026-09-20T15:49:40.242360
ACCT_00004189,CUST_002094,CHECKING,170187957,BR_12,322987.29,ACTIVE,2024-09-08,2026-09-20T15:49:40.242363
ACCT_00004190,CUST_002095,SAVINGS,359239811,BR_02,342754.0,ACTIVE,2026-03-08,2026-09-20T15:49:40.242373
ACCT_00004191,CUST_002095,CHECKING,673179940,BR_10,203082.59,INACTIVE,2024-12-25,2026-09-20T15:49:40.242376
ACCT_00004192,CUST_002096,CHECKING,277965855,BR_06,113007.12,ACTIVE,2024-06-17,2026-09-20T15:49:40.242385
ACCT_00004193,CUST_002096,SAVINGS,122890375,BR_01,140521.32,INACTIVE,2023-09-19,2026-09-20T15:49:40.242388
ACCT_00004194,CUST_002097,SAVINGS,743651427,BR_05,438419.31,INACTIVE,2022-04-18,2026-09-20T15:49:40.242398
ACCT_00004195,CUST_002097,MONEY_MARKET,783060519,BR_10,408172.66,CLOSED,2025-02-11,2026-09-20T15:49:40.242401
ACCT_00004196,CUST_002098,SAVINGS,654871652,BR_02,233701.81,CLOSED,2025-04-04,2026-09-20T15:49:40.242410
ACCT_00004197,CUST_002098,SAVINGS,967716129,BR_02,12774.05,ACTIVE,2024-01-31,2026-09-20T15:49:40.242413
ACCT_00004198,CUST_002098,SAVINGS,104218426,BR_13,36000.82,INACTIVE,2022-05-07,2026-09-20T15:49:40.242416
ACCT_00004199,CUST_002099,MONEY_MARKET,615902341,BR_06,287103.59,INACTIVE,2023-04-20,2026-09-20T15:49:40.242426
ACCT_00004200,CUST_002100,CHECKING,976037270,BR_15,18582.44,CLOSED,2026-01-22,2026-09-20T15:49:40.242436
ACCT_00004201,CUST_002101,CHECKING,574969427,BR_02,286909.83,INACTIVE,2021-12-21,2026-09-20T15:49:40.242445
ACCT_00004202,CUST_002102,CHECKING,398534576,BR_10,11910.66,ACTIVE,2025-02-19,2026-09-20T15:49:40.242455
ACCT_00004203,CUST_002103,SAVINGS,192482457,BR_13,178400.5,CLOSED,2024-04-07,2026-09-20T15:49:40.242465
ACCT_00004204,CUST_002103,SAVINGS,399913343,BR_04,116257.82,CLOSED,2022-12-05,2026-09-20T15:49:40.242467
ACCT_00004205,CUST_002104,SAVINGS,812526377,BR_10,365232.58,CLOSED,2024-09-19,2026-09-20T15:49:40.242477
ACCT_00004206,CUST_002104,SAVINGS,273686964,BR_04,283816.7,ACTIVE,2023-12-12,2026-09-20T15:49:40.242480
ACCT_00004207,CUST_002104,MONEY_MARKET,128468866,BR_14,105636.84,ACTIVE,2024-08-14,2026-09-20T15:49:40.242483
ACCT_00004208,CUST_002105,CHECKING,912963521,BR_01,155627.24,CLOSED,2022-03-03,2026-09-20T15:49:40.242493
ACCT_00004209,CUST_002106,MONEY_MARKET,293394129,BR_07,313291.22,INACTIVE,2025-06-08,2026-09-20T15:49:40.242502
ACCT_00004210,CUST_002106,MONEY_MARKET,514375039,BR_12,55922.91,CLOSED,2023-03-14,2026-09-20T15:49:40.242505
ACCT_00004211,CUST_002106,SAVINGS,795349276,BR_14,228235.37,ACTIVE,2024-02-03,2026-09-20T15:49:40.242508
ACCT_00004212,CUST_002107,MONEY_MARKET,425814692,BR_13,213843.2,ACTIVE,2025-02-08,2026-09-20T15:49:40.242518
ACCT_00004213,CUST_002108,SAVINGS,870578265,BR_12,76203.03,ACTIVE,2022-03-12,2026-09-20T15:49:40.242528
ACCT_00004214,CUST_002108,MONEY_MARKET,971650033,BR_09,411359.34,CLOSED,2024-07-12,2026-09-20T15:49:40.242531
ACCT_00004215,CUST_002108,SAVINGS,810016085,BR_04,417813.23,ACTIVE,2021-10-13,2026-09-20T15:49:40.242534
ACCT_00004216,CUST_002109,MONEY_MARKET,971953642,BR_07,276748.72,CLOSED,2026-02-13,2026-09-20T15:49:40.242546
ACCT_00004217,CUST_002109,SAVINGS,853010182,BR_02,495517.38,ACTIVE,2025-02-07,2026-09-20T15:49:40.242549
ACCT_00004218,CUST_002110,CHECKING,949362954,BR_02,447283.66,INACTIVE,2023-03-23,2026-09-20T15:49:40.242559
ACCT_00004219,CUST_002110,SAVINGS,572788298,BR_15,16785.74,ACTIVE,2024-08-03,2026-09-20T15:49:40.242562
ACCT_00004220,CUST_002110,SAVINGS,700452586,BR_11,50723.95,ACTIVE,2022-01-05,2026-09-20T15:49:40.242565
ACCT_00004221,CUST_002111,SAVINGS,752324937,BR_03,59309.33,CLOSED,2025-12-16,2026-09-20T15:49:40.242575
ACCT_00004222,CUST_002111,SAVINGS,246294625,BR_06,12346.36,CLOSED,2022-02-02,2026-09-20T15:49:40.242578
ACCT_00004223,CUST_002112,MONEY_MARKET,757511765,BR_04,467237.94,INACTIVE,2022-06-07,2026-09-20T15:49:40.242587
ACCT_00004224,CUST_002112,SAVINGS,522136137,BR_05,200381.99,CLOSED,2023-08-22,2026-09-20T15:49:40.242592
ACCT_00004225,CUST_002112,MONEY_MARKET,739918047,BR_08,7886.2,INACTIVE,2022-12-03,2026-09-20T15:49:40.242595
ACCT_00004226,CUST_002113,MONEY_MARKET,451819681,BR_06,243050.21,ACTIVE,2023-04-12,2026-09-20T15:49:40.242607
ACCT_00004227,CUST_002113,MONEY_MARKET,354838702,BR_05,330739.86,INACTIVE,2022-09-27,2026-09-20T15:49:40.242610
ACCT_00004228,CUST_002113,CHECKING,877709698,BR_09,492783.75,INACTIVE,2022-06-13,2026-09-20T15:49:40.242613
ACCT_00004229,CUST_002114,CHECKING,488818951,BR_06,63158.98,CLOSED,2026-05-01,2026-09-20T15:49:40.242623
ACCT_00004230,CUST_002114,SAVINGS,125612580,BR_10,461965.88,INACTIVE,2026-05-04,2026-09-20T15:49:40.242626
ACCT_00004231,CUST_002114,CHECKING,151443454,BR_11,40194.16,ACTIVE,2022-11-24,2026-09-20T15:49:40.242629
ACCT_00004232,CUST_002115,CHECKING,189296866,BR_14,163418.8,ACTIVE,2024-04-23,2026-09-20T15:49:40.242639
ACCT_00004233,CUST_002115,CHECKING,728589749,BR_08,96343.98,INACTIVE,2022-03-22,2026-09-20T15:49:40.242642
ACCT_00004234,CUST_002115,SAVINGS,928194306,BR_12,311780.95,CLOSED,2026-03-07,2026-09-20T15:49:40.242644
ACCT_00004235,CUST_002116,CHECKING,348021562,BR_01,23534.7,CLOSED,2023-07-10,2026-09-20T15:49:40.242654
ACCT_00004236,CUST_002117,CHECKING,803460415,BR_13,96689.33,INACTIVE,2022-11-27,2026-09-20T15:49:40.242664
ACCT_00004237,CUST_002117,SAVINGS,993576614,BR_10,312284.29,CLOSED,2022-10-15,2026-09-20T15:49:40.242667
ACCT_00004238,CUST_002117,MONEY_MARKET,980380875,BR_09,426363.43,INACTIVE,2025-12-03,2026-09-20T15:49:40.242670
ACCT_00004239,CUST_002118,MONEY_MARKET,334130786,BR_02,30774.52,CLOSED,2025-03-02,2026-09-20T15:49:40.242680
ACCT_00004240,CUST_002119,CHECKING,630203221,BR_11,444495.1,INACTIVE,2023-02-12,2026-09-20T15:49:40.242689
ACCT_00004241,CUST_002119,CHECKING,774449070,BR_07,428053.54,INACTIVE,2024-11-10,2026-09-20T15:49:40.242693
ACCT_00004242,CUST_002119,MONEY_MARKET,549888095,BR_02,302993.61,ACTIVE,2026-03-27,2026-09-20T15:49:40.242695
ACCT_00004243,CUST_002120,MONEY_MARKET,246257268,BR_15,69940.59,INACTIVE,2025-06-11,2026-09-20T15:49:40.242707
ACCT_00004244,CUST_002120,CHECKING,665077339,BR_12,492026.24,INACTIVE,2025-12-16,2026-09-20T15:49:40.242710
ACCT_00004245,CUST_002120,SAVINGS,512753325,BR_02,319073.69,CLOSED,2022-08-12,2026-09-20T15:49:40.242713
ACCT_00004246,CUST_002121,CHECKING,267010512,BR_04,206788.65,ACTIVE,2022-10-08,2026-09-20T15:49:40.242723
ACCT_00004247,CUST_002122,SAVINGS,752352596,BR_04,211837.93,ACTIVE,2024-11-11,2026-09-20T15:49:40.242732
ACCT_00004248,CUST_002122,MONEY_MARKET,754434050,BR_10,33152.19,INACTIVE,2024-03-15,2026-09-20T15:49:40.242735
ACCT_00004249,CUST_002122,SAVINGS,116053010,BR_14,121984.72,ACTIVE,2022-04-04,2026-09-20T15:49:40.242738
ACCT_00004250,CUST_002123,MONEY_MARKET,172713588,BR_12,285825.43,ACTIVE,2022-12-12,2026-09-20T15:49:40.242748
ACCT_00004251,CUST_002123,CHECKING,468604197,BR_03,394218.14,CLOSED,2025-10-20,2026-09-20T15:49:40.242751
ACCT_00004252,CUST_002123,MONEY_MARKET,964406493,BR_07,402541.13,ACTIVE,2025-08-28,2026-09-20T15:49:40.242754
ACCT_00004253,CUST_002124,MONEY_MARKET,358127262,BR_08,291628.36,CLOSED,2021-11-23,2026-09-20T15:49:40.242763
ACCT_00004254,CUST_002124,MONEY_MARKET,709531524,BR_06,422845.24,ACTIVE,2025-08-05,2026-09-20T15:49:40.242766
ACCT_00004255,CUST_002125,CHECKING,760244640,BR_07,380829.0,INACTIVE,2024-12-12,2026-09-20T15:49:40.242776
ACCT_00004256,CUST_002125,MONEY_MARKET,658599314,BR_05,380084.3,ACTIVE,2022-02-22,2026-09-20T15:49:40.242780
ACCT_00004257,CUST_002126,MONEY_MARKET,560854926,BR_13,351766.99,CLOSED,2024-03-14,2026-09-20T15:49:40.242791
ACCT_00004258,CUST_002126,MONEY_MARKET,221295908,BR_14,486000.19,ACTIVE,2026-03-22,2026-09-20T15:49:40.242794
ACCT_00004259,CUST_002126,SAVINGS,940904850,BR_04,110471.14,INACTIVE,2025-03-12,2026-09-20T15:49:40.242798
ACCT_00004260,CUST_002127,MONEY_MARKET,859707162,BR_09,12358.45,CLOSED,2023-11-02,2026-09-20T15:49:40.242808
ACCT_00004261,CUST_002128,CHECKING,458569296,BR_06,351270.01,CLOSED,2022-11-08,2026-09-20T15:49:40.242818
ACCT_00004262,CUST_002128,MONEY_MARKET,939381789,BR_12,27987.57,CLOSED,2024-06-17,2026-09-20T15:49:40.242821
ACCT_00004263,CUST_002129,CHECKING,937517273,BR_08,265370.26,CLOSED,2026-05-07,2026-09-20T15:49:40.242831
ACCT_00004264,CUST_002129,CHECKING,482607244,BR_10,49074.68,ACTIVE,2026-07-20,2026-09-20T15:49:40.242833
ACCT_00004265,CUST_002129,MONEY_MARKET,883547524,BR_05,477269.4,ACTIVE,2024-01-06,2026-09-20T15:49:40.242836
ACCT_00004266,CUST_002130,CHECKING,542871589,BR_03,443173.6,INACTIVE,2024-06-03,2026-09-20T15:49:40.242846
ACCT_00004267,CUST_002131,CHECKING,332319212,BR_03,95211.88,CLOSED,2024-12-21,2026-09-20T15:49:40.242856
ACCT_00004268,CUST_002131,CHECKING,674653093,BR_13,3456.07,CLOSED,2024-11-05,2026-09-20T15:49:40.242859
ACCT_00004269,CUST_002131,SAVINGS,806408246,BR_10,294759.67,INACTIVE,2024-01-05,2026-09-20T15:49:40.242862
ACCT_00004270,CUST_002132,MONEY_MARKET,588952951,BR_15,398348.07,ACTIVE,2023-04-07,2026-09-20T15:49:40.242872
ACCT_00004271,CUST_002133,SAVINGS,721555886,BR_06,381844.07,ACTIVE,2023-06-23,2026-09-20T15:49:40.242881
ACCT_00004272,CUST_002133,MONEY_MARKET,976306188,BR_03,127502.46,INACTIVE,2025-02-16,2026-09-20T15:49:40.242884
ACCT_00004273,CUST_002134,CHECKING,178909775,BR_02,239794.19,ACTIVE,2024-06-11,2026-09-20T15:49:40.242894
ACCT_00004274,CUST_002134,SAVINGS,112723256,BR_04,355270.95,INACTIVE,2025-10-22,2026-09-20T15:49:40.242897
ACCT_00004275,CUST_002134,SAVINGS,521921336,BR_11,231561.92,INACTIVE,2026-01-20,2026-09-20T15:49:40.242900
ACCT_00004276,CUST_002135,CHECKING,491666512,BR_09,145902.66,ACTIVE,2025-06-27,2026-09-20T15:49:40.242909
ACCT_00004277,CUST_002136,CHECKING,955216773,BR_01,271565.93,INACTIVE,2024-05-29,2026-09-20T15:49:40.242919
ACCT_00004278,CUST_002137,CHECKING,897914091,BR_09,349742.73,CLOSED,2025-09-15,2026-09-20T15:49:40.242929
ACCT_00004279,CUST_002138,SAVINGS,784503779,BR_09,69743.76,INACTIVE,2025-05-21,2026-09-20T15:49:40.242940
ACCT_00004280,CUST_002138,CHECKING,958318096,BR_02,19753.77,INACTIVE,2022-10-23,2026-09-20T15:49:40.242943
ACCT_00004281,CUST_002138,MONEY_MARKET,660173727,BR_09,101441.12,ACTIVE,2023-01-26,2026-09-20T15:49:40.242946
ACCT_00004282,CUST_002139,CHECKING,869088091,BR_07,490796.78,INACTIVE,2023-08-02,2026-09-20T15:49:40.242955
ACCT_00004283,CUST_002139,SAVINGS,260358936,BR_03,1434.42,ACTIVE,2026-08-08,2026-09-20T15:49:40.242958
ACCT_00004284,CUST_002140,MONEY_MARKET,582313142,BR_14,11350.65,INACTIVE,2025-11-12,2026-09-20T15:49:40.242968
ACCT_00004285,CUST_002141,SAVINGS,372069319,BR_14,336741.64,INACTIVE,2022-10-25,2026-09-20T15:49:40.242977
ACCT_00004286,CUST_002141,MONEY_MARKET,271976682,BR_08,306574.69,INACTIVE,2022-05-14,2026-09-20T15:49:40.242980
ACCT_00004287,CUST_002141,CHECKING,775631259,BR_07,163190.95,ACTIVE,2023-02-19,2026-09-20T15:49:40.242983
ACCT_00004288,CUST_002142,MONEY_MARKET,451368952,BR_06,166075.26,CLOSED,2022-08-30,2026-09-20T15:49:40.242993
ACCT_00004289,CUST_002142,CHECKING,119671355,BR_06,442512.42,ACTIVE,2023-10-05,2026-09-20T15:49:40.242996
ACCT_00004290,CUST_002142,CHECKING,764048581,BR_05,344348.93,INACTIVE,2022-08-28,2026-09-20T15:49:40.242999
ACCT_00004291,CUST_002143,CHECKING,560929902,BR_15,86541.82,CLOSED,2026-05-16,2026-09-20T15:49:40.243008
ACCT_00004292,CUST_002144,CHECKING,549190859,BR_01,498016.66,ACTIVE,2025-11-30,2026-09-20T15:49:40.243018
ACCT_00004293,CUST_002145,SAVINGS,141109634,BR_03,372936.53,CLOSED,2025-05-06,2026-09-20T15:49:40.243027
ACCT_00004294,CUST_002146,MONEY_MARKET,304441152,BR_11,135931.11,ACTIVE,2022-01-17,2026-09-20T15:49:40.243037
ACCT_00004295,CUST_002147,SAVINGS,312054757,BR_08,165513.93,ACTIVE,2023-06-02,2026-09-20T15:49:40.243047
ACCT_00004296,CUST_002147,CHECKING,566797460,BR_13,286606.4,CLOSED,2026-06-21,2026-09-20T15:49:40.243050
ACCT_00004297,CUST_002147,MONEY_MARKET,220105773,BR_14,207829.87,INACTIVE,2025-05-26,2026-09-20T15:49:40.243053
ACCT_00004298,CUST_002148,SAVINGS,942414476,BR_07,306146.93,CLOSED,2023-12-30,2026-09-20T15:49:40.243062
ACCT_00004299,CUST_002149,MONEY_MARKET,428080464,BR_01,124439.75,ACTIVE,2025-03-19,2026-09-20T15:49:40.243072
ACCT_00004300,CUST_002149,SAVINGS,398981443,BR_15,126435.21,ACTIVE,2024-06-15,2026-09-20T15:49:40.243075
ACCT_00004301,CUST_002149,CHECKING,568037732,BR_07,132025.21,INACTIVE,2026-08-13,2026-09-20T15:49:40.243078
ACCT_00004302,CUST_002150,MONEY_MARKET,686902465,BR_05,145145.92,CLOSED,2024-10-12,2026-09-20T15:49:40.243094
ACCT_00004303,CUST_002151,CHECKING,207215676,BR_06,364461.21,ACTIVE,2023-11-22,2026-09-20T15:49:40.243103
ACCT_00004304,CUST_002151,SAVINGS,421396378,BR_03,290095.41,INACTIVE,2021-12-25,2026-09-20T15:49:40.243106
ACCT_00004305,CUST_002151,MONEY_MARKET,282489289,BR_09,1896.11,ACTIVE,2024-12-24,2026-09-20T15:49:40.243109
ACCT_00004306,CUST_002152,CHECKING,485113390,BR_01,158993.78,ACTIVE,2022-12-21,2026-09-20T15:49:40.243119
ACCT_00004307,CUST_002153,SAVINGS,760645270,BR_10,489114.62,INACTIVE,2026-01-31,2026-09-20T15:49:40.243128
ACCT_00004308,CUST_002153,MONEY_MARKET,871846000,BR_13,97651.48,INACTIVE,2021-12-12,2026-09-20T15:49:40.243131
ACCT_00004309,CUST_002153,CHECKING,860583176,BR_06,186301.68,CLOSED,2025-04-08,2026-09-20T15:49:40.243134
ACCT_00004310,CUST_002154,CHECKING,242978518,BR_11,396612.34,CLOSED,2026-05-15,2026-09-20T15:49:40.243144
ACCT_00004311,CUST_002154,SAVINGS,640322276,BR_14,274169.24,INACTIVE,2023-01-03,2026-09-20T15:49:40.243147
ACCT_00004312,CUST_002154,SAVINGS,782857949,BR_05,117582.32,INACTIVE,2022-06-28,2026-09-20T15:49:40.243150
ACCT_00004313,CUST_002155,MONEY_MARKET,865694547,BR_05,248522.31,INACTIVE,2025-08-29,2026-09-20T15:49:40.243159
ACCT_00004314,CUST_002156,MONEY_MARKET,826238365,BR_04,297947.61,ACTIVE,2022-04-24,2026-09-20T15:49:40.243169
ACCT_00004315,CUST_002156,CHECKING,193350704,BR_02,457326.26,ACTIVE,2022-01-21,2026-09-20T15:49:40.243172
ACCT_00004316,CUST_002157,SAVINGS,643895712,BR_11,217757.43,ACTIVE,2024-01-16,2026-09-20T15:49:40.243182
ACCT_00004317,CUST_002157,SAVINGS,856047748,BR_09,276126.43,ACTIVE,2024-05-20,2026-09-20T15:49:40.243185
ACCT_00004318,CUST_002158,CHECKING,188536484,BR_08,138252.55,CLOSED,2026-07-14,2026-09-20T15:49:40.243194
ACCT_00004319,CUST_002159,CHECKING,373511130,BR_15,481924.09,CLOSED,2022-03-02,2026-09-20T15:49:40.243204
ACCT_00004320,CUST_002160,CHECKING,858811908,BR_13,296545.15,ACTIVE,2021-12-12,2026-09-20T15:49:40.243214
ACCT_00004321,CUST_002160,MONEY_MARKET,563605672,BR_02,399656.41,INACTIVE,2022-01-01,2026-09-20T15:49:40.243217
ACCT_00004322,CUST_002160,CHECKING,291223620,BR_10,495827.97,ACTIVE,2024-07-29,2026-09-20T15:49:40.243219
ACCT_00004323,CUST_002161,SAVINGS,843175867,BR_13,147578.81,CLOSED,2024-08-05,2026-09-20T15:49:40.243229
ACCT_00004324,CUST_002161,MONEY_MARKET,294397388,BR_01,163059.89,INACTIVE,2023-06-24,2026-09-20T15:49:40.243232
ACCT_00004325,CUST_002161,SAVINGS,575618953,BR_06,222514.17,CLOSED,2023-03-27,2026-09-20T15:49:40.243235
ACCT_00004326,CUST_002162,CHECKING,830809546,BR_04,392648.72,CLOSED,2022-03-02,2026-09-20T15:49:40.243245
ACCT_00004327,CUST_002163,CHECKING,119672496,BR_12,152794.54,INACTIVE,2024-01-07,2026-09-20T15:49:40.243254
ACCT_00004328,CUST_002163,SAVINGS,253326069,BR_08,437037.14,INACTIVE,2022-05-04,2026-09-20T15:49:40.243257
ACCT_00004329,CUST_002163,MONEY_MARKET,211754974,BR_02,498660.44,ACTIVE,2023-07-23,2026-09-20T15:49:40.243260
ACCT_00004330,CUST_002164,SAVINGS,669734831,BR_10,232430.93,ACTIVE,2022-03-01,2026-09-20T15:49:40.243270
ACCT_00004331,CUST_002164,CHECKING,474339197,BR_11,464190.42,ACTIVE,2025-08-15,2026-09-20T15:49:40.243273
ACCT_00004332,CUST_002164,CHECKING,933854634,BR_04,100788.63,CLOSED,2023-09-18,2026-09-20T15:49:40.243276
ACCT_00004333,CUST_002165,SAVINGS,165270507,BR_01,457715.1,ACTIVE,2025-02-10,2026-09-20T15:49:40.243285
ACCT_00004334,CUST_002165,SAVINGS,564525363,BR_11,374191.83,ACTIVE,2022-11-15,2026-09-20T15:49:40.243288
ACCT_00004335,CUST_002165,MONEY_MARKET,782491589,BR_10,444072.27,CLOSED,2023-03-06,2026-09-20T15:49:40.243291
ACCT_00004336,CUST_002166,CHECKING,107551049,BR_11,494195.82,INACTIVE,2025-01-23,2026-09-20T15:49:40.243301
ACCT_00004337,CUST_002166,SAVINGS,213631271,BR_12,58504.31,ACTIVE,2022-07-17,2026-09-20T15:49:40.243304
ACCT_00004338,CUST_002166,MONEY_MARKET,748859977,BR_13,319561.67,CLOSED,2021-10-25,2026-09-20T15:49:40.243307
ACCT_00004339,CUST_002167,CHECKING,600945993,BR_02,316737.26,INACTIVE,2022-09-26,2026-09-20T15:49:40.243317
ACCT_00004340,CUST_002167,SAVINGS,152225319,BR_15,391594.57,ACTIVE,2025-06-15,2026-09-20T15:49:40.243320
ACCT_00004341,CUST_002167,MONEY_MARKET,826664403,BR_08,374109.32,CLOSED,2022-11-05,2026-09-20T15:49:40.243322
ACCT_00004342,CUST_002168,CHECKING,651220413,BR_06,366966.8,CLOSED,2021-10-24,2026-09-20T15:49:40.243332
ACCT_00004343,CUST_002168,MONEY_MARKET,649865125,BR_07,256313.51,ACTIVE,2023-07-30,2026-09-20T15:49:40.243336
ACCT_00004344,CUST_002169,CHECKING,717809985,BR_08,198023.27,ACTIVE,2026-05-09,2026-09-20T15:49:40.243346
ACCT_00004345,CUST_002169,MONEY_MARKET,710393117,BR_01,322560.43,INACTIVE,2025-04-23,2026-09-20T15:49:40.243349
ACCT_00004346,CUST_002170,MONEY_MARKET,405551653,BR_10,291237.98,CLOSED,2021-11-15,2026-09-20T15:49:40.243359
ACCT_00004347,CUST_002170,MONEY_MARKET,801661588,BR_14,148664.73,INACTIVE,2024-11-19,2026-09-20T15:49:40.243362
ACCT_00004348,CUST_002171,MONEY_MARKET,789954518,BR_11,126400.29,INACTIVE,2025-01-31,2026-09-20T15:49:40.243372
ACCT_00004349,CUST_002171,CHECKING,146401617,BR_08,201555.7,ACTIVE,2022-06-20,2026-09-20T15:49:40.243375
ACCT_00004350,CUST_002172,CHECKING,514036320,BR_11,385615.38,INACTIVE,2025-01-15,2026-09-20T15:49:40.243385
ACCT_00004351,CUST_002172,MONEY_MARKET,349386829,BR_05,384319.26,INACTIVE,2023-06-15,2026-09-20T15:49:40.243388
ACCT_00004352,CUST_002173,MONEY_MARKET,519832199,BR_01,468347.71,CLOSED,2025-03-09,2026-09-20T15:49:40.243397
ACCT_00004353,CUST_002174,SAVINGS,722490092,BR_11,459809.63,ACTIVE,2023-03-19,2026-09-20T15:49:40.243407
ACCT_00004354,CUST_002175,SAVINGS,772886791,BR_11,355348.16,CLOSED,2022-06-26,2026-09-20T15:49:40.243417
ACCT_00004355,CUST_002175,CHECKING,596134474,BR_13,303024.44,CLOSED,2024-03-26,2026-09-20T15:49:40.243420
ACCT_00004356,CUST_002175,SAVINGS,643615681,BR_14,157181.45,CLOSED,2022-05-26,2026-09-20T15:49:40.243423
ACCT_00004357,CUST_002176,MONEY_MARKET,633520047,BR_06,208378.2,CLOSED,2026-03-27,2026-09-20T15:49:40.243432
ACCT_00004358,CUST_002177,SAVINGS,665054095,BR_05,497999.15,ACTIVE,2024-12-02,2026-09-20T15:49:40.243442
ACCT_00004359,CUST_002177,MONEY_MARKET,141814964,BR_08,420520.04,CLOSED,2025-06-16,2026-09-20T15:49:40.243445
ACCT_00004360,CUST_002178,SAVINGS,800245823,BR_11,49021.06,CLOSED,2021-12-05,2026-09-20T15:49:40.243454
ACCT_00004361,CUST_002179,SAVINGS,516536103,BR_02,440092.7,CLOSED,2023-01-25,2026-09-20T15:49:40.243464
ACCT_00004362,CUST_002179,CHECKING,439627700,BR_11,12867.75,CLOSED,2026-08-16,2026-09-20T15:49:40.243467
ACCT_00004363,CUST_002180,MONEY_MARKET,674023969,BR_04,194013.31,ACTIVE,2025-10-21,2026-09-20T15:49:40.243476
ACCT_00004364,CUST_002180,CHECKING,311925772,BR_12,355828.52,INACTIVE,2025-01-20,2026-09-20T15:49:40.243479
ACCT_00004365,CUST_002181,CHECKING,303034274,BR_07,290863.26,CLOSED,2024-09-24,2026-09-20T15:49:40.243489
ACCT_00004366,CUST_002182,MONEY_MARKET,457588944,BR_11,382937.19,CLOSED,2025-08-03,2026-09-20T15:49:40.243498
ACCT_00004367,CUST_002183,CHECKING,921390264,BR_03,464855.35,CLOSED,2022-02-23,2026-09-20T15:49:40.243508
ACCT_00004368,CUST_002184,SAVINGS,309988936,BR_03,229354.52,INACTIVE,2022-09-29,2026-09-20T15:49:40.243517
ACCT_00004369,CUST_002184,MONEY_MARKET,863360857,BR_06,404450.13,INACTIVE,2023-02-22,2026-09-20T15:49:40.243520
ACCT_00004370,CUST_002185,CHECKING,381837576,BR_10,345016.96,ACTIVE,2025-11-08,2026-09-20T15:49:40.243530
ACCT_00004371,CUST_002185,CHECKING,363783016,BR_05,241087.5,ACTIVE,2024-12-31,2026-09-20T15:49:40.243533
ACCT_00004372,CUST_002186,MONEY_MARKET,454054797,BR_15,16786.58,ACTIVE,2022-08-28,2026-09-20T15:49:40.243543
ACCT_00004373,CUST_002186,SAVINGS,437115542,BR_06,172403.77,INACTIVE,2026-05-28,2026-09-20T15:49:40.243546
ACCT_00004374,CUST_002187,CHECKING,143974575,BR_07,56861.71,INACTIVE,2026-03-24,2026-09-20T15:49:40.243555
ACCT_00004375,CUST_002188,SAVINGS,431966738,BR_05,468515.21,INACTIVE,2023-06-24,2026-09-20T15:49:40.243565
ACCT_00004376,CUST_002189,SAVINGS,958129549,BR_07,55667.42,ACTIVE,2026-01-13,2026-09-20T15:49:40.243575
ACCT_00004377,CUST_002189,MONEY_MARKET,705288080,BR_04,463593.06,CLOSED,2026-02-12,2026-09-20T15:49:40.243578
ACCT_00004378,CUST_002190,CHECKING,612828852,BR_11,366236.28,ACTIVE,2021-11-30,2026-09-20T15:49:40.243587
ACCT_00004379,CUST_002190,SAVINGS,448888499,BR_01,218855.97,INACTIVE,2026-01-22,2026-09-20T15:49:40.243590
ACCT_00004380,CUST_002190,CHECKING,281311983,BR_14,74798.64,CLOSED,2022-12-31,2026-09-20T15:49:40.243594
ACCT_00004381,CUST_002191,MONEY_MARKET,862447632,BR_11,13304.71,INACTIVE,2024-12-23,2026-09-20T15:49:40.243604
ACCT_00004382,CUST_002192,SAVINGS,698565155,BR_12,176415.31,CLOSED,2026-08-13,2026-09-20T15:49:40.243614
ACCT_00004383,CUST_002192,SAVINGS,498335005,BR_06,161988.63,INACTIVE,2023-05-20,2026-09-20T15:49:40.243616
ACCT_00004384,CUST_002193,CHECKING,235365808,BR_07,106201.77,INACTIVE,2024-03-27,2026-09-20T15:49:40.243626
ACCT_00004385,CUST_002193,CHECKING,636572834,BR_08,243695.56,CLOSED,2023-03-30,2026-09-20T15:49:40.243629
ACCT_00004386,CUST_002194,SAVINGS,952105962,BR_04,116120.2,ACTIVE,2023-11-26,2026-09-20T15:49:40.243639
ACCT_00004387,CUST_002194,SAVINGS,305821463,BR_10,361615.1,ACTIVE,2025-03-01,2026-09-20T15:49:40.243642
ACCT_00004388,CUST_002194,MONEY_MARKET,984205528,BR_07,17779.29,CLOSED,2025-08-22,2026-09-20T15:49:40.243645
ACCT_00004389,CUST_002195,MONEY_MARKET,985632812,BR_04,200213.66,INACTIVE,2022-08-06,2026-09-20T15:49:40.243654
ACCT_00004390,CUST_002195,MONEY_MARKET,980057184,BR_14,71144.29,INACTIVE,2023-06-26,2026-09-20T15:49:40.243657
ACCT_00004391,CUST_002195,CHECKING,297291147,BR_11,91962.41,ACTIVE,2023-06-23,2026-09-20T15:49:40.243660
ACCT_00004392,CUST_002196,SAVINGS,462021397,BR_11,11779.55,ACTIVE,2024-01-27,2026-09-20T15:49:40.243670
ACCT_00004393,CUST_002196,MONEY_MARKET,139863973,BR_07,321693.16,INACTIVE,2026-07-04,2026-09-20T15:49:40.243673
ACCT_00004394,CUST_002197,CHECKING,465888604,BR_11,53996.38,ACTIVE,2026-04-29,2026-09-20T15:49:40.243683
ACCT_00004395,CUST_002197,CHECKING,727085213,BR_14,104471.68,INACTIVE,2023-03-18,2026-09-20T15:49:40.243686
ACCT_00004396,CUST_002197,CHECKING,590802884,BR_07,299606.4,ACTIVE,2025-12-30,2026-09-20T15:49:40.243689
ACCT_00004397,CUST_002198,CHECKING,881808432,BR_02,275661.39,ACTIVE,2022-10-17,2026-09-20T15:49:40.243698
ACCT_00004398,CUST_002198,CHECKING,910577570,BR_11,408967.0,CLOSED,2022-07-09,2026-09-20T15:49:40.243701
ACCT_00004399,CUST_002199,CHECKING,895248213,BR_10,78859.9,INACTIVE,2022-04-01,2026-09-20T15:49:40.243711
ACCT_00004400,CUST_002199,MONEY_MARKET,754338551,BR_03,56326.2,INACTIVE,2025-05-19,2026-09-20T15:49:40.243714
ACCT_00004401,CUST_002199,CHECKING,615808328,BR_02,79891.75,INACTIVE,2026-05-27,2026-09-20T15:49:40.243717
ACCT_00004402,CUST_002200,MONEY_MARKET,235209152,BR_15,72744.28,ACTIVE,2022-12-24,2026-09-20T15:49:40.243727
ACCT_00004403,CUST_002201,SAVINGS,903800629,BR_05,90997.35,ACTIVE,2024-11-13,2026-09-20T15:49:40.243736
ACCT_00004404,CUST_002201,SAVINGS,766195088,BR_09,162142.82,CLOSED,2023-08-09,2026-09-20T15:49:40.243739
ACCT_00004405,CUST_002202,SAVINGS,947489355,BR_03,445342.99,ACTIVE,2026-04-16,2026-09-20T15:49:40.243749
ACCT_00004406,CUST_002202,SAVINGS,307785881,BR_03,79473.83,CLOSED,2023-09-25,2026-09-20T15:49:40.243752
ACCT_00004407,CUST_002202,MONEY_MARKET,902397238,BR_12,12993.47,ACTIVE,2025-09-13,2026-09-20T15:49:40.243756
ACCT_00004408,CUST_002203,MONEY_MARKET,694215473,BR_01,450778.23,INACTIVE,2024-04-22,2026-09-20T15:49:40.243766
ACCT_00004409,CUST_002203,MONEY_MARKET,549990423,BR_06,251684.39,INACTIVE,2025-11-13,2026-09-20T15:49:40.243768
ACCT_00004410,CUST_002204,SAVINGS,627281961,BR_07,6669.16,CLOSED,2024-04-20,2026-09-20T15:49:40.243778
ACCT_00004411,CUST_002204,MONEY_MARKET,982525141,BR_01,323401.52,INACTIVE,2024-03-03,2026-09-20T15:49:40.243781
ACCT_00004412,CUST_002204,CHECKING,846008427,BR_11,128609.11,INACTIVE,2025-08-24,2026-09-20T15:49:40.243784
ACCT_00004413,CUST_002205,SAVINGS,333559158,BR_08,275101.14,CLOSED,2025-03-26,2026-09-20T15:49:40.243794
ACCT_00004414,CUST_002205,SAVINGS,631306826,BR_09,453079.49,INACTIVE,2026-07-24,2026-09-20T15:49:40.243797
ACCT_00004415,CUST_002206,CHECKING,970228567,BR_12,349567.47,INACTIVE,2024-04-20,2026-09-20T15:49:40.243806
ACCT_00004416,CUST_002206,SAVINGS,613840513,BR_08,229128.29,ACTIVE,2024-03-16,2026-09-20T15:49:40.243809
ACCT_00004417,CUST_002207,CHECKING,760159756,BR_09,250111.57,INACTIVE,2025-10-12,2026-09-20T15:49:40.243819
ACCT_00004418,CUST_002208,SAVINGS,266497851,BR_07,261274.09,CLOSED,2025-11-15,2026-09-20T15:49:40.243828
ACCT_00004419,CUST_002208,MONEY_MARKET,955395254,BR_03,446801.07,CLOSED,2022-08-09,2026-09-20T15:49:40.243831
ACCT_00004420,CUST_002208,CHECKING,859611953,BR_11,377969.14,INACTIVE,2025-12-20,2026-09-20T15:49:40.243834
ACCT_00004421,CUST_002209,CHECKING,101406394,BR_06,98017.98,INACTIVE,2026-03-22,2026-09-20T15:49:40.243844
ACCT_00004422,CUST_002209,MONEY_MARKET,653992744,BR_07,16734.37,INACTIVE,2022-07-21,2026-09-20T15:49:40.243847
ACCT_00004423,CUST_002210,SAVINGS,682772025,BR_09,5386.18,ACTIVE,2026-03-22,2026-09-20T15:49:40.243856
ACCT_00004424,CUST_002210,MONEY_MARKET,788551312,BR_07,189061.65,INACTIVE,2021-10-05,2026-09-20T15:49:40.243860
ACCT_00004425,CUST_002210,MONEY_MARKET,999917737,BR_06,318025.11,ACTIVE,2024-01-10,2026-09-20T15:49:40.243862
ACCT_00004426,CUST_002211,MONEY_MARKET,304986072,BR_15,61693.02,ACTIVE,2022-05-16,2026-09-20T15:49:40.243872
ACCT_00004427,CUST_002211,SAVINGS,243383352,BR_09,342387.65,ACTIVE,2024-07-18,2026-09-20T15:49:40.243875
ACCT_00004428,CUST_002211,MONEY_MARKET,836235707,BR_05,41694.6,INACTIVE,2022-03-14,2026-09-20T15:49:40.243878
ACCT_00004429,CUST_002212,CHECKING,719335233,BR_10,42891.39,CLOSED,2023-07-09,2026-09-20T15:49:40.243887
ACCT_00004430,CUST_002213,SAVINGS,697177049,BR_01,261197.51,ACTIVE,2022-09-13,2026-09-20T15:49:40.243897
ACCT_00004431,CUST_002213,CHECKING,606034235,BR_01,346100.38,CLOSED,2022-10-18,2026-09-20T15:49:40.243900
ACCT_00004432,CUST_002213,SAVINGS,621729941,BR_14,449216.2,INACTIVE,2025-09-06,2026-09-20T15:49:40.243903
ACCT_00004433,CUST_002214,SAVINGS,601801731,BR_11,51819.94,ACTIVE,2023-12-30,2026-09-20T15:49:40.243914
ACCT_00004434,CUST_002215,CHECKING,405996296,BR_04,112545.21,CLOSED,2023-05-24,2026-09-20T15:49:40.243924
ACCT_00004435,CUST_002215,SAVINGS,885989218,BR_08,298591.59,INACTIVE,2022-09-19,2026-09-20T15:49:40.243927
ACCT_00004436,CUST_002216,MONEY_MARKET,415326669,BR_07,41710.42,ACTIVE,2024-10-20,2026-09-20T15:49:40.243936
ACCT_00004437,CUST_002217,CHECKING,137567810,BR_15,414355.77,ACTIVE,2026-05-09,2026-09-20T15:49:40.243946
ACCT_00004438,CUST_002218,SAVINGS,154756834,BR_14,53157.01,CLOSED,2022-07-04,2026-09-20T15:49:40.243956
ACCT_00004439,CUST_002218,SAVINGS,130147501,BR_12,88387.6,INACTIVE,2026-05-15,2026-09-20T15:49:40.243959
ACCT_00004440,CUST_002218,CHECKING,473678881,BR_11,144601.03,INACTIVE,2025-09-21,2026-09-20T15:49:40.243962
ACCT_00004441,CUST_002219,MONEY_MARKET,346577861,BR_12,341370.6,ACTIVE,2026-06-15,2026-09-20T15:49:40.243971
ACCT_00004442,CUST_002219,CHECKING,112836768,BR_11,86157.09,INACTIVE,2024-08-05,2026-09-20T15:49:40.243974
ACCT_00004443,CUST_002219,MONEY_MARKET,948852893,BR_10,236738.17,CLOSED,2024-01-21,2026-09-20T15:49:40.243977
ACCT_00004444,CUST_002220,MONEY_MARKET,802176474,BR_11,430061.78,INACTIVE,2023-01-19,2026-09-20T15:49:40.243987
ACCT_00004445,CUST_002220,CHECKING,743328230,BR_07,160713.43,CLOSED,2024-02-09,2026-09-20T15:49:40.243990
ACCT_00004446,CUST_002220,MONEY_MARKET,432035424,BR_05,415725.14,ACTIVE,2024-09-11,2026-09-20T15:49:40.243993
ACCT_00004447,CUST_002221,SAVINGS,812005303,BR_11,340260.4,CLOSED,2025-03-11,2026-09-20T15:49:40.244003
ACCT_00004448,CUST_002222,MONEY_MARKET,277987202,BR_01,140712.2,INACTIVE,2025-01-16,2026-09-20T15:49:40.244012
ACCT_00004449,CUST_002222,CHECKING,474974183,BR_13,359427.48,INACTIVE,2025-01-01,2026-09-20T15:49:40.244015
ACCT_00004450,CUST_002222,CHECKING,951847913,BR_13,339999.21,INACTIVE,2026-02-12,2026-09-20T15:49:40.244018
ACCT_00004451,CUST_002223,CHECKING,592402915,BR_15,390510.25,CLOSED,2022-05-03,2026-09-20T15:49:40.244028
ACCT_00004452,CUST_002224,SAVINGS,947627611,BR_07,398131.06,INACTIVE,2022-06-25,2026-09-20T15:49:40.244037
ACCT_00004453,CUST_002225,MONEY_MARKET,752754334,BR_08,189722.32,ACTIVE,2022-06-21,2026-09-20T15:49:40.244047
ACCT_00004454,CUST_002225,MONEY_MARKET,504504391,BR_13,458624.98,CLOSED,2024-11-04,2026-09-20T15:49:40.244050
ACCT_00004455,CUST_002225,SAVINGS,633010273,BR_13,44292.96,INACTIVE,2024-12-13,2026-09-20T15:49:40.244053
ACCT_00004456,CUST_002226,MONEY_MARKET,149850042,BR_13,181648.73,INACTIVE,2023-03-10,2026-09-20T15:49:40.244062
ACCT_00004457,CUST_002226,MONEY_MARKET,519817469,BR_09,254619.05,INACTIVE,2025-02-09,2026-09-20T15:49:40.244065
ACCT_00004458,CUST_002226,MONEY_MARKET,757424711,BR_01,257802.48,ACTIVE,2022-01-16,2026-09-20T15:49:40.244069
ACCT_00004459,CUST_002227,MONEY_MARKET,530321100,BR_03,141692.41,ACTIVE,2022-11-10,2026-09-20T15:49:40.244079
ACCT_00004460,CUST_002227,SAVINGS,576965484,BR_05,132840.1,ACTIVE,2023-06-22,2026-09-20T15:49:40.244082
ACCT_00004461,CUST_002228,MONEY_MARKET,698977301,BR_07,104628.95,INACTIVE,2024-07-17,2026-09-20T15:49:40.244091
ACCT_00004462,CUST_002228,CHECKING,440739012,BR_03,487009.74,CLOSED,2023-04-29,2026-09-20T15:49:40.244094
ACCT_00004463,CUST_002228,CHECKING,204336784,BR_15,58368.34,CLOSED,2026-04-27,2026-09-20T15:49:40.244097
ACCT_00004464,CUST_002229,MONEY_MARKET,499372690,BR_13,346521.46,ACTIVE,2023-08-23,2026-09-20T15:49:40.244111
ACCT_00004465,CUST_002229,SAVINGS,540619052,BR_11,212203.01,CLOSED,2023-03-22,2026-09-20T15:49:40.244114
ACCT_00004466,CUST_002229,MONEY_MARKET,817594583,BR_12,160821.37,ACTIVE,2022-01-18,2026-09-20T15:49:40.244117
ACCT_00004467,CUST_002230,CHECKING,360664643,BR_06,413393.72,INACTIVE,2025-12-23,2026-09-20T15:49:40.244127
ACCT_00004468,CUST_002231,MONEY_MARKET,325104251,BR_01,409385.25,INACTIVE,2022-08-01,2026-09-20T15:49:40.244137
ACCT_00004469,CUST_002231,MONEY_MARKET,313201783,BR_11,137571.63,CLOSED,2026-08-04,2026-09-20T15:49:40.244140
ACCT_00004470,CUST_002231,CHECKING,267714875,BR_03,328354.84,INACTIVE,2025-02-25,2026-09-20T15:49:40.244143
ACCT_00004471,CUST_002232,SAVINGS,761639325,BR_08,331382.63,ACTIVE,2026-08-04,2026-09-20T15:49:40.244154
ACCT_00004472,CUST_002233,SAVINGS,418371648,BR_09,413134.56,CLOSED,2023-09-28,2026-09-20T15:49:40.244164
ACCT_00004473,CUST_002233,SAVINGS,950065142,BR_09,432245.11,CLOSED,2023-03-22,2026-09-20T15:49:40.244167
ACCT_00004474,CUST_002234,CHECKING,914643804,BR_13,141029.69,CLOSED,2025-03-16,2026-09-20T15:49:40.244177
ACCT_00004475,CUST_002235,MONEY_MARKET,679640608,BR_05,223483.54,INACTIVE,2026-08-11,2026-09-20T15:49:40.244187
ACCT_00004476,CUST_002235,SAVINGS,287373235,BR_10,124028.51,INACTIVE,2026-01-21,2026-09-20T15:49:40.244190
ACCT_00004477,CUST_002235,SAVINGS,874230336,BR_09,459433.57,CLOSED,2023-12-24,2026-09-20T15:49:40.244192
ACCT_00004478,CUST_002236,CHECKING,381589317,BR_07,39353.47,ACTIVE,2023-11-03,2026-09-20T15:49:40.244202
ACCT_00004479,CUST_002237,MONEY_MARKET,150916077,BR_13,135784.77,ACTIVE,2023-02-26,2026-09-20T15:49:40.244212
ACCT_00004480,CUST_002237,CHECKING,555076781,BR_08,432149.81,INACTIVE,2023-03-01,2026-09-20T15:49:40.244215
ACCT_00004481,CUST_002238,MONEY_MARKET,796915320,BR_10,227552.51,CLOSED,2023-09-12,2026-09-20T15:49:40.244224
ACCT_00004482,CUST_002238,SAVINGS,605342768,BR_06,146667.71,INACTIVE,2023-10-06,2026-09-20T15:49:40.244228
ACCT_00004483,CUST_002238,SAVINGS,585244416,BR_13,147526.0,ACTIVE,2025-04-26,2026-09-20T15:49:40.244231
ACCT_00004484,CUST_002239,CHECKING,224067290,BR_15,305227.29,ACTIVE,2022-08-04,2026-09-20T15:49:40.244240
ACCT_00004485,CUST_002239,MONEY_MARKET,842944200,BR_04,208032.83,ACTIVE,2022-10-06,2026-09-20T15:49:40.244243
ACCT_00004486,CUST_002240,MONEY_MARKET,567039270,BR_03,347720.2,INACTIVE,2022-12-02,2026-09-20T15:49:40.244253
ACCT_00004487,CUST_002240,CHECKING,849787654,BR_10,104476.55,INACTIVE,2025-03-29,2026-09-20T15:49:40.244256
ACCT_00004488,CUST_002241,MONEY_MARKET,129222275,BR_02,76680.28,INACTIVE,2021-12-02,2026-09-20T15:49:40.244266
ACCT_00004489,CUST_002241,MONEY_MARKET,407458194,BR_13,147373.52,CLOSED,2025-04-12,2026-09-20T15:49:40.244269
ACCT_00004490,CUST_002241,SAVINGS,871770122,BR_13,334572.97,INACTIVE,2025-12-21,2026-09-20T15:49:40.244271
ACCT_00004491,CUST_002242,SAVINGS,539793388,BR_09,401678.38,ACTIVE,2022-09-07,2026-09-20T15:49:40.244281
ACCT_00004492,CUST_002243,MONEY_MARKET,357689863,BR_14,448139.41,INACTIVE,2026-06-25,2026-09-20T15:49:40.244291
ACCT_00004493,CUST_002244,SAVINGS,460012610,BR_10,126236.36,ACTIVE,2021-10-12,2026-09-20T15:49:40.244302
ACCT_00004494,CUST_002244,SAVINGS,349178531,BR_02,189445.81,ACTIVE,2022-09-04,2026-09-20T15:49:40.244305
ACCT_00004495,CUST_002244,CHECKING,582658418,BR_11,461909.2,ACTIVE,2025-03-31,2026-09-20T15:49:40.244308
ACCT_00004496,CUST_002245,CHECKING,998718354,BR_08,480114.95,ACTIVE,2022-02-08,2026-09-20T15:49:40.244318
ACCT_00004497,CUST_002246,MONEY_MARKET,905795792,BR_15,246079.78,CLOSED,2024-04-26,2026-09-20T15:49:40.244328
ACCT_00004498,CUST_002246,MONEY_MARKET,796536499,BR_03,142205.98,INACTIVE,2021-09-30,2026-09-20T15:49:40.244331
ACCT_00004499,CUST_002246,SAVINGS,549221166,BR_04,430802.56,ACTIVE,2025-11-28,2026-09-20T15:49:40.244334
ACCT_00004500,CUST_002247,CHECKING,325171093,BR_09,349294.4,INACTIVE,2023-08-02,2026-09-20T15:49:40.244343
ACCT_00004501,CUST_002247,CHECKING,698719149,BR_15,244186.19,ACTIVE,2024-06-03,2026-09-20T15:49:40.244346
ACCT_00004502,CUST_002247,SAVINGS,183294728,BR_06,348507.54,INACTIVE,2024-09-10,2026-09-20T15:49:40.244349
ACCT_00004503,CUST_002248,MONEY_MARKET,455761978,BR_09,200729.8,ACTIVE,2024-08-27,2026-09-20T15:49:40.244359
ACCT_00004504,CUST_002248,SAVINGS,450150925,BR_12,416707.01,ACTIVE,2023-09-16,2026-09-20T15:49:40.244362
ACCT_00004505,CUST_002248,CHECKING,277432984,BR_11,427271.75,CLOSED,2023-09-17,2026-09-20T15:49:40.244364
ACCT_00004506,CUST_002249,SAVINGS,249797536,BR_02,469077.0,CLOSED,2023-09-15,2026-09-20T15:49:40.244374
ACCT_00004507,CUST_002250,MONEY_MARKET,509338013,BR_07,292041.44,INACTIVE,2021-12-17,2026-09-20T15:49:40.244383
ACCT_00004508,CUST_002250,MONEY_MARKET,392604192,BR_07,294707.04,CLOSED,2023-03-30,2026-09-20T15:49:40.244386
ACCT_00004509,CUST_002250,MONEY_MARKET,917310639,BR_05,87884.0,CLOSED,2025-10-05,2026-09-20T15:49:40.244389
ACCT_00004510,CUST_002251,MONEY_MARKET,407689822,BR_08,441725.82,INACTIVE,2025-10-10,2026-09-20T15:49:40.244399
ACCT_00004511,CUST_002251,CHECKING,360424172,BR_02,334957.43,CLOSED,2025-09-12,2026-09-20T15:49:40.244402
ACCT_00004512,CUST_002251,MONEY_MARKET,680243678,BR_09,433537.15,INACTIVE,2026-02-16,2026-09-20T15:49:40.244405
ACCT_00004513,CUST_002252,CHECKING,325065070,BR_12,79755.11,ACTIVE,2025-06-22,2026-09-20T15:49:40.244414
ACCT_00004514,CUST_002252,SAVINGS,509777764,BR_09,218295.75,INACTIVE,2025-12-05,2026-09-20T15:49:40.244417
ACCT_00004515,CUST_002252,SAVINGS,904202650,BR_08,272615.52,ACTIVE,2024-03-29,2026-09-20T15:49:40.244420
ACCT_00004516,CUST_002253,MONEY_MARKET,812322766,BR_13,169028.29,INACTIVE,2025-10-31,2026-09-20T15:49:40.244430
ACCT_00004517,CUST_002253,MONEY_MARKET,596893814,BR_12,189421.65,ACTIVE,2022-08-03,2026-09-20T15:49:40.244433
ACCT_00004518,CUST_002253,CHECKING,260570819,BR_01,252958.9,INACTIVE,2024-02-14,2026-09-20T15:49:40.244436
ACCT_00004519,CUST_002254,CHECKING,992453226,BR_05,218872.0,ACTIVE,2022-06-21,2026-09-20T15:49:40.244446
ACCT_00004520,CUST_002254,CHECKING,536690691,BR_03,332952.46,ACTIVE,2022-01-07,2026-09-20T15:49:40.244448
ACCT_00004521,CUST_002254,CHECKING,385572146,BR_11,316684.34,CLOSED,2022-09-09,2026-09-20T15:49:40.244451
ACCT_00004522,CUST_002255,SAVINGS,360616328,BR_06,445364.66,ACTIVE,2025-07-22,2026-09-20T15:49:40.244461
ACCT_00004523,CUST_002255,MONEY_MARKET,238582803,BR_14,402129.57,INACTIVE,2023-11-02,2026-09-20T15:49:40.244464
ACCT_00004524,CUST_002256,MONEY_MARKET,923671061,BR_01,28061.74,INACTIVE,2025-06-11,2026-09-20T15:49:40.244474
ACCT_00004525,CUST_002256,SAVINGS,669878317,BR_06,352888.87,INACTIVE,2025-05-31,2026-09-20T15:49:40.244477
ACCT_00004526,CUST_002256,CHECKING,235105839,BR_13,231194.86,CLOSED,2023-01-27,2026-09-20T15:49:40.244479
ACCT_00004527,CUST_002257,CHECKING,282767261,BR_09,172261.02,INACTIVE,2026-07-06,2026-09-20T15:49:40.244489
ACCT_00004528,CUST_002257,SAVINGS,861482442,BR_03,394350.81,ACTIVE,2022-05-11,2026-09-20T15:49:40.244492
ACCT_00004529,CUST_002257,MONEY_MARKET,263630732,BR_06,171157.26,INACTIVE,2024-05-03,2026-09-20T15:49:40.244495
ACCT_00004530,CUST_002258,MONEY_MARKET,880014661,BR_13,350208.91,ACTIVE,2023-05-24,2026-09-20T15:49:40.244505
ACCT_00004531,CUST_002258,SAVINGS,591938431,BR_11,19434.89,ACTIVE,2026-01-21,2026-09-20T15:49:40.244508
ACCT_00004532,CUST_002258,SAVINGS,611827084,BR_09,268764.77,ACTIVE,2024-08-15,2026-09-20T15:49:40.244511
ACCT_00004533,CUST_002259,SAVINGS,784651936,BR_13,432127.02,INACTIVE,2021-10-06,2026-09-20T15:49:40.244520
ACCT_00004534,CUST_002259,MONEY_MARKET,594173278,BR_04,263868.95,INACTIVE,2024-07-04,2026-09-20T15:49:40.244524
ACCT_00004535,CUST_002259,MONEY_MARKET,110908362,BR_05,481958.41,INACTIVE,2023-10-02,2026-09-20T15:49:40.244527
ACCT_00004536,CUST_002260,SAVINGS,901148728,BR_11,215674.04,CLOSED,2025-05-11,2026-09-20T15:49:40.244538
ACCT_00004537,CUST_002260,CHECKING,301232445,BR_12,89240.07,ACTIVE,2022-10-09,2026-09-20T15:49:40.244541
ACCT_00004538,CUST_002260,CHECKING,404323640,BR_09,301183.6,INACTIVE,2023-08-23,2026-09-20T15:49:40.244544
ACCT_00004539,CUST_002261,MONEY_MARKET,569980318,BR_01,5382.67,INACTIVE,2025-09-24,2026-09-20T15:49:40.244554
ACCT_00004540,CUST_002261,CHECKING,827342192,BR_10,130959.02,INACTIVE,2023-05-16,2026-09-20T15:49:40.244557
ACCT_00004541,CUST_002262,MONEY_MARKET,399624885,BR_03,210930.73,ACTIVE,2023-11-26,2026-09-20T15:49:40.244566
ACCT_00004542,CUST_002262,SAVINGS,125801420,BR_11,277623.77,INACTIVE,2025-06-25,2026-09-20T15:49:40.244569
ACCT_00004543,CUST_002262,CHECKING,191421878,BR_03,472032.93,ACTIVE,2025-05-17,2026-09-20T15:49:40.244572
ACCT_00004544,CUST_002263,MONEY_MARKET,649382388,BR_01,346935.16,ACTIVE,2022-08-05,2026-09-20T15:49:40.244581
ACCT_00004545,CUST_002264,SAVINGS,197836569,BR_14,379627.48,ACTIVE,2023-08-03,2026-09-20T15:49:40.244591
ACCT_00004546,CUST_002264,CHECKING,366020733,BR_06,212206.75,CLOSED,2026-05-04,2026-09-20T15:49:40.244594
ACCT_00004547,CUST_002264,SAVINGS,688533376,BR_13,499105.97,ACTIVE,2023-08-10,2026-09-20T15:49:40.244597
ACCT_00004548,CUST_002265,CHECKING,225593408,BR_06,409322.88,ACTIVE,2024-01-28,2026-09-20T15:49:40.244606
ACCT_00004549,CUST_002265,SAVINGS,999479098,BR_13,98943.81,INACTIVE,2024-01-26,2026-09-20T15:49:40.244609
ACCT_00004550,CUST_002265,CHECKING,238835263,BR_11,328002.92,INACTIVE,2025-09-16,2026-09-20T15:49:40.244612
ACCT_00004551,CUST_002266,SAVINGS,176104413,BR_06,463008.48,INACTIVE,2023-03-25,2026-09-20T15:49:40.244622
ACCT_00004552,CUST_002266,SAVINGS,808723555,BR_10,184108.63,CLOSED,2023-05-19,2026-09-20T15:49:40.244625
ACCT_00004553,CUST_002266,MONEY_MARKET,417629070,BR_06,480361.11,INACTIVE,2023-06-15,2026-09-20T15:49:40.244628
ACCT_00004554,CUST_002267,MONEY_MARKET,712078334,BR_06,488133.67,ACTIVE,2024-09-19,2026-09-20T15:49:40.244637
ACCT_00004555,CUST_002267,SAVINGS,796362685,BR_04,344195.63,INACTIVE,2025-11-20,2026-09-20T15:49:40.244640
ACCT_00004556,CUST_002268,MONEY_MARKET,778112270,BR_02,221610.91,INACTIVE,2023-10-04,2026-09-20T15:49:40.244651
ACCT_00004557,CUST_002268,SAVINGS,407331728,BR_15,37245.9,ACTIVE,2023-02-20,2026-09-20T15:49:40.244654
ACCT_00004558,CUST_002268,SAVINGS,272285821,BR_12,156540.02,CLOSED,2021-11-08,2026-09-20T15:49:40.244657
ACCT_00004559,CUST_002269,SAVINGS,253987655,BR_13,466520.99,INACTIVE,2022-11-21,2026-09-20T15:49:40.244667
ACCT_00004560,CUST_002269,MONEY_MARKET,792818734,BR_09,82096.37,ACTIVE,2024-06-05,2026-09-20T15:49:40.244670
ACCT_00004561,CUST_002269,MONEY_MARKET,436440986,BR_02,436845.74,CLOSED,2023-02-10,2026-09-20T15:49:40.244673
ACCT_00004562,CUST_002270,CHECKING,199354801,BR_05,416132.15,INACTIVE,2023-11-19,2026-09-20T15:49:40.244683
ACCT_00004563,CUST_002270,SAVINGS,862928509,BR_05,159902.75,ACTIVE,2022-02-17,2026-09-20T15:49:40.244686
ACCT_00004564,CUST_002270,CHECKING,143336417,BR_13,403435.84,ACTIVE,2023-12-26,2026-09-20T15:49:40.244688
ACCT_00004565,CUST_002271,SAVINGS,921449238,BR_10,440865.78,INACTIVE,2025-07-03,2026-09-20T15:49:40.244698
ACCT_00004566,CUST_002271,CHECKING,650712378,BR_12,387327.64,ACTIVE,2024-12-15,2026-09-20T15:49:40.244701
ACCT_00004567,CUST_002271,CHECKING,302457073,BR_14,364418.03,CLOSED,2021-10-29,2026-09-20T15:49:40.244704
ACCT_00004568,CUST_002272,CHECKING,876847310,BR_15,45871.8,ACTIVE,2022-07-02,2026-09-20T15:49:40.244713
ACCT_00004569,CUST_002273,SAVINGS,110315353,BR_12,351145.11,CLOSED,2025-07-07,2026-09-20T15:49:40.244723
ACCT_00004570,CUST_002273,SAVINGS,350774106,BR_05,322028.47,ACTIVE,2023-05-30,2026-09-20T15:49:40.244726
ACCT_00004571,CUST_002274,CHECKING,289008021,BR_13,358303.09,CLOSED,2026-06-03,2026-09-20T15:49:40.244736
ACCT_00004572,CUST_002274,SAVINGS,871408456,BR_14,330051.29,INACTIVE,2023-12-16,2026-09-20T15:49:40.244739
ACCT_00004573,CUST_002275,SAVINGS,725985668,BR_10,30659.2,ACTIVE,2025-01-20,2026-09-20T15:49:40.244750
ACCT_00004574,CUST_002275,SAVINGS,752601097,BR_15,126515.04,ACTIVE,2022-02-24,2026-09-20T15:49:40.244753
ACCT_00004575,CUST_002275,MONEY_MARKET,354119066,BR_15,77016.25,INACTIVE,2024-05-11,2026-09-20T15:49:40.244756
ACCT_00004576,CUST_002276,CHECKING,694518136,BR_15,297212.3,ACTIVE,2025-06-30,2026-09-20T15:49:40.244765
ACCT_00004577,CUST_002277,MONEY_MARKET,883682170,BR_04,131066.86,CLOSED,2022-08-28,2026-09-20T15:49:40.244775
ACCT_00004578,CUST_002277,SAVINGS,607870785,BR_02,101144.09,CLOSED,2022-05-03,2026-09-20T15:49:40.244778
ACCT_00004579,CUST_002278,MONEY_MARKET,564291699,BR_12,88032.73,INACTIVE,2024-03-29,2026-09-20T15:49:40.244788
ACCT_00004580,CUST_002278,MONEY_MARKET,546688132,BR_02,92901.18,ACTIVE,2025-01-04,2026-09-20T15:49:40.244791
ACCT_00004581,CUST_002278,CHECKING,224526710,BR_13,58336.98,ACTIVE,2022-04-21,2026-09-20T15:49:40.244794
ACCT_00004582,CUST_002279,MONEY_MARKET,192677228,BR_15,347933.17,ACTIVE,2023-10-27,2026-09-20T15:49:40.244803
ACCT_00004583,CUST_002280,CHECKING,142341383,BR_02,145070.58,INACTIVE,2023-07-01,2026-09-20T15:49:40.244813
ACCT_00004584,CUST_002281,CHECKING,763646603,BR_09,475398.91,ACTIVE,2023-07-10,2026-09-20T15:49:40.244822
ACCT_00004585,CUST_002282,MONEY_MARKET,667249004,BR_12,35210.82,INACTIVE,2022-11-03,2026-09-20T15:49:40.244832
ACCT_00004586,CUST_002282,SAVINGS,424289971,BR_13,180295.76,ACTIVE,2025-12-25,2026-09-20T15:49:40.244835
ACCT_00004587,CUST_002282,MONEY_MARKET,215633826,BR_11,287899.77,CLOSED,2026-06-09,2026-09-20T15:49:40.244838
ACCT_00004588,CUST_002283,CHECKING,175273206,BR_11,108557.39,INACTIVE,2024-06-09,2026-09-20T15:49:40.244847
ACCT_00004589,CUST_002283,MONEY_MARKET,880674791,BR_14,348125.55,ACTIVE,2024-02-28,2026-09-20T15:49:40.244850
ACCT_00004590,CUST_002283,CHECKING,350723630,BR_13,215575.96,CLOSED,2024-05-27,2026-09-20T15:49:40.244853
ACCT_00004591,CUST_002284,CHECKING,422544326,BR_15,355791.26,CLOSED,2026-04-02,2026-09-20T15:49:40.244863
ACCT_00004592,CUST_002284,SAVINGS,191349810,BR_01,429142.96,ACTIVE,2022-10-07,2026-09-20T15:49:40.244866
ACCT_00004593,CUST_002285,MONEY_MARKET,199043786,BR_10,57664.24,CLOSED,2022-03-11,2026-09-20T15:49:40.244875
ACCT_00004594,CUST_002285,SAVINGS,411988793,BR_01,160597.61,ACTIVE,2026-01-04,2026-09-20T15:49:40.244878
ACCT_00004595,CUST_002285,CHECKING,875431611,BR_04,390882.61,ACTIVE,2022-05-11,2026-09-20T15:49:40.244881
ACCT_00004596,CUST_002286,SAVINGS,957933675,BR_05,296257.61,INACTIVE,2026-06-26,2026-09-20T15:49:40.244891
ACCT_00004597,CUST_002287,CHECKING,374987205,BR_15,259667.39,INACTIVE,2024-09-14,2026-09-20T15:49:40.244900
ACCT_00004598,CUST_002287,CHECKING,987314839,BR_12,248016.15,INACTIVE,2022-06-05,2026-09-20T15:49:40.244905
ACCT_00004599,CUST_002288,CHECKING,484513349,BR_12,429845.7,INACTIVE,2025-10-14,2026-09-20T15:49:40.244915
ACCT_00004600,CUST_002288,CHECKING,180790045,BR_14,188724.43,CLOSED,2025-06-20,2026-09-20T15:49:40.244917
ACCT_00004601,CUST_002288,CHECKING,523455793,BR_01,417640.51,CLOSED,2023-11-07,2026-09-20T15:49:40.244920
ACCT_00004602,CUST_002289,MONEY_MARKET,881779940,BR_02,46501.72,CLOSED,2022-06-19,2026-09-20T15:49:40.244930
ACCT_00004603,CUST_002289,CHECKING,438719638,BR_13,444417.53,INACTIVE,2021-11-21,2026-09-20T15:49:40.244933
ACCT_00004604,CUST_002289,CHECKING,301824104,BR_13,428464.1,CLOSED,2024-07-06,2026-09-20T15:49:40.244936
ACCT_00004605,CUST_002290,CHECKING,555830832,BR_07,434836.2,ACTIVE,2026-07-25,2026-09-20T15:49:40.244946
ACCT_00004606,CUST_002291,MONEY_MARKET,752336251,BR_05,201356.58,CLOSED,2021-10-20,2026-09-20T15:49:40.244955
ACCT_00004607,CUST_002291,SAVINGS,526504333,BR_11,302337.57,CLOSED,2025-11-14,2026-09-20T15:49:40.244958
ACCT_00004608,CUST_002292,CHECKING,840905250,BR_08,29726.68,INACTIVE,2026-01-12,2026-09-20T15:49:40.244968
ACCT_00004609,CUST_002293,MONEY_MARKET,441745800,BR_09,409414.22,ACTIVE,2023-05-22,2026-09-20T15:49:40.244977
ACCT_00004610,CUST_002293,SAVINGS,170546310,BR_05,328016.58,CLOSED,2024-04-12,2026-09-20T15:49:40.244980
ACCT_00004611,CUST_002293,CHECKING,368056614,BR_03,108179.7,ACTIVE,2021-11-26,2026-09-20T15:49:40.244983
ACCT_00004612,CUST_002294,SAVINGS,462543813,BR_15,267304.92,INACTIVE,2024-12-29,2026-09-20T15:49:40.244993
ACCT_00004613,CUST_002295,MONEY_MARKET,681658135,BR_12,263113.76,ACTIVE,2023-02-22,2026-09-20T15:49:40.245002
ACCT_00004614,CUST_002295,MONEY_MARKET,283716704,BR_04,234113.34,CLOSED,2022-07-14,2026-09-20T15:49:40.245006
ACCT_00004615,CUST_002296,MONEY_MARKET,629233933,BR_03,71156.11,INACTIVE,2023-08-08,2026-09-20T15:49:40.245016
ACCT_00004616,CUST_002297,CHECKING,836476019,BR_06,275249.77,INACTIVE,2022-06-22,2026-09-20T15:49:40.245026
ACCT_00004617,CUST_002297,SAVINGS,482328031,BR_06,499468.19,ACTIVE,2025-06-14,2026-09-20T15:49:40.245028
ACCT_00004618,CUST_002297,MONEY_MARKET,926025260,BR_02,447093.27,INACTIVE,2022-04-04,2026-09-20T15:49:40.245031
ACCT_00004619,CUST_002298,CHECKING,433734018,BR_09,430979.48,ACTIVE,2024-03-27,2026-09-20T15:49:40.245041
ACCT_00004620,CUST_002299,MONEY_MARKET,702147667,BR_15,103175.26,CLOSED,2023-11-24,2026-09-20T15:49:40.245050
ACCT_00004621,CUST_002299,CHECKING,525608985,BR_15,281339.89,CLOSED,2025-07-23,2026-09-20T15:49:40.245053
ACCT_00004622,CUST_002300,CHECKING,671111556,BR_01,16367.53,CLOSED,2025-04-26,2026-09-20T15:49:40.245063
ACCT_00004623,CUST_002301,SAVINGS,571346598,BR_06,259489.03,INACTIVE,2024-04-11,2026-09-20T15:49:40.245072
ACCT_00004624,CUST_002301,SAVINGS,655404401,BR_07,369053.33,CLOSED,2025-02-23,2026-09-20T15:49:40.245075
ACCT_00004625,CUST_002302,SAVINGS,347914405,BR_08,383385.29,ACTIVE,2026-06-03,2026-09-20T15:49:40.245085
ACCT_00004626,CUST_002303,CHECKING,213439922,BR_08,166524.88,ACTIVE,2023-06-01,2026-09-20T15:49:40.245095
ACCT_00004627,CUST_002303,SAVINGS,616239917,BR_07,18754.46,INACTIVE,2024-08-18,2026-09-20T15:49:40.245097
ACCT_00004628,CUST_002304,SAVINGS,105230073,BR_09,51808.96,CLOSED,2022-04-15,2026-09-20T15:49:40.245107
ACCT_00004629,CUST_002304,SAVINGS,371722511,BR_13,39827.64,INACTIVE,2025-08-21,2026-09-20T15:49:40.245110
ACCT_00004630,CUST_002304,MONEY_MARKET,221053478,BR_12,155871.76,ACTIVE,2022-09-12,2026-09-20T15:49:40.245113
ACCT_00004631,CUST_002305,CHECKING,178052074,BR_07,269553.57,ACTIVE,2026-01-25,2026-09-20T15:49:40.245122
ACCT_00004632,CUST_002305,SAVINGS,515227197,BR_15,15620.75,ACTIVE,2024-07-14,2026-09-20T15:49:40.245126
ACCT_00004633,CUST_002306,CHECKING,654477082,BR_10,83276.32,CLOSED,2022-06-11,2026-09-20T15:49:40.245135
ACCT_00004634,CUST_002307,SAVINGS,466892342,BR_06,354667.7,INACTIVE,2024-07-06,2026-09-20T15:49:40.245145
ACCT_00004635,CUST_002308,SAVINGS,288387941,BR_12,199178.45,ACTIVE,2024-07-05,2026-09-20T15:49:40.245154
ACCT_00004636,CUST_002308,MONEY_MARKET,908591578,BR_05,462457.19,ACTIVE,2023-11-02,2026-09-20T15:49:40.245157
ACCT_00004637,CUST_002309,CHECKING,386600440,BR_13,13748.55,INACTIVE,2022-02-27,2026-09-20T15:49:40.245167
ACCT_00004638,CUST_002309,MONEY_MARKET,392799879,BR_11,343024.21,INACTIVE,2024-09-28,2026-09-20T15:49:40.245171
ACCT_00004639,CUST_002310,SAVINGS,824310998,BR_07,393985.85,ACTIVE,2026-08-03,2026-09-20T15:49:40.245182
ACCT_00004640,CUST_002310,CHECKING,107457447,BR_14,43207.89,CLOSED,2024-04-26,2026-09-20T15:49:40.245185
ACCT_00004641,CUST_002310,MONEY_MARKET,247818619,BR_03,248321.86,ACTIVE,2025-05-27,2026-09-20T15:49:40.245188
ACCT_00004642,CUST_002311,SAVINGS,958845073,BR_10,235841.14,INACTIVE,2022-10-15,2026-09-20T15:49:40.245198
ACCT_00004643,CUST_002311,CHECKING,841381731,BR_02,325851.36,CLOSED,2022-05-06,2026-09-20T15:49:40.245201
ACCT_00004644,CUST_002311,SAVINGS,898589697,BR_14,401480.47,INACTIVE,2022-03-02,2026-09-20T15:49:40.245203
ACCT_00004645,CUST_002312,CHECKING,674537025,BR_06,329094.29,ACTIVE,2023-05-20,2026-09-20T15:49:40.245213
ACCT_00004646,CUST_002312,SAVINGS,999507991,BR_11,315527.35,ACTIVE,2022-03-18,2026-09-20T15:49:40.245216
ACCT_00004647,CUST_002312,MONEY_MARKET,307960912,BR_05,14785.39,CLOSED,2023-04-01,2026-09-20T15:49:40.245219
ACCT_00004648,CUST_002313,CHECKING,536355289,BR_11,459368.95,INACTIVE,2026-06-15,2026-09-20T15:49:40.245229
ACCT_00004649,CUST_002313,MONEY_MARKET,221871813,BR_02,94569.05,CLOSED,2022-03-16,2026-09-20T15:49:40.245232
ACCT_00004650,CUST_002313,SAVINGS,909190079,BR_13,473601.1,ACTIVE,2025-02-04,2026-09-20T15:49:40.245235
ACCT_00004651,CUST_002314,MONEY_MARKET,370451490,BR_09,136077.89,CLOSED,2023-12-25,2026-09-20T15:49:40.245244
ACCT_00004652,CUST_002314,SAVINGS,136427927,BR_01,345544.57,ACTIVE,2022-02-04,2026-09-20T15:49:40.245247
ACCT_00004653,CUST_002314,SAVINGS,712475733,BR_06,356292.84,CLOSED,2024-10-04,2026-09-20T15:49:40.245250
ACCT_00004654,CUST_002315,CHECKING,427363402,BR_13,90703.06,INACTIVE,2025-03-17,2026-09-20T15:49:40.245260
ACCT_00004655,CUST_002315,SAVINGS,758264623,BR_12,193660.26,CLOSED,2024-10-16,2026-09-20T15:49:40.245263
ACCT_00004656,CUST_002315,SAVINGS,248378419,BR_14,42363.3,CLOSED,2022-06-04,2026-09-20T15:49:40.245266
ACCT_00004657,CUST_002316,SAVINGS,846586528,BR_12,484596.31,INACTIVE,2025-11-27,2026-09-20T15:49:40.245277
ACCT_00004658,CUST_002316,SAVINGS,468073278,BR_03,250294.83,ACTIVE,2026-01-04,2026-09-20T15:49:40.245281
ACCT_00004659,CUST_002316,SAVINGS,897238185,BR_15,498024.81,CLOSED,2021-10-16,2026-09-20T15:49:40.245284
ACCT_00004660,CUST_002317,MONEY_MARKET,579779041,BR_04,135523.97,INACTIVE,2023-05-22,2026-09-20T15:49:40.245294
ACCT_00004661,CUST_002318,SAVINGS,848524398,BR_13,159530.23,ACTIVE,2025-04-29,2026-09-20T15:49:40.245303
ACCT_00004662,CUST_002318,SAVINGS,823871532,BR_02,408075.73,CLOSED,2025-06-12,2026-09-20T15:49:40.245308
ACCT_00004663,CUST_002318,MONEY_MARKET,344762631,BR_14,81236.87,INACTIVE,2022-07-14,2026-09-20T15:49:40.245311
ACCT_00004664,CUST_002319,MONEY_MARKET,622282355,BR_12,45639.09,CLOSED,2021-11-10,2026-09-20T15:49:40.245320
ACCT_00004665,CUST_002319,CHECKING,156930671,BR_02,222533.51,INACTIVE,2023-07-09,2026-09-20T15:49:40.245323
ACCT_00004666,CUST_002319,CHECKING,234700850,BR_11,356080.19,INACTIVE,2023-01-26,2026-09-20T15:49:40.245326
ACCT_00004667,CUST_002320,SAVINGS,581542718,BR_07,476024.19,CLOSED,2022-07-01,2026-09-20T15:49:40.245337
ACCT_00004668,CUST_002320,CHECKING,143974140,BR_14,135364.96,CLOSED,2024-12-12,2026-09-20T15:49:40.245340
ACCT_00004669,CUST_002320,MONEY_MARKET,402625182,BR_02,349455.55,INACTIVE,2025-08-31,2026-09-20T15:49:40.245344
ACCT_00004670,CUST_002321,MONEY_MARKET,784080710,BR_14,444784.71,ACTIVE,2024-11-18,2026-09-20T15:49:40.245354
ACCT_00004671,CUST_002321,MONEY_MARKET,476458822,BR_13,74960.86,CLOSED,2025-07-04,2026-09-20T15:49:40.245357
ACCT_00004672,CUST_002321,MONEY_MARKET,328994174,BR_08,84574.09,CLOSED,2022-02-05,2026-09-20T15:49:40.245360
ACCT_00004673,CUST_002322,MONEY_MARKET,485688111,BR_14,202751.17,INACTIVE,2023-06-03,2026-09-20T15:49:40.245370
ACCT_00004674,CUST_002322,MONEY_MARKET,233889551,BR_11,104138.53,ACTIVE,2024-04-24,2026-09-20T15:49:40.245373
ACCT_00004675,CUST_002323,SAVINGS,394118131,BR_11,228226.71,CLOSED,2023-12-28,2026-09-20T15:49:40.245382
ACCT_00004676,CUST_002323,CHECKING,988992438,BR_02,170891.51,CLOSED,2025-11-28,2026-09-20T15:49:40.245385
ACCT_00004677,CUST_002324,MONEY_MARKET,169524031,BR_14,262390.47,INACTIVE,2026-06-06,2026-09-20T15:49:40.245395
ACCT_00004678,CUST_002324,MONEY_MARKET,660214685,BR_13,297299.32,ACTIVE,2022-08-05,2026-09-20T15:49:40.245398
ACCT_00004679,CUST_002324,CHECKING,623600807,BR_12,288471.18,ACTIVE,2024-04-20,2026-09-20T15:49:40.245401
ACCT_00004680,CUST_002325,CHECKING,422870689,BR_15,200724.24,INACTIVE,2024-07-01,2026-09-20T15:49:40.245410
ACCT_00004681,CUST_002326,MONEY_MARKET,187752502,BR_02,499679.31,CLOSED,2025-04-15,2026-09-20T15:49:40.245420
ACCT_00004682,CUST_002326,CHECKING,914163139,BR_10,228792.52,INACTIVE,2025-09-02,2026-09-20T15:49:40.245423
ACCT_00004683,CUST_002326,MONEY_MARKET,924039290,BR_05,436594.09,INACTIVE,2025-06-12,2026-09-20T15:49:40.245425
ACCT_00004684,CUST_002327,MONEY_MARKET,654244367,BR_15,273355.38,CLOSED,2022-05-07,2026-09-20T15:49:40.245435
ACCT_00004685,CUST_002327,SAVINGS,862838044,BR_03,120663.59,CLOSED,2022-11-20,2026-09-20T15:49:40.245438
ACCT_00004686,CUST_002327,SAVINGS,413953362,BR_09,337377.82,CLOSED,2023-11-11,2026-09-20T15:49:40.245441
ACCT_00004687,CUST_002328,CHECKING,160672962,BR_08,280202.71,ACTIVE,2023-02-03,2026-09-20T15:49:40.245450
ACCT_00004688,CUST_002328,CHECKING,465756137,BR_04,86373.68,ACTIVE,2025-10-04,2026-09-20T15:49:40.245453
ACCT_00004689,CUST_002329,MONEY_MARKET,880689533,BR_13,277508.1,ACTIVE,2023-07-21,2026-09-20T15:49:40.245463
ACCT_00004690,CUST_002330,CHECKING,536131305,BR_08,285918.45,CLOSED,2026-04-20,2026-09-20T15:49:40.245473
ACCT_00004691,CUST_002331,SAVINGS,814944787,BR_07,206026.18,ACTIVE,2025-10-22,2026-09-20T15:49:40.245482
ACCT_00004692,CUST_002331,MONEY_MARKET,562114582,BR_06,455291.21,ACTIVE,2023-07-24,2026-09-20T15:49:40.245486
ACCT_00004693,CUST_002331,CHECKING,990072645,BR_10,323328.95,INACTIVE,2024-01-24,2026-09-20T15:49:40.245489
ACCT_00004694,CUST_002332,SAVINGS,430109961,BR_07,379014.52,CLOSED,2023-09-02,2026-09-20T15:49:40.245499
ACCT_00004695,CUST_002333,CHECKING,925209202,BR_12,681.81,ACTIVE,2025-07-31,2026-09-20T15:49:40.245508
ACCT_00004696,CUST_002334,MONEY_MARKET,607221206,BR_01,416000.11,CLOSED,2023-04-24,2026-09-20T15:49:40.245518
ACCT_00004697,CUST_002334,CHECKING,579981898,BR_01,405390.23,INACTIVE,2023-09-21,2026-09-20T15:49:40.245521
ACCT_00004698,CUST_002334,CHECKING,666645512,BR_11,256106.74,CLOSED,2024-04-20,2026-09-20T15:49:40.245524
ACCT_00004699,CUST_002335,MONEY_MARKET,920031135,BR_07,375754.92,CLOSED,2025-05-18,2026-09-20T15:49:40.245534
ACCT_00004700,CUST_002335,CHECKING,139282259,BR_08,400294.17,CLOSED,2026-06-11,2026-09-20T15:49:40.245537
ACCT_00004701,CUST_002335,MONEY_MARKET,652815593,BR_04,136553.92,INACTIVE,2023-04-23,2026-09-20T15:49:40.245540
ACCT_00004702,CUST_002336,MONEY_MARKET,846512972,BR_12,217653.5,CLOSED,2024-12-06,2026-09-20T15:49:40.245549
ACCT_00004703,CUST_002337,SAVINGS,539553381,BR_15,342088.94,CLOSED,2024-05-04,2026-09-20T15:49:40.245559
ACCT_00004704,CUST_002337,SAVINGS,163635500,BR_14,237438.5,INACTIVE,2022-11-12,2026-09-20T15:49:40.245562
ACCT_00004705,CUST_002337,SAVINGS,971957926,BR_06,197544.3,INACTIVE,2025-11-22,2026-09-20T15:49:40.245565
ACCT_00004706,CUST_002338,SAVINGS,524307581,BR_06,338523.17,ACTIVE,2022-04-21,2026-09-20T15:49:40.245574
ACCT_00004707,CUST_002338,MONEY_MARKET,647427081,BR_03,251122.35,INACTIVE,2023-05-09,2026-09-20T15:49:40.245577
ACCT_00004708,CUST_002339,SAVINGS,611776528,BR_10,175077.49,ACTIVE,2025-07-21,2026-09-20T15:49:40.245587
ACCT_00004709,CUST_002339,SAVINGS,458462604,BR_13,66275.21,ACTIVE,2026-04-19,2026-09-20T15:49:40.245589
ACCT_00004710,CUST_002340,SAVINGS,292791667,BR_07,305767.04,ACTIVE,2026-04-24,2026-09-20T15:49:40.245599
ACCT_00004711,CUST_002341,CHECKING,897996017,BR_07,331684.76,INACTIVE,2024-09-13,2026-09-20T15:49:40.245610
ACCT_00004712,CUST_002342,SAVINGS,575991269,BR_04,120836.89,CLOSED,2022-08-17,2026-09-20T15:49:40.245620
ACCT_00004713,CUST_002343,SAVINGS,909049162,BR_13,410026.76,ACTIVE,2022-07-13,2026-09-20T15:49:40.245629
ACCT_00004714,CUST_002344,CHECKING,459715746,BR_02,216397.0,INACTIVE,2025-10-25,2026-09-20T15:49:40.245639
ACCT_00004715,CUST_002344,MONEY_MARKET,259435122,BR_05,232545.66,CLOSED,2023-12-15,2026-09-20T15:49:40.245642
ACCT_00004716,CUST_002345,CHECKING,234372753,BR_06,354074.29,ACTIVE,2023-12-08,2026-09-20T15:49:40.245652
ACCT_00004717,CUST_002345,MONEY_MARKET,717139426,BR_10,491723.87,ACTIVE,2022-08-08,2026-09-20T15:49:40.245655
ACCT_00004718,CUST_002346,CHECKING,528895906,BR_12,462082.37,INACTIVE,2023-04-10,2026-09-20T15:49:40.245664
ACCT_00004719,CUST_002346,CHECKING,308437490,BR_03,246334.21,ACTIVE,2025-06-03,2026-09-20T15:49:40.245667
ACCT_00004720,CUST_002347,CHECKING,260469142,BR_09,471843.9,CLOSED,2024-05-24,2026-09-20T15:49:40.245677
ACCT_00004721,CUST_002347,CHECKING,930357371,BR_13,259865.78,INACTIVE,2025-11-08,2026-09-20T15:49:40.245680
ACCT_00004722,CUST_002348,SAVINGS,823883889,BR_03,93200.64,CLOSED,2025-06-22,2026-09-20T15:49:40.245689
ACCT_00004723,CUST_002349,CHECKING,350265190,BR_13,114790.96,INACTIVE,2022-01-06,2026-09-20T15:49:40.245699
ACCT_00004724,CUST_002350,MONEY_MARKET,867060616,BR_15,26698.0,CLOSED,2022-10-02,2026-09-20T15:49:40.245708
ACCT_00004725,CUST_002350,MONEY_MARKET,435215832,BR_03,327524.51,INACTIVE,2026-06-13,2026-09-20T15:49:40.245711
ACCT_00004726,CUST_002350,CHECKING,897858461,BR_08,5669.16,ACTIVE,2025-07-26,2026-09-20T15:49:40.245715
ACCT_00004727,CUST_002351,CHECKING,833150716,BR_02,316164.64,CLOSED,2022-02-03,2026-09-20T15:49:40.245725
ACCT_00004728,CUST_002352,CHECKING,672707218,BR_05,183630.46,CLOSED,2022-05-06,2026-09-20T15:49:40.245735
ACCT_00004729,CUST_002352,CHECKING,237312945,BR_06,322870.28,CLOSED,2023-02-17,2026-09-20T15:49:40.245738
ACCT_00004730,CUST_002352,CHECKING,389246942,BR_08,109638.35,ACTIVE,2023-04-26,2026-09-20T15:49:40.245741
ACCT_00004731,CUST_002353,MONEY_MARKET,789039032,BR_11,185905.09,CLOSED,2022-11-03,2026-09-20T15:49:40.245750
ACCT_00004732,CUST_002353,CHECKING,612731589,BR_07,285726.28,INACTIVE,2023-08-11,2026-09-20T15:49:40.245753
ACCT_00004733,CUST_002353,CHECKING,800668247,BR_11,193142.68,INACTIVE,2021-11-27,2026-09-20T15:49:40.245756
ACCT_00004734,CUST_002354,SAVINGS,429813964,BR_05,363980.42,CLOSED,2025-10-30,2026-09-20T15:49:40.245766
ACCT_00004735,CUST_002354,CHECKING,494760200,BR_08,332877.33,CLOSED,2022-03-14,2026-09-20T15:49:40.245769
ACCT_00004736,CUST_002354,CHECKING,597751737,BR_10,334391.74,INACTIVE,2025-01-06,2026-09-20T15:49:40.245771
ACCT_00004737,CUST_002355,SAVINGS,321468507,BR_12,72820.25,INACTIVE,2025-07-12,2026-09-20T15:49:40.245781
ACCT_00004738,CUST_002356,MONEY_MARKET,560287875,BR_09,264706.79,CLOSED,2025-06-29,2026-09-20T15:49:40.245791
ACCT_00004739,CUST_002356,SAVINGS,879351567,BR_03,263133.9,CLOSED,2025-06-10,2026-09-20T15:49:40.245794
ACCT_00004740,CUST_002356,MONEY_MARKET,961987993,BR_10,19104.27,CLOSED,2024-01-29,2026-09-20T15:49:40.245797
ACCT_00004741,CUST_002357,MONEY_MARKET,603315519,BR_15,458153.35,CLOSED,2023-09-26,2026-09-20T15:49:40.245806
ACCT_00004742,CUST_002357,CHECKING,827695820,BR_04,40243.3,INACTIVE,2026-07-06,2026-09-20T15:49:40.245809
ACCT_00004743,CUST_002357,CHECKING,277146842,BR_02,296972.06,INACTIVE,2022-05-23,2026-09-20T15:49:40.245812
ACCT_00004744,CUST_002358,MONEY_MARKET,551622146,BR_06,398954.12,ACTIVE,2022-10-27,2026-09-20T15:49:40.245822
ACCT_00004745,CUST_002358,MONEY_MARKET,881130243,BR_01,63970.61,ACTIVE,2024-06-01,2026-09-20T15:49:40.245824
ACCT_00004746,CUST_002358,SAVINGS,566435097,BR_15,455763.59,CLOSED,2023-09-13,2026-09-20T15:49:40.245827
ACCT_00004747,CUST_002359,MONEY_MARKET,820582137,BR_13,18508.09,CLOSED,2024-01-27,2026-09-20T15:49:40.245837
ACCT_00004748,CUST_002359,CHECKING,419614644,BR_08,208833.8,ACTIVE,2021-10-03,2026-09-20T15:49:40.245840
ACCT_00004749,CUST_002360,MONEY_MARKET,719555530,BR_11,265992.95,ACTIVE,2025-11-03,2026-09-20T15:49:40.245849
ACCT_00004750,CUST_002360,MONEY_MARKET,726608947,BR_06,362107.1,ACTIVE,2022-07-17,2026-09-20T15:49:40.245852
ACCT_00004751,CUST_002361,CHECKING,666653454,BR_06,92680.73,ACTIVE,2021-11-01,2026-09-20T15:49:40.245862
ACCT_00004752,CUST_002362,SAVINGS,281351053,BR_03,51671.37,INACTIVE,2023-06-19,2026-09-20T15:49:40.245871
ACCT_00004753,CUST_002362,SAVINGS,359859956,BR_15,338534.6,INACTIVE,2025-06-26,2026-09-20T15:49:40.245874
ACCT_00004754,CUST_002363,MONEY_MARKET,545207886,BR_04,298325.75,INACTIVE,2023-03-11,2026-09-20T15:49:40.245884
ACCT_00004755,CUST_002363,SAVINGS,740459562,BR_05,3710.62,CLOSED,2023-06-26,2026-09-20T15:49:40.245887
ACCT_00004756,CUST_002363,SAVINGS,444010866,BR_13,372075.04,INACTIVE,2024-08-10,2026-09-20T15:49:40.245889
ACCT_00004757,CUST_002364,MONEY_MARKET,801065592,BR_06,99273.35,INACTIVE,2026-04-24,2026-09-20T15:49:40.245899
ACCT_00004758,CUST_002364,MONEY_MARKET,626778070,BR_04,15752.56,ACTIVE,2022-07-01,2026-09-20T15:49:40.245902
ACCT_00004759,CUST_002365,CHECKING,811017432,BR_03,368177.04,INACTIVE,2025-06-30,2026-09-20T15:49:40.245911
ACCT_00004760,CUST_002366,MONEY_MARKET,503773227,BR_04,341479.86,ACTIVE,2024-09-02,2026-09-20T15:49:40.245921
ACCT_00004761,CUST_002366,MONEY_MARKET,519319325,BR_11,397385.26,ACTIVE,2022-08-08,2026-09-20T15:49:40.245924
ACCT_00004762,CUST_002367,CHECKING,282548833,BR_12,102332.1,CLOSED,2024-02-08,2026-09-20T15:49:40.245934
ACCT_00004763,CUST_002367,SAVINGS,705891322,BR_04,299234.92,ACTIVE,2024-04-01,2026-09-20T15:49:40.245937
ACCT_00004764,CUST_002367,MONEY_MARKET,520302252,BR_01,398494.44,CLOSED,2025-12-11,2026-09-20T15:49:40.245940
ACCT_00004765,CUST_002368,MONEY_MARKET,111141705,BR_05,274402.89,INACTIVE,2024-06-01,2026-09-20T15:49:40.245949
ACCT_00004766,CUST_002369,MONEY_MARKET,124594432,BR_12,221238.34,CLOSED,2025-10-10,2026-09-20T15:49:40.245959
ACCT_00004767,CUST_002369,SAVINGS,432367961,BR_05,461994.98,INACTIVE,2022-04-20,2026-09-20T15:49:40.245962
ACCT_00004768,CUST_002369,MONEY_MARKET,713127746,BR_11,345456.16,CLOSED,2024-01-04,2026-09-20T15:49:40.245965
ACCT_00004769,CUST_002370,SAVINGS,759317972,BR_06,315087.45,INACTIVE,2026-02-15,2026-09-20T15:49:40.245975
ACCT_00004770,CUST_002370,SAVINGS,562509442,BR_13,29233.98,CLOSED,2022-11-17,2026-09-20T15:49:40.245979
ACCT_00004771,CUST_002370,CHECKING,743676136,BR_04,247874.85,INACTIVE,2024-12-30,2026-09-20T15:49:40.245982
ACCT_00004772,CUST_002371,MONEY_MARKET,810662259,BR_06,319286.46,CLOSED,2026-01-13,2026-09-20T15:49:40.245992
ACCT_00004773,CUST_002371,CHECKING,406622147,BR_06,375638.45,ACTIVE,2022-08-17,2026-09-20T15:49:40.245995
ACCT_00004774,CUST_002371,SAVINGS,549325412,BR_07,480686.91,INACTIVE,2025-03-17,2026-09-20T15:49:40.245997
ACCT_00004775,CUST_002372,CHECKING,839449654,BR_04,269826.99,CLOSED,2026-04-27,2026-09-20T15:49:40.246007
ACCT_00004776,CUST_002372,MONEY_MARKET,927847320,BR_13,445940.94,CLOSED,2024-10-24,2026-09-20T15:49:40.246010
ACCT_00004777,CUST_002373,MONEY_MARKET,714824589,BR_01,329624.53,INACTIVE,2024-03-10,2026-09-20T15:49:40.246019
ACCT_00004778,CUST_002374,CHECKING,693914313,BR_04,221306.78,INACTIVE,2022-06-28,2026-09-20T15:49:40.246029
ACCT_00004779,CUST_002374,SAVINGS,575176523,BR_02,296748.17,CLOSED,2023-10-27,2026-09-20T15:49:40.246032
ACCT_00004780,CUST_002375,SAVINGS,393602802,BR_04,407662.58,INACTIVE,2026-05-25,2026-09-20T15:49:40.246041
ACCT_00004781,CUST_002376,SAVINGS,645580284,BR_06,309522.92,CLOSED,2026-05-30,2026-09-20T15:49:40.246051
ACCT_00004782,CUST_002376,SAVINGS,269374864,BR_12,161752.72,ACTIVE,2025-04-18,2026-09-20T15:49:40.246054
ACCT_00004783,CUST_002376,CHECKING,649223228,BR_14,285367.15,CLOSED,2021-12-28,2026-09-20T15:49:40.246057
ACCT_00004784,CUST_002377,SAVINGS,401097380,BR_07,401127.32,CLOSED,2025-09-17,2026-09-20T15:49:40.246069
ACCT_00004785,CUST_002377,SAVINGS,338683516,BR_05,387286.78,ACTIVE,2024-08-18,2026-09-20T15:49:40.246072
ACCT_00004786,CUST_002377,SAVINGS,667354120,BR_07,297472.83,ACTIVE,2026-01-04,2026-09-20T15:49:40.246075
ACCT_00004787,CUST_002378,CHECKING,836618296,BR_06,194499.06,ACTIVE,2023-10-23,2026-09-20T15:49:40.246084
ACCT_00004788,CUST_002379,CHECKING,105485787,BR_09,272996.23,ACTIVE,2024-10-14,2026-09-20T15:49:40.246094
ACCT_00004789,CUST_002379,SAVINGS,550550165,BR_10,145439.62,INACTIVE,2026-08-20,2026-09-20T15:49:40.246098
ACCT_00004790,CUST_002380,MONEY_MARKET,961550008,BR_01,106047.59,INACTIVE,2025-03-08,2026-09-20T15:49:40.246108
ACCT_00004791,CUST_002380,SAVINGS,396572500,BR_08,215213.28,CLOSED,2025-12-14,2026-09-20T15:49:40.246111
ACCT_00004792,CUST_002381,MONEY_MARKET,187959400,BR_07,40623.79,ACTIVE,2025-12-27,2026-09-20T15:49:40.246120
ACCT_00004793,CUST_002381,SAVINGS,147544994,BR_13,118946.1,CLOSED,2022-01-23,2026-09-20T15:49:40.246123
ACCT_00004794,CUST_002381,MONEY_MARKET,534930325,BR_12,156573.55,INACTIVE,2023-07-20,2026-09-20T15:49:40.246126
ACCT_00004795,CUST_002382,MONEY_MARKET,639779084,BR_12,463104.46,ACTIVE,2023-01-22,2026-09-20T15:49:40.246136
ACCT_00004796,CUST_002382,MONEY_MARKET,785939036,BR_01,21298.34,INACTIVE,2025-12-13,2026-09-20T15:49:40.246139
ACCT_00004797,CUST_002383,MONEY_MARKET,746583522,BR_04,107507.17,INACTIVE,2025-11-26,2026-09-20T15:49:40.246148
ACCT_00004798,CUST_002383,MONEY_MARKET,546659274,BR_12,357589.83,INACTIVE,2026-08-19,2026-09-20T15:49:40.246151
ACCT_00004799,CUST_002384,CHECKING,653648045,BR_06,157895.15,ACTIVE,2022-05-05,2026-09-20T15:49:40.246161
ACCT_00004800,CUST_002385,CHECKING,729342579,BR_06,392723.65,INACTIVE,2025-07-22,2026-09-20T15:49:40.246171
ACCT_00004801,CUST_002386,CHECKING,213739340,BR_15,442150.35,ACTIVE,2025-08-09,2026-09-20T15:49:40.246180
ACCT_00004802,CUST_002386,SAVINGS,970425349,BR_06,428089.7,ACTIVE,2023-08-08,2026-09-20T15:49:40.246183
ACCT_00004803,CUST_002386,CHECKING,502419606,BR_09,27494.03,CLOSED,2022-12-21,2026-09-20T15:49:40.246186
ACCT_00004804,CUST_002387,MONEY_MARKET,416972466,BR_10,284145.36,CLOSED,2025-12-27,2026-09-20T15:49:40.246196
ACCT_00004805,CUST_002388,SAVINGS,771595780,BR_13,362039.28,ACTIVE,2024-08-22,2026-09-20T15:49:40.246205
ACCT_00004806,CUST_002389,CHECKING,718031620,BR_02,335954.29,CLOSED,2022-02-03,2026-09-20T15:49:40.246215
ACCT_00004807,CUST_002389,MONEY_MARKET,339026974,BR_14,464358.09,INACTIVE,2023-08-27,2026-09-20T15:49:40.246218
ACCT_00004808,CUST_002390,CHECKING,638660117,BR_07,397497.19,INACTIVE,2026-03-17,2026-09-20T15:49:40.246227
ACCT_00004809,CUST_002390,SAVINGS,108361038,BR_09,5832.92,INACTIVE,2023-03-21,2026-09-20T15:49:40.246230
ACCT_00004810,CUST_002391,MONEY_MARKET,319051348,BR_12,81551.8,CLOSED,2022-08-17,2026-09-20T15:49:40.246240
ACCT_00004811,CUST_002392,CHECKING,626558372,BR_15,455898.01,ACTIVE,2023-04-10,2026-09-20T15:49:40.246249
ACCT_00004812,CUST_002392,SAVINGS,189903713,BR_03,481423.18,ACTIVE,2025-06-22,2026-09-20T15:49:40.246252
ACCT_00004813,CUST_002393,CHECKING,918627397,BR_04,139796.32,INACTIVE,2025-09-21,2026-09-20T15:49:40.246262
ACCT_00004814,CUST_002394,CHECKING,704020141,BR_14,471012.04,INACTIVE,2026-05-29,2026-09-20T15:49:40.246271
ACCT_00004815,CUST_002395,CHECKING,987816714,BR_04,239052.44,CLOSED,2026-03-25,2026-09-20T15:49:40.246281
ACCT_00004816,CUST_002395,SAVINGS,632604618,BR_06,261122.93,INACTIVE,2024-06-23,2026-09-20T15:49:40.246284
ACCT_00004817,CUST_002395,CHECKING,869172831,BR_08,127517.82,ACTIVE,2024-06-17,2026-09-20T15:49:40.246286
ACCT_00004818,CUST_002396,CHECKING,173329348,BR_12,459077.74,ACTIVE,2024-04-25,2026-09-20T15:49:40.246296
ACCT_00004819,CUST_002396,MONEY_MARKET,240991112,BR_12,16509.21,ACTIVE,2026-04-22,2026-09-20T15:49:40.246299
ACCT_00004820,CUST_002397,MONEY_MARKET,991385168,BR_06,471601.94,INACTIVE,2024-11-08,2026-09-20T15:49:40.246309
ACCT_00004821,CUST_002397,SAVINGS,823459569,BR_02,84092.37,ACTIVE,2023-07-13,2026-09-20T15:49:40.246312
ACCT_00004822,CUST_002398,CHECKING,992775937,BR_11,31829.85,ACTIVE,2025-12-16,2026-09-20T15:49:40.246321
ACCT_00004823,CUST_002398,MONEY_MARKET,883686375,BR_03,431753.45,CLOSED,2023-01-08,2026-09-20T15:49:40.246324
ACCT_00004824,CUST_002399,MONEY_MARKET,759901484,BR_14,304389.41,ACTIVE,2025-07-17,2026-09-20T15:49:40.246334
ACCT_00004825,CUST_002400,CHECKING,448478747,BR_06,291899.88,CLOSED,2023-10-16,2026-09-20T15:49:40.246343
ACCT_00004826,CUST_002401,MONEY_MARKET,873784843,BR_15,67915.45,INACTIVE,2022-03-22,2026-09-20T15:49:40.246353
ACCT_00004827,CUST_002401,CHECKING,337470604,BR_02,395377.35,CLOSED,2024-09-22,2026-09-20T15:49:40.246356
ACCT_00004828,CUST_002402,SAVINGS,695896117,BR_11,343793.24,CLOSED,2023-03-31,2026-09-20T15:49:40.246366
ACCT_00004829,CUST_002402,CHECKING,121650791,BR_15,291379.94,INACTIVE,2023-02-02,2026-09-20T15:49:40.246369
ACCT_00004830,CUST_002402,CHECKING,712806514,BR_13,202340.22,CLOSED,2026-05-14,2026-09-20T15:49:40.246371
ACCT_00004831,CUST_002403,SAVINGS,133115847,BR_06,81722.33,ACTIVE,2025-11-06,2026-09-20T15:49:40.246381
ACCT_00004832,CUST_002403,CHECKING,333165562,BR_13,211154.05,CLOSED,2025-12-14,2026-09-20T15:49:40.246384
ACCT_00004833,CUST_002404,SAVINGS,933195802,BR_02,470718.23,CLOSED,2022-04-30,2026-09-20T15:49:40.246393
ACCT_00004834,CUST_002404,CHECKING,371842001,BR_05,373600.9,INACTIVE,2021-12-06,2026-09-20T15:49:40.246396
ACCT_00004835,CUST_002405,MONEY_MARKET,853196864,BR_02,345926.78,INACTIVE,2026-01-24,2026-09-20T15:49:40.246406
ACCT_00004836,CUST_002406,CHECKING,963763388,BR_13,275950.24,ACTIVE,2025-02-08,2026-09-20T15:49:40.246415
ACCT_00004837,CUST_002406,SAVINGS,705507702,BR_06,131879.68,CLOSED,2021-09-24,2026-09-20T15:49:40.246418
ACCT_00004838,CUST_002407,CHECKING,980711979,BR_07,5876.28,CLOSED,2022-02-01,2026-09-20T15:49:40.246428
ACCT_00004839,CUST_002407,MONEY_MARKET,456930274,BR_14,454349.97,CLOSED,2026-06-11,2026-09-20T15:49:40.246431
ACCT_00004840,CUST_002408,CHECKING,843363083,BR_08,131211.63,INACTIVE,2024-03-19,2026-09-20T15:49:40.246441
ACCT_00004841,CUST_002408,MONEY_MARKET,698613062,BR_04,342160.08,CLOSED,2023-07-30,2026-09-20T15:49:40.246444
ACCT_00004842,CUST_002409,MONEY_MARKET,802078166,BR_01,243607.07,ACTIVE,2023-03-25,2026-09-20T15:49:40.246453
ACCT_00004843,CUST_002409,SAVINGS,183938732,BR_05,71623.28,CLOSED,2022-12-13,2026-09-20T15:49:40.246456
ACCT_00004844,CUST_002410,SAVINGS,766039941,BR_06,227205.01,CLOSED,2024-02-26,2026-09-20T15:49:40.246466
ACCT_00004845,CUST_002411,CHECKING,439512928,BR_14,95348.24,CLOSED,2023-08-25,2026-09-20T15:49:40.246477
ACCT_00004846,CUST_002411,SAVINGS,587628422,BR_07,376399.37,CLOSED,2026-02-27,2026-09-20T15:49:40.246480
ACCT_00004847,CUST_002412,SAVINGS,309649270,BR_01,47953.54,INACTIVE,2023-11-11,2026-09-20T15:49:40.246490
ACCT_00004848,CUST_002412,CHECKING,663109283,BR_11,200487.03,INACTIVE,2024-12-28,2026-09-20T15:49:40.246494
ACCT_00004849,CUST_002412,MONEY_MARKET,864718715,BR_07,445079.49,INACTIVE,2023-05-17,2026-09-20T15:49:40.246497
ACCT_00004850,CUST_002413,CHECKING,940007514,BR_11,193771.51,CLOSED,2022-02-12,2026-09-20T15:49:40.246506
ACCT_00004851,CUST_002414,SAVINGS,191055832,BR_02,379301.63,INACTIVE,2025-11-14,2026-09-20T15:49:40.246516
ACCT_00004852,CUST_002414,MONEY_MARKET,679974432,BR_07,217749.59,ACTIVE,2024-11-28,2026-09-20T15:49:40.246519
ACCT_00004853,CUST_002415,MONEY_MARKET,236874930,BR_05,403976.05,INACTIVE,2021-09-22,2026-09-20T15:49:40.246530
ACCT_00004854,CUST_002415,MONEY_MARKET,738335244,BR_15,315700.16,CLOSED,2024-04-28,2026-09-20T15:49:40.246533
ACCT_00004855,CUST_002415,SAVINGS,798433531,BR_01,62555.5,INACTIVE,2024-07-07,2026-09-20T15:49:40.246536
ACCT_00004856,CUST_002416,SAVINGS,901023771,BR_08,410777.87,INACTIVE,2026-05-22,2026-09-20T15:49:40.246546
ACCT_00004857,CUST_002417,CHECKING,490759257,BR_14,467384.9,ACTIVE,2025-06-25,2026-09-20T15:49:40.246555
ACCT_00004858,CUST_002418,MONEY_MARKET,258395879,BR_06,74064.76,ACTIVE,2025-07-02,2026-09-20T15:49:40.246565
ACCT_00004859,CUST_002419,CHECKING,466759162,BR_14,371411.51,ACTIVE,2026-08-20,2026-09-20T15:49:40.246574
ACCT_00004860,CUST_002419,MONEY_MARKET,444702357,BR_12,418475.01,CLOSED,2024-11-27,2026-09-20T15:49:40.246577
ACCT_00004861,CUST_002420,SAVINGS,167129105,BR_08,89958.43,INACTIVE,2021-11-16,2026-09-20T15:49:40.246587
ACCT_00004862,CUST_002420,CHECKING,464513008,BR_13,75184.36,CLOSED,2024-08-14,2026-09-20T15:49:40.246590
ACCT_00004863,CUST_002420,MONEY_MARKET,344450023,BR_06,99689.13,ACTIVE,2025-08-01,2026-09-20T15:49:40.246593
ACCT_00004864,CUST_002421,CHECKING,653015181,BR_05,185796.28,INACTIVE,2026-07-18,2026-09-20T15:49:40.246602
ACCT_00004865,CUST_002421,SAVINGS,757795233,BR_14,311875.77,INACTIVE,2022-12-01,2026-09-20T15:49:40.246605
ACCT_00004866,CUST_002421,CHECKING,360060699,BR_03,63525.0,CLOSED,2022-08-26,2026-09-20T15:49:40.246608
ACCT_00004867,CUST_002422,CHECKING,749110817,BR_02,441607.46,CLOSED,2025-02-13,2026-09-20T15:49:40.246618
ACCT_00004868,CUST_002423,MONEY_MARKET,342902722,BR_12,54590.53,INACTIVE,2022-09-21,2026-09-20T15:49:40.246627
ACCT_00004869,CUST_002423,MONEY_MARKET,957686908,BR_02,140590.6,ACTIVE,2022-02-10,2026-09-20T15:49:40.246630
ACCT_00004870,CUST_002424,SAVINGS,649749055,BR_04,132693.07,ACTIVE,2022-10-27,2026-09-20T15:49:40.246639
ACCT_00004871,CUST_002424,MONEY_MARKET,599908732,BR_15,417253.19,CLOSED,2022-05-14,2026-09-20T15:49:40.246642
ACCT_00004872,CUST_002424,MONEY_MARKET,262275056,BR_12,436948.02,ACTIVE,2022-05-26,2026-09-20T15:49:40.246645
ACCT_00004873,CUST_002425,CHECKING,223219662,BR_07,465286.99,ACTIVE,2025-05-11,2026-09-20T15:49:40.246655
ACCT_00004874,CUST_002426,CHECKING,628373548,BR_10,470167.17,CLOSED,2022-06-16,2026-09-20T15:49:40.246664
ACCT_00004875,CUST_002427,CHECKING,639284955,BR_02,326606.48,ACTIVE,2022-02-17,2026-09-20T15:49:40.246674
ACCT_00004876,CUST_002427,MONEY_MARKET,708663524,BR_07,75386.84,INACTIVE,2025-09-22,2026-09-20T15:49:40.246677
ACCT_00004877,CUST_002427,SAVINGS,469156341,BR_08,259707.21,CLOSED,2022-05-29,2026-09-20T15:49:40.246680
ACCT_00004878,CUST_002428,CHECKING,829374234,BR_06,180874.78,INACTIVE,2024-02-09,2026-09-20T15:49:40.246689
ACCT_00004879,CUST_002428,SAVINGS,933547800,BR_14,173479.05,ACTIVE,2024-04-19,2026-09-20T15:49:40.246692
ACCT_00004880,CUST_002429,MONEY_MARKET,422667659,BR_09,261386.96,CLOSED,2025-10-31,2026-09-20T15:49:40.246702
ACCT_00004881,CUST_002430,MONEY_MARKET,913032374,BR_08,412000.1,ACTIVE,2024-11-15,2026-09-20T15:49:40.246711
ACCT_00004882,CUST_002431,SAVINGS,902999993,BR_03,64217.93,INACTIVE,2025-07-03,2026-09-20T15:49:40.246721
ACCT_00004883,CUST_002431,SAVINGS,225364840,BR_02,449528.26,CLOSED,2022-10-30,2026-09-20T15:49:40.246724
ACCT_00004884,CUST_002432,CHECKING,694357540,BR_01,165626.24,ACTIVE,2025-03-24,2026-09-20T15:49:40.246733
ACCT_00004885,CUST_002432,SAVINGS,492477728,BR_04,277054.06,CLOSED,2025-08-04,2026-09-20T15:49:40.246736
ACCT_00004886,CUST_002432,MONEY_MARKET,606513088,BR_03,3656.96,INACTIVE,2024-03-01,2026-09-20T15:49:40.246739
ACCT_00004887,CUST_002433,SAVINGS,567236797,BR_07,457549.34,CLOSED,2026-05-23,2026-09-20T15:49:40.246749
ACCT_00004888,CUST_002433,MONEY_MARKET,237980211,BR_09,273036.38,INACTIVE,2024-12-17,2026-09-20T15:49:40.246752
ACCT_00004889,CUST_002434,MONEY_MARKET,847642896,BR_14,250326.92,ACTIVE,2022-08-02,2026-09-20T15:49:40.246761
ACCT_00004890,CUST_002434,MONEY_MARKET,238922784,BR_01,312921.81,INACTIVE,2025-06-22,2026-09-20T15:49:40.246764
ACCT_00004891,CUST_002435,MONEY_MARKET,982133541,BR_04,358419.68,INACTIVE,2023-07-11,2026-09-20T15:49:40.246774
ACCT_00004892,CUST_002436,MONEY_MARKET,303562337,BR_02,185771.72,CLOSED,2025-11-15,2026-09-20T15:49:40.246783
ACCT_00004893,CUST_002436,SAVINGS,237862641,BR_02,328367.83,ACTIVE,2023-12-11,2026-09-20T15:49:40.246786
ACCT_00004894,CUST_002437,MONEY_MARKET,188261058,BR_05,395197.1,INACTIVE,2025-05-28,2026-09-20T15:49:40.246796
ACCT_00004895,CUST_002437,CHECKING,782438456,BR_14,60978.42,INACTIVE,2026-03-07,2026-09-20T15:49:40.246799
ACCT_00004896,CUST_002438,SAVINGS,481685157,BR_03,295481.44,CLOSED,2024-06-30,2026-09-20T15:49:40.246809
ACCT_00004897,CUST_002438,SAVINGS,478523220,BR_12,230734.27,INACTIVE,2025-06-28,2026-09-20T15:49:40.246813
ACCT_00004898,CUST_002439,CHECKING,739047308,BR_13,306203.91,INACTIVE,2026-02-04,2026-09-20T15:49:40.246822
ACCT_00004899,CUST_002440,MONEY_MARKET,489150452,BR_04,113618.1,ACTIVE,2025-02-01,2026-09-20T15:49:40.246832
ACCT_00004900,CUST_002441,SAVINGS,276767600,BR_10,216124.81,CLOSED,2024-01-07,2026-09-20T15:49:40.246842
ACCT_00004901,CUST_002441,CHECKING,199036462,BR_01,375027.64,CLOSED,2025-06-26,2026-09-20T15:49:40.246845
ACCT_00004902,CUST_002441,MONEY_MARKET,424854765,BR_04,147316.96,CLOSED,2023-04-11,2026-09-20T15:49:40.246848
ACCT_00004903,CUST_002442,SAVINGS,893380249,BR_12,271414.63,INACTIVE,2022-01-28,2026-09-20T15:49:40.246857
ACCT_00004904,CUST_002442,MONEY_MARKET,869809710,BR_07,313486.76,CLOSED,2023-08-31,2026-09-20T15:49:40.246860
ACCT_00004905,CUST_002443,MONEY_MARKET,199128157,BR_14,466302.48,CLOSED,2024-05-17,2026-09-20T15:49:40.246870
ACCT_00004906,CUST_002443,CHECKING,862952290,BR_15,404518.07,ACTIVE,2025-12-28,2026-09-20T15:49:40.246873
ACCT_00004907,CUST_002443,SAVINGS,714918590,BR_10,76807.85,CLOSED,2025-03-17,2026-09-20T15:49:40.246876
ACCT_00004908,CUST_002444,SAVINGS,569337854,BR_15,109873.3,ACTIVE,2023-11-20,2026-09-20T15:49:40.246886
ACCT_00004909,CUST_002445,MONEY_MARKET,148357268,BR_15,105406.98,ACTIVE,2025-09-27,2026-09-20T15:49:40.246895
ACCT_00004910,CUST_002445,CHECKING,299948686,BR_04,435484.76,INACTIVE,2025-02-27,2026-09-20T15:49:40.246898
ACCT_00004911,CUST_002446,CHECKING,571342498,BR_01,144989.88,ACTIVE,2022-10-17,2026-09-20T15:49:40.246908
ACCT_00004912,CUST_002446,CHECKING,435218732,BR_12,470906.26,CLOSED,2023-09-11,2026-09-20T15:49:40.246911
ACCT_00004913,CUST_002446,CHECKING,956369026,BR_07,277832.22,INACTIVE,2024-01-23,2026-09-20T15:49:40.246914
ACCT_00004914,CUST_002447,MONEY_MARKET,632972732,BR_05,3288.2,ACTIVE,2025-05-26,2026-09-20T15:49:40.246923
ACCT_00004915,CUST_002447,SAVINGS,513386234,BR_07,429828.19,INACTIVE,2024-05-20,2026-09-20T15:49:40.246926
ACCT_00004916,CUST_002448,CHECKING,821780216,BR_08,188874.82,CLOSED,2025-11-09,2026-09-20T15:49:40.246936
ACCT_00004917,CUST_002449,MONEY_MARKET,266059657,BR_02,432741.49,ACTIVE,2022-03-23,2026-09-20T15:49:40.246947
ACCT_00004918,CUST_002450,MONEY_MARKET,678495671,BR_03,60549.03,ACTIVE,2021-10-28,2026-09-20T15:49:40.246957
ACCT_00004919,CUST_002450,MONEY_MARKET,545965891,BR_14,479197.58,ACTIVE,2023-12-11,2026-09-20T15:49:40.246960
ACCT_00004920,CUST_002450,MONEY_MARKET,948402283,BR_05,381302.53,ACTIVE,2024-03-31,2026-09-20T15:49:40.246963
ACCT_00004921,CUST_002451,MONEY_MARKET,948732858,BR_04,299388.5,ACTIVE,2021-11-14,2026-09-20T15:49:40.246972
ACCT_00004922,CUST_002451,CHECKING,421440018,BR_12,389645.89,CLOSED,2023-05-09,2026-09-20T15:49:40.246976
ACCT_00004923,CUST_002452,MONEY_MARKET,278348246,BR_11,380269.03,INACTIVE,2024-05-22,2026-09-20T15:49:40.246985
ACCT_00004924,CUST_002452,MONEY_MARKET,526374925,BR_01,443733.41,CLOSED,2024-08-30,2026-09-20T15:49:40.246988
ACCT_00004925,CUST_002453,CHECKING,295102944,BR_04,126262.03,INACTIVE,2025-06-26,2026-09-20T15:49:40.246998
ACCT_00004926,CUST_002454,MONEY_MARKET,971204554,BR_12,138630.92,CLOSED,2026-02-15,2026-09-20T15:49:40.247008
ACCT_00004927,CUST_002454,CHECKING,659263525,BR_11,154712.52,INACTIVE,2024-09-01,2026-09-20T15:49:40.247012
ACCT_00004928,CUST_002455,CHECKING,380663530,BR_03,59264.02,INACTIVE,2022-06-09,2026-09-20T15:49:40.247026
ACCT_00004929,CUST_002456,SAVINGS,698428816,BR_11,44265.29,CLOSED,2026-07-14,2026-09-20T15:49:40.247036
ACCT_00004930,CUST_002457,MONEY_MARKET,862701731,BR_12,468989.74,INACTIVE,2025-03-23,2026-09-20T15:49:40.247046
ACCT_00004931,CUST_002457,MONEY_MARKET,668038634,BR_02,41673.41,INACTIVE,2022-07-25,2026-09-20T15:49:40.247049
ACCT_00004932,CUST_002458,MONEY_MARKET,475393879,BR_15,180778.68,CLOSED,2022-02-12,2026-09-20T15:49:40.247058
ACCT_00004933,CUST_002458,MONEY_MARKET,862088401,BR_06,286400.8,INACTIVE,2025-09-14,2026-09-20T15:49:40.247061
ACCT_00004934,CUST_002459,MONEY_MARKET,364939282,BR_08,286946.76,ACTIVE,2026-01-20,2026-09-20T15:49:40.247071
ACCT_00004935,CUST_002460,SAVINGS,307684483,BR_15,344704.8,INACTIVE,2023-05-29,2026-09-20T15:49:40.247081
ACCT_00004936,CUST_002461,CHECKING,624910662,BR_07,230661.87,CLOSED,2023-11-17,2026-09-20T15:49:40.247090
ACCT_00004937,CUST_002461,SAVINGS,624110579,BR_06,284021.22,INACTIVE,2022-03-21,2026-09-20T15:49:40.247093
ACCT_00004938,CUST_002462,SAVINGS,177204835,BR_04,416741.22,INACTIVE,2026-02-20,2026-09-20T15:49:40.247103
ACCT_00004939,CUST_002462,SAVINGS,375778405,BR_10,36579.58,INACTIVE,2025-05-28,2026-09-20T15:49:40.247105
ACCT_00004940,CUST_002462,MONEY_MARKET,125218799,BR_09,326213.38,INACTIVE,2025-08-20,2026-09-20T15:49:40.247108
ACCT_00004941,CUST_002463,SAVINGS,239884188,BR_04,100321.95,CLOSED,2026-07-26,2026-09-20T15:49:40.247118
ACCT_00004942,CUST_002463,MONEY_MARKET,971246164,BR_08,424777.48,ACTIVE,2024-08-07,2026-09-20T15:49:40.247121
ACCT_00004943,CUST_002464,CHECKING,200906893,BR_02,41090.57,CLOSED,2026-01-16,2026-09-20T15:49:40.247131
ACCT_00004944,CUST_002465,SAVINGS,664455141,BR_01,153978.06,ACTIVE,2022-06-09,2026-09-20T15:49:40.247140
ACCT_00004945,CUST_002465,CHECKING,543131261,BR_05,249745.74,ACTIVE,2022-05-22,2026-09-20T15:49:40.247143
ACCT_00004946,CUST_002466,SAVINGS,728166974,BR_10,6481.86,ACTIVE,2021-10-17,2026-09-20T15:49:40.247152
ACCT_00004947,CUST_002467,MONEY_MARKET,522818091,BR_02,400133.97,INACTIVE,2022-04-13,2026-09-20T15:49:40.247162
ACCT_00004948,CUST_002467,SAVINGS,986393789,BR_08,352047.46,ACTIVE,2024-11-21,2026-09-20T15:49:40.247165
ACCT_00004949,CUST_002467,MONEY_MARKET,959779265,BR_11,301433.09,ACTIVE,2024-09-19,2026-09-20T15:49:40.247168
ACCT_00004950,CUST_002468,CHECKING,669422008,BR_11,461076.55,INACTIVE,2024-02-03,2026-09-20T15:49:40.247177
ACCT_00004951,CUST_002468,MONEY_MARKET,714497987,BR_07,230948.79,ACTIVE,2024-06-20,2026-09-20T15:49:40.247180
ACCT_00004952,CUST_002469,CHECKING,139265791,BR_10,337824.7,ACTIVE,2026-05-21,2026-09-20T15:49:40.247190
ACCT_00004953,CUST_002469,CHECKING,917842791,BR_04,229088.81,INACTIVE,2024-12-04,2026-09-20T15:49:40.247193
ACCT_00004954,CUST_002470,MONEY_MARKET,286241618,BR_01,181980.33,INACTIVE,2023-06-16,2026-09-20T15:49:40.247202
ACCT_00004955,CUST_002471,SAVINGS,269899795,BR_15,133552.0,INACTIVE,2023-02-28,2026-09-20T15:49:40.247212
ACCT_00004956,CUST_002471,SAVINGS,211194892,BR_11,422140.65,CLOSED,2024-08-06,2026-09-20T15:49:40.247215
ACCT_00004957,CUST_002471,SAVINGS,832317814,BR_08,309069.45,ACTIVE,2022-05-01,2026-09-20T15:49:40.247218
ACCT_00004958,CUST_002472,SAVINGS,107637543,BR_02,57904.2,INACTIVE,2024-11-28,2026-09-20T15:49:40.247228
ACCT_00004959,CUST_002472,MONEY_MARKET,764191446,BR_02,416785.06,INACTIVE,2022-11-06,2026-09-20T15:49:40.247230
ACCT_00004960,CUST_002473,CHECKING,771464871,BR_13,91525.35,INACTIVE,2026-08-12,2026-09-20T15:49:40.247240
ACCT_00004961,CUST_002473,MONEY_MARKET,555277845,BR_09,170231.82,CLOSED,2023-07-18,2026-09-20T15:49:40.247243
ACCT_00004962,CUST_002474,MONEY_MARKET,788108468,BR_11,275193.48,ACTIVE,2026-06-11,2026-09-20T15:49:40.247253
ACCT_00004963,CUST_002474,MONEY_MARKET,468317491,BR_11,302514.62,ACTIVE,2024-09-10,2026-09-20T15:49:40.247256
ACCT_00004964,CUST_002474,MONEY_MARKET,506413674,BR_08,431010.02,CLOSED,2024-12-29,2026-09-20T15:49:40.247259
ACCT_00004965,CUST_002475,MONEY_MARKET,308893586,BR_14,205419.94,INACTIVE,2023-11-09,2026-09-20T15:49:40.247268
ACCT_00004966,CUST_002476,CHECKING,510898248,BR_04,75275.32,INACTIVE,2021-12-06,2026-09-20T15:49:40.247278
ACCT_00004967,CUST_002477,MONEY_MARKET,555585523,BR_15,400981.15,INACTIVE,2023-04-22,2026-09-20T15:49:40.247288
ACCT_00004968,CUST_002477,SAVINGS,968093696,BR_14,399268.24,CLOSED,2024-10-05,2026-09-20T15:49:40.247291
ACCT_00004969,CUST_002478,SAVINGS,804184200,BR_12,193684.27,CLOSED,2025-03-08,2026-09-20T15:49:40.247300
ACCT_00004970,CUST_002478,MONEY_MARKET,779692793,BR_05,486226.23,CLOSED,2026-03-14,2026-09-20T15:49:40.247303
ACCT_00004971,CUST_002478,SAVINGS,479657088,BR_14,314215.73,CLOSED,2025-04-20,2026-09-20T15:49:40.247306
ACCT_00004972,CUST_002479,SAVINGS,371379201,BR_14,159926.17,ACTIVE,2022-08-14,2026-09-20T15:49:40.247315
ACCT_00004973,CUST_002479,MONEY_MARKET,239273378,BR_05,11856.6,INACTIVE,2025-04-14,2026-09-20T15:49:40.247318
ACCT_00004974,CUST_002480,SAVINGS,282163588,BR_10,323761.99,CLOSED,2022-07-29,2026-09-20T15:49:40.247328
ACCT_00004975,CUST_002480,SAVINGS,829313436,BR_14,374043.78,CLOSED,2024-05-28,2026-09-20T15:49:40.247331
ACCT_00004976,CUST_002481,CHECKING,789001620,BR_10,129423.26,ACTIVE,2025-04-23,2026-09-20T15:49:40.247340
ACCT_00004977,CUST_002481,SAVINGS,964071749,BR_14,174763.88,CLOSED,2021-10-11,2026-09-20T15:49:40.247343
ACCT_00004978,CUST_002482,SAVINGS,663689832,BR_01,187361.29,CLOSED,2025-06-05,2026-09-20T15:49:40.247354
ACCT_00004979,CUST_002483,MONEY_MARKET,673032343,BR_06,462463.94,CLOSED,2025-07-31,2026-09-20T15:49:40.247364
ACCT_00004980,CUST_002484,MONEY_MARKET,751935848,BR_02,123912.56,CLOSED,2024-07-05,2026-09-20T15:49:40.247375
ACCT_00004981,CUST_002485,MONEY_MARKET,663565922,BR_01,348344.06,INACTIVE,2022-02-02,2026-09-20T15:49:40.247386
ACCT_00004982,CUST_002485,CHECKING,609725187,BR_04,229353.17,ACTIVE,2022-02-19,2026-09-20T15:49:40.247389
ACCT_00004983,CUST_002486,CHECKING,477686699,BR_01,360883.19,INACTIVE,2025-05-31,2026-09-20T15:49:40.247399
ACCT_00004984,CUST_002486,CHECKING,970587580,BR_12,128858.16,ACTIVE,2024-11-16,2026-09-20T15:49:40.247402
ACCT_00004985,CUST_002487,CHECKING,961318748,BR_12,439761.81,INACTIVE,2024-08-12,2026-09-20T15:49:40.247412
ACCT_00004986,CUST_002488,CHECKING,672264692,BR_08,315856.7,INACTIVE,2025-06-26,2026-09-20T15:49:40.247422
ACCT_00004987,CUST_002488,CHECKING,412836142,BR_15,197344.64,INACTIVE,2023-01-03,2026-09-20T15:49:40.247425
ACCT_00004988,CUST_002488,SAVINGS,386128436,BR_12,491726.5,INACTIVE,2021-10-18,2026-09-20T15:49:40.247428
ACCT_00004989,CUST_002489,MONEY_MARKET,140096442,BR_04,109283.42,ACTIVE,2023-12-01,2026-09-20T15:49:40.247438
ACCT_00004990,CUST_002489,CHECKING,982869265,BR_13,285231.13,INACTIVE,2025-02-26,2026-09-20T15:49:40.247441
ACCT_00004991,CUST_002490,SAVINGS,738484768,BR_03,391301.53,CLOSED,2022-05-22,2026-09-20T15:49:40.247451
ACCT_00004992,CUST_002491,SAVINGS,978494502,BR_14,35000.92,ACTIVE,2026-07-09,2026-09-20T15:49:40.247460
ACCT_00004993,CUST_002491,CHECKING,774616221,BR_08,218161.7,INACTIVE,2022-02-17,2026-09-20T15:49:40.247463
ACCT_00004994,CUST_002491,MONEY_MARKET,218299514,BR_11,436938.83,INACTIVE,2025-12-29,2026-09-20T15:49:40.247466
ACCT_00004995,CUST_002492,SAVINGS,655928004,BR_05,295990.36,INACTIVE,2023-12-21,2026-09-20T15:49:40.247475
ACCT_00004996,CUST_002492,MONEY_MARKET,780588647,BR_08,101172.08,ACTIVE,2025-04-25,2026-09-20T15:49:40.247478
ACCT_00004997,CUST_002493,SAVINGS,193624982,BR_05,125880.42,INACTIVE,2024-02-18,2026-09-20T15:49:40.247488
ACCT_00004998,CUST_002494,SAVINGS,389471813,BR_12,473245.54,CLOSED,2023-05-01,2026-09-20T15:49:40.247497
ACCT_00004999,CUST_002494,CHECKING,466568458,BR_01,472923.96,INACTIVE,2022-11-21,2026-09-20T15:49:40.247500
ACCT_00005000,CUST_002494,MONEY_MARKET,836863881,BR_03,205006.2,ACTIVE,2022-05-17,2026-09-20T15:49:40.247503
ACCT_00005001,CUST_002495,CHECKING,879750421,BR_07,430372.63,INACTIVE,2024-10-06,2026-09-20T15:49:40.247513
ACCT_00005002,CUST_002495,SAVINGS,911982153,BR_08,30325.24,ACTIVE,2023-01-26,2026-09-20T15:49:40.247516
ACCT_00005003,CUST_002496,MONEY_MARKET,830359257,BR_02,470725.69,CLOSED,2025-08-13,2026-09-20T15:49:40.247527
ACCT_00005004,CUST_002496,CHECKING,871783554,BR_07,461228.02,ACTIVE,2023-06-11,2026-09-20T15:49:40.247531
ACCT_00005005,CUST_002496,CHECKING,236768932,BR_04,246042.93,INACTIVE,2024-08-06,2026-09-20T15:49:40.247534
ACCT_00005006,CUST_002497,MONEY_MARKET,731628296,BR_09,482699.74,CLOSED,2026-01-24,2026-09-20T15:49:40.247544
ACCT_00005007,CUST_002497,MONEY_MARKET,890724240,BR_04,454622.42,ACTIVE,2023-11-05,2026-09-20T15:49:40.247547
ACCT_00005008,CUST_002497,SAVINGS,637460046,BR_08,4589.88,CLOSED,2023-10-22,2026-09-20T15:49:40.247550
ACCT_00005009,CUST_002498,SAVINGS,721459892,BR_02,379271.47,CLOSED,2022-02-20,2026-09-20T15:49:40.247560
ACCT_00005010,CUST_002499,MONEY_MARKET,490160405,BR_02,443235.2,INACTIVE,2025-02-20,2026-09-20T15:49:40.247570
ACCT_00005011,CUST_002499,CHECKING,632530820,BR_01,482812.4,CLOSED,2025-06-28,2026-09-20T15:49:40.247573
ACCT_00005012,CUST_002500,MONEY_MARKET,793086767,BR_05,220739.59,CLOSED,2025-02-17,2026-09-20T15:49:40.247590
ACCT_00005013,CUST_002500,MONEY_MARKET,310751561,BR_13,5413.96,INACTIVE,2023-09-27,2026-09-20T15:49:40.247593
ACCT_00005014,CUST_002500,SAVINGS,596541318,BR_04,216486.47,INACTIVE,2022-12-09,2026-09-20T15:49:40.247596
ACCT_00005015,CUST_002501,MONEY_MARKET,828419356,BR_01,434001.54,INACTIVE,2023-02-28,2026-09-20T15:49:40.247607
ACCT_00005016,CUST_002501,CHECKING,614546594,BR_03,257084.96,CLOSED,2026-08-01,2026-09-20T15:49:40.247610
ACCT_00005017,CUST_002502,CHECKING,584994407,BR_09,434580.57,CLOSED,2025-04-07,2026-09-20T15:49:40.247620
ACCT_00005018,CUST_002503,SAVINGS,962846719,BR_05,122927.68,ACTIVE,2024-03-28,2026-09-20T15:49:40.247630
ACCT_00005019,CUST_002503,SAVINGS,899084925,BR_09,162878.45,CLOSED,2023-10-27,2026-09-20T15:49:40.247633
ACCT_00005020,CUST_002503,SAVINGS,380345875,BR_05,444389.87,CLOSED,2023-06-28,2026-09-20T15:49:40.247636
ACCT_00005021,CUST_002504,MONEY_MARKET,438712661,BR_12,293853.07,ACTIVE,2025-07-08,2026-09-20T15:49:40.247647
ACCT_00005022,CUST_002504,CHECKING,771750722,BR_01,230637.7,INACTIVE,2024-03-12,2026-09-20T15:49:40.247650
ACCT_00005023,CUST_002504,CHECKING,865841995,BR_14,171204.75,INACTIVE,2023-03-02,2026-09-20T15:49:40.247654
ACCT_00005024,CUST_002505,CHECKING,233356499,BR_12,180865.36,ACTIVE,2021-12-19,2026-09-20T15:49:40.247665
ACCT_00005025,CUST_002505,MONEY_MARKET,140548951,BR_15,65251.26,CLOSED,2022-12-12,2026-09-20T15:49:40.247668
ACCT_00005026,CUST_002505,MONEY_MARKET,531864810,BR_07,97997.24,ACTIVE,2023-04-10,2026-09-20T15:49:40.247671
ACCT_00005027,CUST_002506,CHECKING,484631979,BR_14,482166.98,INACTIVE,2025-02-25,2026-09-20T15:49:40.247681
ACCT_00005028,CUST_002507,CHECKING,131516053,BR_08,298661.34,CLOSED,2025-12-24,2026-09-20T15:49:40.247691
ACCT_00005029,CUST_002508,SAVINGS,964463352,BR_13,420809.69,ACTIVE,2022-10-23,2026-09-20T15:49:40.247701
ACCT_00005030,CUST_002508,SAVINGS,323854091,BR_15,81759.86,ACTIVE,2025-10-27,2026-09-20T15:49:40.247704
ACCT_00005031,CUST_002509,MONEY_MARKET,483629272,BR_04,46799.66,INACTIVE,2026-08-13,2026-09-20T15:49:40.247714
ACCT_00005032,CUST_002509,CHECKING,413754038,BR_03,100318.91,CLOSED,2023-08-29,2026-09-20T15:49:40.247717
ACCT_00005033,CUST_002509,CHECKING,851386610,BR_01,379055.95,CLOSED,2021-11-06,2026-09-20T15:49:40.247720
ACCT_00005034,CUST_002510,MONEY_MARKET,235629885,BR_13,454291.96,INACTIVE,2023-09-04,2026-09-20T15:49:40.247729
ACCT_00005035,CUST_002510,CHECKING,939410721,BR_12,16363.08,ACTIVE,2026-04-29,2026-09-20T15:49:40.247732
ACCT_00005036,CUST_002511,SAVINGS,669820476,BR_05,354437.4,ACTIVE,2023-09-29,2026-09-20T15:49:40.247742
ACCT_00005037,CUST_002511,SAVINGS,576166933,BR_13,412294.85,CLOSED,2024-02-18,2026-09-20T15:49:40.247745
ACCT_00005038,CUST_002512,MONEY_MARKET,971178877,BR_09,470591.95,ACTIVE,2025-02-13,2026-09-20T15:49:40.247755
ACCT_00005039,CUST_002513,SAVINGS,785138280,BR_11,163775.93,CLOSED,2021-12-26,2026-09-20T15:49:40.247764
ACCT_00005040,CUST_002513,CHECKING,502382313,BR_14,42414.39,ACTIVE,2023-11-30,2026-09-20T15:49:40.247767
ACCT_00005041,CUST_002513,CHECKING,828524454,BR_04,382367.91,ACTIVE,2024-03-10,2026-09-20T15:49:40.247770
ACCT_00005042,CUST_002514,CHECKING,730159262,BR_06,434049.89,ACTIVE,2023-10-23,2026-09-20T15:49:40.247780
ACCT_00005043,CUST_002514,SAVINGS,298283496,BR_14,181232.01,CLOSED,2024-01-08,2026-09-20T15:49:40.247783
ACCT_00005044,CUST_002515,SAVINGS,931081780,BR_09,391742.9,CLOSED,2022-07-31,2026-09-20T15:49:40.247794
ACCT_00005045,CUST_002515,CHECKING,461360811,BR_15,169290.05,ACTIVE,2025-04-09,2026-09-20T15:49:40.247798
ACCT_00005046,CUST_002515,CHECKING,651153844,BR_02,287636.24,CLOSED,2022-07-25,2026-09-20T15:49:40.247801
ACCT_00005047,CUST_002516,SAVINGS,425699604,BR_05,370896.46,INACTIVE,2024-06-19,2026-09-20T15:49:40.247813
ACCT_00005048,CUST_002516,CHECKING,824998130,BR_13,169358.23,CLOSED,2022-05-14,2026-09-20T15:49:40.247817
ACCT_00005049,CUST_002516,SAVINGS,650291347,BR_09,140934.29,CLOSED,2025-12-29,2026-09-20T15:49:40.247820
ACCT_00005050,CUST_002517,SAVINGS,891448888,BR_01,255259.47,ACTIVE,2022-12-20,2026-09-20T15:49:40.247832
ACCT_00005051,CUST_002517,SAVINGS,409352366,BR_07,355951.51,ACTIVE,2025-04-22,2026-09-20T15:49:40.247836
ACCT_00005052,CUST_002517,SAVINGS,128735675,BR_08,466394.98,INACTIVE,2023-04-20,2026-09-20T15:49:40.247839
ACCT_00005053,CUST_002518,SAVINGS,941657139,BR_06,300707.06,ACTIVE,2024-07-28,2026-09-20T15:49:40.247849
ACCT_00005054,CUST_002518,SAVINGS,645786731,BR_09,38993.72,ACTIVE,2023-10-17,2026-09-20T15:49:40.247852
ACCT_00005055,CUST_002519,CHECKING,813015216,BR_03,223373.69,INACTIVE,2024-12-15,2026-09-20T15:49:40.247862
ACCT_00005056,CUST_002519,SAVINGS,924246267,BR_14,226067.79,INACTIVE,2023-11-16,2026-09-20T15:49:40.247865
ACCT_00005057,CUST_002519,SAVINGS,499543498,BR_10,436952.5,INACTIVE,2025-01-17,2026-09-20T15:49:40.247868
ACCT_00005058,CUST_002520,CHECKING,235496587,BR_04,257205.77,ACTIVE,2021-11-12,2026-09-20T15:49:40.247877
ACCT_00005059,CUST_002520,SAVINGS,890983504,BR_10,406135.74,ACTIVE,2023-12-07,2026-09-20T15:49:40.247881
ACCT_00005060,CUST_002520,MONEY_MARKET,604591191,BR_10,19364.89,INACTIVE,2026-04-16,2026-09-20T15:49:40.247884
ACCT_00005061,CUST_002521,SAVINGS,455337604,BR_15,182157.63,INACTIVE,2023-07-27,2026-09-20T15:49:40.247895
ACCT_00005062,CUST_002521,SAVINGS,711163784,BR_12,368632.08,INACTIVE,2025-02-24,2026-09-20T15:49:40.247898
ACCT_00005063,CUST_002521,MONEY_MARKET,213304238,BR_07,213243.14,ACTIVE,2022-11-02,2026-09-20T15:49:40.247902
ACCT_00005064,CUST_002522,SAVINGS,946207465,BR_07,329529.62,INACTIVE,2025-12-24,2026-09-20T15:49:40.247913
ACCT_00005065,CUST_002522,CHECKING,454218960,BR_06,293103.07,INACTIVE,2026-06-21,2026-09-20T15:49:40.247916
ACCT_00005066,CUST_002522,CHECKING,933785479,BR_08,215519.8,INACTIVE,2023-02-20,2026-09-20T15:49:40.247919
ACCT_00005067,CUST_002523,CHECKING,503301834,BR_05,62050.06,ACTIVE,2022-04-16,2026-09-20T15:49:40.247929
ACCT_00005068,CUST_002523,CHECKING,627012964,BR_03,339802.04,INACTIVE,2024-08-13,2026-09-20T15:49:40.247932
ACCT_00005069,CUST_002523,CHECKING,964651327,BR_02,470962.71,INACTIVE,2026-01-02,2026-09-20T15:49:40.247935
ACCT_00005070,CUST_002524,MONEY_MARKET,316851032,BR_05,51699.16,CLOSED,2022-01-17,2026-09-20T15:49:40.247945
ACCT_00005071,CUST_002524,CHECKING,160003016,BR_06,141530.55,INACTIVE,2024-10-02,2026-09-20T15:49:40.247948
ACCT_00005072,CUST_002524,MONEY_MARKET,358406313,BR_13,144966.05,INACTIVE,2023-02-24,2026-09-20T15:49:40.247951
ACCT_00005073,CUST_002525,SAVINGS,567229623,BR_13,93749.95,ACTIVE,2024-04-05,2026-09-20T15:49:40.247961
ACCT_00005074,CUST_002525,MONEY_MARKET,812494165,BR_04,101848.31,CLOSED,2023-12-05,2026-09-20T15:49:40.247965
ACCT_00005075,CUST_002526,SAVINGS,545346486,BR_09,27078.86,CLOSED,2024-08-22,2026-09-20T15:49:40.247976
ACCT_00005076,CUST_002526,CHECKING,423757004,BR_13,371934.66,ACTIVE,2026-06-21,2026-09-20T15:49:40.247980
ACCT_00005077,CUST_002526,MONEY_MARKET,548153181,BR_13,358797.93,INACTIVE,2025-07-06,2026-09-20T15:49:40.247983
ACCT_00005078,CUST_002527,SAVINGS,195342293,BR_06,455367.77,CLOSED,2023-12-30,2026-09-20T15:49:40.247992
ACCT_00005079,CUST_002528,SAVINGS,922441905,BR_03,46835.51,CLOSED,2023-05-24,2026-09-20T15:49:40.248002
ACCT_00005080,CUST_002528,SAVINGS,726067667,BR_04,111611.46,CLOSED,2024-06-27,2026-09-20T15:49:40.248005
ACCT_00005081,CUST_002528,CHECKING,935839699,BR_10,340856.61,ACTIVE,2021-10-04,2026-09-20T15:49:40.248008
ACCT_00005082,CUST_002529,MONEY_MARKET,830112727,BR_07,18119.8,CLOSED,2023-09-26,2026-09-20T15:49:40.248020
ACCT_00005083,CUST_002530,MONEY_MARKET,476089473,BR_11,339640.46,ACTIVE,2026-06-14,2026-09-20T15:49:40.248030
ACCT_00005084,CUST_002530,SAVINGS,499223163,BR_13,381259.61,ACTIVE,2023-04-16,2026-09-20T15:49:40.248033
ACCT_00005085,CUST_002530,CHECKING,199680428,BR_02,184775.08,ACTIVE,2025-09-01,2026-09-20T15:49:40.248036
ACCT_00005086,CUST_002531,CHECKING,535828833,BR_05,24338.95,CLOSED,2022-09-01,2026-09-20T15:49:40.248046
ACCT_00005087,CUST_002532,MONEY_MARKET,827852914,BR_12,118758.48,ACTIVE,2023-06-10,2026-09-20T15:49:40.248056
ACCT_00005088,CUST_002533,CHECKING,636628492,BR_10,21378.2,ACTIVE,2022-11-27,2026-09-20T15:49:40.248066
ACCT_00005089,CUST_002533,MONEY_MARKET,353622251,BR_09,280302.08,INACTIVE,2023-09-24,2026-09-20T15:49:40.248069
ACCT_00005090,CUST_002534,MONEY_MARKET,167413714,BR_09,266194.66,ACTIVE,2023-09-05,2026-09-20T15:49:40.248079
ACCT_00005091,CUST_002535,SAVINGS,582963367,BR_09,49759.91,INACTIVE,2022-04-22,2026-09-20T15:49:40.248089
ACCT_00005092,CUST_002535,SAVINGS,564153807,BR_07,124308.08,INACTIVE,2021-11-28,2026-09-20T15:49:40.248092
ACCT_00005093,CUST_002536,MONEY_MARKET,108484858,BR_09,116369.55,CLOSED,2022-09-19,2026-09-20T15:49:40.248102
ACCT_00005094,CUST_002537,CHECKING,415622307,BR_03,371454.65,INACTIVE,2024-03-14,2026-09-20T15:49:40.248111
ACCT_00005095,CUST_002538,SAVINGS,398601247,BR_03,363992.57,INACTIVE,2024-12-01,2026-09-20T15:49:40.248121
ACCT_00005096,CUST_002538,SAVINGS,132197304,BR_05,231603.7,CLOSED,2025-07-20,2026-09-20T15:49:40.248124
ACCT_00005097,CUST_002539,CHECKING,917789110,BR_08,299675.56,INACTIVE,2024-05-11,2026-09-20T15:49:40.248134
ACCT_00005098,CUST_002539,CHECKING,574962498,BR_10,392469.3,INACTIVE,2023-09-25,2026-09-20T15:49:40.248137
ACCT_00005099,CUST_002539,CHECKING,833472359,BR_12,274878.1,INACTIVE,2022-01-05,2026-09-20T15:49:40.248140
ACCT_00005100,CUST_002540,SAVINGS,754321006,BR_10,84465.49,INACTIVE,2023-09-08,2026-09-20T15:49:40.248150
ACCT_00005101,CUST_002540,SAVINGS,812697648,BR_02,153047.1,INACTIVE,2024-06-26,2026-09-20T15:49:40.248153
ACCT_00005102,CUST_002541,CHECKING,951659304,BR_10,308340.6,INACTIVE,2025-03-29,2026-09-20T15:49:40.248163
ACCT_00005103,CUST_002541,CHECKING,970132086,BR_06,165207.57,INACTIVE,2024-05-17,2026-09-20T15:49:40.248166
ACCT_00005104,CUST_002541,SAVINGS,801791734,BR_03,98072.5,INACTIVE,2026-08-01,2026-09-20T15:49:40.248169
ACCT_00005105,CUST_002542,MONEY_MARKET,506792104,BR_13,396983.62,ACTIVE,2021-11-21,2026-09-20T15:49:40.248179
ACCT_00005106,CUST_002543,MONEY_MARKET,964581060,BR_07,134207.66,CLOSED,2024-06-17,2026-09-20T15:49:40.248189
ACCT_00005107,CUST_002543,SAVINGS,549145639,BR_11,498000.24,CLOSED,2026-04-13,2026-09-20T15:49:40.248192
ACCT_00005108,CUST_002543,CHECKING,810052797,BR_09,91112.65,ACTIVE,2023-05-29,2026-09-20T15:49:40.248197
ACCT_00005109,CUST_002544,CHECKING,814026551,BR_13,324998.24,CLOSED,2025-11-15,2026-09-20T15:49:40.248207
ACCT_00005110,CUST_002545,SAVINGS,701493999,BR_08,68771.71,ACTIVE,2025-05-15,2026-09-20T15:49:40.248217
ACCT_00005111,CUST_002545,SAVINGS,323111470,BR_04,243036.59,CLOSED,2022-04-20,2026-09-20T15:49:40.248220
ACCT_00005112,CUST_002546,CHECKING,515329905,BR_11,356178.05,ACTIVE,2023-10-02,2026-09-20T15:49:40.248230
ACCT_00005113,CUST_002546,SAVINGS,628216344,BR_15,150470.74,CLOSED,2024-10-21,2026-09-20T15:49:40.248233
ACCT_00005114,CUST_002547,MONEY_MARKET,362645347,BR_01,464128.33,INACTIVE,2024-10-19,2026-09-20T15:49:40.248243
ACCT_00005115,CUST_002547,MONEY_MARKET,513435872,BR_11,400061.46,INACTIVE,2022-11-07,2026-09-20T15:49:40.248246
ACCT_00005116,CUST_002548,MONEY_MARKET,528846557,BR_11,409741.04,INACTIVE,2022-01-04,2026-09-20T15:49:40.248257
ACCT_00005117,CUST_002548,SAVINGS,639464740,BR_07,280855.07,ACTIVE,2026-05-03,2026-09-20T15:49:40.248260
ACCT_00005118,CUST_002549,SAVINGS,172052215,BR_14,367406.86,INACTIVE,2023-01-25,2026-09-20T15:49:40.248271
ACCT_00005119,CUST_002549,MONEY_MARKET,614298190,BR_11,212232.1,CLOSED,2025-03-16,2026-09-20T15:49:40.248274
ACCT_00005120,CUST_002550,SAVINGS,330677893,BR_07,457752.67,ACTIVE,2024-01-08,2026-09-20T15:49:40.248284
ACCT_00005121,CUST_002550,CHECKING,494755870,BR_07,53774.72,INACTIVE,2024-08-24,2026-09-20T15:49:40.248287
ACCT_00005122,CUST_002550,CHECKING,369842479,BR_13,126672.09,ACTIVE,2026-04-18,2026-09-20T15:49:40.248290
ACCT_00005123,CUST_002551,CHECKING,194253197,BR_11,255099.77,INACTIVE,2025-03-27,2026-09-20T15:49:40.248302
ACCT_00005124,CUST_002551,SAVINGS,868110731,BR_02,432742.89,ACTIVE,2026-05-10,2026-09-20T15:49:40.248305
ACCT_00005125,CUST_002552,SAVINGS,188929528,BR_11,287261.99,CLOSED,2023-09-06,2026-09-20T15:49:40.248315
ACCT_00005126,CUST_002553,MONEY_MARKET,805874834,BR_01,402252.83,INACTIVE,2024-07-16,2026-09-20T15:49:40.248325
ACCT_00005127,CUST_002553,MONEY_MARKET,208750416,BR_04,111976.67,CLOSED,2024-11-05,2026-09-20T15:49:40.248329
ACCT_00005128,CUST_002554,MONEY_MARKET,194049771,BR_11,131629.34,ACTIVE,2025-08-06,2026-09-20T15:49:40.248339
ACCT_00005129,CUST_002555,MONEY_MARKET,704145800,BR_09,434028.99,INACTIVE,2024-04-07,2026-09-20T15:49:40.248349
ACCT_00005130,CUST_002556,MONEY_MARKET,319915143,BR_03,427118.79,CLOSED,2023-04-29,2026-09-20T15:49:40.248359
ACCT_00005131,CUST_002556,MONEY_MARKET,869512633,BR_01,389729.78,ACTIVE,2025-06-23,2026-09-20T15:49:40.248362
ACCT_00005132,CUST_002557,MONEY_MARKET,202852181,BR_01,201165.65,CLOSED,2022-02-24,2026-09-20T15:49:40.248372
ACCT_00005133,CUST_002558,MONEY_MARKET,183129352,BR_12,411754.61,ACTIVE,2026-06-04,2026-09-20T15:49:40.248382
ACCT_00005134,CUST_002558,SAVINGS,262243791,BR_03,301609.12,CLOSED,2025-02-20,2026-09-20T15:49:40.248385
ACCT_00005135,CUST_002558,SAVINGS,592985002,BR_15,419312.52,INACTIVE,2023-05-21,2026-09-20T15:49:40.248388
ACCT_00005136,CUST_002559,SAVINGS,763716959,BR_10,10562.71,ACTIVE,2023-12-27,2026-09-20T15:49:40.248398
ACCT_00005137,CUST_002559,CHECKING,855152413,BR_03,175738.45,CLOSED,2024-03-25,2026-09-20T15:49:40.248401
ACCT_00005138,CUST_002560,CHECKING,960897409,BR_05,107862.84,CLOSED,2022-01-12,2026-09-20T15:49:40.248411
ACCT_00005139,CUST_002561,CHECKING,435126898,BR_14,3218.92,INACTIVE,2023-12-14,2026-09-20T15:49:40.248422
ACCT_00005140,CUST_002562,MONEY_MARKET,872605070,BR_06,61839.01,ACTIVE,2024-03-28,2026-09-20T15:49:40.248433
ACCT_00005141,CUST_002562,CHECKING,111638847,BR_10,375610.19,ACTIVE,2026-01-11,2026-09-20T15:49:40.248436
ACCT_00005142,CUST_002562,SAVINGS,690299939,BR_10,227941.61,INACTIVE,2022-02-18,2026-09-20T15:49:40.248439
ACCT_00005143,CUST_002563,SAVINGS,218359728,BR_05,499171.43,ACTIVE,2021-12-17,2026-09-20T15:49:40.248449
ACCT_00005144,CUST_002564,CHECKING,404318319,BR_04,41434.03,ACTIVE,2024-02-25,2026-09-20T15:49:40.248459
ACCT_00005145,CUST_002565,CHECKING,958832312,BR_02,89889.65,INACTIVE,2024-05-01,2026-09-20T15:49:40.248469
ACCT_00005146,CUST_002565,SAVINGS,527503269,BR_14,21713.55,ACTIVE,2025-07-05,2026-09-20T15:49:40.248472
ACCT_00005147,CUST_002566,CHECKING,544338175,BR_06,169942.32,ACTIVE,2024-04-16,2026-09-20T15:49:40.248483
ACCT_00005148,CUST_002566,CHECKING,369022481,BR_08,162999.04,INACTIVE,2025-10-19,2026-09-20T15:49:40.248487
ACCT_00005149,CUST_002567,SAVINGS,249084654,BR_15,27164.06,ACTIVE,2024-05-14,2026-09-20T15:49:40.248497
ACCT_00005150,CUST_002567,MONEY_MARKET,607954321,BR_12,28815.79,INACTIVE,2022-07-31,2026-09-20T15:49:40.248500
ACCT_00005151,CUST_002568,CHECKING,108285313,BR_01,444640.75,INACTIVE,2022-06-11,2026-09-20T15:49:40.248510
ACCT_00005152,CUST_002568,MONEY_MARKET,568820767,BR_09,243765.37,INACTIVE,2023-05-24,2026-09-20T15:49:40.248513
ACCT_00005153,CUST_002569,SAVINGS,596455674,BR_02,386323.44,ACTIVE,2026-03-04,2026-09-20T15:49:40.248523
ACCT_00005154,CUST_002570,MONEY_MARKET,198042900,BR_14,191597.45,CLOSED,2023-04-13,2026-09-20T15:49:40.248533
ACCT_00005155,CUST_002570,CHECKING,969938028,BR_03,485922.2,INACTIVE,2022-02-26,2026-09-20T15:49:40.248536
ACCT_00005156,CUST_002570,CHECKING,716703197,BR_13,114895.15,CLOSED,2025-05-05,2026-09-20T15:49:40.248539
ACCT_00005157,CUST_002571,MONEY_MARKET,497902327,BR_05,264909.61,CLOSED,2023-05-16,2026-09-20T15:49:40.248549
ACCT_00005158,CUST_002572,SAVINGS,187940157,BR_14,435327.34,INACTIVE,2023-12-27,2026-09-20T15:49:40.248560
ACCT_00005159,CUST_002572,CHECKING,574981617,BR_10,148470.31,ACTIVE,2021-10-24,2026-09-20T15:49:40.248564
ACCT_00005160,CUST_002572,CHECKING,858344898,BR_09,113678.35,ACTIVE,2025-02-12,2026-09-20T15:49:40.248567
ACCT_00005161,CUST_002573,SAVINGS,833799600,BR_05,206191.2,CLOSED,2022-03-30,2026-09-20T15:49:40.248578
ACCT_00005162,CUST_002574,MONEY_MARKET,834556269,BR_06,369633.86,CLOSED,2026-07-02,2026-09-20T15:49:40.248588
ACCT_00005163,CUST_002574,CHECKING,873893120,BR_01,152363.12,CLOSED,2026-04-11,2026-09-20T15:49:40.248592
ACCT_00005164,CUST_002575,MONEY_MARKET,427256677,BR_09,252261.68,INACTIVE,2026-02-01,2026-09-20T15:49:40.248604
ACCT_00005165,CUST_002575,CHECKING,751537654,BR_04,95261.64,INACTIVE,2022-04-18,2026-09-20T15:49:40.248607
ACCT_00005166,CUST_002576,MONEY_MARKET,366087184,BR_04,490262.55,ACTIVE,2022-05-10,2026-09-20T15:49:40.248618
ACCT_00005167,CUST_002576,CHECKING,106993484,BR_06,241048.77,INACTIVE,2022-09-18,2026-09-20T15:49:40.248621
ACCT_00005168,CUST_002577,CHECKING,599786287,BR_12,435268.1,ACTIVE,2023-05-26,2026-09-20T15:49:40.248633
ACCT_00005169,CUST_002577,MONEY_MARKET,402589420,BR_02,202869.65,INACTIVE,2025-05-01,2026-09-20T15:49:40.248636
ACCT_00005170,CUST_002578,SAVINGS,135438678,BR_11,323415.17,ACTIVE,2022-03-25,2026-09-20T15:49:40.248646
ACCT_00005171,CUST_002578,SAVINGS,111514805,BR_14,483331.79,INACTIVE,2024-03-02,2026-09-20T15:49:40.248649
ACCT_00005172,CUST_002579,CHECKING,979303390,BR_03,170570.42,CLOSED,2021-09-27,2026-09-20T15:49:40.248660
ACCT_00005173,CUST_002580,CHECKING,692490040,BR_15,340012.75,ACTIVE,2021-10-20,2026-09-20T15:49:40.248670
ACCT_00005174,CUST_002580,CHECKING,773865523,BR_14,282742.21,INACTIVE,2026-02-13,2026-09-20T15:49:40.248673
ACCT_00005175,CUST_002580,SAVINGS,789281905,BR_14,423440.24,INACTIVE,2024-07-03,2026-09-20T15:49:40.248676
ACCT_00005176,CUST_002581,CHECKING,587493113,BR_07,302604.55,INACTIVE,2026-06-07,2026-09-20T15:49:40.248686
ACCT_00005177,CUST_002581,SAVINGS,748869120,BR_02,246840.99,CLOSED,2025-04-24,2026-09-20T15:49:40.248689
ACCT_00005178,CUST_002581,MONEY_MARKET,931323870,BR_10,119565.99,CLOSED,2026-04-02,2026-09-20T15:49:40.248692
ACCT_00005179,CUST_002582,MONEY_MARKET,472761589,BR_12,181605.53,CLOSED,2026-03-03,2026-09-20T15:49:40.248702
ACCT_00005180,CUST_002583,MONEY_MARKET,925791291,BR_09,94683.33,CLOSED,2022-12-28,2026-09-20T15:49:40.248712
ACCT_00005181,CUST_002583,CHECKING,624121403,BR_10,106019.99,INACTIVE,2025-01-10,2026-09-20T15:49:40.248716
ACCT_00005182,CUST_002584,SAVINGS,129989456,BR_09,301118.87,INACTIVE,2022-08-02,2026-09-20T15:49:40.248725
ACCT_00005183,CUST_002584,SAVINGS,146343096,BR_07,175257.72,CLOSED,2022-02-22,2026-09-20T15:49:40.248728
ACCT_00005184,CUST_002584,MONEY_MARKET,417843984,BR_15,496383.84,INACTIVE,2021-12-30,2026-09-20T15:49:40.248731
ACCT_00005185,CUST_002585,MONEY_MARKET,458682330,BR_10,101395.66,INACTIVE,2024-01-08,2026-09-20T15:49:40.248741
ACCT_00005186,CUST_002586,MONEY_MARKET,634146801,BR_14,470254.44,INACTIVE,2021-10-15,2026-09-20T15:49:40.248751
ACCT_00005187,CUST_002587,CHECKING,719065109,BR_05,196039.6,ACTIVE,2024-01-04,2026-09-20T15:49:40.248760
ACCT_00005188,CUST_002587,MONEY_MARKET,795819603,BR_06,212746.78,CLOSED,2022-08-05,2026-09-20T15:49:40.248764
ACCT_00005189,CUST_002588,SAVINGS,218819678,BR_10,330852.86,ACTIVE,2024-05-02,2026-09-20T15:49:40.248773
ACCT_00005190,CUST_002589,CHECKING,991414827,BR_11,328858.25,CLOSED,2022-01-17,2026-09-20T15:49:40.248783
ACCT_00005191,CUST_002590,CHECKING,702490500,BR_07,256315.11,ACTIVE,2022-06-29,2026-09-20T15:49:40.248793
ACCT_00005192,CUST_002591,CHECKING,751078311,BR_15,469651.52,ACTIVE,2024-03-12,2026-09-20T15:49:40.248803
ACCT_00005193,CUST_002592,MONEY_MARKET,797237544,BR_02,294824.68,CLOSED,2026-08-14,2026-09-20T15:49:40.248814
ACCT_00005194,CUST_002593,CHECKING,801884099,BR_08,24574.42,ACTIVE,2025-11-16,2026-09-20T15:49:40.248823
ACCT_00005195,CUST_002593,SAVINGS,841198297,BR_07,333419.22,CLOSED,2026-07-03,2026-09-20T15:49:40.248827
ACCT_00005196,CUST_002593,SAVINGS,961426909,BR_11,333522.51,CLOSED,2024-01-19,2026-09-20T15:49:40.248830
ACCT_00005197,CUST_002594,SAVINGS,632322473,BR_13,24971.27,INACTIVE,2022-11-16,2026-09-20T15:49:40.248840
ACCT_00005198,CUST_002594,MONEY_MARKET,598372854,BR_03,348860.56,CLOSED,2025-11-29,2026-09-20T15:49:40.248843
ACCT_00005199,CUST_002595,CHECKING,704697200,BR_06,213458.55,CLOSED,2022-04-22,2026-09-20T15:49:40.248853
ACCT_00005200,CUST_002596,MONEY_MARKET,530819813,BR_05,217063.66,INACTIVE,2024-02-13,2026-09-20T15:49:40.248863
ACCT_00005201,CUST_002596,CHECKING,782620532,BR_06,480881.36,INACTIVE,2024-06-13,2026-09-20T15:49:40.248866
ACCT_00005202,CUST_002596,MONEY_MARKET,957014445,BR_10,342954.76,CLOSED,2022-01-20,2026-09-20T15:49:40.248869
ACCT_00005203,CUST_002597,CHECKING,139641299,BR_06,432673.82,ACTIVE,2025-06-28,2026-09-20T15:49:40.248879
ACCT_00005204,CUST_002598,SAVINGS,357867826,BR_14,463735.28,CLOSED,2022-07-01,2026-09-20T15:49:40.248889
ACCT_00005205,CUST_002598,MONEY_MARKET,593452729,BR_13,141226.31,CLOSED,2022-04-02,2026-09-20T15:49:40.248892
ACCT_00005206,CUST_002599,MONEY_MARKET,287591332,BR_06,22537.4,INACTIVE,2024-08-21,2026-09-20T15:49:40.248902
ACCT_00005207,CUST_002599,CHECKING,555712924,BR_08,373529.07,CLOSED,2023-09-11,2026-09-20T15:49:40.248905
ACCT_00005208,CUST_002599,SAVINGS,786080415,BR_08,94649.45,CLOSED,2025-12-17,2026-09-20T15:49:40.248908
ACCT_00005209,CUST_002600,CHECKING,884715085,BR_02,245083.18,INACTIVE,2025-03-03,2026-09-20T15:49:40.248918
ACCT_00005210,CUST_002600,MONEY_MARKET,582404928,BR_05,249613.13,CLOSED,2025-04-20,2026-09-20T15:49:40.248921
ACCT_00005211,CUST_002600,SAVINGS,759512357,BR_15,311513.42,CLOSED,2024-10-08,2026-09-20T15:49:40.248924
ACCT_00005212,CUST_002601,MONEY_MARKET,429525932,BR_04,268569.78,INACTIVE,2024-06-21,2026-09-20T15:49:40.248934
ACCT_00005213,CUST_002601,MONEY_MARKET,721362460,BR_10,234890.92,ACTIVE,2025-08-23,2026-09-20T15:49:40.248937
ACCT_00005214,CUST_002601,SAVINGS,255258045,BR_13,18144.65,ACTIVE,2023-03-18,2026-09-20T15:49:40.248940
ACCT_00005215,CUST_002602,CHECKING,848428419,BR_07,446040.18,INACTIVE,2023-01-18,2026-09-20T15:49:40.248950
ACCT_00005216,CUST_002603,CHECKING,259669538,BR_07,404946.98,ACTIVE,2023-05-27,2026-09-20T15:49:40.248960
ACCT_00005217,CUST_002603,CHECKING,710526692,BR_07,481085.98,CLOSED,2025-07-30,2026-09-20T15:49:40.248963
ACCT_00005218,CUST_002603,CHECKING,496813021,BR_04,339154.09,ACTIVE,2023-02-14,2026-09-20T15:49:40.248966
ACCT_00005219,CUST_002604,CHECKING,921042556,BR_09,239247.25,ACTIVE,2026-06-01,2026-09-20T15:49:40.248976
ACCT_00005220,CUST_002605,MONEY_MARKET,522318617,BR_09,66389.08,CLOSED,2022-07-31,2026-09-20T15:49:40.248985
ACCT_00005221,CUST_002605,SAVINGS,501483933,BR_04,117787.33,INACTIVE,2025-08-22,2026-09-20T15:49:40.248988
ACCT_00005222,CUST_002606,MONEY_MARKET,284323395,BR_01,67962.15,CLOSED,2025-02-01,2026-09-20T15:49:40.248998
ACCT_00005223,CUST_002606,MONEY_MARKET,627163953,BR_05,240079.24,ACTIVE,2026-01-01,2026-09-20T15:49:40.249001
ACCT_00005224,CUST_002607,MONEY_MARKET,269268527,BR_07,295486.05,CLOSED,2023-05-03,2026-09-20T15:49:40.249012
ACCT_00005225,CUST_002608,SAVINGS,901020631,BR_06,61198.03,ACTIVE,2023-06-10,2026-09-20T15:49:40.249022
ACCT_00005226,CUST_002609,CHECKING,247580331,BR_10,110592.05,INACTIVE,2023-01-09,2026-09-20T15:49:40.249031
ACCT_00005227,CUST_002610,MONEY_MARKET,563321167,BR_06,452842.16,ACTIVE,2022-03-11,2026-09-20T15:49:40.249041
ACCT_00005228,CUST_002610,CHECKING,709518162,BR_11,138523.8,CLOSED,2022-02-02,2026-09-20T15:49:40.249044
ACCT_00005229,CUST_002611,SAVINGS,998182651,BR_13,322120.7,ACTIVE,2024-11-12,2026-09-20T15:49:40.249054
ACCT_00005230,CUST_002611,SAVINGS,617925298,BR_12,330117.35,CLOSED,2023-12-07,2026-09-20T15:49:40.249057
ACCT_00005231,CUST_002612,CHECKING,592504051,BR_05,101999.62,ACTIVE,2022-11-20,2026-09-20T15:49:40.249067
ACCT_00005232,CUST_002612,SAVINGS,327292798,BR_05,320405.45,ACTIVE,2024-09-04,2026-09-20T15:49:40.249070
ACCT_00005233,CUST_002612,CHECKING,639989376,BR_15,347864.16,ACTIVE,2022-10-09,2026-09-20T15:49:40.249073
ACCT_00005234,CUST_002613,SAVINGS,477654756,BR_01,428538.67,ACTIVE,2024-01-24,2026-09-20T15:49:40.249083
ACCT_00005235,CUST_002613,CHECKING,153863007,BR_10,135909.79,ACTIVE,2022-07-12,2026-09-20T15:49:40.249087
ACCT_00005236,CUST_002614,SAVINGS,735144219,BR_12,427336.1,INACTIVE,2023-01-11,2026-09-20T15:49:40.249099
ACCT_00005237,CUST_002615,SAVINGS,300202710,BR_15,305944.48,ACTIVE,2025-07-09,2026-09-20T15:49:40.249110
ACCT_00005238,CUST_002615,MONEY_MARKET,207825116,BR_07,267966.86,INACTIVE,2026-08-12,2026-09-20T15:49:40.249114
ACCT_00005239,CUST_002616,MONEY_MARKET,438683251,BR_06,8384.7,CLOSED,2022-05-20,2026-09-20T15:49:40.249124
ACCT_00005240,CUST_002616,SAVINGS,344629791,BR_13,461377.1,CLOSED,2025-02-09,2026-09-20T15:49:40.249128
ACCT_00005241,CUST_002616,SAVINGS,960996510,BR_02,30315.61,CLOSED,2026-04-05,2026-09-20T15:49:40.249131
ACCT_00005242,CUST_002617,SAVINGS,256666345,BR_14,243443.61,CLOSED,2023-04-25,2026-09-20T15:49:40.249141
ACCT_00005243,CUST_002618,SAVINGS,768118443,BR_04,174468.97,CLOSED,2025-10-18,2026-09-20T15:49:40.249150
ACCT_00005244,CUST_002618,CHECKING,101499865,BR_02,425415.25,ACTIVE,2023-10-22,2026-09-20T15:49:40.249154
ACCT_00005245,CUST_002619,MONEY_MARKET,760300387,BR_07,305686.69,CLOSED,2023-01-16,2026-09-20T15:49:40.249163
ACCT_00005246,CUST_002619,CHECKING,329918068,BR_03,381354.15,CLOSED,2023-05-09,2026-09-20T15:49:40.249167
ACCT_00005247,CUST_002619,CHECKING,496974086,BR_08,485568.19,INACTIVE,2025-06-17,2026-09-20T15:49:40.249170
ACCT_00005248,CUST_002620,SAVINGS,955315461,BR_09,443880.7,ACTIVE,2026-01-27,2026-09-20T15:49:40.249179
ACCT_00005249,CUST_002620,CHECKING,448913231,BR_12,249792.3,ACTIVE,2024-12-16,2026-09-20T15:49:40.249183
ACCT_00005250,CUST_002620,SAVINGS,496673828,BR_07,26699.99,ACTIVE,2021-10-03,2026-09-20T15:49:40.249185
ACCT_00005251,CUST_002621,SAVINGS,837785325,BR_03,192235.7,INACTIVE,2021-12-21,2026-09-20T15:49:40.249195
ACCT_00005252,CUST_002621,SAVINGS,447177631,BR_05,208171.3,ACTIVE,2026-08-15,2026-09-20T15:49:40.249198
ACCT_00005253,CUST_002622,CHECKING,991773641,BR_04,170907.13,INACTIVE,2022-03-11,2026-09-20T15:49:40.249208
ACCT_00005254,CUST_002623,MONEY_MARKET,861492542,BR_12,84891.62,CLOSED,2025-03-28,2026-09-20T15:49:40.249218
ACCT_00005255,CUST_002623,MONEY_MARKET,405469657,BR_01,245146.7,ACTIVE,2022-06-06,2026-09-20T15:49:40.249221
ACCT_00005256,CUST_002624,CHECKING,815550120,BR_05,114614.03,INACTIVE,2024-06-28,2026-09-20T15:49:40.249231
ACCT_00005257,CUST_002624,CHECKING,960537767,BR_10,462966.48,INACTIVE,2023-12-28,2026-09-20T15:49:40.249234
ACCT_00005258,CUST_002625,CHECKING,873891172,BR_11,25413.12,ACTIVE,2022-03-05,2026-09-20T15:49:40.249244
ACCT_00005259,CUST_002625,CHECKING,712763459,BR_09,426631.18,ACTIVE,2026-05-08,2026-09-20T15:49:40.249247
ACCT_00005260,CUST_002625,SAVINGS,720719241,BR_13,178799.44,INACTIVE,2025-07-29,2026-09-20T15:49:40.249250
ACCT_00005261,CUST_002626,CHECKING,180056716,BR_05,316240.19,CLOSED,2026-02-28,2026-09-20T15:49:40.249260
ACCT_00005262,CUST_002626,MONEY_MARKET,290397160,BR_01,456323.95,ACTIVE,2025-01-02,2026-09-20T15:49:40.249263
ACCT_00005263,CUST_002627,CHECKING,623561345,BR_06,199740.08,INACTIVE,2023-10-03,2026-09-20T15:49:40.249273
ACCT_00005264,CUST_002627,CHECKING,752161536,BR_06,218117.67,CLOSED,2021-12-26,2026-09-20T15:49:40.249276
ACCT_00005265,CUST_002627,CHECKING,667774897,BR_12,477139.23,INACTIVE,2025-02-15,2026-09-20T15:49:40.249279
ACCT_00005266,CUST_002628,CHECKING,334432116,BR_11,98609.72,INACTIVE,2024-08-15,2026-09-20T15:49:40.249289
ACCT_00005267,CUST_002629,CHECKING,250837560,BR_09,170338.0,CLOSED,2022-02-25,2026-09-20T15:49:40.249299
ACCT_00005268,CUST_002629,CHECKING,452980995,BR_15,215604.13,INACTIVE,2023-07-18,2026-09-20T15:49:40.249302
ACCT_00005269,CUST_002629,CHECKING,571635511,BR_11,306350.85,CLOSED,2024-07-18,2026-09-20T15:49:40.249305
ACCT_00005270,CUST_002630,SAVINGS,689274093,BR_03,282953.23,CLOSED,2024-10-16,2026-09-20T15:49:40.249315
ACCT_00005271,CUST_002630,CHECKING,892125606,BR_13,152078.47,ACTIVE,2025-09-07,2026-09-20T15:49:40.249318
ACCT_00005272,CUST_002630,CHECKING,974498214,BR_10,431407.21,CLOSED,2022-10-17,2026-09-20T15:49:40.249321
ACCT_00005273,CUST_002631,MONEY_MARKET,404019597,BR_03,285257.42,CLOSED,2025-02-14,2026-09-20T15:49:40.249331
ACCT_00005274,CUST_002632,CHECKING,411592551,BR_02,142193.43,ACTIVE,2025-06-04,2026-09-20T15:49:40.249340
ACCT_00005275,CUST_002632,MONEY_MARKET,488498064,BR_12,351665.85,CLOSED,2023-05-19,2026-09-20T15:49:40.249344
ACCT_00005276,CUST_002632,CHECKING,723293988,BR_02,142326.43,ACTIVE,2024-04-29,2026-09-20T15:49:40.249346
ACCT_00005277,CUST_002633,CHECKING,106143492,BR_15,60441.07,ACTIVE,2022-01-14,2026-09-20T15:49:40.249356
ACCT_00005278,CUST_002633,MONEY_MARKET,132779948,BR_02,225167.28,ACTIVE,2025-10-14,2026-09-20T15:49:40.249359
ACCT_00005279,CUST_002634,MONEY_MARKET,643408672,BR_11,151432.76,INACTIVE,2024-03-12,2026-09-20T15:49:40.249369
ACCT_00005280,CUST_002635,MONEY_MARKET,651355439,BR_09,195562.77,INACTIVE,2023-02-20,2026-09-20T15:49:40.249379
ACCT_00005281,CUST_002635,SAVINGS,683856924,BR_02,345546.75,ACTIVE,2024-01-16,2026-09-20T15:49:40.249382
ACCT_00005282,CUST_002635,CHECKING,958231009,BR_10,62399.66,CLOSED,2024-06-23,2026-09-20T15:49:40.249385
ACCT_00005283,CUST_002636,MONEY_MARKET,451058553,BR_10,475827.99,INACTIVE,2024-11-20,2026-09-20T15:49:40.249395
ACCT_00005284,CUST_002636,SAVINGS,845014360,BR_11,288399.39,INACTIVE,2025-07-26,2026-09-20T15:49:40.249398
ACCT_00005285,CUST_002637,MONEY_MARKET,222061967,BR_09,327350.25,ACTIVE,2026-02-01,2026-09-20T15:49:40.249408
ACCT_00005286,CUST_002638,CHECKING,655535099,BR_06,441346.22,ACTIVE,2026-01-24,2026-09-20T15:49:40.249418
ACCT_00005287,CUST_002639,SAVINGS,989940130,BR_15,266856.76,ACTIVE,2025-04-26,2026-09-20T15:49:40.249428
ACCT_00005288,CUST_002639,SAVINGS,296527777,BR_09,125427.76,CLOSED,2026-07-27,2026-09-20T15:49:40.249431
ACCT_00005289,CUST_002640,CHECKING,258432179,BR_15,363291.18,CLOSED,2025-03-24,2026-09-20T15:49:40.249441
ACCT_00005290,CUST_002640,SAVINGS,286997896,BR_07,238359.13,ACTIVE,2023-02-09,2026-09-20T15:49:40.249444
ACCT_00005291,CUST_002640,CHECKING,937903461,BR_03,5112.83,ACTIVE,2024-11-18,2026-09-20T15:49:40.249447
ACCT_00005292,CUST_002641,SAVINGS,270645484,BR_04,268494.48,INACTIVE,2022-02-25,2026-09-20T15:49:40.249457
ACCT_00005293,CUST_002642,SAVINGS,609046922,BR_07,14915.95,ACTIVE,2023-03-03,2026-09-20T15:49:40.249467
ACCT_00005294,CUST_002643,CHECKING,799878663,BR_11,466834.33,CLOSED,2023-05-01,2026-09-20T15:49:40.249476
ACCT_00005295,CUST_002643,MONEY_MARKET,629884390,BR_11,353069.0,INACTIVE,2022-09-01,2026-09-20T15:49:40.249479
ACCT_00005296,CUST_002643,SAVINGS,604407261,BR_05,25999.31,CLOSED,2022-09-16,2026-09-20T15:49:40.249482
ACCT_00005297,CUST_002644,SAVINGS,243981838,BR_02,19954.64,CLOSED,2024-09-28,2026-09-20T15:49:40.249492
ACCT_00005298,CUST_002644,CHECKING,952005232,BR_05,421434.59,ACTIVE,2026-07-11,2026-09-20T15:49:40.249495
ACCT_00005299,CUST_002645,CHECKING,850500429,BR_01,441246.62,INACTIVE,2021-11-06,2026-09-20T15:49:40.249507
ACCT_00005300,CUST_002646,CHECKING,838651228,BR_11,407206.32,CLOSED,2022-08-19,2026-09-20T15:49:40.249516
ACCT_00005301,CUST_002647,CHECKING,404574697,BR_13,231029.82,ACTIVE,2024-09-15,2026-09-20T15:49:40.249527
ACCT_00005302,CUST_002647,SAVINGS,296330333,BR_07,173242.97,ACTIVE,2024-03-10,2026-09-20T15:49:40.249530
ACCT_00005303,CUST_002648,MONEY_MARKET,671069083,BR_10,335488.85,CLOSED,2025-08-22,2026-09-20T15:49:40.249540
ACCT_00005304,CUST_002648,SAVINGS,566435538,BR_13,361986.64,CLOSED,2022-08-22,2026-09-20T15:49:40.249543
ACCT_00005305,CUST_002648,CHECKING,723768951,BR_09,159599.41,ACTIVE,2025-05-29,2026-09-20T15:49:40.249546
ACCT_00005306,CUST_002649,MONEY_MARKET,211022822,BR_13,275710.84,CLOSED,2023-05-29,2026-09-20T15:49:40.249556
ACCT_00005307,CUST_002649,CHECKING,509446519,BR_11,95932.79,CLOSED,2023-02-15,2026-09-20T15:49:40.249559
ACCT_00005308,CUST_002649,CHECKING,934368587,BR_14,229764.06,CLOSED,2024-03-31,2026-09-20T15:49:40.249562
ACCT_00005309,CUST_002650,CHECKING,613360315,BR_15,491901.06,ACTIVE,2025-02-06,2026-09-20T15:49:40.249572
ACCT_00005310,CUST_002650,CHECKING,798698298,BR_15,116201.34,INACTIVE,2022-04-21,2026-09-20T15:49:40.249613
ACCT_00005311,CUST_002650,MONEY_MARKET,348018223,BR_02,260580.09,CLOSED,2024-07-30,2026-09-20T15:49:40.249620
ACCT_00005312,CUST_002651,CHECKING,175995706,BR_14,40413.71,INACTIVE,2022-10-25,2026-09-20T15:49:40.249668
ACCT_00005313,CUST_002651,MONEY_MARKET,736912304,BR_03,337263.61,CLOSED,2025-07-26,2026-09-20T15:49:40.249672
ACCT_00005314,CUST_002651,SAVINGS,367841031,BR_05,353583.74,CLOSED,2026-04-27,2026-09-20T15:49:40.249676
ACCT_00005315,CUST_002652,CHECKING,975202434,BR_08,491704.45,CLOSED,2026-08-15,2026-09-20T15:49:40.249693
ACCT_00005316,CUST_002652,SAVINGS,614844252,BR_06,3164.36,CLOSED,2023-07-19,2026-09-20T15:49:40.249699
ACCT_00005317,CUST_002653,MONEY_MARKET,403388574,BR_11,288976.55,CLOSED,2022-03-13,2026-09-20T15:49:40.249713
ACCT_00005318,CUST_002653,SAVINGS,312407358,BR_13,173316.9,INACTIVE,2023-10-23,2026-09-20T15:49:40.249717
ACCT_00005319,CUST_002654,MONEY_MARKET,545177029,BR_03,384371.61,ACTIVE,2023-07-29,2026-09-20T15:49:40.249728
ACCT_00005320,CUST_002654,CHECKING,971735162,BR_06,455985.17,INACTIVE,2026-03-25,2026-09-20T15:49:40.249731
ACCT_00005321,CUST_002655,SAVINGS,693183260,BR_05,369950.03,INACTIVE,2022-06-11,2026-09-20T15:49:40.249742
ACCT_00005322,CUST_002655,CHECKING,274894656,BR_15,185456.57,INACTIVE,2024-10-01,2026-09-20T15:49:40.249745
ACCT_00005323,CUST_002655,CHECKING,310608533,BR_14,423069.22,ACTIVE,2022-09-02,2026-09-20T15:49:40.249748
ACCT_00005324,CUST_002656,MONEY_MARKET,451549691,BR_10,33753.71,INACTIVE,2026-02-05,2026-09-20T15:49:40.249759
ACCT_00005325,CUST_002657,SAVINGS,323519883,BR_11,344413.38,ACTIVE,2022-06-12,2026-09-20T15:49:40.249770
ACCT_00005326,CUST_002657,MONEY_MARKET,206839680,BR_01,298365.5,INACTIVE,2024-11-27,2026-09-20T15:49:40.249773
ACCT_00005327,CUST_002657,SAVINGS,215163805,BR_11,115273.22,INACTIVE,2025-05-09,2026-09-20T15:49:40.249776
ACCT_00005328,CUST_002658,SAVINGS,888271051,BR_10,5007.23,INACTIVE,2022-07-10,2026-09-20T15:49:40.249786
ACCT_00005329,CUST_002658,CHECKING,370377672,BR_02,245669.03,INACTIVE,2025-11-03,2026-09-20T15:49:40.249790
ACCT_00005330,CUST_002659,CHECKING,380047812,BR_03,209962.6,CLOSED,2023-11-28,2026-09-20T15:49:40.249800
ACCT_00005331,CUST_002660,SAVINGS,142454002,BR_12,99441.14,CLOSED,2025-09-02,2026-09-20T15:49:40.249810
ACCT_00005332,CUST_002660,CHECKING,780001705,BR_14,272541.77,ACTIVE,2023-09-30,2026-09-20T15:49:40.249813
ACCT_00005333,CUST_002660,CHECKING,573894145,BR_02,443432.81,CLOSED,2022-01-23,2026-09-20T15:49:40.249817
ACCT_00005334,CUST_002661,MONEY_MARKET,878978019,BR_10,375083.36,INACTIVE,2021-10-24,2026-09-20T15:49:40.249827
ACCT_00005335,CUST_002661,SAVINGS,824502504,BR_08,370887.62,CLOSED,2024-11-04,2026-09-20T15:49:40.249831
ACCT_00005336,CUST_002661,CHECKING,981652746,BR_02,35395.98,ACTIVE,2024-03-01,2026-09-20T15:49:40.249834
ACCT_00005337,CUST_002662,SAVINGS,724213556,BR_07,122159.74,INACTIVE,2022-01-22,2026-09-20T15:49:40.249844
ACCT_00005338,CUST_002662,CHECKING,175516523,BR_02,152976.03,ACTIVE,2025-04-20,2026-09-20T15:49:40.249847
ACCT_00005339,CUST_002662,CHECKING,117339727,BR_09,251983.91,ACTIVE,2025-04-15,2026-09-20T15:49:40.249851
ACCT_00005340,CUST_002663,SAVINGS,885982551,BR_13,167231.19,CLOSED,2025-03-08,2026-09-20T15:49:40.249861
ACCT_00005341,CUST_002664,CHECKING,128723725,BR_04,407038.1,CLOSED,2026-02-07,2026-09-20T15:49:40.249872
ACCT_00005342,CUST_002664,MONEY_MARKET,960245981,BR_01,121802.77,INACTIVE,2024-12-20,2026-09-20T15:49:40.249874
ACCT_00005343,CUST_002664,MONEY_MARKET,499671433,BR_12,46430.5,ACTIVE,2026-05-22,2026-09-20T15:49:40.249878
ACCT_00005344,CUST_002665,CHECKING,637729723,BR_03,152345.32,CLOSED,2025-03-22,2026-09-20T15:49:40.249888
ACCT_00005345,CUST_002666,MONEY_MARKET,193677417,BR_08,22866.03,CLOSED,2025-03-03,2026-09-20T15:49:40.249898
ACCT_00005346,CUST_002667,CHECKING,555923512,BR_11,275121.38,CLOSED,2024-02-21,2026-09-20T15:49:40.249908
ACCT_00005347,CUST_002667,MONEY_MARKET,950983964,BR_11,95860.87,ACTIVE,2025-01-22,2026-09-20T15:49:40.249912
ACCT_00005348,CUST_002668,MONEY_MARKET,716265887,BR_08,430953.31,ACTIVE,2025-06-18,2026-09-20T15:49:40.249922
ACCT_00005349,CUST_002668,MONEY_MARKET,237824626,BR_01,140124.13,CLOSED,2024-11-22,2026-09-20T15:49:40.249925
ACCT_00005350,CUST_002668,MONEY_MARKET,632120194,BR_05,106601.27,ACTIVE,2024-12-01,2026-09-20T15:49:40.249928
ACCT_00005351,CUST_002669,CHECKING,212177577,BR_01,205738.1,ACTIVE,2021-10-03,2026-09-20T15:49:40.249938
ACCT_00005352,CUST_002669,CHECKING,964136241,BR_01,147184.97,INACTIVE,2026-08-18,2026-09-20T15:49:40.249941
ACCT_00005353,CUST_002670,CHECKING,775390239,BR_05,55351.5,ACTIVE,2025-04-28,2026-09-20T15:49:40.249951
ACCT_00005354,CUST_002671,SAVINGS,458584741,BR_12,227661.98,INACTIVE,2025-11-22,2026-09-20T15:49:40.249963
ACCT_00005355,CUST_002671,CHECKING,873901203,BR_08,379943.63,ACTIVE,2022-10-19,2026-09-20T15:49:40.249966
ACCT_00005356,CUST_002672,CHECKING,829087085,BR_04,298438.33,INACTIVE,2024-04-07,2026-09-20T15:49:40.249976
ACCT_00005357,CUST_002672,MONEY_MARKET,598487737,BR_03,328502.61,INACTIVE,2024-07-09,2026-09-20T15:49:40.249979
ACCT_00005358,CUST_002672,CHECKING,863186559,BR_09,400388.67,CLOSED,2022-05-21,2026-09-20T15:49:40.249982
ACCT_00005359,CUST_002673,MONEY_MARKET,695191883,BR_08,357685.63,INACTIVE,2023-11-20,2026-09-20T15:49:40.249992
ACCT_00005360,CUST_002673,SAVINGS,611231014,BR_12,219033.4,INACTIVE,2021-10-15,2026-09-20T15:49:40.249996
ACCT_00005361,CUST_002673,CHECKING,333793939,BR_09,240243.45,CLOSED,2026-03-18,2026-09-20T15:49:40.249999
ACCT_00005362,CUST_002674,CHECKING,751193781,BR_09,42103.88,CLOSED,2025-05-21,2026-09-20T15:49:40.250009
ACCT_00005363,CUST_002675,SAVINGS,790655491,BR_11,399960.69,ACTIVE,2025-01-30,2026-09-20T15:49:40.250021
ACCT_00005364,CUST_002675,MONEY_MARKET,611693286,BR_04,19513.55,INACTIVE,2025-12-25,2026-09-20T15:49:40.250025
ACCT_00005365,CUST_002675,MONEY_MARKET,371562918,BR_06,170857.14,CLOSED,2024-05-04,2026-09-20T15:49:40.250028
ACCT_00005366,CUST_002676,CHECKING,792778695,BR_12,395203.85,CLOSED,2025-05-21,2026-09-20T15:49:40.250038
ACCT_00005367,CUST_002676,SAVINGS,221836641,BR_09,277804.74,CLOSED,2026-06-20,2026-09-20T15:49:40.250041
ACCT_00005368,CUST_002676,SAVINGS,721416216,BR_11,201429.59,INACTIVE,2022-07-23,2026-09-20T15:49:40.250044
ACCT_00005369,CUST_002677,CHECKING,366261199,BR_11,316877.44,ACTIVE,2024-09-08,2026-09-20T15:49:40.250054
ACCT_00005370,CUST_002677,SAVINGS,964209505,BR_06,255048.39,CLOSED,2025-07-23,2026-09-20T15:49:40.250057
ACCT_00005371,CUST_002677,MONEY_MARKET,213862879,BR_13,492231.26,CLOSED,2024-10-24,2026-09-20T15:49:40.250060
ACCT_00005372,CUST_002678,MONEY_MARKET,520152619,BR_12,70190.54,INACTIVE,2025-01-27,2026-09-20T15:49:40.250070
ACCT_00005373,CUST_002679,MONEY_MARKET,305313904,BR_13,117845.58,ACTIVE,2024-02-16,2026-09-20T15:49:40.250080
ACCT_00005374,CUST_002679,CHECKING,823994171,BR_10,158168.44,ACTIVE,2024-05-03,2026-09-20T15:49:40.250083
ACCT_00005375,CUST_002680,MONEY_MARKET,437169340,BR_14,210296.24,INACTIVE,2026-08-04,2026-09-20T15:49:40.250094
ACCT_00005376,CUST_002681,CHECKING,893368025,BR_08,481770.6,ACTIVE,2022-05-02,2026-09-20T15:49:40.250104
ACCT_00005377,CUST_002682,CHECKING,592457121,BR_09,328399.47,ACTIVE,2026-05-01,2026-09-20T15:49:40.250113
ACCT_00005378,CUST_002682,MONEY_MARKET,471906932,BR_06,341252.52,INACTIVE,2022-08-10,2026-09-20T15:49:40.250117
ACCT_00005379,CUST_002683,CHECKING,823454706,BR_06,133563.34,ACTIVE,2024-02-12,2026-09-20T15:49:40.250127
ACCT_00005380,CUST_002683,MONEY_MARKET,860430837,BR_10,338797.71,INACTIVE,2024-01-06,2026-09-20T15:49:40.250130
ACCT_00005381,CUST_002684,MONEY_MARKET,664394456,BR_09,486026.79,CLOSED,2021-09-21,2026-09-20T15:49:40.250140
ACCT_00005382,CUST_002684,CHECKING,791859606,BR_12,448754.23,ACTIVE,2022-02-27,2026-09-20T15:49:40.250143
ACCT_00005383,CUST_002684,CHECKING,918498363,BR_15,15738.67,ACTIVE,2024-02-01,2026-09-20T15:49:40.250146
ACCT_00005384,CUST_002685,MONEY_MARKET,815202480,BR_01,462790.84,ACTIVE,2022-04-30,2026-09-20T15:49:40.250156
ACCT_00005385,CUST_002686,SAVINGS,630954559,BR_13,484954.21,ACTIVE,2022-04-02,2026-09-20T15:49:40.250166
ACCT_00005386,CUST_002686,CHECKING,416802330,BR_07,52914.44,INACTIVE,2024-07-31,2026-09-20T15:49:40.250169
ACCT_00005387,CUST_002686,MONEY_MARKET,628046136,BR_09,346455.99,INACTIVE,2026-02-08,2026-09-20T15:49:40.250172
ACCT_00005388,CUST_002687,MONEY_MARKET,433531220,BR_09,213818.93,INACTIVE,2026-03-07,2026-09-20T15:49:40.250182
ACCT_00005389,CUST_002688,SAVINGS,376072076,BR_05,74552.55,INACTIVE,2025-12-06,2026-09-20T15:49:40.250192
ACCT_00005390,CUST_002688,SAVINGS,422787203,BR_14,473613.74,INACTIVE,2026-04-22,2026-09-20T15:49:40.250195
ACCT_00005391,CUST_002688,MONEY_MARKET,377842707,BR_10,274352.15,INACTIVE,2026-03-06,2026-09-20T15:49:40.250198
ACCT_00005392,CUST_002689,CHECKING,226132783,BR_09,231646.63,ACTIVE,2025-05-06,2026-09-20T15:49:40.250208
ACCT_00005393,CUST_002690,CHECKING,450361565,BR_08,388301.39,CLOSED,2025-01-14,2026-09-20T15:49:40.250218
ACCT_00005394,CUST_002691,SAVINGS,340656528,BR_13,377383.29,INACTIVE,2025-04-08,2026-09-20T15:49:40.250229
ACCT_00005395,CUST_002691,CHECKING,430667097,BR_14,188166.35,INACTIVE,2022-04-22,2026-09-20T15:49:40.250232
ACCT_00005396,CUST_002691,MONEY_MARKET,708054280,BR_10,437443.62,CLOSED,2025-03-14,2026-09-20T15:49:40.250236
ACCT_00005397,CUST_002692,MONEY_MARKET,164254740,BR_13,106973.43,ACTIVE,2025-03-05,2026-09-20T15:49:40.250246
ACCT_00005398,CUST_002692,CHECKING,651287387,BR_02,401419.23,INACTIVE,2023-02-20,2026-09-20T15:49:40.250249
ACCT_00005399,CUST_002692,MONEY_MARKET,895305823,BR_09,466755.98,CLOSED,2025-11-02,2026-09-20T15:49:40.250252
ACCT_00005400,CUST_002693,SAVINGS,715909450,BR_03,141886.54,ACTIVE,2025-01-20,2026-09-20T15:49:40.250262
ACCT_00005401,CUST_002693,MONEY_MARKET,230150374,BR_02,464552.73,CLOSED,2025-07-25,2026-09-20T15:49:40.250265
ACCT_00005402,CUST_002694,CHECKING,649388145,BR_07,383925.12,INACTIVE,2025-04-07,2026-09-20T15:49:40.250275
ACCT_00005403,CUST_002695,CHECKING,189912819,BR_14,132217.53,INACTIVE,2022-10-10,2026-09-20T15:49:40.250285
ACCT_00005404,CUST_002696,SAVINGS,204042745,BR_09,393592.08,ACTIVE,2024-01-15,2026-09-20T15:49:40.250295
ACCT_00005405,CUST_002696,SAVINGS,738529963,BR_02,448778.57,INACTIVE,2026-04-27,2026-09-20T15:49:40.250298
ACCT_00005406,CUST_002697,CHECKING,391228016,BR_04,451773.86,INACTIVE,2025-02-13,2026-09-20T15:49:40.250308
ACCT_00005407,CUST_002698,MONEY_MARKET,265954339,BR_06,444160.88,CLOSED,2024-01-04,2026-09-20T15:49:40.250317
ACCT_00005408,CUST_002699,CHECKING,972434551,BR_13,483754.42,CLOSED,2024-10-13,2026-09-20T15:49:40.250328
ACCT_00005409,CUST_002699,CHECKING,507960177,BR_03,157669.69,CLOSED,2022-11-15,2026-09-20T15:49:40.250331
ACCT_00005410,CUST_002700,CHECKING,232577235,BR_02,410827.35,INACTIVE,2026-01-10,2026-09-20T15:49:40.250341
ACCT_00005411,CUST_002701,CHECKING,221915485,BR_10,418000.04,ACTIVE,2023-01-19,2026-09-20T15:49:40.250351
ACCT_00005412,CUST_002701,CHECKING,129815626,BR_07,5888.99,ACTIVE,2025-04-01,2026-09-20T15:49:40.250354
ACCT_00005413,CUST_002701,MONEY_MARKET,531656295,BR_11,291570.49,ACTIVE,2022-03-30,2026-09-20T15:49:40.250357
ACCT_00005414,CUST_002702,SAVINGS,238077602,BR_03,37786.15,CLOSED,2024-11-26,2026-09-20T15:49:40.250367
ACCT_00005415,CUST_002703,CHECKING,794419951,BR_14,211973.42,INACTIVE,2022-12-21,2026-09-20T15:49:40.250377
ACCT_00005416,CUST_002703,CHECKING,903441040,BR_13,182832.15,ACTIVE,2023-07-01,2026-09-20T15:49:40.250380
ACCT_00005417,CUST_002704,MONEY_MARKET,246124638,BR_06,387499.91,ACTIVE,2025-12-11,2026-09-20T15:49:40.250390
ACCT_00005418,CUST_002704,SAVINGS,216681129,BR_11,156403.78,CLOSED,2023-06-09,2026-09-20T15:49:40.250393
ACCT_00005419,CUST_002705,MONEY_MARKET,434022850,BR_05,367305.66,INACTIVE,2022-03-13,2026-09-20T15:49:40.250403
ACCT_00005420,CUST_002705,MONEY_MARKET,191559178,BR_09,137678.56,INACTIVE,2024-11-15,2026-09-20T15:49:40.250406
ACCT_00005421,CUST_002705,CHECKING,570930629,BR_13,387012.1,INACTIVE,2023-08-21,2026-09-20T15:49:40.250409
ACCT_00005422,CUST_002706,SAVINGS,669048555,BR_03,359946.34,CLOSED,2024-07-27,2026-09-20T15:49:40.250419
ACCT_00005423,CUST_002707,MONEY_MARKET,214317409,BR_05,425772.04,CLOSED,2022-01-21,2026-09-20T15:49:40.250429
ACCT_00005424,CUST_002708,SAVINGS,133714900,BR_03,399556.22,ACTIVE,2025-07-18,2026-09-20T15:49:40.250438
ACCT_00005425,CUST_002708,SAVINGS,696099009,BR_06,296621.62,INACTIVE,2023-10-10,2026-09-20T15:49:40.250442
ACCT_00005426,CUST_002708,CHECKING,844816522,BR_04,474508.18,CLOSED,2023-02-11,2026-09-20T15:49:40.250445
ACCT_00005427,CUST_002709,MONEY_MARKET,284033799,BR_09,258984.0,INACTIVE,2026-06-25,2026-09-20T15:49:40.250456
ACCT_00005428,CUST_002709,SAVINGS,439465903,BR_01,436441.93,CLOSED,2022-11-27,2026-09-20T15:49:40.250459
ACCT_00005429,CUST_002710,CHECKING,729115325,BR_11,441271.58,CLOSED,2022-01-13,2026-09-20T15:49:40.250470
ACCT_00005430,CUST_002710,SAVINGS,967900379,BR_04,180420.03,INACTIVE,2025-11-25,2026-09-20T15:49:40.250473
ACCT_00005431,CUST_002710,SAVINGS,294169144,BR_05,351901.71,INACTIVE,2023-11-17,2026-09-20T15:49:40.250476
ACCT_00005432,CUST_002711,SAVINGS,371776944,BR_05,389324.62,INACTIVE,2023-06-20,2026-09-20T15:49:40.250486
ACCT_00005433,CUST_002711,SAVINGS,384051216,BR_13,293691.51,ACTIVE,2024-12-03,2026-09-20T15:49:40.250488
ACCT_00005434,CUST_002712,SAVINGS,966222423,BR_01,24499.54,ACTIVE,2024-06-21,2026-09-20T15:49:40.250498
ACCT_00005435,CUST_002712,MONEY_MARKET,671308774,BR_14,255565.96,ACTIVE,2024-06-13,2026-09-20T15:49:40.250501
ACCT_00005436,CUST_002713,MONEY_MARKET,566422980,BR_03,480145.01,CLOSED,2024-01-28,2026-09-20T15:49:40.250512
ACCT_00005437,CUST_002713,SAVINGS,965680109,BR_06,401183.18,INACTIVE,2024-01-17,2026-09-20T15:49:40.250515
ACCT_00005438,CUST_002714,CHECKING,943056284,BR_15,407805.79,CLOSED,2024-08-31,2026-09-20T15:49:40.250526
ACCT_00005439,CUST_002714,MONEY_MARKET,411657337,BR_11,402250.7,ACTIVE,2023-05-16,2026-09-20T15:49:40.250529
ACCT_00005440,CUST_002714,CHECKING,250016290,BR_02,11167.44,INACTIVE,2026-07-03,2026-09-20T15:49:40.250532
ACCT_00005441,CUST_002715,CHECKING,487042532,BR_05,404932.11,INACTIVE,2022-07-16,2026-09-20T15:49:40.250542
ACCT_00005442,CUST_002715,CHECKING,747522418,BR_07,21857.36,INACTIVE,2026-04-20,2026-09-20T15:49:40.250545
ACCT_00005443,CUST_002716,MONEY_MARKET,974304306,BR_04,70753.59,CLOSED,2022-06-21,2026-09-20T15:49:40.250556
ACCT_00005444,CUST_002716,SAVINGS,603300072,BR_01,220236.07,ACTIVE,2024-05-30,2026-09-20T15:49:40.250559
ACCT_00005445,CUST_002716,CHECKING,487157948,BR_11,469044.13,ACTIVE,2022-09-04,2026-09-20T15:49:40.250562
ACCT_00005446,CUST_002717,SAVINGS,316135450,BR_02,342850.27,ACTIVE,2025-06-02,2026-09-20T15:49:40.250573
ACCT_00005447,CUST_002717,CHECKING,499145226,BR_01,324577.5,ACTIVE,2022-06-08,2026-09-20T15:49:40.250576
ACCT_00005448,CUST_002718,MONEY_MARKET,934282935,BR_10,148643.75,CLOSED,2023-01-30,2026-09-20T15:49:40.250588
ACCT_00005449,CUST_002718,MONEY_MARKET,646014388,BR_15,265628.76,INACTIVE,2025-10-09,2026-09-20T15:49:40.250591
ACCT_00005450,CUST_002718,SAVINGS,697871037,BR_10,178808.04,CLOSED,2025-04-11,2026-09-20T15:49:40.250594
ACCT_00005451,CUST_002719,CHECKING,944345657,BR_14,249737.8,INACTIVE,2023-06-11,2026-09-20T15:49:40.250604
ACCT_00005452,CUST_002719,SAVINGS,879438544,BR_05,168128.03,INACTIVE,2023-04-01,2026-09-20T15:49:40.250607
ACCT_00005453,CUST_002720,MONEY_MARKET,480474199,BR_12,311627.29,INACTIVE,2022-07-12,2026-09-20T15:49:40.250617
ACCT_00005454,CUST_002720,MONEY_MARKET,224526824,BR_03,224367.82,ACTIVE,2022-07-27,2026-09-20T15:49:40.250620
ACCT_00005455,CUST_002720,CHECKING,629367072,BR_12,437053.52,CLOSED,2022-07-23,2026-09-20T15:49:40.250623
ACCT_00005456,CUST_002721,CHECKING,571854641,BR_12,53324.55,ACTIVE,2025-11-23,2026-09-20T15:49:40.250633
ACCT_00005457,CUST_002721,CHECKING,833124199,BR_05,451127.27,ACTIVE,2025-06-11,2026-09-20T15:49:40.250636
ACCT_00005458,CUST_002721,MONEY_MARKET,324056151,BR_07,431262.25,ACTIVE,2023-12-21,2026-09-20T15:49:40.250639
ACCT_00005459,CUST_002722,CHECKING,595714079,BR_07,459069.17,INACTIVE,2022-08-27,2026-09-20T15:49:40.250649
ACCT_00005460,CUST_002722,CHECKING,922964651,BR_11,138458.77,ACTIVE,2025-01-29,2026-09-20T15:49:40.250652
ACCT_00005461,CUST_002723,SAVINGS,461159950,BR_11,183354.91,ACTIVE,2025-09-21,2026-09-20T15:49:40.250662
ACCT_00005462,CUST_002723,MONEY_MARKET,505630803,BR_04,252370.03,ACTIVE,2026-07-20,2026-09-20T15:49:40.250665
ACCT_00005463,CUST_002723,SAVINGS,107032748,BR_03,353704.01,ACTIVE,2023-08-28,2026-09-20T15:49:40.250668
ACCT_00005464,CUST_002724,MONEY_MARKET,273876663,BR_01,238466.26,CLOSED,2025-01-01,2026-09-20T15:49:40.250678
ACCT_00005465,CUST_002724,MONEY_MARKET,783362488,BR_06,293872.5,ACTIVE,2022-03-11,2026-09-20T15:49:40.250681
ACCT_00005466,CUST_002724,MONEY_MARKET,871126089,BR_03,221232.46,INACTIVE,2023-11-21,2026-09-20T15:49:40.250684
ACCT_00005467,CUST_002725,SAVINGS,296022734,BR_04,312512.59,INACTIVE,2022-09-20,2026-09-20T15:49:40.250694
ACCT_00005468,CUST_002725,SAVINGS,333026626,BR_15,376029.05,CLOSED,2024-01-29,2026-09-20T15:49:40.250698
ACCT_00005469,CUST_002726,MONEY_MARKET,945611324,BR_03,357754.24,CLOSED,2025-06-05,2026-09-20T15:49:40.250708
ACCT_00005470,CUST_002727,SAVINGS,926498375,BR_12,289276.08,ACTIVE,2022-01-05,2026-09-20T15:49:40.250718
ACCT_00005471,CUST_002727,SAVINGS,228520130,BR_01,6058.56,INACTIVE,2026-08-19,2026-09-20T15:49:40.250722
ACCT_00005472,CUST_002727,SAVINGS,573544421,BR_13,82650.5,INACTIVE,2025-07-21,2026-09-20T15:49:40.250727
ACCT_00005473,CUST_002728,MONEY_MARKET,369918326,BR_12,261010.33,CLOSED,2022-11-26,2026-09-20T15:49:40.250739
ACCT_00005474,CUST_002728,SAVINGS,948335295,BR_15,415674.76,ACTIVE,2021-09-25,2026-09-20T15:49:40.250742
ACCT_00005475,CUST_002728,SAVINGS,173318519,BR_06,451311.7,INACTIVE,2025-03-30,2026-09-20T15:49:40.250745
ACCT_00005476,CUST_002729,CHECKING,482355523,BR_03,2250.28,CLOSED,2023-07-03,2026-09-20T15:49:40.250769
ACCT_00005477,CUST_002730,CHECKING,697122627,BR_08,111068.47,CLOSED,2022-02-05,2026-09-20T15:49:40.250779
ACCT_00005478,CUST_002731,SAVINGS,155554960,BR_08,311386.12,ACTIVE,2024-01-08,2026-09-20T15:49:40.250790
ACCT_00005479,CUST_002731,SAVINGS,990777943,BR_15,113944.88,ACTIVE,2023-03-17,2026-09-20T15:49:40.250793
ACCT_00005480,CUST_002731,SAVINGS,306985266,BR_15,473257.17,ACTIVE,2022-06-24,2026-09-20T15:49:40.250796
ACCT_00005481,CUST_002732,MONEY_MARKET,464949280,BR_01,446872.36,ACTIVE,2022-10-20,2026-09-20T15:49:40.250806
ACCT_00005482,CUST_002732,MONEY_MARKET,587337603,BR_11,456233.23,INACTIVE,2023-03-28,2026-09-20T15:49:40.250809
ACCT_00005483,CUST_002733,MONEY_MARKET,128776662,BR_09,74773.87,CLOSED,2022-08-16,2026-09-20T15:49:40.250818
ACCT_00005484,CUST_002733,CHECKING,100277777,BR_10,29490.2,ACTIVE,2025-09-02,2026-09-20T15:49:40.250822
ACCT_00005485,CUST_002733,CHECKING,702127621,BR_11,314165.0,ACTIVE,2021-10-02,2026-09-20T15:49:40.250825
ACCT_00005486,CUST_002734,CHECKING,660972848,BR_10,422650.36,INACTIVE,2024-09-09,2026-09-20T15:49:40.250837
ACCT_00005487,CUST_002735,CHECKING,740174504,BR_11,349868.18,CLOSED,2024-04-27,2026-09-20T15:49:40.250847
ACCT_00005488,CUST_002736,CHECKING,351875367,BR_04,37785.58,INACTIVE,2022-02-03,2026-09-20T15:49:40.250856
ACCT_00005489,CUST_002737,MONEY_MARKET,654152115,BR_12,232332.9,INACTIVE,2025-12-29,2026-09-20T15:49:40.250866
ACCT_00005490,CUST_002737,SAVINGS,487382895,BR_08,394800.98,ACTIVE,2025-07-13,2026-09-20T15:49:40.250869
ACCT_00005491,CUST_002737,CHECKING,311110727,BR_01,409543.77,CLOSED,2023-09-10,2026-09-20T15:49:40.250874
ACCT_00005492,CUST_002738,CHECKING,952943698,BR_07,431875.7,CLOSED,2025-01-19,2026-09-20T15:49:40.250883
ACCT_00005493,CUST_002738,CHECKING,599136365,BR_06,5992.44,CLOSED,2025-01-26,2026-09-20T15:49:40.250887
ACCT_00005494,CUST_002738,CHECKING,337334607,BR_15,12106.96,INACTIVE,2023-10-05,2026-09-20T15:49:40.250889
ACCT_00005495,CUST_002739,MONEY_MARKET,554404223,BR_08,324848.01,CLOSED,2022-09-17,2026-09-20T15:49:40.250899
ACCT_00005496,CUST_002739,SAVINGS,448474222,BR_06,341417.61,INACTIVE,2026-08-11,2026-09-20T15:49:40.250903
ACCT_00005497,CUST_002739,MONEY_MARKET,463761749,BR_10,376553.14,INACTIVE,2024-10-04,2026-09-20T15:49:40.250906
ACCT_00005498,CUST_002740,SAVINGS,764230655,BR_14,454375.02,ACTIVE,2025-03-31,2026-09-20T15:49:40.250915
ACCT_00005499,CUST_002741,SAVINGS,767893791,BR_05,338609.59,ACTIVE,2024-02-21,2026-09-20T15:49:40.250925
ACCT_00005500,CUST_002741,CHECKING,638701675,BR_07,477721.95,ACTIVE,2023-08-11,2026-09-20T15:49:40.250928
ACCT_00005501,CUST_002742,SAVINGS,923744727,BR_12,67253.29,INACTIVE,2022-03-11,2026-09-20T15:49:40.250938
ACCT_00005502,CUST_002743,MONEY_MARKET,694254215,BR_05,382739.94,INACTIVE,2026-05-19,2026-09-20T15:49:40.250948
ACCT_00005503,CUST_002744,MONEY_MARKET,378367920,BR_15,200742.9,ACTIVE,2023-11-28,2026-09-20T15:49:40.250958
ACCT_00005504,CUST_002744,SAVINGS,380021480,BR_11,96770.08,INACTIVE,2023-04-01,2026-09-20T15:49:40.250961
ACCT_00005505,CUST_002744,CHECKING,716321691,BR_15,143339.01,INACTIVE,2022-03-30,2026-09-20T15:49:40.250964
ACCT_00005506,CUST_002745,SAVINGS,582252333,BR_05,484329.17,INACTIVE,2023-07-10,2026-09-20T15:49:40.250974
ACCT_00005507,CUST_002745,MONEY_MARKET,701020766,BR_11,438518.79,INACTIVE,2023-06-24,2026-09-20T15:49:40.250977
ACCT_00005508,CUST_002745,MONEY_MARKET,890033294,BR_14,432458.02,CLOSED,2021-12-14,2026-09-20T15:49:40.250980
ACCT_00005509,CUST_002746,MONEY_MARKET,437869473,BR_08,135439.47,ACTIVE,2022-06-05,2026-09-20T15:49:40.250989
ACCT_00005510,CUST_002746,CHECKING,158627795,BR_07,322850.14,INACTIVE,2024-01-27,2026-09-20T15:49:40.250993
ACCT_00005511,CUST_002747,CHECKING,560411330,BR_05,474813.79,CLOSED,2024-02-17,2026-09-20T15:49:40.251002
ACCT_00005512,CUST_002747,MONEY_MARKET,353564205,BR_11,289573.95,CLOSED,2023-03-19,2026-09-20T15:49:40.251005
ACCT_00005513,CUST_002747,SAVINGS,332600757,BR_08,236407.53,ACTIVE,2025-09-28,2026-09-20T15:49:40.251010
ACCT_00005514,CUST_002748,MONEY_MARKET,328450502,BR_15,421770.81,INACTIVE,2022-06-27,2026-09-20T15:49:40.251020
ACCT_00005515,CUST_002748,SAVINGS,482653788,BR_11,335030.37,CLOSED,2025-10-24,2026-09-20T15:49:40.251024
ACCT_00005516,CUST_002749,CHECKING,570878505,BR_09,7393.52,INACTIVE,2026-08-16,2026-09-20T15:49:40.251034
ACCT_00005517,CUST_002749,SAVINGS,142173928,BR_08,314170.26,ACTIVE,2024-06-16,2026-09-20T15:49:40.251037
ACCT_00005518,CUST_002750,CHECKING,960926985,BR_09,419017.6,INACTIVE,2024-06-06,2026-09-20T15:49:40.251047
ACCT_00005519,CUST_002750,MONEY_MARKET,291592302,BR_07,449977.54,CLOSED,2025-11-09,2026-09-20T15:49:40.251050
ACCT_00005520,CUST_002751,CHECKING,817506832,BR_12,79601.82,ACTIVE,2024-09-19,2026-09-20T15:49:40.251060
ACCT_00005521,CUST_002752,CHECKING,251379716,BR_06,194757.15,INACTIVE,2025-08-08,2026-09-20T15:49:40.251070
ACCT_00005522,CUST_002752,CHECKING,265677515,BR_14,124659.13,ACTIVE,2023-07-17,2026-09-20T15:49:40.251073
ACCT_00005523,CUST_002753,SAVINGS,808381547,BR_09,431275.11,INACTIVE,2022-03-22,2026-09-20T15:49:40.251082
ACCT_00005524,CUST_002753,MONEY_MARKET,223629469,BR_06,117140.83,CLOSED,2024-12-05,2026-09-20T15:49:40.251085
ACCT_00005525,CUST_002754,SAVINGS,932786773,BR_07,190390.66,ACTIVE,2023-05-21,2026-09-20T15:49:40.251095
ACCT_00005526,CUST_002755,MONEY_MARKET,100902091,BR_15,436172.87,INACTIVE,2022-02-02,2026-09-20T15:49:40.251105
ACCT_00005527,CUST_002755,MONEY_MARKET,328553891,BR_07,326716.38,ACTIVE,2022-09-22,2026-09-20T15:49:40.251108
ACCT_00005528,CUST_002755,CHECKING,133099332,BR_04,450946.89,INACTIVE,2026-03-25,2026-09-20T15:49:40.251111
ACCT_00005529,CUST_002756,MONEY_MARKET,535576598,BR_06,327152.54,ACTIVE,2023-05-05,2026-09-20T15:49:40.251121
ACCT_00005530,CUST_002757,SAVINGS,565663550,BR_12,468111.96,INACTIVE,2023-03-08,2026-09-20T15:49:40.251130
ACCT_00005531,CUST_002757,MONEY_MARKET,746460780,BR_14,221959.84,CLOSED,2022-02-20,2026-09-20T15:49:40.251133
ACCT_00005532,CUST_002757,SAVINGS,976567475,BR_01,368209.88,ACTIVE,2024-04-01,2026-09-20T15:49:40.251136
ACCT_00005533,CUST_002758,CHECKING,635496173,BR_05,469326.81,ACTIVE,2021-12-22,2026-09-20T15:49:40.251146
ACCT_00005534,CUST_002759,CHECKING,365773174,BR_14,222625.35,ACTIVE,2022-03-30,2026-09-20T15:49:40.251156
ACCT_00005535,CUST_002759,SAVINGS,887327252,BR_10,39764.5,CLOSED,2023-11-26,2026-09-20T15:49:40.251159
ACCT_00005536,CUST_002760,SAVINGS,311500572,BR_07,279953.69,ACTIVE,2022-12-08,2026-09-20T15:49:40.251169
ACCT_00005537,CUST_002760,MONEY_MARKET,783898073,BR_14,423815.15,INACTIVE,2025-04-20,2026-09-20T15:49:40.251172
ACCT_00005538,CUST_002761,MONEY_MARKET,592237212,BR_07,93310.63,ACTIVE,2024-08-19,2026-09-20T15:49:40.251182
ACCT_00005539,CUST_002761,SAVINGS,860072723,BR_08,400015.37,ACTIVE,2022-06-30,2026-09-20T15:49:40.251185
ACCT_00005540,CUST_002761,SAVINGS,373768402,BR_06,416686.69,INACTIVE,2024-03-26,2026-09-20T15:49:40.251188
ACCT_00005541,CUST_002762,MONEY_MARKET,260246011,BR_05,380180.44,CLOSED,2023-11-03,2026-09-20T15:49:40.251198
ACCT_00005542,CUST_002763,CHECKING,394263015,BR_03,244567.51,INACTIVE,2025-04-30,2026-09-20T15:49:40.251207
ACCT_00005543,CUST_002763,MONEY_MARKET,168203908,BR_05,54502.65,CLOSED,2023-04-02,2026-09-20T15:49:40.251210
ACCT_00005544,CUST_002764,MONEY_MARKET,604793890,BR_03,209190.61,CLOSED,2025-03-11,2026-09-20T15:49:40.251220
ACCT_00005545,CUST_002764,MONEY_MARKET,714130329,BR_03,41170.66,ACTIVE,2025-11-15,2026-09-20T15:49:40.251223
ACCT_00005546,CUST_002764,CHECKING,866390862,BR_04,288163.28,CLOSED,2021-12-16,2026-09-20T15:49:40.251226
ACCT_00005547,CUST_002765,CHECKING,231719103,BR_06,281637.14,ACTIVE,2026-07-23,2026-09-20T15:49:40.251236
ACCT_00005548,CUST_002765,SAVINGS,850198268,BR_14,61549.52,ACTIVE,2022-12-05,2026-09-20T15:49:40.251239
ACCT_00005549,CUST_002765,MONEY_MARKET,107216568,BR_05,359215.47,CLOSED,2025-03-10,2026-09-20T15:49:40.251242
ACCT_00005550,CUST_002766,SAVINGS,586812339,BR_15,397554.82,ACTIVE,2024-08-07,2026-09-20T15:49:40.251319
ACCT_00005551,CUST_002766,MONEY_MARKET,385527894,BR_02,367070.69,INACTIVE,2022-12-29,2026-09-20T15:49:40.251323
ACCT_00005552,CUST_002767,SAVINGS,519390434,BR_01,148420.77,INACTIVE,2023-07-26,2026-09-20T15:49:40.251335
ACCT_00005553,CUST_002767,MONEY_MARKET,999607699,BR_04,288407.46,ACTIVE,2024-05-20,2026-09-20T15:49:40.251338
ACCT_00005554,CUST_002767,MONEY_MARKET,979171979,BR_12,155127.33,INACTIVE,2022-12-23,2026-09-20T15:49:40.251341
ACCT_00005555,CUST_002768,SAVINGS,944938577,BR_14,333714.24,INACTIVE,2022-06-04,2026-09-20T15:49:40.251352
ACCT_00005556,CUST_002768,SAVINGS,499907353,BR_14,236969.69,INACTIVE,2024-06-24,2026-09-20T15:49:40.251355
ACCT_00005557,CUST_002769,SAVINGS,616102523,BR_07,23529.78,INACTIVE,2025-12-07,2026-09-20T15:49:40.251365
ACCT_00005558,CUST_002769,CHECKING,637014724,BR_11,368722.23,INACTIVE,2021-11-15,2026-09-20T15:49:40.251368
ACCT_00005559,CUST_002770,CHECKING,729336745,BR_07,155494.47,INACTIVE,2025-08-08,2026-09-20T15:49:40.251378
ACCT_00005560,CUST_002770,CHECKING,627219526,BR_06,31105.32,CLOSED,2023-02-22,2026-09-20T15:49:40.251381
ACCT_00005561,CUST_002770,MONEY_MARKET,657709566,BR_08,264656.95,CLOSED,2023-07-05,2026-09-20T15:49:40.251384
ACCT_00005562,CUST_002771,SAVINGS,254179962,BR_08,180360.35,CLOSED,2025-02-03,2026-09-20T15:49:40.251393
ACCT_00005563,CUST_002771,CHECKING,278897501,BR_01,215619.24,CLOSED,2022-09-18,2026-09-20T15:49:40.251396
ACCT_00005564,CUST_002771,MONEY_MARKET,488496298,BR_12,20392.09,CLOSED,2025-09-07,2026-09-20T15:49:40.251399
ACCT_00005565,CUST_002772,MONEY_MARKET,601881098,BR_13,339751.34,CLOSED,2023-09-09,2026-09-20T15:49:40.251409
ACCT_00005566,CUST_002772,SAVINGS,943018408,BR_11,137887.07,ACTIVE,2024-07-04,2026-09-20T15:49:40.251412
ACCT_00005567,CUST_002772,SAVINGS,249993823,BR_05,207501.3,INACTIVE,2025-07-03,2026-09-20T15:49:40.251415
ACCT_00005568,CUST_002773,CHECKING,363876302,BR_03,400070.19,ACTIVE,2025-03-13,2026-09-20T15:49:40.251425
ACCT_00005569,CUST_002773,CHECKING,159710478,BR_04,44572.12,CLOSED,2025-07-29,2026-09-20T15:49:40.251428
ACCT_00005570,CUST_002773,MONEY_MARKET,981285558,BR_15,119608.78,ACTIVE,2026-03-13,2026-09-20T15:49:40.251431
ACCT_00005571,CUST_002774,CHECKING,960036449,BR_14,254204.28,CLOSED,2026-07-09,2026-09-20T15:49:40.251441
ACCT_00005572,CUST_002775,SAVINGS,370144794,BR_09,265935.36,INACTIVE,2023-09-15,2026-09-20T15:49:40.251451
ACCT_00005573,CUST_002775,SAVINGS,443363918,BR_06,66801.52,INACTIVE,2024-08-23,2026-09-20T15:49:40.251454
ACCT_00005574,CUST_002776,MONEY_MARKET,521653459,BR_02,171867.04,INACTIVE,2025-07-23,2026-09-20T15:49:40.251464
ACCT_00005575,CUST_002777,MONEY_MARKET,591192938,BR_15,126550.5,INACTIVE,2022-09-03,2026-09-20T15:49:40.251475
ACCT_00005576,CUST_002777,MONEY_MARKET,326689373,BR_06,36521.69,INACTIVE,2023-06-07,2026-09-20T15:49:40.251478
ACCT_00005577,CUST_002778,CHECKING,798111415,BR_09,228192.67,ACTIVE,2022-12-16,2026-09-20T15:49:40.251489
ACCT_00005578,CUST_002778,CHECKING,452378984,BR_06,484442.78,INACTIVE,2023-03-06,2026-09-20T15:49:40.251492
ACCT_00005579,CUST_002778,SAVINGS,365689716,BR_11,493505.28,CLOSED,2022-08-24,2026-09-20T15:49:40.251496
ACCT_00005580,CUST_002779,SAVINGS,862991099,BR_15,372300.41,INACTIVE,2022-11-30,2026-09-20T15:49:40.251506
ACCT_00005581,CUST_002779,SAVINGS,173327710,BR_08,326697.83,ACTIVE,2024-10-21,2026-09-20T15:49:40.251509
ACCT_00005582,CUST_002779,MONEY_MARKET,515618095,BR_15,23050.53,ACTIVE,2023-04-11,2026-09-20T15:49:40.251512
ACCT_00005583,CUST_002780,MONEY_MARKET,726157061,BR_02,387479.25,CLOSED,2024-03-19,2026-09-20T15:49:40.251522
ACCT_00005584,CUST_002780,CHECKING,383185426,BR_14,212341.65,CLOSED,2024-12-02,2026-09-20T15:49:40.251525
ACCT_00005585,CUST_002780,MONEY_MARKET,605224449,BR_07,351870.24,ACTIVE,2023-04-27,2026-09-20T15:49:40.251528
ACCT_00005586,CUST_002781,SAVINGS,960827011,BR_15,342033.57,CLOSED,2025-01-17,2026-09-20T15:49:40.251538
ACCT_00005587,CUST_002782,SAVINGS,663940688,BR_14,181007.6,ACTIVE,2023-12-02,2026-09-20T15:49:40.251550
ACCT_00005588,CUST_002783,SAVINGS,305341645,BR_07,240745.1,CLOSED,2021-12-08,2026-09-20T15:49:40.251560
ACCT_00005589,CUST_002783,MONEY_MARKET,152196350,BR_02,406345.21,ACTIVE,2025-11-26,2026-09-20T15:49:40.251563
ACCT_00005590,CUST_002783,MONEY_MARKET,976972882,BR_14,247277.15,ACTIVE,2023-03-28,2026-09-20T15:49:40.251566
ACCT_00005591,CUST_002784,MONEY_MARKET,944633580,BR_10,156472.74,CLOSED,2022-06-26,2026-09-20T15:49:40.251576
ACCT_00005592,CUST_002785,CHECKING,998383025,BR_01,94017.57,CLOSED,2024-02-03,2026-09-20T15:49:40.251585
ACCT_00005593,CUST_002785,CHECKING,208296789,BR_15,64390.18,INACTIVE,2023-01-25,2026-09-20T15:49:40.251589
ACCT_00005594,CUST_002785,CHECKING,714321191,BR_01,316992.4,INACTIVE,2022-07-16,2026-09-20T15:49:40.251591
ACCT_00005595,CUST_002786,CHECKING,987189731,BR_05,407773.13,CLOSED,2025-02-13,2026-09-20T15:49:40.251601
ACCT_00005596,CUST_002786,SAVINGS,839408642,BR_03,75337.13,ACTIVE,2024-06-12,2026-09-20T15:49:40.251604
ACCT_00005597,CUST_002787,SAVINGS,538123516,BR_04,316121.62,ACTIVE,2023-04-07,2026-09-20T15:49:40.251614
ACCT_00005598,CUST_002787,CHECKING,828118684,BR_06,18331.13,ACTIVE,2025-01-09,2026-09-20T15:49:40.251617
ACCT_00005599,CUST_002788,MONEY_MARKET,241171876,BR_07,64200.55,ACTIVE,2022-11-11,2026-09-20T15:49:40.251627
ACCT_00005600,CUST_002789,CHECKING,396905994,BR_01,117585.28,CLOSED,2023-11-13,2026-09-20T15:49:40.251636
ACCT_00005601,CUST_002789,SAVINGS,436477662,BR_14,297690.58,CLOSED,2021-12-09,2026-09-20T15:49:40.251639
ACCT_00005602,CUST_002789,SAVINGS,170379231,BR_11,136899.84,ACTIVE,2026-04-18,2026-09-20T15:49:40.251642
ACCT_00005603,CUST_002790,SAVINGS,668245204,BR_05,94894.26,INACTIVE,2026-05-13,2026-09-20T15:49:40.251652
ACCT_00005604,CUST_002791,SAVINGS,496288657,BR_01,380007.45,CLOSED,2023-04-10,2026-09-20T15:49:40.251662
ACCT_00005605,CUST_002791,CHECKING,891885938,BR_14,123451.27,ACTIVE,2023-10-01,2026-09-20T15:49:40.251665
ACCT_00005606,CUST_002792,MONEY_MARKET,786820063,BR_15,282546.31,INACTIVE,2026-07-02,2026-09-20T15:49:40.251675
ACCT_00005607,CUST_002793,SAVINGS,389727501,BR_01,151209.73,ACTIVE,2026-02-26,2026-09-20T15:49:40.251685
ACCT_00005608,CUST_002794,MONEY_MARKET,112911352,BR_08,242159.82,CLOSED,2023-07-07,2026-09-20T15:49:40.251694
ACCT_00005609,CUST_002795,CHECKING,827651614,BR_06,351331.88,ACTIVE,2025-11-30,2026-09-20T15:49:40.251704
ACCT_00005610,CUST_002796,SAVINGS,776027617,BR_11,110383.79,INACTIVE,2024-08-25,2026-09-20T15:49:40.251714
ACCT_00005611,CUST_002796,SAVINGS,376225552,BR_08,198978.68,INACTIVE,2025-12-04,2026-09-20T15:49:40.251717
ACCT_00005612,CUST_002797,SAVINGS,610902745,BR_04,168842.86,INACTIVE,2023-07-07,2026-09-20T15:49:40.251727
ACCT_00005613,CUST_002797,CHECKING,409345608,BR_08,468810.94,ACTIVE,2024-06-15,2026-09-20T15:49:40.251730
ACCT_00005614,CUST_002798,SAVINGS,213551181,BR_06,445668.5,ACTIVE,2023-05-21,2026-09-20T15:49:40.251740
ACCT_00005615,CUST_002798,CHECKING,957530104,BR_13,288592.67,ACTIVE,2023-03-27,2026-09-20T15:49:40.251743
ACCT_00005616,CUST_002799,CHECKING,596789559,BR_12,25597.05,ACTIVE,2026-04-02,2026-09-20T15:49:40.251753
ACCT_00005617,CUST_002799,SAVINGS,163210243,BR_15,320870.0,ACTIVE,2025-03-18,2026-09-20T15:49:40.251756
ACCT_00005618,CUST_002800,MONEY_MARKET,367963997,BR_10,25364.54,ACTIVE,2023-12-28,2026-09-20T15:49:40.251767
ACCT_00005619,CUST_002801,MONEY_MARKET,679384724,BR_10,322052.63,INACTIVE,2023-10-24,2026-09-20T15:49:40.251778
ACCT_00005620,CUST_002801,CHECKING,409260718,BR_13,223286.91,ACTIVE,2025-06-07,2026-09-20T15:49:40.251781
ACCT_00005621,CUST_002801,MONEY_MARKET,993603988,BR_10,35028.4,ACTIVE,2023-04-05,2026-09-20T15:49:40.251784
ACCT_00005622,CUST_002802,CHECKING,337347724,BR_08,459487.51,CLOSED,2023-04-10,2026-09-20T15:49:40.251793
ACCT_00005623,CUST_002802,CHECKING,258954825,BR_08,173384.04,ACTIVE,2023-06-17,2026-09-20T15:49:40.251796
ACCT_00005624,CUST_002802,MONEY_MARKET,945584943,BR_06,157597.61,CLOSED,2026-02-23,2026-09-20T15:49:40.251800
ACCT_00005625,CUST_002803,CHECKING,190490438,BR_13,369723.75,INACTIVE,2022-11-11,2026-09-20T15:49:40.251810
ACCT_00005626,CUST_002803,CHECKING,290347938,BR_01,416633.32,CLOSED,2024-06-11,2026-09-20T15:49:40.251813
ACCT_00005627,CUST_002804,MONEY_MARKET,822600960,BR_06,299060.19,ACTIVE,2026-08-14,2026-09-20T15:49:40.251822
ACCT_00005628,CUST_002804,MONEY_MARKET,396466700,BR_14,125789.28,INACTIVE,2025-03-25,2026-09-20T15:49:40.251827
ACCT_00005629,CUST_002804,CHECKING,521224603,BR_05,145121.69,ACTIVE,2022-01-08,2026-09-20T15:49:40.251830
ACCT_00005630,CUST_002805,MONEY_MARKET,935518502,BR_10,404201.11,INACTIVE,2023-05-05,2026-09-20T15:49:40.251840
ACCT_00005631,CUST_002806,SAVINGS,258220351,BR_03,345040.07,CLOSED,2026-08-06,2026-09-20T15:49:40.251850
ACCT_00005632,CUST_002807,CHECKING,597559662,BR_11,75208.02,INACTIVE,2024-05-28,2026-09-20T15:49:40.251862
ACCT_00005633,CUST_002807,MONEY_MARKET,637113449,BR_04,159638.14,INACTIVE,2023-10-15,2026-09-20T15:49:40.251865
ACCT_00005634,CUST_002807,CHECKING,773450741,BR_09,451239.35,INACTIVE,2023-08-01,2026-09-20T15:49:40.251868
ACCT_00005635,CUST_002808,MONEY_MARKET,617977105,BR_02,28283.47,ACTIVE,2025-08-01,2026-09-20T15:49:40.251878
ACCT_00005636,CUST_002808,MONEY_MARKET,905961190,BR_06,109101.86,ACTIVE,2026-05-24,2026-09-20T15:49:40.251880
ACCT_00005637,CUST_002809,CHECKING,164421372,BR_11,211555.51,CLOSED,2025-11-07,2026-09-20T15:49:40.251891
ACCT_00005638,CUST_002809,SAVINGS,652417581,BR_12,430247.35,CLOSED,2023-12-21,2026-09-20T15:49:40.251894
ACCT_00005639,CUST_002809,SAVINGS,455092440,BR_05,201303.37,CLOSED,2024-04-27,2026-09-20T15:49:40.251897
ACCT_00005640,CUST_002810,SAVINGS,277917415,BR_09,329069.23,INACTIVE,2022-12-21,2026-09-20T15:49:40.251907
ACCT_00005641,CUST_002811,CHECKING,410628048,BR_05,401732.33,CLOSED,2025-06-04,2026-09-20T15:49:40.251916
ACCT_00005642,CUST_002812,CHECKING,864222715,BR_05,410040.69,INACTIVE,2023-01-01,2026-09-20T15:49:40.251926
ACCT_00005643,CUST_002813,SAVINGS,667324307,BR_05,469143.4,ACTIVE,2024-10-06,2026-09-20T15:49:40.251936
ACCT_00005644,CUST_002813,SAVINGS,903764993,BR_07,367449.99,INACTIVE,2025-12-17,2026-09-20T15:49:40.251939
ACCT_00005645,CUST_002813,SAVINGS,435660989,BR_08,102086.09,ACTIVE,2022-01-20,2026-09-20T15:49:40.251942
ACCT_00005646,CUST_002814,SAVINGS,216206011,BR_13,364571.39,INACTIVE,2024-06-02,2026-09-20T15:49:40.251952
ACCT_00005647,CUST_002814,MONEY_MARKET,824366891,BR_07,179551.81,CLOSED,2024-08-12,2026-09-20T15:49:40.251955
ACCT_00005648,CUST_002814,MONEY_MARKET,538503385,BR_06,394555.67,ACTIVE,2026-05-28,2026-09-20T15:49:40.251958
ACCT_00005649,CUST_002815,CHECKING,857352096,BR_04,223906.89,INACTIVE,2025-10-11,2026-09-20T15:49:40.251968
ACCT_00005650,CUST_002815,CHECKING,711355199,BR_14,197641.25,INACTIVE,2023-09-30,2026-09-20T15:49:40.251971
ACCT_00005651,CUST_002815,SAVINGS,784432700,BR_03,44229.02,CLOSED,2025-09-28,2026-09-20T15:49:40.251974
ACCT_00005652,CUST_002816,CHECKING,450112522,BR_02,366203.11,INACTIVE,2024-08-28,2026-09-20T15:49:40.251984
ACCT_00005653,CUST_002817,MONEY_MARKET,780642336,BR_06,419605.61,ACTIVE,2024-02-05,2026-09-20T15:49:40.251994
ACCT_00005654,CUST_002817,MONEY_MARKET,240082242,BR_04,242387.98,INACTIVE,2026-05-21,2026-09-20T15:49:40.251997
ACCT_00005655,CUST_002818,CHECKING,405737448,BR_03,467863.31,INACTIVE,2025-06-09,2026-09-20T15:49:40.252007
ACCT_00005656,CUST_002818,CHECKING,298519273,BR_10,423142.38,ACTIVE,2023-08-01,2026-09-20T15:49:40.252010
ACCT_00005657,CUST_002819,CHECKING,948336801,BR_08,77712.25,CLOSED,2023-07-03,2026-09-20T15:49:40.252020
ACCT_00005658,CUST_002820,CHECKING,117331244,BR_10,389603.69,INACTIVE,2023-01-22,2026-09-20T15:49:40.252029
ACCT_00005659,CUST_002821,SAVINGS,820666790,BR_04,303094.8,ACTIVE,2023-03-27,2026-09-20T15:49:40.252039
ACCT_00005660,CUST_002822,SAVINGS,135366185,BR_02,358177.95,CLOSED,2022-11-24,2026-09-20T15:49:40.252049
ACCT_00005661,CUST_002822,SAVINGS,709633898,BR_07,448895.18,CLOSED,2025-03-06,2026-09-20T15:49:40.252052
ACCT_00005662,CUST_002822,CHECKING,594850330,BR_13,216315.7,CLOSED,2022-11-23,2026-09-20T15:49:40.252055
ACCT_00005663,CUST_002823,SAVINGS,312747491,BR_10,27312.16,CLOSED,2024-01-06,2026-09-20T15:49:40.252065
ACCT_00005664,CUST_002823,MONEY_MARKET,328081726,BR_11,499360.81,INACTIVE,2022-06-04,2026-09-20T15:49:40.252068
ACCT_00005665,CUST_002823,SAVINGS,532583129,BR_08,343550.33,ACTIVE,2026-05-10,2026-09-20T15:49:40.252071
ACCT_00005666,CUST_002824,MONEY_MARKET,267320168,BR_05,151793.79,INACTIVE,2024-06-09,2026-09-20T15:49:40.252082
ACCT_00005667,CUST_002824,SAVINGS,752369263,BR_05,343947.72,ACTIVE,2024-03-21,2026-09-20T15:49:40.252085
ACCT_00005668,CUST_002825,CHECKING,830152261,BR_10,316927.91,ACTIVE,2023-09-26,2026-09-20T15:49:40.252094
ACCT_00005669,CUST_002825,SAVINGS,642839833,BR_03,439410.32,CLOSED,2024-08-22,2026-09-20T15:49:40.252097
ACCT_00005670,CUST_002825,MONEY_MARKET,117609329,BR_09,163556.93,CLOSED,2025-08-16,2026-09-20T15:49:40.252100
ACCT_00005671,CUST_002826,MONEY_MARKET,558674211,BR_03,285474.96,ACTIVE,2024-07-10,2026-09-20T15:49:40.252110
ACCT_00005672,CUST_002826,SAVINGS,707271260,BR_13,425153.45,ACTIVE,2022-02-10,2026-09-20T15:49:40.252113
ACCT_00005673,CUST_002827,SAVINGS,580956774,BR_12,407327.36,INACTIVE,2025-04-07,2026-09-20T15:49:40.252123
ACCT_00005674,CUST_002828,SAVINGS,870774902,BR_14,440996.39,CLOSED,2022-01-15,2026-09-20T15:49:40.252133
ACCT_00005675,CUST_002828,MONEY_MARKET,750406748,BR_12,82906.88,ACTIVE,2022-07-23,2026-09-20T15:49:40.252136
ACCT_00005676,CUST_002828,MONEY_MARKET,390427752,BR_08,88500.18,CLOSED,2022-10-29,2026-09-20T15:49:40.252139
ACCT_00005677,CUST_002829,SAVINGS,785083321,BR_05,437631.76,INACTIVE,2024-04-21,2026-09-20T15:49:40.252149
ACCT_00005678,CUST_002830,CHECKING,149362970,BR_06,50155.04,INACTIVE,2023-04-12,2026-09-20T15:49:40.252159
ACCT_00005679,CUST_002830,MONEY_MARKET,898484038,BR_07,43558.37,ACTIVE,2024-07-07,2026-09-20T15:49:40.252162
ACCT_00005680,CUST_002831,SAVINGS,281254462,BR_09,406896.38,INACTIVE,2022-05-23,2026-09-20T15:49:40.252171
ACCT_00005681,CUST_002831,MONEY_MARKET,901236670,BR_09,347728.93,INACTIVE,2023-03-09,2026-09-20T15:49:40.252174
ACCT_00005682,CUST_002831,CHECKING,391885050,BR_05,302075.04,INACTIVE,2026-07-14,2026-09-20T15:49:40.252179
ACCT_00005683,CUST_002832,MONEY_MARKET,955035724,BR_13,325040.26,CLOSED,2024-08-14,2026-09-20T15:49:40.252189
ACCT_00005684,CUST_002833,MONEY_MARKET,558749845,BR_10,353667.46,INACTIVE,2022-02-25,2026-09-20T15:49:40.252199
ACCT_00005685,CUST_002834,CHECKING,816423089,BR_05,136609.03,CLOSED,2023-08-11,2026-09-20T15:49:40.252209
ACCT_00005686,CUST_002835,MONEY_MARKET,804131918,BR_04,434426.62,CLOSED,2025-04-01,2026-09-20T15:49:40.252219
ACCT_00005687,CUST_002836,CHECKING,230250376,BR_07,289693.14,ACTIVE,2025-02-19,2026-09-20T15:49:40.252229
ACCT_00005688,CUST_002836,SAVINGS,551860657,BR_10,34151.7,ACTIVE,2023-01-08,2026-09-20T15:49:40.252232
ACCT_00005689,CUST_002836,CHECKING,630385067,BR_08,301273.66,ACTIVE,2023-02-05,2026-09-20T15:49:40.252235
ACCT_00005690,CUST_002837,MONEY_MARKET,966566525,BR_01,45620.37,CLOSED,2021-09-21,2026-09-20T15:49:40.252245
ACCT_00005691,CUST_002837,CHECKING,271737452,BR_15,399919.29,ACTIVE,2024-06-23,2026-09-20T15:49:40.252248
ACCT_00005692,CUST_002837,CHECKING,202864692,BR_09,382214.65,ACTIVE,2026-06-19,2026-09-20T15:49:40.252250
ACCT_00005693,CUST_002838,MONEY_MARKET,264593499,BR_04,290012.11,INACTIVE,2025-10-14,2026-09-20T15:49:40.252260
ACCT_00005694,CUST_002839,CHECKING,309215792,BR_04,406862.97,INACTIVE,2023-01-25,2026-09-20T15:49:40.252270
ACCT_00005695,CUST_002840,CHECKING,828951829,BR_02,145615.28,ACTIVE,2023-04-24,2026-09-20T15:49:40.252280
ACCT_00005696,CUST_002840,MONEY_MARKET,290517405,BR_02,84063.97,ACTIVE,2025-08-11,2026-09-20T15:49:40.252283
ACCT_00005697,CUST_002840,CHECKING,231203954,BR_09,297442.68,INACTIVE,2023-12-04,2026-09-20T15:49:40.252286
ACCT_00005698,CUST_002841,CHECKING,995225644,BR_02,91547.94,INACTIVE,2023-04-02,2026-09-20T15:49:40.252296
ACCT_00005699,CUST_002842,CHECKING,204886542,BR_11,386664.3,INACTIVE,2023-01-28,2026-09-20T15:49:40.252306
ACCT_00005700,CUST_002843,SAVINGS,717718417,BR_12,344660.08,ACTIVE,2022-09-20,2026-09-20T15:49:40.252315
ACCT_00005701,CUST_002843,CHECKING,841162610,BR_02,328113.55,CLOSED,2022-06-04,2026-09-20T15:49:40.252318
ACCT_00005702,CUST_002844,CHECKING,597049646,BR_07,434422.85,ACTIVE,2022-01-13,2026-09-20T15:49:40.252328
ACCT_00005703,CUST_002844,CHECKING,415707897,BR_14,154522.82,ACTIVE,2025-03-13,2026-09-20T15:49:40.252331
ACCT_00005704,CUST_002844,CHECKING,941983209,BR_14,255205.47,INACTIVE,2026-01-01,2026-09-20T15:49:40.252335
ACCT_00005705,CUST_002845,CHECKING,435669043,BR_05,359419.46,INACTIVE,2024-03-13,2026-09-20T15:49:40.252344
ACCT_00005706,CUST_002845,MONEY_MARKET,223769064,BR_02,232651.54,CLOSED,2026-04-24,2026-09-20T15:49:40.252349
ACCT_00005707,CUST_002846,MONEY_MARKET,693188207,BR_08,5496.33,INACTIVE,2025-11-06,2026-09-20T15:49:40.252358
ACCT_00005708,CUST_002846,MONEY_MARKET,300119174,BR_15,16686.05,INACTIVE,2026-05-04,2026-09-20T15:49:40.252361
ACCT_00005709,CUST_002846,CHECKING,769203764,BR_04,328428.71,CLOSED,2022-08-10,2026-09-20T15:49:40.252364
ACCT_00005710,CUST_002847,CHECKING,685528587,BR_15,363572.41,INACTIVE,2023-02-14,2026-09-20T15:49:40.252374
ACCT_00005711,CUST_002847,MONEY_MARKET,709779690,BR_11,57104.64,ACTIVE,2025-09-12,2026-09-20T15:49:40.252377
ACCT_00005712,CUST_002847,CHECKING,508493847,BR_11,340663.49,ACTIVE,2024-07-15,2026-09-20T15:49:40.252380
ACCT_00005713,CUST_002848,MONEY_MARKET,330526974,BR_03,132722.78,ACTIVE,2023-07-30,2026-09-20T15:49:40.252390
ACCT_00005714,CUST_002848,CHECKING,249070105,BR_11,368040.12,INACTIVE,2025-08-04,2026-09-20T15:49:40.252393
ACCT_00005715,CUST_002848,MONEY_MARKET,584116061,BR_07,80172.64,ACTIVE,2022-12-18,2026-09-20T15:49:40.252396
ACCT_00005716,CUST_002849,CHECKING,194766122,BR_04,55940.41,INACTIVE,2024-01-07,2026-09-20T15:49:40.252406
ACCT_00005717,CUST_002850,SAVINGS,879049782,BR_05,82895.59,CLOSED,2025-06-07,2026-09-20T15:49:40.252415
ACCT_00005718,CUST_002850,CHECKING,514764867,BR_08,339848.66,ACTIVE,2022-06-09,2026-09-20T15:49:40.252418
ACCT_00005719,CUST_002850,CHECKING,530453803,BR_08,252817.78,ACTIVE,2022-02-19,2026-09-20T15:49:40.252421
ACCT_00005720,CUST_002851,SAVINGS,953265568,BR_14,371010.96,INACTIVE,2022-07-04,2026-09-20T15:49:40.252432
ACCT_00005721,CUST_002851,CHECKING,741885822,BR_01,89841.24,ACTIVE,2024-10-08,2026-09-20T15:49:40.252435
ACCT_00005722,CUST_002852,MONEY_MARKET,526250752,BR_14,128369.12,ACTIVE,2024-03-19,2026-09-20T15:49:40.252446
ACCT_00005723,CUST_002853,CHECKING,937211152,BR_01,85398.98,ACTIVE,2023-03-11,2026-09-20T15:49:40.252456
ACCT_00005724,CUST_002853,MONEY_MARKET,420905334,BR_02,241715.39,INACTIVE,2025-06-20,2026-09-20T15:49:40.252459
ACCT_00005725,CUST_002854,CHECKING,403775796,BR_11,6061.62,ACTIVE,2026-03-16,2026-09-20T15:49:40.252469
ACCT_00005726,CUST_002854,MONEY_MARKET,660392172,BR_05,389675.23,ACTIVE,2022-11-29,2026-09-20T15:49:40.252472
ACCT_00005727,CUST_002854,SAVINGS,129494245,BR_08,161243.73,INACTIVE,2026-08-16,2026-09-20T15:49:40.252475
ACCT_00005728,CUST_002855,SAVINGS,638804287,BR_06,81991.94,INACTIVE,2024-04-28,2026-09-20T15:49:40.252485
ACCT_00005729,CUST_002855,SAVINGS,579512672,BR_01,116419.17,INACTIVE,2023-10-24,2026-09-20T15:49:40.252488
ACCT_00005730,CUST_002855,SAVINGS,568327454,BR_08,305024.82,ACTIVE,2022-07-11,2026-09-20T15:49:40.252490
ACCT_00005731,CUST_002856,MONEY_MARKET,803355542,BR_12,113688.18,ACTIVE,2022-12-28,2026-09-20T15:49:40.252500
ACCT_00005732,CUST_002857,SAVINGS,392703826,BR_11,147128.28,ACTIVE,2024-09-25,2026-09-20T15:49:40.252510
ACCT_00005733,CUST_002857,MONEY_MARKET,349422344,BR_06,163903.77,ACTIVE,2026-03-02,2026-09-20T15:49:40.252513
ACCT_00005734,CUST_002858,CHECKING,574449968,BR_03,227335.76,CLOSED,2024-02-27,2026-09-20T15:49:40.252523
ACCT_00005735,CUST_002858,CHECKING,878553337,BR_03,274294.1,CLOSED,2026-06-30,2026-09-20T15:49:40.252526
ACCT_00005736,CUST_002859,MONEY_MARKET,687490855,BR_15,118205.44,ACTIVE,2024-08-12,2026-09-20T15:49:40.252535
ACCT_00005737,CUST_002860,CHECKING,906816574,BR_03,31699.15,ACTIVE,2025-03-16,2026-09-20T15:49:40.252545
ACCT_00005738,CUST_002861,SAVINGS,309859529,BR_14,191737.51,ACTIVE,2026-03-25,2026-09-20T15:49:40.252555
ACCT_00005739,CUST_002862,MONEY_MARKET,142456031,BR_06,14832.16,INACTIVE,2026-05-29,2026-09-20T15:49:40.252564
ACCT_00005740,CUST_002862,SAVINGS,438011889,BR_02,33165.02,INACTIVE,2023-01-23,2026-09-20T15:49:40.252567
ACCT_00005741,CUST_002862,MONEY_MARKET,993268676,BR_05,427944.91,INACTIVE,2022-02-21,2026-09-20T15:49:40.252570
ACCT_00005742,CUST_002863,MONEY_MARKET,195257520,BR_08,24607.03,INACTIVE,2025-02-11,2026-09-20T15:49:40.252580
ACCT_00005743,CUST_002864,SAVINGS,971874799,BR_14,220022.63,INACTIVE,2023-10-12,2026-09-20T15:49:40.252590
ACCT_00005744,CUST_002864,MONEY_MARKET,535444155,BR_04,315414.56,ACTIVE,2025-09-21,2026-09-20T15:49:40.252593
ACCT_00005745,CUST_002864,SAVINGS,990624709,BR_01,223970.71,CLOSED,2023-04-02,2026-09-20T15:49:40.252596
ACCT_00005746,CUST_002865,SAVINGS,781525354,BR_05,271558.07,ACTIVE,2025-04-04,2026-09-20T15:49:40.252607
ACCT_00005747,CUST_002866,MONEY_MARKET,659650987,BR_02,288816.87,ACTIVE,2026-01-29,2026-09-20T15:49:40.252617
ACCT_00005748,CUST_002866,SAVINGS,981484148,BR_15,167700.58,INACTIVE,2023-11-02,2026-09-20T15:49:40.252620
ACCT_00005749,CUST_002866,MONEY_MARKET,531769957,BR_08,219545.16,ACTIVE,2023-05-13,2026-09-20T15:49:40.252623
ACCT_00005750,CUST_002867,CHECKING,387735248,BR_10,199613.03,ACTIVE,2026-02-05,2026-09-20T15:49:40.252633
ACCT_00005751,CUST_002867,SAVINGS,141887242,BR_10,76723.94,ACTIVE,2024-02-12,2026-09-20T15:49:40.252636
ACCT_00005752,CUST_002868,SAVINGS,455522547,BR_02,465999.84,INACTIVE,2021-10-05,2026-09-20T15:49:40.252646
ACCT_00005753,CUST_002868,SAVINGS,914306884,BR_13,20156.96,ACTIVE,2022-11-28,2026-09-20T15:49:40.252649
ACCT_00005754,CUST_002869,MONEY_MARKET,104505887,BR_05,352013.9,INACTIVE,2025-05-07,2026-09-20T15:49:40.252659
ACCT_00005755,CUST_002870,SAVINGS,642026566,BR_14,81165.18,INACTIVE,2022-12-15,2026-09-20T15:49:40.252668
ACCT_00005756,CUST_002870,CHECKING,446384079,BR_14,94879.31,ACTIVE,2026-04-22,2026-09-20T15:49:40.252671
ACCT_00005757,CUST_002871,SAVINGS,783018958,BR_10,322201.99,ACTIVE,2023-08-28,2026-09-20T15:49:40.252681
ACCT_00005758,CUST_002871,SAVINGS,662785025,BR_10,277858.83,ACTIVE,2024-08-13,2026-09-20T15:49:40.252684
ACCT_00005759,CUST_002871,MONEY_MARKET,639052001,BR_08,87408.36,INACTIVE,2025-09-04,2026-09-20T15:49:40.252687
ACCT_00005760,CUST_002872,MONEY_MARKET,304198196,BR_04,314347.43,INACTIVE,2022-09-17,2026-09-20T15:49:40.252697
ACCT_00005761,CUST_002872,SAVINGS,834935084,BR_11,8046.55,CLOSED,2025-03-17,2026-09-20T15:49:40.252700
ACCT_00005762,CUST_002872,CHECKING,975719571,BR_10,121414.98,CLOSED,2024-05-22,2026-09-20T15:49:40.252703
ACCT_00005763,CUST_002873,SAVINGS,309860900,BR_12,303252.71,CLOSED,2024-11-28,2026-09-20T15:49:40.252712
ACCT_00005764,CUST_002873,SAVINGS,407285377,BR_09,143070.23,ACTIVE,2022-11-03,2026-09-20T15:49:40.252715
ACCT_00005765,CUST_002873,SAVINGS,366783989,BR_10,278662.65,INACTIVE,2022-08-02,2026-09-20T15:49:40.252718
ACCT_00005766,CUST_002874,MONEY_MARKET,472377291,BR_03,355085.35,CLOSED,2026-03-16,2026-09-20T15:49:40.252728
ACCT_00005767,CUST_002874,MONEY_MARKET,887098620,BR_09,208212.34,INACTIVE,2024-05-14,2026-09-20T15:49:40.252731
ACCT_00005768,CUST_002875,CHECKING,608224725,BR_04,166811.81,ACTIVE,2021-12-25,2026-09-20T15:49:40.252741
ACCT_00005769,CUST_002876,SAVINGS,103192203,BR_07,315421.28,ACTIVE,2021-11-10,2026-09-20T15:49:40.252751
ACCT_00005770,CUST_002877,SAVINGS,555402663,BR_04,122997.03,ACTIVE,2025-12-26,2026-09-20T15:49:40.252761
ACCT_00005771,CUST_002878,MONEY_MARKET,243014412,BR_02,187262.09,CLOSED,2025-07-16,2026-09-20T15:49:40.252770
ACCT_00005772,CUST_002878,SAVINGS,839845921,BR_06,88608.63,INACTIVE,2025-06-14,2026-09-20T15:49:40.252773
ACCT_00005773,CUST_002879,CHECKING,958683128,BR_14,264136.71,INACTIVE,2025-08-14,2026-09-20T15:49:40.252783
ACCT_00005774,CUST_002879,CHECKING,309334853,BR_06,229739.11,INACTIVE,2025-02-02,2026-09-20T15:49:40.252786
ACCT_00005775,CUST_002880,SAVINGS,489843207,BR_13,358329.22,CLOSED,2022-12-24,2026-09-20T15:49:40.252795
ACCT_00005776,CUST_002880,SAVINGS,318383808,BR_05,435644.28,ACTIVE,2026-03-02,2026-09-20T15:49:40.252799
ACCT_00005777,CUST_002881,CHECKING,601639941,BR_06,132642.37,CLOSED,2025-02-25,2026-09-20T15:49:40.252808
ACCT_00005778,CUST_002882,MONEY_MARKET,456965281,BR_08,320808.35,ACTIVE,2022-05-07,2026-09-20T15:49:40.252818
ACCT_00005779,CUST_002882,CHECKING,778364805,BR_09,265786.15,INACTIVE,2025-08-19,2026-09-20T15:49:40.252821
ACCT_00005780,CUST_002883,SAVINGS,506481515,BR_04,252882.98,INACTIVE,2026-03-22,2026-09-20T15:49:40.252830
ACCT_00005781,CUST_002883,CHECKING,770058324,BR_02,61595.9,INACTIVE,2025-02-08,2026-09-20T15:49:40.252833
ACCT_00005782,CUST_002883,SAVINGS,789000110,BR_10,86901.38,INACTIVE,2022-12-08,2026-09-20T15:49:40.252836
ACCT_00005783,CUST_002884,SAVINGS,291161922,BR_10,298156.32,CLOSED,2024-02-28,2026-09-20T15:49:40.252846
ACCT_00005784,CUST_002884,CHECKING,371856457,BR_08,364247.13,INACTIVE,2025-06-08,2026-09-20T15:49:40.252850
ACCT_00005785,CUST_002885,MONEY_MARKET,763917239,BR_09,441088.0,INACTIVE,2022-05-08,2026-09-20T15:49:40.252860
ACCT_00005786,CUST_002885,MONEY_MARKET,711946388,BR_13,59215.76,ACTIVE,2021-11-06,2026-09-20T15:49:40.252863
ACCT_00005787,CUST_002885,CHECKING,165664998,BR_08,158110.59,ACTIVE,2025-03-05,2026-09-20T15:49:40.252866
ACCT_00005788,CUST_002886,MONEY_MARKET,180846751,BR_13,264563.22,INACTIVE,2023-12-12,2026-09-20T15:49:40.252876
ACCT_00005789,CUST_002886,MONEY_MARKET,290505593,BR_15,343713.33,ACTIVE,2026-05-14,2026-09-20T15:49:40.252879
ACCT_00005790,CUST_002887,SAVINGS,972701947,BR_15,278896.79,INACTIVE,2024-10-26,2026-09-20T15:49:40.252889
ACCT_00005791,CUST_002887,MONEY_MARKET,311065287,BR_02,12952.97,CLOSED,2026-02-15,2026-09-20T15:49:40.252892
ACCT_00005792,CUST_002888,SAVINGS,534330664,BR_05,452054.11,ACTIVE,2022-06-22,2026-09-20T15:49:40.252901
ACCT_00005793,CUST_002889,MONEY_MARKET,787143561,BR_11,412963.52,INACTIVE,2025-09-11,2026-09-20T15:49:40.252911
ACCT_00005794,CUST_002889,SAVINGS,320748541,BR_12,23818.17,CLOSED,2026-03-29,2026-09-20T15:49:40.252914
ACCT_00005795,CUST_002890,MONEY_MARKET,546421804,BR_01,212944.28,CLOSED,2022-06-21,2026-09-20T15:49:40.252924
ACCT_00005796,CUST_002890,MONEY_MARKET,517960959,BR_02,362724.36,INACTIVE,2022-02-07,2026-09-20T15:49:40.252927
ACCT_00005797,CUST_002891,MONEY_MARKET,543691971,BR_04,375000.77,INACTIVE,2023-03-27,2026-09-20T15:49:40.252936
ACCT_00005798,CUST_002891,CHECKING,971932825,BR_03,399509.92,ACTIVE,2023-09-24,2026-09-20T15:49:40.252939
ACCT_00005799,CUST_002891,SAVINGS,741798336,BR_12,314450.11,INACTIVE,2024-09-28,2026-09-20T15:49:40.252942
ACCT_00005800,CUST_002892,SAVINGS,183243534,BR_14,386394.36,INACTIVE,2026-03-03,2026-09-20T15:49:40.252952
ACCT_00005801,CUST_002893,MONEY_MARKET,109651563,BR_02,53829.8,ACTIVE,2024-11-07,2026-09-20T15:49:40.252962
ACCT_00005802,CUST_002893,CHECKING,249028001,BR_12,495469.69,ACTIVE,2024-04-23,2026-09-20T15:49:40.252965
ACCT_00005803,CUST_002894,CHECKING,373073382,BR_13,26446.34,INACTIVE,2025-09-17,2026-09-20T15:49:40.252974
ACCT_00005804,CUST_002895,MONEY_MARKET,681037711,BR_07,394622.36,CLOSED,2025-05-14,2026-09-20T15:49:40.252984
ACCT_00005805,CUST_002895,MONEY_MARKET,243520909,BR_02,462759.06,ACTIVE,2023-07-14,2026-09-20T15:49:40.252987
ACCT_00005806,CUST_002895,SAVINGS,185843903,BR_05,373791.67,CLOSED,2023-07-26,2026-09-20T15:49:40.252990
ACCT_00005807,CUST_002896,CHECKING,499352140,BR_01,425248.43,CLOSED,2024-06-03,2026-09-20T15:49:40.253000
ACCT_00005808,CUST_002896,SAVINGS,763450564,BR_10,407225.55,INACTIVE,2023-10-22,2026-09-20T15:49:40.253003
ACCT_00005809,CUST_002897,CHECKING,134811011,BR_15,30920.95,ACTIVE,2025-01-13,2026-09-20T15:49:40.253014
ACCT_00005810,CUST_002897,CHECKING,398784301,BR_14,134916.25,INACTIVE,2024-06-09,2026-09-20T15:49:40.253017
ACCT_00005811,CUST_002898,MONEY_MARKET,610763565,BR_04,421110.03,ACTIVE,2025-04-03,2026-09-20T15:49:40.253027
ACCT_00005812,CUST_002899,MONEY_MARKET,554340990,BR_02,359229.61,INACTIVE,2023-05-24,2026-09-20T15:49:40.253038
ACCT_00005813,CUST_002899,SAVINGS,282168031,BR_09,352344.89,INACTIVE,2022-06-28,2026-09-20T15:49:40.253041
ACCT_00005814,CUST_002899,MONEY_MARKET,860947613,BR_14,299851.23,INACTIVE,2024-10-28,2026-09-20T15:49:40.253043
ACCT_00005815,CUST_002900,SAVINGS,848966217,BR_07,106748.71,INACTIVE,2022-09-13,2026-09-20T15:49:40.253053
ACCT_00005816,CUST_002900,MONEY_MARKET,640997327,BR_03,296557.4,ACTIVE,2024-09-24,2026-09-20T15:49:40.253056
ACCT_00005817,CUST_002900,SAVINGS,635703214,BR_08,287433.27,CLOSED,2022-01-14,2026-09-20T15:49:40.253059
ACCT_00005818,CUST_002901,MONEY_MARKET,674067643,BR_14,415925.0,INACTIVE,2024-02-25,2026-09-20T15:49:40.253069
ACCT_00005819,CUST_002901,SAVINGS,117039293,BR_08,156010.3,CLOSED,2026-01-29,2026-09-20T15:49:40.253072
ACCT_00005820,CUST_002901,CHECKING,496180468,BR_10,109287.24,INACTIVE,2022-07-19,2026-09-20T15:49:40.253075
ACCT_00005821,CUST_002902,MONEY_MARKET,211000079,BR_06,2320.51,INACTIVE,2022-01-21,2026-09-20T15:49:40.253085
ACCT_00005822,CUST_002902,CHECKING,711818661,BR_01,487622.85,INACTIVE,2022-02-08,2026-09-20T15:49:40.253088
ACCT_00005823,CUST_002902,SAVINGS,896796545,BR_01,437298.87,CLOSED,2024-08-23,2026-09-20T15:49:40.253091
ACCT_00005824,CUST_002903,MONEY_MARKET,540035358,BR_10,316399.22,INACTIVE,2024-04-02,2026-09-20T15:49:40.253100
ACCT_00005825,CUST_002903,MONEY_MARKET,116190253,BR_14,308739.07,ACTIVE,2024-08-20,2026-09-20T15:49:40.253103
ACCT_00005826,CUST_002903,SAVINGS,826400572,BR_08,453610.14,INACTIVE,2026-07-17,2026-09-20T15:49:40.253106
ACCT_00005827,CUST_002904,SAVINGS,187926139,BR_13,85789.42,ACTIVE,2026-02-21,2026-09-20T15:49:40.253116
ACCT_00005828,CUST_002904,MONEY_MARKET,412419942,BR_03,194771.0,CLOSED,2025-11-14,2026-09-20T15:49:40.253119
ACCT_00005829,CUST_002905,SAVINGS,803730672,BR_05,457446.67,CLOSED,2026-07-05,2026-09-20T15:49:40.253129
ACCT_00005830,CUST_002905,CHECKING,397880730,BR_06,291255.67,ACTIVE,2023-10-29,2026-09-20T15:49:40.253132
ACCT_00005831,CUST_002906,MONEY_MARKET,779895995,BR_04,160893.0,INACTIVE,2025-04-16,2026-09-20T15:49:40.253142
ACCT_00005832,CUST_002906,SAVINGS,269090253,BR_13,138282.27,ACTIVE,2024-01-01,2026-09-20T15:49:40.253145
ACCT_00005833,CUST_002907,MONEY_MARKET,734269725,BR_06,19129.87,INACTIVE,2022-08-02,2026-09-20T15:49:40.253155
ACCT_00005834,CUST_002907,SAVINGS,832081329,BR_15,181324.5,INACTIVE,2024-01-25,2026-09-20T15:49:40.253158
ACCT_00005835,CUST_002908,SAVINGS,370590727,BR_09,406227.67,CLOSED,2024-08-29,2026-09-20T15:49:40.253167
ACCT_00005836,CUST_002909,MONEY_MARKET,266118291,BR_06,38116.66,ACTIVE,2024-10-13,2026-09-20T15:49:40.253177
ACCT_00005837,CUST_002909,MONEY_MARKET,691427027,BR_14,145290.86,INACTIVE,2022-03-11,2026-09-20T15:49:40.253180
ACCT_00005838,CUST_002909,MONEY_MARKET,787433751,BR_01,41237.27,INACTIVE,2022-02-14,2026-09-20T15:49:40.253183
ACCT_00005839,CUST_002910,CHECKING,269434799,BR_14,240199.32,CLOSED,2025-08-28,2026-09-20T15:49:40.253194
ACCT_00005840,CUST_002910,MONEY_MARKET,393937937,BR_10,342857.68,INACTIVE,2024-10-19,2026-09-20T15:49:40.253197
ACCT_00005841,CUST_002911,CHECKING,944538917,BR_10,198764.51,INACTIVE,2022-11-01,2026-09-20T15:49:40.253206
ACCT_00005842,CUST_002912,MONEY_MARKET,762026892,BR_01,71190.35,ACTIVE,2022-11-29,2026-09-20T15:49:40.253216
ACCT_00005843,CUST_002912,MONEY_MARKET,464448468,BR_05,19119.91,ACTIVE,2026-04-23,2026-09-20T15:49:40.253219
ACCT_00005844,CUST_002912,MONEY_MARKET,381565381,BR_13,44929.15,CLOSED,2022-08-19,2026-09-20T15:49:40.253222
ACCT_00005845,CUST_002913,CHECKING,403727770,BR_03,207483.85,CLOSED,2024-11-04,2026-09-20T15:49:40.253232
ACCT_00005846,CUST_002914,SAVINGS,337700851,BR_14,347395.07,INACTIVE,2026-04-02,2026-09-20T15:49:40.253242
ACCT_00005847,CUST_002914,MONEY_MARKET,316591265,BR_11,470800.09,INACTIVE,2024-07-14,2026-09-20T15:49:40.253245
ACCT_00005848,CUST_002915,CHECKING,458317756,BR_03,307552.0,INACTIVE,2026-03-30,2026-09-20T15:49:40.253254
ACCT_00005849,CUST_002915,SAVINGS,240489447,BR_12,217249.64,ACTIVE,2026-07-08,2026-09-20T15:49:40.253257
ACCT_00005850,CUST_002915,SAVINGS,163942170,BR_09,177148.13,ACTIVE,2024-05-29,2026-09-20T15:49:40.253260
ACCT_00005851,CUST_002916,CHECKING,382889428,BR_15,203867.64,ACTIVE,2023-09-07,2026-09-20T15:49:40.253270
ACCT_00005852,CUST_002917,SAVINGS,664334046,BR_08,94508.84,ACTIVE,2023-09-19,2026-09-20T15:49:40.253280
ACCT_00005853,CUST_002917,CHECKING,798691315,BR_07,450976.84,CLOSED,2021-12-25,2026-09-20T15:49:40.253283
ACCT_00005854,CUST_002917,CHECKING,807608415,BR_04,345802.63,ACTIVE,2025-01-11,2026-09-20T15:49:40.253286
ACCT_00005855,CUST_002918,MONEY_MARKET,758172686,BR_02,240533.47,INACTIVE,2026-05-15,2026-09-20T15:49:40.253296
ACCT_00005856,CUST_002919,CHECKING,989350324,BR_12,401707.42,ACTIVE,2026-04-18,2026-09-20T15:49:40.253306
ACCT_00005857,CUST_002920,SAVINGS,413398899,BR_05,43509.92,CLOSED,2024-12-12,2026-09-20T15:49:40.253317
ACCT_00005858,CUST_002920,CHECKING,550584160,BR_11,402189.72,INACTIVE,2026-05-02,2026-09-20T15:49:40.253320
ACCT_00005859,CUST_002920,MONEY_MARKET,294062045,BR_11,8044.96,CLOSED,2025-07-10,2026-09-20T15:49:40.253323
ACCT_00005860,CUST_002921,CHECKING,605974826,BR_15,276707.25,ACTIVE,2022-07-16,2026-09-20T15:49:40.253333
ACCT_00005861,CUST_002922,MONEY_MARKET,171741070,BR_01,290217.9,INACTIVE,2023-12-01,2026-09-20T15:49:40.253343
ACCT_00005862,CUST_002923,MONEY_MARKET,543665324,BR_08,469777.33,INACTIVE,2024-02-02,2026-09-20T15:49:40.253354
ACCT_00005863,CUST_002923,CHECKING,546717183,BR_06,382645.81,INACTIVE,2024-07-09,2026-09-20T15:49:40.253357
ACCT_00005864,CUST_002923,SAVINGS,483412265,BR_06,149467.72,CLOSED,2026-04-24,2026-09-20T15:49:40.253360
ACCT_00005865,CUST_002924,SAVINGS,641449627,BR_02,306728.96,CLOSED,2025-03-27,2026-09-20T15:49:40.253370
ACCT_00005866,CUST_002925,SAVINGS,928411075,BR_12,360986.21,ACTIVE,2026-05-10,2026-09-20T15:49:40.253380
ACCT_00005867,CUST_002926,SAVINGS,770296119,BR_04,287141.73,INACTIVE,2025-06-27,2026-09-20T15:49:40.253389
ACCT_00005868,CUST_002927,CHECKING,676981852,BR_10,365818.59,ACTIVE,2025-07-24,2026-09-20T15:49:40.253399
ACCT_00005869,CUST_002928,CHECKING,302499395,BR_11,473103.71,ACTIVE,2025-06-26,2026-09-20T15:49:40.253408
ACCT_00005870,CUST_002928,SAVINGS,828764659,BR_12,491700.35,INACTIVE,2022-12-19,2026-09-20T15:49:40.253411
ACCT_00005871,CUST_002928,MONEY_MARKET,438122353,BR_06,373381.29,ACTIVE,2024-01-13,2026-09-20T15:49:40.253414
ACCT_00005872,CUST_002929,CHECKING,504281052,BR_05,8780.24,ACTIVE,2022-02-25,2026-09-20T15:49:40.253424
ACCT_00005873,CUST_002930,CHECKING,513935209,BR_08,140792.27,ACTIVE,2024-11-04,2026-09-20T15:49:40.253435
ACCT_00005874,CUST_002930,MONEY_MARKET,232388142,BR_12,412466.94,INACTIVE,2022-01-25,2026-09-20T15:49:40.253438
ACCT_00005875,CUST_002931,SAVINGS,569203099,BR_03,53770.48,INACTIVE,2025-01-13,2026-09-20T15:49:40.253448
ACCT_00005876,CUST_002931,MONEY_MARKET,362726834,BR_12,494373.99,CLOSED,2025-11-16,2026-09-20T15:49:40.253451
ACCT_00005877,CUST_002931,SAVINGS,848680727,BR_15,417655.95,CLOSED,2024-02-05,2026-09-20T15:49:40.253454
ACCT_00005878,CUST_002932,CHECKING,287115503,BR_10,141008.61,INACTIVE,2023-06-18,2026-09-20T15:49:40.253464
ACCT_00005879,CUST_002933,SAVINGS,281327980,BR_06,83947.62,ACTIVE,2025-10-03,2026-09-20T15:49:40.253474
ACCT_00005880,CUST_002933,CHECKING,895134805,BR_13,387514.14,INACTIVE,2023-10-18,2026-09-20T15:49:40.253477
ACCT_00005881,CUST_002934,CHECKING,587425789,BR_08,384228.36,ACTIVE,2024-07-16,2026-09-20T15:49:40.253486
ACCT_00005882,CUST_002934,MONEY_MARKET,294064535,BR_09,132307.34,CLOSED,2023-04-05,2026-09-20T15:49:40.253489
ACCT_00005883,CUST_002934,CHECKING,735376835,BR_11,445180.21,CLOSED,2023-05-02,2026-09-20T15:49:40.253492
ACCT_00005884,CUST_002935,MONEY_MARKET,484653505,BR_02,192108.12,CLOSED,2024-10-07,2026-09-20T15:49:40.253502
ACCT_00005885,CUST_002935,MONEY_MARKET,725322953,BR_02,374595.13,CLOSED,2023-05-14,2026-09-20T15:49:40.253505
ACCT_00005886,CUST_002936,SAVINGS,997874606,BR_14,196852.51,INACTIVE,2024-12-18,2026-09-20T15:49:40.253515
ACCT_00005887,CUST_002936,SAVINGS,369961497,BR_13,160782.71,ACTIVE,2022-01-06,2026-09-20T15:49:40.253518
ACCT_00005888,CUST_002937,CHECKING,132397255,BR_05,36367.9,INACTIVE,2025-09-08,2026-09-20T15:49:40.253528
ACCT_00005889,CUST_002937,SAVINGS,267730290,BR_15,439440.69,CLOSED,2023-09-09,2026-09-20T15:49:40.253531
ACCT_00005890,CUST_002937,SAVINGS,632055197,BR_09,182802.56,INACTIVE,2023-11-14,2026-09-20T15:49:40.253536
ACCT_00005891,CUST_002938,CHECKING,639132706,BR_10,235016.04,INACTIVE,2023-04-13,2026-09-20T15:49:40.253546
ACCT_00005892,CUST_002939,SAVINGS,920874100,BR_01,62555.02,CLOSED,2024-12-13,2026-09-20T15:49:40.253555
ACCT_00005893,CUST_002939,SAVINGS,584715944,BR_01,374330.28,CLOSED,2022-10-31,2026-09-20T15:49:40.253558
ACCT_00005894,CUST_002939,CHECKING,554750117,BR_08,71712.06,CLOSED,2024-09-17,2026-09-20T15:49:40.253561
ACCT_00005895,CUST_002940,MONEY_MARKET,237626631,BR_15,251803.93,ACTIVE,2026-04-26,2026-09-20T15:49:40.253571
ACCT_00005896,CUST_002941,SAVINGS,815145724,BR_02,230766.96,CLOSED,2026-06-16,2026-09-20T15:49:40.253581
ACCT_00005897,CUST_002941,MONEY_MARKET,631810385,BR_04,134997.87,INACTIVE,2026-05-26,2026-09-20T15:49:40.253584
ACCT_00005898,CUST_002941,MONEY_MARKET,366492039,BR_02,206861.34,ACTIVE,2022-12-01,2026-09-20T15:49:40.253587
ACCT_00005899,CUST_002942,CHECKING,901577457,BR_08,293743.99,ACTIVE,2022-02-21,2026-09-20T15:49:40.253597
ACCT_00005900,CUST_002942,MONEY_MARKET,900749320,BR_02,192732.06,INACTIVE,2024-09-04,2026-09-20T15:49:40.253600
ACCT_00005901,CUST_002943,SAVINGS,290575149,BR_08,172720.94,CLOSED,2025-08-20,2026-09-20T15:49:40.253610
ACCT_00005902,CUST_002943,MONEY_MARKET,639918116,BR_12,460802.51,ACTIVE,2021-10-06,2026-09-20T15:49:40.253613
ACCT_00005903,CUST_002944,MONEY_MARKET,910077161,BR_07,244993.95,CLOSED,2024-09-27,2026-09-20T15:49:40.253623
ACCT_00005904,CUST_002945,SAVINGS,830203668,BR_01,211510.19,INACTIVE,2023-09-19,2026-09-20T15:49:40.253632
ACCT_00005905,CUST_002946,CHECKING,473153357,BR_06,371383.53,ACTIVE,2022-10-03,2026-09-20T15:49:40.253642
ACCT_00005906,CUST_002946,SAVINGS,491707102,BR_14,207998.35,INACTIVE,2026-03-09,2026-09-20T15:49:40.253645
ACCT_00005907,CUST_002946,SAVINGS,545155098,BR_09,492883.27,INACTIVE,2026-05-25,2026-09-20T15:49:40.253648
ACCT_00005908,CUST_002947,CHECKING,551591964,BR_15,373159.83,INACTIVE,2025-03-26,2026-09-20T15:49:40.253658
ACCT_00005909,CUST_002947,SAVINGS,786364405,BR_01,170883.4,INACTIVE,2024-11-17,2026-09-20T15:49:40.253661
ACCT_00005910,CUST_002947,CHECKING,846897420,BR_07,58371.9,ACTIVE,2025-05-30,2026-09-20T15:49:40.253664
ACCT_00005911,CUST_002948,MONEY_MARKET,458867288,BR_07,492079.37,ACTIVE,2025-11-25,2026-09-20T15:49:40.253674
ACCT_00005912,CUST_002949,SAVINGS,180143756,BR_09,74380.49,INACTIVE,2023-03-27,2026-09-20T15:49:40.253684
ACCT_00005913,CUST_002949,SAVINGS,172344415,BR_10,64416.76,ACTIVE,2023-01-16,2026-09-20T15:49:40.253687
ACCT_00005914,CUST_002950,SAVINGS,709357418,BR_08,422847.8,INACTIVE,2023-07-06,2026-09-20T15:49:40.253697
ACCT_00005915,CUST_002950,MONEY_MARKET,516432229,BR_10,243093.43,INACTIVE,2023-09-10,2026-09-20T15:49:40.253700
ACCT_00005916,CUST_002950,SAVINGS,713180024,BR_13,413655.9,CLOSED,2023-03-28,2026-09-20T15:49:40.253703
ACCT_00005917,CUST_002951,MONEY_MARKET,312812330,BR_02,285869.59,ACTIVE,2026-04-24,2026-09-20T15:49:40.253714
ACCT_00005918,CUST_002951,SAVINGS,273985190,BR_08,313524.54,INACTIVE,2022-08-31,2026-09-20T15:49:40.253718
ACCT_00005919,CUST_002952,SAVINGS,712788238,BR_15,415405.99,ACTIVE,2025-08-17,2026-09-20T15:49:40.253727
ACCT_00005920,CUST_002953,MONEY_MARKET,885737093,BR_02,211035.94,ACTIVE,2025-04-27,2026-09-20T15:49:40.253737
ACCT_00005921,CUST_002953,CHECKING,229387378,BR_03,241390.16,INACTIVE,2023-05-09,2026-09-20T15:49:40.253740
ACCT_00005922,CUST_002954,CHECKING,218751827,BR_08,195287.51,ACTIVE,2022-06-01,2026-09-20T15:49:40.253750
ACCT_00005923,CUST_002954,MONEY_MARKET,197148720,BR_10,412765.12,INACTIVE,2025-04-09,2026-09-20T15:49:40.253753
ACCT_00005924,CUST_002954,SAVINGS,832479392,BR_11,8587.95,CLOSED,2024-08-08,2026-09-20T15:49:40.253756
ACCT_00005925,CUST_002955,SAVINGS,342904234,BR_13,194214.44,INACTIVE,2022-03-21,2026-09-20T15:49:40.253767
ACCT_00005926,CUST_002955,CHECKING,286591379,BR_04,6134.22,ACTIVE,2024-09-07,2026-09-20T15:49:40.253770
ACCT_00005927,CUST_002955,SAVINGS,605141758,BR_04,320622.5,INACTIVE,2023-11-21,2026-09-20T15:49:40.253773
ACCT_00005928,CUST_002956,SAVINGS,520469658,BR_10,365732.15,ACTIVE,2022-05-05,2026-09-20T15:49:40.253783
ACCT_00005929,CUST_002956,MONEY_MARKET,659244783,BR_05,400213.8,ACTIVE,2022-02-27,2026-09-20T15:49:40.253786
ACCT_00005930,CUST_002957,CHECKING,999898650,BR_12,17763.83,CLOSED,2025-09-29,2026-09-20T15:49:40.253796
ACCT_00005931,CUST_002957,SAVINGS,318226666,BR_01,109078.99,ACTIVE,2024-11-28,2026-09-20T15:49:40.253799
ACCT_00005932,CUST_002958,CHECKING,861764339,BR_08,152372.53,CLOSED,2024-07-02,2026-09-20T15:49:40.253809
ACCT_00005933,CUST_002958,CHECKING,903319555,BR_13,162506.1,CLOSED,2022-07-29,2026-09-20T15:49:40.253812
ACCT_00005934,CUST_002958,CHECKING,945084779,BR_06,419542.48,ACTIVE,2025-12-27,2026-09-20T15:49:40.253815
ACCT_00005935,CUST_002959,MONEY_MARKET,841420745,BR_13,75708.32,ACTIVE,2021-12-16,2026-09-20T15:49:40.253825
ACCT_00005936,CUST_002959,MONEY_MARKET,103549656,BR_11,421549.95,CLOSED,2022-09-11,2026-09-20T15:49:40.253828
ACCT_00005937,CUST_002959,MONEY_MARKET,725660390,BR_06,252837.33,INACTIVE,2025-11-10,2026-09-20T15:49:40.253832
ACCT_00005938,CUST_002960,CHECKING,703638304,BR_06,100015.38,CLOSED,2022-11-29,2026-09-20T15:49:40.253847
ACCT_00005939,CUST_002960,CHECKING,862540280,BR_02,47034.24,ACTIVE,2023-10-27,2026-09-20T15:49:40.253850
ACCT_00005940,CUST_002960,CHECKING,601043085,BR_08,397604.87,ACTIVE,2022-02-06,2026-09-20T15:49:40.253863
ACCT_00005941,CUST_002961,MONEY_MARKET,520162657,BR_07,192530.4,ACTIVE,2024-06-09,2026-09-20T15:49:40.253873
ACCT_00005942,CUST_002962,MONEY_MARKET,762151409,BR_05,240132.67,CLOSED,2026-03-24,2026-09-20T15:49:40.253883
ACCT_00005943,CUST_002962,MONEY_MARKET,364423201,BR_03,207131.48,INACTIVE,2023-05-19,2026-09-20T15:49:40.253886
ACCT_00005944,CUST_002962,MONEY_MARKET,400520025,BR_06,5184.44,ACTIVE,2022-10-21,2026-09-20T15:49:40.253889
ACCT_00005945,CUST_002963,MONEY_MARKET,152880027,BR_12,86598.98,CLOSED,2023-04-08,2026-09-20T15:49:40.253899
ACCT_00005946,CUST_002963,SAVINGS,133142334,BR_14,112534.93,INACTIVE,2025-05-31,2026-09-20T15:49:40.253902
ACCT_00005947,CUST_002964,MONEY_MARKET,839266037,BR_04,333180.71,ACTIVE,2022-12-09,2026-09-20T15:49:40.253911
ACCT_00005948,CUST_002964,CHECKING,266752541,BR_12,125541.66,INACTIVE,2025-12-06,2026-09-20T15:49:40.253914
ACCT_00005949,CUST_002965,SAVINGS,839446060,BR_06,207334.0,ACTIVE,2023-05-17,2026-09-20T15:49:40.253924
ACCT_00005950,CUST_002965,MONEY_MARKET,467545688,BR_01,406664.46,CLOSED,2025-03-28,2026-09-20T15:49:40.253927
ACCT_00005951,CUST_002965,CHECKING,496375663,BR_07,250712.48,CLOSED,2026-04-17,2026-09-20T15:49:40.253930
ACCT_00005952,CUST_002966,CHECKING,235078506,BR_12,429075.95,INACTIVE,2024-10-15,2026-09-20T15:49:40.253940
ACCT_00005953,CUST_002966,CHECKING,404984283,BR_14,427172.75,INACTIVE,2022-03-06,2026-09-20T15:49:40.253943
ACCT_00005954,CUST_002967,MONEY_MARKET,177576748,BR_09,177834.45,CLOSED,2023-04-12,2026-09-20T15:49:40.253952
ACCT_00005955,CUST_002967,MONEY_MARKET,355506376,BR_09,251442.19,ACTIVE,2026-08-13,2026-09-20T15:49:40.253955
ACCT_00005956,CUST_002967,MONEY_MARKET,179281895,BR_06,60489.89,CLOSED,2024-01-08,2026-09-20T15:49:40.253958
ACCT_00005957,CUST_002968,SAVINGS,544159661,BR_05,287214.67,ACTIVE,2024-05-24,2026-09-20T15:49:40.253968
ACCT_00005958,CUST_002968,MONEY_MARKET,191158794,BR_07,428573.49,INACTIVE,2024-04-26,2026-09-20T15:49:40.253971
ACCT_00005959,CUST_002969,CHECKING,645615386,BR_15,497560.28,ACTIVE,2022-09-11,2026-09-20T15:49:40.253981
ACCT_00005960,CUST_002969,SAVINGS,216523358,BR_14,283791.67,INACTIVE,2022-12-16,2026-09-20T15:49:40.253984
ACCT_00005961,CUST_002970,MONEY_MARKET,705110929,BR_11,407321.0,ACTIVE,2023-06-26,2026-09-20T15:49:40.253994
ACCT_00005962,CUST_002970,SAVINGS,703334390,BR_14,131843.84,INACTIVE,2025-07-29,2026-09-20T15:49:40.253997
ACCT_00005963,CUST_002971,MONEY_MARKET,974453125,BR_05,370202.85,INACTIVE,2024-01-26,2026-09-20T15:49:40.254006
ACCT_00005964,CUST_002971,SAVINGS,995131063,BR_13,493377.41,INACTIVE,2026-03-17,2026-09-20T15:49:40.254010
ACCT_00005965,CUST_002971,MONEY_MARKET,355242574,BR_15,271211.79,INACTIVE,2024-09-18,2026-09-20T15:49:40.254013
ACCT_00005966,CUST_002972,SAVINGS,117669250,BR_13,368426.8,ACTIVE,2022-09-03,2026-09-20T15:49:40.254022
ACCT_00005967,CUST_002972,MONEY_MARKET,197070505,BR_12,183815.27,INACTIVE,2022-08-07,2026-09-20T15:49:40.254025
ACCT_00005968,CUST_002972,SAVINGS,899738261,BR_08,257832.61,ACTIVE,2025-06-21,2026-09-20T15:49:40.254028
ACCT_00005969,CUST_002973,MONEY_MARKET,799191479,BR_12,392173.44,INACTIVE,2022-05-25,2026-09-20T15:49:40.254038
ACCT_00005970,CUST_002973,MONEY_MARKET,912409116,BR_04,191873.26,ACTIVE,2025-12-25,2026-09-20T15:49:40.254041
ACCT_00005971,CUST_002973,MONEY_MARKET,937730452,BR_05,43571.47,CLOSED,2024-01-23,2026-09-20T15:49:40.254044
ACCT_00005972,CUST_002974,SAVINGS,511094514,BR_02,281004.18,INACTIVE,2022-11-16,2026-09-20T15:49:40.254054
ACCT_00005973,CUST_002975,SAVINGS,136869789,BR_12,265573.35,CLOSED,2026-05-28,2026-09-20T15:49:40.254064
ACCT_00005974,CUST_002976,CHECKING,100769937,BR_11,70013.34,ACTIVE,2023-01-31,2026-09-20T15:49:40.254074
ACCT_00005975,CUST_002976,MONEY_MARKET,330493839,BR_09,469915.28,ACTIVE,2026-04-07,2026-09-20T15:49:40.254077
ACCT_00005976,CUST_002977,CHECKING,914273971,BR_15,288962.33,INACTIVE,2024-06-01,2026-09-20T15:49:40.254087
ACCT_00005977,CUST_002978,SAVINGS,336050892,BR_08,82029.5,ACTIVE,2025-07-09,2026-09-20T15:49:40.254097
ACCT_00005978,CUST_002978,MONEY_MARKET,576524765,BR_04,147689.52,INACTIVE,2023-10-26,2026-09-20T15:49:40.254100
ACCT_00005979,CUST_002979,SAVINGS,488262075,BR_07,241558.26,INACTIVE,2023-01-18,2026-09-20T15:49:40.254109
ACCT_00005980,CUST_002980,MONEY_MARKET,775304749,BR_12,1354.93,INACTIVE,2022-12-10,2026-09-20T15:49:40.254119
ACCT_00005981,CUST_002981,SAVINGS,964930014,BR_05,419512.82,ACTIVE,2023-05-03,2026-09-20T15:49:40.254129
ACCT_00005982,CUST_002981,SAVINGS,625187043,BR_08,17080.24,INACTIVE,2024-06-12,2026-09-20T15:49:40.254132
ACCT_00005983,CUST_002982,CHECKING,745358188,BR_04,38039.74,INACTIVE,2022-07-27,2026-09-20T15:49:40.254142
ACCT_00005984,CUST_002982,MONEY_MARKET,106053319,BR_10,473141.98,INACTIVE,2025-02-13,2026-09-20T15:49:40.254145
ACCT_00005985,CUST_002983,MONEY_MARKET,802015020,BR_09,247627.61,ACTIVE,2022-08-11,2026-09-20T15:49:40.254155
ACCT_00005986,CUST_002983,MONEY_MARKET,153771109,BR_13,176958.04,CLOSED,2024-03-26,2026-09-20T15:49:40.254158
ACCT_00005987,CUST_002984,CHECKING,162420172,BR_14,80497.91,ACTIVE,2026-02-09,2026-09-20T15:49:40.254168
ACCT_00005988,CUST_002984,CHECKING,733289634,BR_13,88131.09,INACTIVE,2025-12-03,2026-09-20T15:49:40.254171
ACCT_00005989,CUST_002984,SAVINGS,392188767,BR_08,388699.81,ACTIVE,2022-10-16,2026-09-20T15:49:40.254174
ACCT_00005990,CUST_002985,MONEY_MARKET,451950260,BR_09,25969.25,ACTIVE,2021-11-16,2026-09-20T15:49:40.254183
ACCT_00005991,CUST_002986,SAVINGS,514577504,BR_02,416008.21,CLOSED,2022-03-23,2026-09-20T15:49:40.254193
ACCT_00005992,CUST_002987,MONEY_MARKET,113954462,BR_01,12885.14,CLOSED,2022-11-15,2026-09-20T15:49:40.254203
ACCT_00005993,CUST_002987,CHECKING,137497374,BR_08,104896.48,CLOSED,2024-11-04,2026-09-20T15:49:40.254206
ACCT_00005994,CUST_002988,SAVINGS,573550131,BR_15,379162.34,ACTIVE,2023-02-07,2026-09-20T15:49:40.254217
ACCT_00005995,CUST_002988,SAVINGS,882182385,BR_08,141600.32,INACTIVE,2022-06-01,2026-09-20T15:49:40.254221
ACCT_00005996,CUST_002989,CHECKING,980770281,BR_10,318150.04,ACTIVE,2023-07-13,2026-09-20T15:49:40.254230
ACCT_00005997,CUST_002989,MONEY_MARKET,396668861,BR_02,105412.86,CLOSED,2023-08-30,2026-09-20T15:49:40.254234
ACCT_00005998,CUST_002989,SAVINGS,717659642,BR_07,248955.64,CLOSED,2025-05-30,2026-09-20T15:49:40.254237
ACCT_00005999,CUST_002990,CHECKING,315959370,BR_01,175141.38,ACTIVE,2022-12-08,2026-09-20T15:49:40.254247
ACCT_00006000,CUST_002991,MONEY_MARKET,371784571,BR_11,396495.9,ACTIVE,2024-08-17,2026-09-20T15:49:40.254258
ACCT_00006001,CUST_002991,MONEY_MARKET,172761022,BR_02,43384.62,CLOSED,2022-12-17,2026-09-20T15:49:40.254261
ACCT_00006002,CUST_002991,CHECKING,310795836,BR_13,176751.04,INACTIVE,2021-10-26,2026-09-20T15:49:40.254264
ACCT_00006003,CUST_002992,CHECKING,720433255,BR_05,83109.46,CLOSED,2025-01-20,2026-09-20T15:49:40.254274
ACCT_00006004,CUST_002992,CHECKING,986579582,BR_03,156825.42,INACTIVE,2023-02-26,2026-09-20T15:49:40.254277
ACCT_00006005,CUST_002992,MONEY_MARKET,892776547,BR_14,294854.66,CLOSED,2022-10-22,2026-09-20T15:49:40.254280
ACCT_00006006,CUST_002993,CHECKING,365109581,BR_09,271166.49,INACTIVE,2022-10-30,2026-09-20T15:49:40.254290
ACCT_00006007,CUST_002994,SAVINGS,517888388,BR_14,215159.95,CLOSED,2024-06-19,2026-09-20T15:49:40.254300
ACCT_00006008,CUST_002994,CHECKING,881590468,BR_09,288661.58,INACTIVE,2021-12-10,2026-09-20T15:49:40.254303
ACCT_00006009,CUST_002995,CHECKING,938699360,BR_14,154940.21,CLOSED,2025-06-12,2026-09-20T15:49:40.254313
ACCT_00006010,CUST_002996,MONEY_MARKET,978434821,BR_08,275101.64,CLOSED,2024-01-20,2026-09-20T15:49:40.254322
ACCT_00006011,CUST_002996,SAVINGS,411596208,BR_11,349890.76,ACTIVE,2026-07-09,2026-09-20T15:49:40.254325
ACCT_00006012,CUST_002996,MONEY_MARKET,207288058,BR_09,98356.79,ACTIVE,2025-09-26,2026-09-20T15:49:40.254328
ACCT_00006013,CUST_002997,MONEY_MARKET,813511428,BR_04,316856.15,CLOSED,2022-01-17,2026-09-20T15:49:40.254338
ACCT_00006014,CUST_002997,SAVINGS,857679445,BR_01,90262.23,INACTIVE,2025-04-12,2026-09-20T15:49:40.254341
ACCT_00006015,CUST_002997,MONEY_MARKET,279147499,BR_15,2306.98,ACTIVE,2024-09-07,2026-09-20T15:49:40.254344
ACCT_00006016,CUST_002998,MONEY_MARKET,185732745,BR_09,162919.4,ACTIVE,2025-05-21,2026-09-20T15:49:40.254354
ACCT_00006017,CUST_002998,CHECKING,183407227,BR_14,235005.0,INACTIVE,2026-04-28,2026-09-20T15:49:40.254357
ACCT_00006018,CUST_002999,SAVINGS,990355677,BR_08,203055.25,INACTIVE,2023-11-15,2026-09-20T15:49:40.254368
ACCT_00006019,CUST_002999,CHECKING,736638346,BR_03,493770.4,CLOSED,2023-07-04,2026-09-20T15:49:40.254371
ACCT_00006020,CUST_003000,MONEY_MARKET,244712202,BR_13,16781.38,ACTIVE,2026-04-23,2026-09-20T15:49:40.254393
ACCT_00006021,CUST_003000,CHECKING,669798372,BR_08,159862.92,INACTIVE,2025-02-15,2026-09-20T15:49:40.254397
ACCT_00006022,CUST_003000,CHECKING,483886007,BR_09,312160.45,ACTIVE,2025-04-21,2026-09-20T15:49:40.254401
ACCT_00006023,CUST_003001,CHECKING,324642034,BR_07,6578.49,INACTIVE,2023-11-24,2026-09-20T15:49:40.254412
ACCT_00006024,CUST_003001,MONEY_MARKET,617730925,BR_02,297357.28,CLOSED,2025-09-08,2026-09-20T15:49:40.254415
ACCT_00006025,CUST_003001,SAVINGS,915638755,BR_10,236127.24,ACTIVE,2024-07-08,2026-09-20T15:49:40.254418
ACCT_00006026,CUST_003002,SAVINGS,906003505,BR_15,232720.85,ACTIVE,2024-05-14,2026-09-20T15:49:40.254428
ACCT_00006027,CUST_003002,SAVINGS,718676728,BR_14,207162.15,INACTIVE,2022-09-22,2026-09-20T15:49:40.254431
ACCT_00006028,CUST_003003,CHECKING,845589168,BR_12,154656.55,ACTIVE,2024-02-07,2026-09-20T15:49:40.254442
ACCT_00006029,CUST_003003,SAVINGS,921968115,BR_03,177786.49,CLOSED,2024-12-14,2026-09-20T15:49:40.254445
ACCT_00006030,CUST_003004,MONEY_MARKET,970670629,BR_14,259152.18,ACTIVE,2021-11-02,2026-09-20T15:49:40.254455
ACCT_00006031,CUST_003004,SAVINGS,249782614,BR_12,209688.56,CLOSED,2023-06-04,2026-09-20T15:49:40.254458
ACCT_00006032,CUST_003005,MONEY_MARKET,220797975,BR_14,260360.77,ACTIVE,2022-05-14,2026-09-20T15:49:40.254468
ACCT_00006033,CUST_003006,CHECKING,437878980,BR_12,216447.03,ACTIVE,2022-03-23,2026-09-20T15:49:40.254478
ACCT_00006034,CUST_003007,MONEY_MARKET,469709578,BR_02,159951.51,INACTIVE,2025-01-11,2026-09-20T15:49:40.254488
ACCT_00006035,CUST_003008,SAVINGS,630906743,BR_01,324539.8,ACTIVE,2022-12-07,2026-09-20T15:49:40.254498
ACCT_00006036,CUST_003008,SAVINGS,906279517,BR_14,423225.72,CLOSED,2026-08-03,2026-09-20T15:49:40.254501
ACCT_00006037,CUST_003008,MONEY_MARKET,684755648,BR_04,252052.03,ACTIVE,2026-04-05,2026-09-20T15:49:40.254504
ACCT_00006038,CUST_003009,CHECKING,378289057,BR_07,161873.1,ACTIVE,2025-08-23,2026-09-20T15:49:40.254514
ACCT_00006039,CUST_003009,SAVINGS,443638486,BR_09,476540.17,ACTIVE,2025-03-30,2026-09-20T15:49:40.254517
ACCT_00006040,CUST_003009,MONEY_MARKET,421258427,BR_12,372798.26,INACTIVE,2024-07-11,2026-09-20T15:49:40.254520
ACCT_00006041,CUST_003010,MONEY_MARKET,358819973,BR_14,103363.72,CLOSED,2023-05-26,2026-09-20T15:49:40.254530
ACCT_00006042,CUST_003011,CHECKING,422824037,BR_10,485787.23,INACTIVE,2025-11-11,2026-09-20T15:49:40.254539
ACCT_00006043,CUST_003012,SAVINGS,585406801,BR_01,169566.99,INACTIVE,2021-10-18,2026-09-20T15:49:40.254549
ACCT_00006044,CUST_003012,SAVINGS,875743430,BR_08,426629.64,CLOSED,2025-11-21,2026-09-20T15:49:40.254552
ACCT_00006045,CUST_003013,CHECKING,674896919,BR_09,3877.37,CLOSED,2025-07-03,2026-09-20T15:49:40.254561
ACCT_00006046,CUST_003013,CHECKING,389205485,BR_11,369518.91,ACTIVE,2024-01-14,2026-09-20T15:49:40.254564
ACCT_00006047,CUST_003014,SAVINGS,218220798,BR_11,262714.83,CLOSED,2024-06-14,2026-09-20T15:49:40.254575
ACCT_00006048,CUST_003015,MONEY_MARKET,838755881,BR_09,454646.32,INACTIVE,2023-05-22,2026-09-20T15:49:40.254586
ACCT_00006049,CUST_003016,MONEY_MARKET,369441849,BR_08,209041.53,ACTIVE,2025-06-06,2026-09-20T15:49:40.254596
ACCT_00006050,CUST_003016,MONEY_MARKET,604006824,BR_01,104637.97,CLOSED,2024-09-15,2026-09-20T15:49:40.254599
ACCT_00006051,CUST_003017,SAVINGS,604211777,BR_09,378736.47,CLOSED,2025-08-07,2026-09-20T15:49:40.254609
ACCT_00006052,CUST_003017,SAVINGS,665442575,BR_02,285441.73,ACTIVE,2025-12-13,2026-09-20T15:49:40.254612
ACCT_00006053,CUST_003017,MONEY_MARKET,266448251,BR_03,361979.61,INACTIVE,2026-02-18,2026-09-20T15:49:40.254615
ACCT_00006054,CUST_003018,CHECKING,853442267,BR_04,69835.01,CLOSED,2026-08-20,2026-09-20T15:49:40.254625
ACCT_00006055,CUST_003018,SAVINGS,299103734,BR_06,120402.42,CLOSED,2025-03-26,2026-09-20T15:49:40.254628
ACCT_00006056,CUST_003018,MONEY_MARKET,201783365,BR_15,250949.88,INACTIVE,2024-09-21,2026-09-20T15:49:40.254631
ACCT_00006057,CUST_003019,SAVINGS,169174944,BR_14,269624.23,ACTIVE,2024-11-08,2026-09-20T15:49:40.254641
ACCT_00006058,CUST_003019,MONEY_MARKET,668908259,BR_15,461236.15,ACTIVE,2026-02-27,2026-09-20T15:49:40.254644
ACCT_00006059,CUST_003020,CHECKING,154939027,BR_15,116197.98,INACTIVE,2025-05-18,2026-09-20T15:49:40.254655
ACCT_00006060,CUST_003020,CHECKING,317996762,BR_15,457436.14,CLOSED,2025-10-17,2026-09-20T15:49:40.254658
ACCT_00006061,CUST_003021,SAVINGS,304852784,BR_06,333902.19,CLOSED,2026-08-03,2026-09-20T15:49:40.254669
ACCT_00006062,CUST_003021,SAVINGS,579723355,BR_10,406680.76,CLOSED,2024-07-04,2026-09-20T15:49:40.254672
ACCT_00006063,CUST_003022,SAVINGS,207655209,BR_07,414176.35,CLOSED,2023-05-13,2026-09-20T15:49:40.254682
ACCT_00006064,CUST_003022,MONEY_MARKET,568888311,BR_11,69726.93,ACTIVE,2025-10-23,2026-09-20T15:49:40.254686
ACCT_00006065,CUST_003023,SAVINGS,164083666,BR_09,208971.35,CLOSED,2024-05-08,2026-09-20T15:49:40.254697
ACCT_00006066,CUST_003023,MONEY_MARKET,436863723,BR_07,146156.86,CLOSED,2025-06-17,2026-09-20T15:49:40.254700
ACCT_00006067,CUST_003023,SAVINGS,570571598,BR_07,25364.38,CLOSED,2023-09-14,2026-09-20T15:49:40.254703
ACCT_00006068,CUST_003024,CHECKING,326452687,BR_01,288352.23,INACTIVE,2023-08-03,2026-09-20T15:49:40.254714
ACCT_00006069,CUST_003024,SAVINGS,290152537,BR_09,299032.66,CLOSED,2023-01-19,2026-09-20T15:49:40.254718
ACCT_00006070,CUST_003024,SAVINGS,524192724,BR_08,466461.01,CLOSED,2025-06-10,2026-09-20T15:49:40.254721
ACCT_00006071,CUST_003025,CHECKING,183788488,BR_07,101258.46,ACTIVE,2021-11-11,2026-09-20T15:49:40.254732
ACCT_00006072,CUST_003025,MONEY_MARKET,415157600,BR_07,21035.99,INACTIVE,2025-10-03,2026-09-20T15:49:40.254734
ACCT_00006073,CUST_003026,SAVINGS,263475991,BR_09,384766.93,ACTIVE,2025-06-23,2026-09-20T15:49:40.254745
ACCT_00006074,CUST_003026,MONEY_MARKET,535107713,BR_05,304371.68,CLOSED,2022-01-04,2026-09-20T15:49:40.254747
ACCT_00006075,CUST_003026,SAVINGS,940621173,BR_15,333778.4,INACTIVE,2023-06-09,2026-09-20T15:49:40.254751
ACCT_00006076,CUST_003027,MONEY_MARKET,196964132,BR_07,403526.51,ACTIVE,2025-03-19,2026-09-20T15:49:40.254762
ACCT_00006077,CUST_003028,MONEY_MARKET,338982347,BR_14,498612.99,ACTIVE,2025-05-10,2026-09-20T15:49:40.254773
ACCT_00006078,CUST_003028,CHECKING,165565986,BR_12,475379.67,ACTIVE,2024-06-17,2026-09-20T15:49:40.254776
ACCT_00006079,CUST_003028,SAVINGS,352188119,BR_13,187735.19,ACTIVE,2022-06-04,2026-09-20T15:49:40.254779
ACCT_00006080,CUST_003029,MONEY_MARKET,394335761,BR_06,418559.17,INACTIVE,2026-03-26,2026-09-20T15:49:40.254788
ACCT_00006081,CUST_003030,CHECKING,672757323,BR_11,165712.21,CLOSED,2021-11-07,2026-09-20T15:49:40.254798
ACCT_00006082,CUST_003030,SAVINGS,263491743,BR_03,447542.75,INACTIVE,2026-03-19,2026-09-20T15:49:40.254801
ACCT_00006083,CUST_003031,MONEY_MARKET,101967985,BR_09,156168.15,INACTIVE,2026-03-11,2026-09-20T15:49:40.254813
ACCT_00006084,CUST_003032,SAVINGS,885028033,BR_13,207344.55,ACTIVE,2022-06-28,2026-09-20T15:49:40.254822
ACCT_00006085,CUST_003033,CHECKING,296125506,BR_14,194794.07,ACTIVE,2024-12-23,2026-09-20T15:49:40.254832
ACCT_00006086,CUST_003033,SAVINGS,734729392,BR_01,318607.43,INACTIVE,2025-03-03,2026-09-20T15:49:40.254835
ACCT_00006087,CUST_003033,MONEY_MARKET,808801083,BR_06,99705.89,CLOSED,2023-02-20,2026-09-20T15:49:40.254838
ACCT_00006088,CUST_003034,MONEY_MARKET,507737210,BR_15,410341.8,INACTIVE,2025-01-30,2026-09-20T15:49:40.254848
ACCT_00006089,CUST_003035,CHECKING,547120248,BR_07,313280.6,CLOSED,2023-08-03,2026-09-20T15:49:40.254857
ACCT_00006090,CUST_003036,SAVINGS,605344035,BR_14,464958.71,ACTIVE,2026-03-19,2026-09-20T15:49:40.254867
ACCT_00006091,CUST_003036,SAVINGS,474892494,BR_01,437438.43,CLOSED,2025-02-07,2026-09-20T15:49:40.254870
ACCT_00006092,CUST_003037,CHECKING,931276822,BR_09,286160.52,INACTIVE,2025-02-23,2026-09-20T15:49:40.254880
ACCT_00006093,CUST_003038,SAVINGS,997066806,BR_01,230511.42,ACTIVE,2023-01-14,2026-09-20T15:49:40.254890
ACCT_00006094,CUST_003038,CHECKING,837678691,BR_08,377999.14,CLOSED,2023-09-30,2026-09-20T15:49:40.254893
ACCT_00006095,CUST_003038,SAVINGS,125746419,BR_03,122017.05,CLOSED,2026-06-30,2026-09-20T15:49:40.254896
ACCT_00006096,CUST_003039,MONEY_MARKET,904263849,BR_01,420282.71,INACTIVE,2024-02-23,2026-09-20T15:49:40.254907
ACCT_00006097,CUST_003039,CHECKING,371207317,BR_09,169975.07,ACTIVE,2022-12-15,2026-09-20T15:49:40.254911
ACCT_00006098,CUST_003040,CHECKING,636458573,BR_13,40381.41,INACTIVE,2023-06-01,2026-09-20T15:49:40.254920
ACCT_00006099,CUST_003041,SAVINGS,374306340,BR_12,405208.12,ACTIVE,2023-06-26,2026-09-20T15:49:40.254930
ACCT_00006100,CUST_003041,MONEY_MARKET,846250894,BR_03,146424.13,CLOSED,2025-08-22,2026-09-20T15:49:40.254933
ACCT_00006101,CUST_003042,CHECKING,981208861,BR_13,90033.36,CLOSED,2023-07-24,2026-09-20T15:49:40.254943
ACCT_00006102,CUST_003043,SAVINGS,944109666,BR_11,90580.7,CLOSED,2023-05-08,2026-09-20T15:49:40.254952
ACCT_00006103,CUST_003044,SAVINGS,248919095,BR_02,422387.05,INACTIVE,2023-07-27,2026-09-20T15:49:40.254962
ACCT_00006104,CUST_003044,CHECKING,229061832,BR_14,79045.56,CLOSED,2024-03-24,2026-09-20T15:49:40.254965
ACCT_00006105,CUST_003044,CHECKING,458806296,BR_01,425533.66,ACTIVE,2023-12-18,2026-09-20T15:49:40.254968
ACCT_00006106,CUST_003045,CHECKING,864993160,BR_03,139350.88,CLOSED,2026-04-14,2026-09-20T15:49:40.254977
ACCT_00006107,CUST_003045,CHECKING,745087513,BR_05,119381.03,ACTIVE,2022-01-19,2026-09-20T15:49:40.254980
ACCT_00006108,CUST_003045,MONEY_MARKET,905737525,BR_03,182750.83,CLOSED,2022-05-27,2026-09-20T15:49:40.254983
ACCT_00006109,CUST_003046,SAVINGS,369082345,BR_10,198776.86,ACTIVE,2022-03-21,2026-09-20T15:49:40.254993
ACCT_00006110,CUST_003047,MONEY_MARKET,347340513,BR_09,480145.38,INACTIVE,2026-05-17,2026-09-20T15:49:40.255003
ACCT_00006111,CUST_003048,CHECKING,617362422,BR_11,196553.01,INACTIVE,2025-06-16,2026-09-20T15:49:40.255012
ACCT_00006112,CUST_003048,MONEY_MARKET,727099582,BR_10,133081.98,CLOSED,2023-06-27,2026-09-20T15:49:40.255015
ACCT_00006113,CUST_003048,SAVINGS,891752873,BR_09,9676.94,ACTIVE,2026-06-29,2026-09-20T15:49:40.255019
ACCT_00006114,CUST_003049,SAVINGS,787802183,BR_05,410583.41,INACTIVE,2023-07-09,2026-09-20T15:49:40.255028
ACCT_00006115,CUST_003049,SAVINGS,803688157,BR_04,414761.21,CLOSED,2023-01-01,2026-09-20T15:49:40.255031
ACCT_00006116,CUST_003049,CHECKING,653344620,BR_06,406087.91,INACTIVE,2026-04-26,2026-09-20T15:49:40.255034
ACCT_00006117,CUST_003050,MONEY_MARKET,648851245,BR_14,247839.19,ACTIVE,2024-10-05,2026-09-20T15:49:40.255044
ACCT_00006118,CUST_003050,MONEY_MARKET,129776762,BR_14,157545.05,CLOSED,2025-12-08,2026-09-20T15:49:40.255047
ACCT_00006119,CUST_003051,SAVINGS,624229337,BR_03,52475.86,CLOSED,2026-05-07,2026-09-20T15:49:40.255058
ACCT_00006120,CUST_003052,SAVINGS,410247281,BR_05,235313.09,CLOSED,2025-05-04,2026-09-20T15:49:40.255068
ACCT_00006121,CUST_003052,MONEY_MARKET,215128260,BR_12,35954.03,ACTIVE,2023-12-03,2026-09-20T15:49:40.255071
ACCT_00006122,CUST_003053,MONEY_MARKET,110614754,BR_01,100284.61,INACTIVE,2024-08-21,2026-09-20T15:49:40.255081
ACCT_00006123,CUST_003053,SAVINGS,666799643,BR_11,444843.27,CLOSED,2025-01-31,2026-09-20T15:49:40.255084
ACCT_00006124,CUST_003054,SAVINGS,453855809,BR_11,466722.36,ACTIVE,2023-12-15,2026-09-20T15:49:40.255094
ACCT_00006125,CUST_003054,SAVINGS,938305702,BR_05,299477.87,INACTIVE,2024-07-10,2026-09-20T15:49:40.255097
ACCT_00006126,CUST_003054,CHECKING,575112861,BR_03,109639.05,INACTIVE,2022-07-19,2026-09-20T15:49:40.255100
ACCT_00006127,CUST_003055,SAVINGS,953547463,BR_08,131731.93,ACTIVE,2026-08-08,2026-09-20T15:49:40.255110
ACCT_00006128,CUST_003056,CHECKING,683290079,BR_01,96561.01,CLOSED,2023-04-23,2026-09-20T15:49:40.255121
ACCT_00006129,CUST_003056,CHECKING,638020549,BR_11,77009.85,ACTIVE,2022-03-17,2026-09-20T15:49:40.255124
ACCT_00006130,CUST_003056,MONEY_MARKET,828405767,BR_10,312612.43,ACTIVE,2024-12-03,2026-09-20T15:49:40.255127
ACCT_00006131,CUST_003057,MONEY_MARKET,365285789,BR_13,182571.32,INACTIVE,2026-07-15,2026-09-20T15:49:40.255137
ACCT_00006132,CUST_003058,SAVINGS,752513351,BR_13,354304.94,INACTIVE,2024-03-01,2026-09-20T15:49:40.255146
ACCT_00006133,CUST_003059,CHECKING,840818387,BR_15,215336.35,CLOSED,2025-01-05,2026-09-20T15:49:40.255156
ACCT_00006134,CUST_003059,MONEY_MARKET,155104149,BR_04,333253.05,ACTIVE,2024-03-29,2026-09-20T15:49:40.255159
ACCT_00006135,CUST_003060,SAVINGS,604530200,BR_09,34841.81,INACTIVE,2025-10-19,2026-09-20T15:49:40.255169
ACCT_00006136,CUST_003061,MONEY_MARKET,694289828,BR_02,124321.91,ACTIVE,2023-11-27,2026-09-20T15:49:40.255178
ACCT_00006137,CUST_003061,SAVINGS,387367588,BR_03,304946.09,CLOSED,2025-05-07,2026-09-20T15:49:40.255181
ACCT_00006138,CUST_003062,CHECKING,112266495,BR_04,478163.6,INACTIVE,2025-04-16,2026-09-20T15:49:40.255191
ACCT_00006139,CUST_003062,MONEY_MARKET,493735698,BR_03,370274.55,INACTIVE,2026-05-28,2026-09-20T15:49:40.255194
ACCT_00006140,CUST_003062,MONEY_MARKET,801650982,BR_09,490844.12,ACTIVE,2025-08-16,2026-09-20T15:49:40.255197
ACCT_00006141,CUST_003063,MONEY_MARKET,998380958,BR_08,439844.04,INACTIVE,2022-09-08,2026-09-20T15:49:40.255207
ACCT_00006142,CUST_003063,CHECKING,199849541,BR_02,127054.03,CLOSED,2023-11-24,2026-09-20T15:49:40.255210
ACCT_00006143,CUST_003063,MONEY_MARKET,427040683,BR_08,489139.38,INACTIVE,2022-07-24,2026-09-20T15:49:40.255213
ACCT_00006144,CUST_003064,CHECKING,821513962,BR_14,327136.3,INACTIVE,2026-06-07,2026-09-20T15:49:40.255223
ACCT_00006145,CUST_003064,SAVINGS,916957641,BR_10,476386.89,ACTIVE,2023-05-30,2026-09-20T15:49:40.255226
ACCT_00006146,CUST_003065,SAVINGS,673388260,BR_02,301617.01,INACTIVE,2022-01-09,2026-09-20T15:49:40.255237
ACCT_00006147,CUST_003065,SAVINGS,461198167,BR_10,239689.47,INACTIVE,2025-05-01,2026-09-20T15:49:40.255240
ACCT_00006148,CUST_003066,SAVINGS,201030825,BR_13,464738.8,CLOSED,2025-07-07,2026-09-20T15:49:40.255250
ACCT_00006149,CUST_003066,MONEY_MARKET,369313840,BR_01,171627.22,ACTIVE,2024-05-21,2026-09-20T15:49:40.255253
ACCT_00006150,CUST_003066,MONEY_MARKET,883081139,BR_10,48375.85,ACTIVE,2023-09-24,2026-09-20T15:49:40.255256
ACCT_00006151,CUST_003067,CHECKING,414969211,BR_13,54841.73,CLOSED,2023-11-08,2026-09-20T15:49:40.255265
ACCT_00006152,CUST_003067,SAVINGS,560973044,BR_10,319599.69,ACTIVE,2026-06-18,2026-09-20T15:49:40.255268
ACCT_00006153,CUST_003067,SAVINGS,866017765,BR_15,80857.38,ACTIVE,2022-10-19,2026-09-20T15:49:40.255271
ACCT_00006154,CUST_003068,MONEY_MARKET,951468447,BR_09,228212.08,INACTIVE,2022-02-21,2026-09-20T15:49:40.255281
ACCT_00006155,CUST_003068,CHECKING,827385043,BR_12,212229.24,CLOSED,2023-05-05,2026-09-20T15:49:40.255284
ACCT_00006156,CUST_003068,CHECKING,515758784,BR_06,253199.66,ACTIVE,2025-05-04,2026-09-20T15:49:40.255287
ACCT_00006157,CUST_003069,CHECKING,430930235,BR_13,35165.15,ACTIVE,2025-02-27,2026-09-20T15:49:40.255297
ACCT_00006158,CUST_003069,MONEY_MARKET,456282202,BR_08,498364.63,CLOSED,2024-04-14,2026-09-20T15:49:40.255300
ACCT_00006159,CUST_003070,CHECKING,256107925,BR_07,163913.13,INACTIVE,2022-09-30,2026-09-20T15:49:40.255310
ACCT_00006160,CUST_003070,CHECKING,689716966,BR_14,33431.26,ACTIVE,2021-12-03,2026-09-20T15:49:40.255313
ACCT_00006161,CUST_003071,CHECKING,278505675,BR_14,245322.95,CLOSED,2023-02-21,2026-09-20T15:49:40.255322
ACCT_00006162,CUST_003071,MONEY_MARKET,673408203,BR_09,183579.05,CLOSED,2025-09-18,2026-09-20T15:49:40.255325
ACCT_00006163,CUST_003071,SAVINGS,720034413,BR_11,291291.73,CLOSED,2024-05-15,2026-09-20T15:49:40.255328
ACCT_00006164,CUST_003072,MONEY_MARKET,668898697,BR_05,50050.3,CLOSED,2024-09-08,2026-09-20T15:49:40.255338
ACCT_00006165,CUST_003073,MONEY_MARKET,935786494,BR_06,437846.34,ACTIVE,2024-01-12,2026-09-20T15:49:40.255348
ACCT_00006166,CUST_003073,MONEY_MARKET,343642469,BR_01,353108.02,INACTIVE,2025-06-08,2026-09-20T15:49:40.255351
ACCT_00006167,CUST_003073,SAVINGS,547027951,BR_04,62076.92,INACTIVE,2024-07-28,2026-09-20T15:49:40.255354
ACCT_00006168,CUST_003074,SAVINGS,630448840,BR_01,246575.62,ACTIVE,2024-03-13,2026-09-20T15:49:40.255364
ACCT_00006169,CUST_003074,MONEY_MARKET,996154799,BR_05,127708.98,CLOSED,2021-11-20,2026-09-20T15:49:40.255367
ACCT_00006170,CUST_003074,CHECKING,390966171,BR_12,152782.33,ACTIVE,2026-04-22,2026-09-20T15:49:40.255370
ACCT_00006171,CUST_003075,MONEY_MARKET,391766357,BR_01,392193.49,INACTIVE,2024-05-03,2026-09-20T15:49:40.255380
ACCT_00006172,CUST_003075,CHECKING,259984511,BR_04,387135.28,ACTIVE,2026-05-09,2026-09-20T15:49:40.255383
ACCT_00006173,CUST_003075,MONEY_MARKET,553987427,BR_05,484498.76,ACTIVE,2024-02-23,2026-09-20T15:49:40.255386
ACCT_00006174,CUST_003076,SAVINGS,270624998,BR_10,205620.94,CLOSED,2025-09-25,2026-09-20T15:49:40.255396
ACCT_00006175,CUST_003076,CHECKING,887027479,BR_09,251700.95,INACTIVE,2022-06-09,2026-09-20T15:49:40.255399
ACCT_00006176,CUST_003076,SAVINGS,265215373,BR_08,461973.12,CLOSED,2025-02-20,2026-09-20T15:49:40.255402
ACCT_00006177,CUST_003077,MONEY_MARKET,863625510,BR_08,287904.03,CLOSED,2023-04-12,2026-09-20T15:49:40.255413
ACCT_00006178,CUST_003077,CHECKING,502474902,BR_02,398501.43,CLOSED,2023-04-18,2026-09-20T15:49:40.255416
ACCT_00006179,CUST_003078,MONEY_MARKET,309278920,BR_13,205582.71,CLOSED,2022-01-07,2026-09-20T15:49:40.255426
ACCT_00006180,CUST_003078,SAVINGS,396201650,BR_08,366408.74,INACTIVE,2023-10-15,2026-09-20T15:49:40.255428
ACCT_00006181,CUST_003079,MONEY_MARKET,854031336,BR_11,483767.81,ACTIVE,2022-11-25,2026-09-20T15:49:40.255438
ACCT_00006182,CUST_003079,SAVINGS,171862103,BR_15,30013.13,CLOSED,2024-10-30,2026-09-20T15:49:40.255441
ACCT_00006183,CUST_003080,MONEY_MARKET,899783108,BR_12,71523.31,CLOSED,2022-08-20,2026-09-20T15:49:40.255451
ACCT_00006184,CUST_003081,CHECKING,954800346,BR_07,346631.65,INACTIVE,2024-01-23,2026-09-20T15:49:40.255461
ACCT_00006185,CUST_003081,CHECKING,699411323,BR_06,97600.26,INACTIVE,2026-08-17,2026-09-20T15:49:40.255464
ACCT_00006186,CUST_003081,MONEY_MARKET,214695310,BR_08,144808.94,ACTIVE,2022-09-17,2026-09-20T15:49:40.255467
ACCT_00006187,CUST_003082,SAVINGS,165785502,BR_15,78986.9,INACTIVE,2022-03-11,2026-09-20T15:49:40.255476
ACCT_00006188,CUST_003083,CHECKING,415161627,BR_02,100568.98,ACTIVE,2024-05-06,2026-09-20T15:49:40.255486
ACCT_00006189,CUST_003084,SAVINGS,630646172,BR_08,176126.09,INACTIVE,2022-04-14,2026-09-20T15:49:40.255496
ACCT_00006190,CUST_003084,CHECKING,570104074,BR_02,495307.26,INACTIVE,2023-05-31,2026-09-20T15:49:40.255499
ACCT_00006191,CUST_003084,MONEY_MARKET,889180825,BR_12,234409.7,INACTIVE,2024-03-24,2026-09-20T15:49:40.255502
ACCT_00006192,CUST_003085,MONEY_MARKET,449819994,BR_01,205276.37,INACTIVE,2025-08-21,2026-09-20T15:49:40.255513
ACCT_00006193,CUST_003086,SAVINGS,268882580,BR_10,360377.97,ACTIVE,2022-10-13,2026-09-20T15:49:40.255523
ACCT_00006194,CUST_003086,SAVINGS,326193619,BR_09,273924.24,ACTIVE,2023-11-28,2026-09-20T15:49:40.255526
ACCT_00006195,CUST_003086,MONEY_MARKET,537230138,BR_08,198879.87,ACTIVE,2021-11-18,2026-09-20T15:49:40.255529
ACCT_00006196,CUST_003087,CHECKING,254443361,BR_12,173935.6,ACTIVE,2026-03-27,2026-09-20T15:49:40.255539
ACCT_00006197,CUST_003087,SAVINGS,787570156,BR_04,287319.44,INACTIVE,2023-10-11,2026-09-20T15:49:40.255542
ACCT_00006198,CUST_003088,SAVINGS,392819218,BR_15,241297.86,INACTIVE,2024-04-16,2026-09-20T15:49:40.255552
ACCT_00006199,CUST_003088,CHECKING,987083769,BR_05,192036.66,INACTIVE,2023-10-07,2026-09-20T15:49:40.255555
ACCT_00006200,CUST_003089,MONEY_MARKET,148107065,BR_11,102161.78,CLOSED,2026-07-09,2026-09-20T15:49:40.255565
ACCT_00006201,CUST_003090,MONEY_MARKET,215426576,BR_06,355043.59,CLOSED,2024-09-02,2026-09-20T15:49:40.255575
ACCT_00006202,CUST_003090,CHECKING,812023520,BR_14,92473.13,ACTIVE,2025-04-22,2026-09-20T15:49:40.255578
ACCT_00006203,CUST_003091,CHECKING,853306799,BR_10,435436.77,INACTIVE,2025-05-15,2026-09-20T15:49:40.255588
ACCT_00006204,CUST_003091,CHECKING,245026082,BR_03,396502.22,CLOSED,2026-04-30,2026-09-20T15:49:40.255591
ACCT_00006205,CUST_003092,SAVINGS,512185842,BR_08,217769.89,INACTIVE,2025-01-12,2026-09-20T15:49:40.255600
ACCT_00006206,CUST_003092,MONEY_MARKET,104568358,BR_06,117232.43,CLOSED,2025-08-20,2026-09-20T15:49:40.255603
ACCT_00006207,CUST_003092,SAVINGS,268332897,BR_11,485820.24,ACTIVE,2022-10-05,2026-09-20T15:49:40.255606
ACCT_00006208,CUST_003093,MONEY_MARKET,398007347,BR_04,167536.53,CLOSED,2025-09-14,2026-09-20T15:49:40.255616
ACCT_00006209,CUST_003093,MONEY_MARKET,900382279,BR_07,456752.48,INACTIVE,2023-07-22,2026-09-20T15:49:40.255620
ACCT_00006210,CUST_003094,CHECKING,492659901,BR_09,444744.67,ACTIVE,2023-09-23,2026-09-20T15:49:40.255629
ACCT_00006211,CUST_003094,CHECKING,457482283,BR_08,112253.24,ACTIVE,2025-05-21,2026-09-20T15:49:40.255633
ACCT_00006212,CUST_003094,SAVINGS,932973017,BR_13,221846.51,CLOSED,2022-05-24,2026-09-20T15:49:40.255636
ACCT_00006213,CUST_003095,MONEY_MARKET,513229016,BR_05,178513.36,INACTIVE,2025-11-21,2026-09-20T15:49:40.255645
ACCT_00006214,CUST_003095,SAVINGS,218340887,BR_06,59659.36,INACTIVE,2026-07-30,2026-09-20T15:49:40.255648
ACCT_00006215,CUST_003095,MONEY_MARKET,473426576,BR_11,182761.72,INACTIVE,2026-08-04,2026-09-20T15:49:40.255651
ACCT_00006216,CUST_003096,CHECKING,768827846,BR_06,18155.34,INACTIVE,2023-08-29,2026-09-20T15:49:40.255661
ACCT_00006217,CUST_003096,SAVINGS,956677870,BR_05,144717.96,ACTIVE,2022-04-23,2026-09-20T15:49:40.255664
ACCT_00006218,CUST_003097,SAVINGS,823304943,BR_10,291311.22,CLOSED,2023-07-30,2026-09-20T15:49:40.255674
ACCT_00006219,CUST_003098,SAVINGS,804160300,BR_03,466395.48,INACTIVE,2023-06-29,2026-09-20T15:49:40.255683
ACCT_00006220,CUST_003098,SAVINGS,740703572,BR_03,437140.59,ACTIVE,2024-11-17,2026-09-20T15:49:40.255687
ACCT_00006221,CUST_003098,SAVINGS,126795920,BR_01,191499.55,ACTIVE,2024-10-05,2026-09-20T15:49:40.255689
ACCT_00006222,CUST_003099,SAVINGS,167547604,BR_06,43787.51,CLOSED,2021-09-30,2026-09-20T15:49:40.255699
ACCT_00006223,CUST_003099,SAVINGS,846022069,BR_06,37870.58,CLOSED,2025-07-06,2026-09-20T15:49:40.255702
ACCT_00006224,CUST_003099,SAVINGS,659399974,BR_05,294022.0,ACTIVE,2026-04-06,2026-09-20T15:49:40.255705
ACCT_00006225,CUST_003100,SAVINGS,961801631,BR_04,133632.38,INACTIVE,2022-02-10,2026-09-20T15:49:40.255715
ACCT_00006226,CUST_003101,MONEY_MARKET,794029894,BR_01,334552.05,CLOSED,2023-11-17,2026-09-20T15:49:40.255725
ACCT_00006227,CUST_003101,SAVINGS,838431314,BR_03,56088.05,INACTIVE,2024-04-20,2026-09-20T15:49:40.255728
ACCT_00006228,CUST_003102,SAVINGS,397675224,BR_11,188415.83,INACTIVE,2025-10-21,2026-09-20T15:49:40.255737
ACCT_00006229,CUST_003103,SAVINGS,926804106,BR_06,124205.72,ACTIVE,2025-12-03,2026-09-20T15:49:40.255747
ACCT_00006230,CUST_003103,MONEY_MARKET,949185203,BR_05,451483.52,INACTIVE,2026-06-02,2026-09-20T15:49:40.255750
ACCT_00006231,CUST_003103,MONEY_MARKET,826394869,BR_09,47480.74,ACTIVE,2026-01-14,2026-09-20T15:49:40.255753
ACCT_00006232,CUST_003104,MONEY_MARKET,841942881,BR_02,83995.1,CLOSED,2024-02-27,2026-09-20T15:49:40.255763
ACCT_00006233,CUST_003104,CHECKING,760806004,BR_09,267668.52,ACTIVE,2022-04-19,2026-09-20T15:49:40.255766
ACCT_00006234,CUST_003105,MONEY_MARKET,806839914,BR_05,123204.65,INACTIVE,2023-07-14,2026-09-20T15:49:40.255776
ACCT_00006235,CUST_003105,MONEY_MARKET,920670645,BR_15,432279.71,CLOSED,2022-01-18,2026-09-20T15:49:40.255779
ACCT_00006236,CUST_003105,MONEY_MARKET,228189590,BR_13,67966.35,INACTIVE,2023-10-01,2026-09-20T15:49:40.255782
ACCT_00006237,CUST_003106,SAVINGS,909683016,BR_15,300776.81,ACTIVE,2022-07-23,2026-09-20T15:49:40.255791
ACCT_00006238,CUST_003107,MONEY_MARKET,119453341,BR_06,257541.03,CLOSED,2023-03-25,2026-09-20T15:49:40.255802
ACCT_00006239,CUST_003108,SAVINGS,802639959,BR_15,494627.06,ACTIVE,2023-07-29,2026-09-20T15:49:40.255811
ACCT_00006240,CUST_003109,SAVINGS,117264598,BR_04,108393.53,CLOSED,2021-12-07,2026-09-20T15:49:40.255821
ACCT_00006241,CUST_003110,SAVINGS,135789254,BR_09,419440.54,ACTIVE,2022-09-28,2026-09-20T15:49:40.255830
ACCT_00006242,CUST_003111,CHECKING,464109206,BR_07,490466.11,CLOSED,2025-05-25,2026-09-20T15:49:40.255840
ACCT_00006243,CUST_003111,SAVINGS,788883394,BR_09,360357.02,CLOSED,2024-03-20,2026-09-20T15:49:40.255843
ACCT_00006244,CUST_003111,MONEY_MARKET,733828679,BR_01,317418.36,ACTIVE,2022-04-11,2026-09-20T15:49:40.255846
ACCT_00006245,CUST_003112,CHECKING,204382033,BR_07,350857.5,CLOSED,2024-12-08,2026-09-20T15:49:40.255856
ACCT_00006246,CUST_003113,CHECKING,247206513,BR_11,37635.66,INACTIVE,2024-03-24,2026-09-20T15:49:40.255866
ACCT_00006247,CUST_003113,SAVINGS,990625952,BR_07,387912.28,ACTIVE,2023-10-21,2026-09-20T15:49:40.255869
ACCT_00006248,CUST_003114,CHECKING,857688834,BR_11,362071.33,INACTIVE,2023-06-19,2026-09-20T15:49:40.255878
ACCT_00006249,CUST_003115,CHECKING,525780484,BR_13,79430.44,INACTIVE,2022-01-19,2026-09-20T15:49:40.255888
ACCT_00006250,CUST_003115,SAVINGS,767753617,BR_09,411809.88,INACTIVE,2023-05-12,2026-09-20T15:49:40.255891
ACCT_00006251,CUST_003115,MONEY_MARKET,877797689,BR_06,299449.26,ACTIVE,2024-06-16,2026-09-20T15:49:40.255894
ACCT_00006252,CUST_003116,MONEY_MARKET,259596096,BR_01,122421.25,ACTIVE,2022-07-31,2026-09-20T15:49:40.255905
ACCT_00006253,CUST_003117,MONEY_MARKET,564646203,BR_06,208684.79,CLOSED,2024-08-27,2026-09-20T15:49:40.255914
ACCT_00006254,CUST_003117,SAVINGS,868191322,BR_15,435864.31,INACTIVE,2024-06-12,2026-09-20T15:49:40.255917
ACCT_00006255,CUST_003118,SAVINGS,650067976,BR_11,48365.88,ACTIVE,2025-01-14,2026-09-20T15:49:40.255929
ACCT_00006256,CUST_003118,MONEY_MARKET,769608693,BR_06,424697.39,INACTIVE,2025-04-27,2026-09-20T15:49:40.255932
ACCT_00006257,CUST_003119,MONEY_MARKET,825218350,BR_13,198106.86,CLOSED,2026-01-28,2026-09-20T15:49:40.255943
ACCT_00006258,CUST_003119,SAVINGS,390629728,BR_06,19828.4,INACTIVE,2025-10-30,2026-09-20T15:49:40.255947
ACCT_00006259,CUST_003119,MONEY_MARKET,858536842,BR_15,281813.14,INACTIVE,2025-07-28,2026-09-20T15:49:40.255950
ACCT_00006260,CUST_003120,CHECKING,342783624,BR_01,235934.67,ACTIVE,2025-02-12,2026-09-20T15:49:40.255960
ACCT_00006261,CUST_003121,MONEY_MARKET,625271778,BR_07,127411.11,ACTIVE,2024-04-27,2026-09-20T15:49:40.255970
ACCT_00006262,CUST_003121,CHECKING,333614217,BR_11,433216.9,INACTIVE,2022-01-26,2026-09-20T15:49:40.255973
ACCT_00006263,CUST_003121,SAVINGS,626141484,BR_05,160365.38,INACTIVE,2025-12-22,2026-09-20T15:49:40.255976
ACCT_00006264,CUST_003122,MONEY_MARKET,114303446,BR_12,161523.72,CLOSED,2025-07-08,2026-09-20T15:49:40.255986
ACCT_00006265,CUST_003122,MONEY_MARKET,363496427,BR_05,442267.69,ACTIVE,2023-09-25,2026-09-20T15:49:40.255989
ACCT_00006266,CUST_003122,CHECKING,496203280,BR_05,316781.28,INACTIVE,2021-12-04,2026-09-20T15:49:40.255992
ACCT_00006267,CUST_003123,MONEY_MARKET,786192401,BR_08,257527.59,INACTIVE,2023-06-22,2026-09-20T15:49:40.256001
ACCT_00006268,CUST_003124,MONEY_MARKET,234200929,BR_10,86075.11,INACTIVE,2023-03-17,2026-09-20T15:49:40.256011
ACCT_00006269,CUST_003124,SAVINGS,500387432,BR_07,306651.04,ACTIVE,2024-07-24,2026-09-20T15:49:40.256014
ACCT_00006270,CUST_003124,MONEY_MARKET,741992604,BR_07,405136.65,INACTIVE,2024-03-12,2026-09-20T15:49:40.256017
ACCT_00006271,CUST_003125,CHECKING,249095860,BR_04,207217.61,ACTIVE,2026-03-05,2026-09-20T15:49:40.256026
ACCT_00006272,CUST_003125,CHECKING,604670348,BR_06,115424.9,INACTIVE,2025-12-13,2026-09-20T15:49:40.256030
ACCT_00006273,CUST_003125,MONEY_MARKET,321040838,BR_10,369791.01,CLOSED,2022-06-02,2026-09-20T15:49:40.256032
ACCT_00006274,CUST_003126,SAVINGS,781590613,BR_08,417530.32,CLOSED,2022-04-09,2026-09-20T15:49:40.256042
ACCT_00006275,CUST_003126,CHECKING,272871570,BR_15,480953.89,ACTIVE,2023-10-04,2026-09-20T15:49:40.256045
ACCT_00006276,CUST_003127,CHECKING,587854859,BR_08,40424.79,ACTIVE,2024-04-12,2026-09-20T15:49:40.256056
ACCT_00006277,CUST_003128,MONEY_MARKET,418042932,BR_06,433786.71,ACTIVE,2025-11-21,2026-09-20T15:49:40.256065
ACCT_00006278,CUST_003129,SAVINGS,809249644,BR_13,285738.79,INACTIVE,2024-02-02,2026-09-20T15:49:40.256075
ACCT_00006279,CUST_003129,CHECKING,934238352,BR_06,333506.3,INACTIVE,2026-02-07,2026-09-20T15:49:40.256078
ACCT_00006280,CUST_003129,MONEY_MARKET,402660321,BR_12,123429.55,ACTIVE,2026-06-20,2026-09-20T15:49:40.256081
ACCT_00006281,CUST_003130,CHECKING,300015824,BR_04,368004.41,ACTIVE,2022-01-01,2026-09-20T15:49:40.256091
ACCT_00006282,CUST_003130,MONEY_MARKET,562979917,BR_14,331523.57,INACTIVE,2024-01-05,2026-09-20T15:49:40.256094
ACCT_00006283,CUST_003130,MONEY_MARKET,784132977,BR_01,444228.96,INACTIVE,2023-01-19,2026-09-20T15:49:40.256097
ACCT_00006284,CUST_003131,MONEY_MARKET,375959763,BR_08,241086.97,CLOSED,2025-11-16,2026-09-20T15:49:40.256106
ACCT_00006285,CUST_003131,CHECKING,864966343,BR_15,48886.67,CLOSED,2021-09-30,2026-09-20T15:49:40.256109
ACCT_00006286,CUST_003132,SAVINGS,101650131,BR_09,115307.53,INACTIVE,2025-04-03,2026-09-20T15:49:40.256119
ACCT_00006287,CUST_003133,SAVINGS,698942966,BR_03,197200.89,ACTIVE,2023-01-14,2026-09-20T15:49:40.256128
ACCT_00006288,CUST_003133,MONEY_MARKET,579925500,BR_08,355813.85,CLOSED,2022-06-01,2026-09-20T15:49:40.256131
ACCT_00006289,CUST_003133,SAVINGS,791865703,BR_04,94275.81,CLOSED,2025-01-20,2026-09-20T15:49:40.256134
ACCT_00006290,CUST_003134,CHECKING,448431844,BR_04,295777.28,CLOSED,2025-11-29,2026-09-20T15:49:40.256144
ACCT_00006291,CUST_003135,SAVINGS,237598644,BR_06,442547.78,INACTIVE,2023-12-19,2026-09-20T15:49:40.256153
ACCT_00006292,CUST_003136,CHECKING,589613384,BR_08,126201.83,INACTIVE,2022-11-09,2026-09-20T15:49:40.256163
ACCT_00006293,CUST_003136,SAVINGS,151433816,BR_03,497562.3,CLOSED,2022-02-16,2026-09-20T15:49:40.256166
ACCT_00006294,CUST_003137,MONEY_MARKET,469662400,BR_03,46707.91,INACTIVE,2023-09-09,2026-09-20T15:49:40.256176
ACCT_00006295,CUST_003137,SAVINGS,563830651,BR_01,113714.42,INACTIVE,2025-07-29,2026-09-20T15:49:40.256179
ACCT_00006296,CUST_003137,MONEY_MARKET,347275142,BR_10,413569.59,CLOSED,2022-05-06,2026-09-20T15:49:40.256182
ACCT_00006297,CUST_003138,SAVINGS,681989607,BR_14,252798.49,INACTIVE,2025-08-25,2026-09-20T15:49:40.256191
ACCT_00006298,CUST_003138,CHECKING,914025474,BR_12,397931.21,INACTIVE,2024-01-18,2026-09-20T15:49:40.256194
ACCT_00006299,CUST_003138,SAVINGS,838800086,BR_11,346003.02,CLOSED,2022-04-24,2026-09-20T15:49:40.256197
ACCT_00006300,CUST_003139,CHECKING,495680533,BR_11,251533.99,CLOSED,2024-11-22,2026-09-20T15:49:40.256207
ACCT_00006301,CUST_003139,SAVINGS,908330472,BR_08,28083.25,INACTIVE,2023-05-29,2026-09-20T15:49:40.256210
ACCT_00006302,CUST_003139,MONEY_MARKET,875528013,BR_14,122296.2,CLOSED,2025-08-23,2026-09-20T15:49:40.256213
ACCT_00006303,CUST_003140,SAVINGS,359144401,BR_03,322642.49,ACTIVE,2025-10-18,2026-09-20T15:49:40.256223
ACCT_00006304,CUST_003140,SAVINGS,433382419,BR_07,40698.78,INACTIVE,2022-08-23,2026-09-20T15:49:40.256226
ACCT_00006305,CUST_003140,MONEY_MARKET,855997136,BR_11,237152.99,INACTIVE,2024-05-01,2026-09-20T15:49:40.256228
ACCT_00006306,CUST_003141,SAVINGS,792396726,BR_08,262717.07,ACTIVE,2023-09-22,2026-09-20T15:49:40.256238
ACCT_00006307,CUST_003141,MONEY_MARKET,654888962,BR_13,217315.69,CLOSED,2024-04-25,2026-09-20T15:49:40.256241
ACCT_00006308,CUST_003141,MONEY_MARKET,184212164,BR_14,112490.09,CLOSED,2024-10-24,2026-09-20T15:49:40.256244
ACCT_00006309,CUST_003142,MONEY_MARKET,412003975,BR_13,318643.1,CLOSED,2025-11-18,2026-09-20T15:49:40.256254
ACCT_00006310,CUST_003142,MONEY_MARKET,169410077,BR_02,356199.87,INACTIVE,2022-06-11,2026-09-20T15:49:40.256257
ACCT_00006311,CUST_003142,SAVINGS,285667723,BR_04,476431.81,INACTIVE,2023-02-08,2026-09-20T15:49:40.256260
ACCT_00006312,CUST_003143,CHECKING,764402196,BR_05,230367.08,INACTIVE,2023-11-27,2026-09-20T15:49:40.256269
ACCT_00006313,CUST_003144,SAVINGS,247789142,BR_07,337374.4,CLOSED,2022-04-03,2026-09-20T15:49:40.256279
ACCT_00006314,CUST_003144,MONEY_MARKET,507026395,BR_15,415332.95,INACTIVE,2022-05-06,2026-09-20T15:49:40.256282
ACCT_00006315,CUST_003144,MONEY_MARKET,768170349,BR_15,246783.0,INACTIVE,2023-06-11,2026-09-20T15:49:40.256285
ACCT_00006316,CUST_003145,MONEY_MARKET,613990322,BR_09,313559.38,ACTIVE,2022-02-04,2026-09-20T15:49:40.256295
ACCT_00006317,CUST_003146,CHECKING,147236544,BR_09,359077.65,ACTIVE,2026-07-05,2026-09-20T15:49:40.256304
ACCT_00006318,CUST_003147,CHECKING,897097533,BR_05,89035.09,INACTIVE,2022-11-23,2026-09-20T15:49:40.256315
ACCT_00006319,CUST_003148,MONEY_MARKET,161964271,BR_07,91184.2,ACTIVE,2024-10-31,2026-09-20T15:49:40.256326
ACCT_00006320,CUST_003148,SAVINGS,447208402,BR_10,170163.38,INACTIVE,2021-10-11,2026-09-20T15:49:40.256329
ACCT_00006321,CUST_003149,CHECKING,706731119,BR_12,198829.5,ACTIVE,2023-02-03,2026-09-20T15:49:40.256339
ACCT_00006322,CUST_003149,MONEY_MARKET,942353023,BR_11,495446.45,ACTIVE,2022-12-01,2026-09-20T15:49:40.256341
ACCT_00006323,CUST_003149,MONEY_MARKET,108506844,BR_01,356615.01,CLOSED,2024-08-28,2026-09-20T15:49:40.256345
ACCT_00006324,CUST_003150,MONEY_MARKET,619419886,BR_15,91778.02,ACTIVE,2022-12-11,2026-09-20T15:49:40.256354
ACCT_00006325,CUST_003150,CHECKING,619444966,BR_14,336726.38,CLOSED,2024-12-29,2026-09-20T15:49:40.256357
ACCT_00006326,CUST_003150,MONEY_MARKET,843313228,BR_10,479306.42,INACTIVE,2024-09-05,2026-09-20T15:49:40.256360
ACCT_00006327,CUST_003151,MONEY_MARKET,237985108,BR_10,148775.76,CLOSED,2025-07-11,2026-09-20T15:49:40.256370
ACCT_00006328,CUST_003151,CHECKING,470796545,BR_02,228373.45,CLOSED,2024-01-13,2026-09-20T15:49:40.256373
ACCT_00006329,CUST_003151,CHECKING,897728168,BR_06,32066.57,CLOSED,2025-06-03,2026-09-20T15:49:40.256376
ACCT_00006330,CUST_003152,CHECKING,914828943,BR_04,163840.57,INACTIVE,2024-01-16,2026-09-20T15:49:40.256387
ACCT_00006331,CUST_003152,SAVINGS,825326794,BR_08,339954.79,INACTIVE,2024-02-24,2026-09-20T15:49:40.256390
ACCT_00006332,CUST_003153,SAVINGS,875439925,BR_13,410408.28,INACTIVE,2022-02-27,2026-09-20T15:49:40.256399
ACCT_00006333,CUST_003154,MONEY_MARKET,617657895,BR_06,24139.28,CLOSED,2026-04-01,2026-09-20T15:49:40.256409
ACCT_00006334,CUST_003154,CHECKING,421646332,BR_12,323563.2,INACTIVE,2023-04-12,2026-09-20T15:49:40.256412
ACCT_00006335,CUST_003155,SAVINGS,101083926,BR_08,456239.5,ACTIVE,2023-02-09,2026-09-20T15:49:40.256422
ACCT_00006336,CUST_003156,MONEY_MARKET,295773176,BR_14,255051.32,INACTIVE,2026-02-28,2026-09-20T15:49:40.256431
ACCT_00006337,CUST_003156,MONEY_MARKET,718927528,BR_10,17711.68,INACTIVE,2024-06-05,2026-09-20T15:49:40.256435
ACCT_00006338,CUST_003156,SAVINGS,860189944,BR_07,302163.43,INACTIVE,2021-12-20,2026-09-20T15:49:40.256437
ACCT_00006339,CUST_003157,SAVINGS,609562773,BR_03,396847.99,CLOSED,2026-02-18,2026-09-20T15:49:40.256447
ACCT_00006340,CUST_003157,SAVINGS,228534385,BR_13,467872.79,INACTIVE,2022-05-02,2026-09-20T15:49:40.256450
ACCT_00006341,CUST_003157,CHECKING,495407904,BR_07,211655.38,CLOSED,2022-02-05,2026-09-20T15:49:40.256453
ACCT_00006342,CUST_003158,MONEY_MARKET,154135782,BR_04,76904.36,ACTIVE,2024-06-20,2026-09-20T15:49:40.256463
ACCT_00006343,CUST_003159,SAVINGS,867863460,BR_03,441800.24,INACTIVE,2023-08-28,2026-09-20T15:49:40.256473
ACCT_00006344,CUST_003159,SAVINGS,881304875,BR_12,444737.86,INACTIVE,2025-06-24,2026-09-20T15:49:40.256475
ACCT_00006345,CUST_003159,SAVINGS,883074651,BR_01,237326.93,CLOSED,2022-05-20,2026-09-20T15:49:40.256478
ACCT_00006346,CUST_003160,MONEY_MARKET,159471506,BR_11,249659.64,CLOSED,2022-10-11,2026-09-20T15:49:40.256488
ACCT_00006347,CUST_003161,MONEY_MARKET,739292053,BR_05,405864.96,INACTIVE,2025-02-19,2026-09-20T15:49:40.256498
ACCT_00006348,CUST_003162,SAVINGS,904409126,BR_11,482571.11,ACTIVE,2025-08-11,2026-09-20T15:49:40.256507
ACCT_00006349,CUST_003162,MONEY_MARKET,506816626,BR_02,130228.01,CLOSED,2023-01-21,2026-09-20T15:49:40.256511
ACCT_00006350,CUST_003162,MONEY_MARKET,319697853,BR_11,202501.37,ACTIVE,2026-01-14,2026-09-20T15:49:40.256514
ACCT_00006351,CUST_003163,SAVINGS,289037298,BR_14,481039.33,INACTIVE,2024-10-07,2026-09-20T15:49:40.256523
ACCT_00006352,CUST_003163,SAVINGS,849510165,BR_05,127907.71,CLOSED,2021-10-10,2026-09-20T15:49:40.256526
ACCT_00006353,CUST_003163,CHECKING,726065077,BR_06,31910.16,CLOSED,2021-12-12,2026-09-20T15:49:40.256529
ACCT_00006354,CUST_003164,SAVINGS,530461371,BR_04,499418.71,ACTIVE,2022-12-25,2026-09-20T15:49:40.256539
ACCT_00006355,CUST_003164,SAVINGS,315662644,BR_07,72632.05,ACTIVE,2022-03-12,2026-09-20T15:49:40.256542
ACCT_00006356,CUST_003165,SAVINGS,828880329,BR_02,194481.52,ACTIVE,2024-02-21,2026-09-20T15:49:40.256552
ACCT_00006357,CUST_003166,SAVINGS,895607002,BR_13,356180.42,CLOSED,2026-04-30,2026-09-20T15:49:40.256561
ACCT_00006358,CUST_003166,SAVINGS,638405835,BR_02,45293.92,CLOSED,2022-12-21,2026-09-20T15:49:40.256565
ACCT_00006359,CUST_003166,SAVINGS,921571174,BR_14,446008.37,ACTIVE,2021-09-27,2026-09-20T15:49:40.256567
ACCT_00006360,CUST_003167,MONEY_MARKET,611551241,BR_12,315932.83,CLOSED,2023-02-06,2026-09-20T15:49:40.256577
ACCT_00006361,CUST_003167,CHECKING,748918058,BR_07,182508.74,ACTIVE,2023-12-07,2026-09-20T15:49:40.256580
ACCT_00006362,CUST_003167,MONEY_MARKET,275222124,BR_13,400926.43,INACTIVE,2023-05-20,2026-09-20T15:49:40.256583
ACCT_00006363,CUST_003168,MONEY_MARKET,521515627,BR_08,230459.36,CLOSED,2026-04-18,2026-09-20T15:49:40.256593
ACCT_00006364,CUST_003168,SAVINGS,487129077,BR_05,258462.8,CLOSED,2022-08-20,2026-09-20T15:49:40.256596
ACCT_00006365,CUST_003168,CHECKING,609171953,BR_02,492847.09,CLOSED,2023-05-06,2026-09-20T15:49:40.256599
ACCT_00006366,CUST_003169,SAVINGS,753891670,BR_13,300700.54,ACTIVE,2024-10-24,2026-09-20T15:49:40.256608
ACCT_00006367,CUST_003169,SAVINGS,855702862,BR_09,91622.06,INACTIVE,2026-08-02,2026-09-20T15:49:40.256612
ACCT_00006368,CUST_003169,CHECKING,805295764,BR_03,286982.87,ACTIVE,2022-04-15,2026-09-20T15:49:40.256614
ACCT_00006369,CUST_003170,CHECKING,327788735,BR_03,195608.33,CLOSED,2025-07-18,2026-09-20T15:49:40.256624
ACCT_00006370,CUST_003170,SAVINGS,975497741,BR_05,210404.16,ACTIVE,2026-04-12,2026-09-20T15:49:40.256627
ACCT_00006371,CUST_003170,CHECKING,566603997,BR_13,272556.93,CLOSED,2025-01-10,2026-09-20T15:49:40.256630
ACCT_00006372,CUST_003171,SAVINGS,636572597,BR_08,41887.63,ACTIVE,2022-06-24,2026-09-20T15:49:40.256641
ACCT_00006373,CUST_003172,CHECKING,665111129,BR_05,86473.54,CLOSED,2023-01-06,2026-09-20T15:49:40.256650
ACCT_00006374,CUST_003172,SAVINGS,167779221,BR_12,295258.92,INACTIVE,2022-06-02,2026-09-20T15:49:40.256653
ACCT_00006375,CUST_003172,CHECKING,607795299,BR_07,333250.05,INACTIVE,2024-10-02,2026-09-20T15:49:40.256656
ACCT_00006376,CUST_003173,MONEY_MARKET,268052400,BR_03,110135.26,INACTIVE,2024-08-11,2026-09-20T15:49:40.256666
ACCT_00006377,CUST_003173,CHECKING,841744451,BR_09,161649.43,INACTIVE,2022-11-22,2026-09-20T15:49:40.256669
ACCT_00006378,CUST_003173,CHECKING,569417596,BR_04,2970.44,CLOSED,2025-10-16,2026-09-20T15:49:40.256672
ACCT_00006379,CUST_003174,MONEY_MARKET,935641048,BR_14,356777.61,CLOSED,2025-05-22,2026-09-20T15:49:40.256681
ACCT_00006380,CUST_003175,SAVINGS,254317729,BR_09,426945.48,CLOSED,2023-03-16,2026-09-20T15:49:40.256691
ACCT_00006381,CUST_003176,CHECKING,502185351,BR_12,446897.02,INACTIVE,2022-02-19,2026-09-20T15:49:40.256701
ACCT_00006382,CUST_003176,MONEY_MARKET,796770727,BR_07,150230.35,ACTIVE,2024-05-03,2026-09-20T15:49:40.256704
ACCT_00006383,CUST_003177,MONEY_MARKET,432648252,BR_14,368786.03,INACTIVE,2024-04-29,2026-09-20T15:49:40.256715
ACCT_00006384,CUST_003177,SAVINGS,825729411,BR_06,160547.32,INACTIVE,2022-10-20,2026-09-20T15:49:40.256718
ACCT_00006385,CUST_003177,CHECKING,658260714,BR_04,51443.92,ACTIVE,2025-12-13,2026-09-20T15:49:40.256721
ACCT_00006386,CUST_003178,SAVINGS,879509056,BR_11,24735.21,CLOSED,2026-05-13,2026-09-20T15:49:40.256731
ACCT_00006387,CUST_003178,MONEY_MARKET,615592651,BR_06,201620.33,INACTIVE,2022-01-18,2026-09-20T15:49:40.256734
ACCT_00006388,CUST_003178,SAVINGS,905486477,BR_01,373612.26,INACTIVE,2023-08-06,2026-09-20T15:49:40.256737
ACCT_00006389,CUST_003179,MONEY_MARKET,112860930,BR_06,264937.05,ACTIVE,2026-08-18,2026-09-20T15:49:40.256746
ACCT_00006390,CUST_003180,MONEY_MARKET,697063568,BR_15,340248.38,INACTIVE,2023-11-29,2026-09-20T15:49:40.256756
ACCT_00006391,CUST_003180,MONEY_MARKET,628090337,BR_13,483103.02,INACTIVE,2023-11-02,2026-09-20T15:49:40.256759
ACCT_00006392,CUST_003180,SAVINGS,185232921,BR_10,106151.5,CLOSED,2022-02-02,2026-09-20T15:49:40.256762
ACCT_00006393,CUST_003181,MONEY_MARKET,558239256,BR_07,97011.33,INACTIVE,2022-03-26,2026-09-20T15:49:40.256772
ACCT_00006394,CUST_003181,MONEY_MARKET,417480983,BR_07,381420.65,ACTIVE,2025-05-29,2026-09-20T15:49:40.256775
ACCT_00006395,CUST_003181,CHECKING,422496876,BR_14,222162.51,INACTIVE,2022-06-20,2026-09-20T15:49:40.256777
ACCT_00006396,CUST_003182,SAVINGS,345748180,BR_04,476341.15,CLOSED,2021-10-24,2026-09-20T15:49:40.256787
ACCT_00006397,CUST_003182,CHECKING,267736703,BR_13,432668.01,CLOSED,2024-03-23,2026-09-20T15:49:40.256790
ACCT_00006398,CUST_003182,CHECKING,639016917,BR_02,308104.26,ACTIVE,2024-09-14,2026-09-20T15:49:40.256793
ACCT_00006399,CUST_003183,CHECKING,334695235,BR_08,145155.95,CLOSED,2023-01-21,2026-09-20T15:49:40.256803
ACCT_00006400,CUST_003184,CHECKING,409559109,BR_06,25234.35,ACTIVE,2025-12-28,2026-09-20T15:49:40.256812
ACCT_00006401,CUST_003184,MONEY_MARKET,411162234,BR_01,159813.59,CLOSED,2026-08-14,2026-09-20T15:49:40.256815
ACCT_00006402,CUST_003185,SAVINGS,240192328,BR_13,208412.71,CLOSED,2023-12-16,2026-09-20T15:49:40.256825
ACCT_00006403,CUST_003185,MONEY_MARKET,705238841,BR_07,82006.36,ACTIVE,2025-02-15,2026-09-20T15:49:40.256828
ACCT_00006404,CUST_003186,MONEY_MARKET,622710405,BR_08,118197.81,INACTIVE,2024-07-09,2026-09-20T15:49:40.256838
ACCT_00006405,CUST_003186,CHECKING,714331086,BR_09,375562.23,INACTIVE,2023-05-20,2026-09-20T15:49:40.256841
ACCT_00006406,CUST_003187,MONEY_MARKET,697698241,BR_02,219597.95,INACTIVE,2023-12-03,2026-09-20T15:49:40.256850
ACCT_00006407,CUST_003188,CHECKING,517542712,BR_07,182482.86,CLOSED,2024-03-01,2026-09-20T15:49:40.256860
ACCT_00006408,CUST_003188,MONEY_MARKET,667708314,BR_09,175102.37,INACTIVE,2022-02-12,2026-09-20T15:49:40.256864
ACCT_00006409,CUST_003188,SAVINGS,643275957,BR_12,297838.83,CLOSED,2024-09-11,2026-09-20T15:49:40.256867
ACCT_00006410,CUST_003189,SAVINGS,586065002,BR_02,122445.67,CLOSED,2023-03-17,2026-09-20T15:49:40.256878
ACCT_00006411,CUST_003189,MONEY_MARKET,371834168,BR_05,132046.63,CLOSED,2023-04-09,2026-09-20T15:49:40.256881
ACCT_00006412,CUST_003189,SAVINGS,169277953,BR_15,217626.84,CLOSED,2024-11-04,2026-09-20T15:49:40.256883
ACCT_00006413,CUST_003190,SAVINGS,614206379,BR_05,238788.08,INACTIVE,2025-01-30,2026-09-20T15:49:40.256893
ACCT_00006414,CUST_003191,SAVINGS,787420276,BR_03,39771.5,ACTIVE,2023-10-17,2026-09-20T15:49:40.256903
ACCT_00006415,CUST_003192,MONEY_MARKET,588662214,BR_08,184658.39,ACTIVE,2022-03-27,2026-09-20T15:49:40.256913
ACCT_00006416,CUST_003192,MONEY_MARKET,187384813,BR_15,274187.47,CLOSED,2021-12-20,2026-09-20T15:49:40.256915
ACCT_00006417,CUST_003193,SAVINGS,456600530,BR_06,246438.89,CLOSED,2023-08-16,2026-09-20T15:49:40.256925
ACCT_00006418,CUST_003193,CHECKING,236185799,BR_12,93780.81,CLOSED,2026-05-31,2026-09-20T15:49:40.256928
ACCT_00006419,CUST_003193,MONEY_MARKET,936414692,BR_01,459080.55,INACTIVE,2023-05-03,2026-09-20T15:49:40.256931
ACCT_00006420,CUST_003194,SAVINGS,407790861,BR_06,369745.44,INACTIVE,2025-05-07,2026-09-20T15:49:40.256941
ACCT_00006421,CUST_003195,SAVINGS,691126190,BR_06,142262.8,INACTIVE,2022-07-20,2026-09-20T15:49:40.256951
ACCT_00006422,CUST_003195,MONEY_MARKET,172109511,BR_10,112136.17,INACTIVE,2025-08-08,2026-09-20T15:49:40.256953
ACCT_00006423,CUST_003196,SAVINGS,234953281,BR_14,328888.2,INACTIVE,2026-01-22,2026-09-20T15:49:40.256963
ACCT_00006424,CUST_003196,CHECKING,302340023,BR_10,117223.05,ACTIVE,2022-04-18,2026-09-20T15:49:40.256966
ACCT_00006425,CUST_003197,SAVINGS,354203519,BR_04,185992.46,ACTIVE,2021-09-21,2026-09-20T15:49:40.256976
ACCT_00006426,CUST_003197,MONEY_MARKET,495595929,BR_10,472450.08,INACTIVE,2022-01-13,2026-09-20T15:49:40.256979
ACCT_00006427,CUST_003198,MONEY_MARKET,681648347,BR_01,285203.82,ACTIVE,2023-10-25,2026-09-20T15:49:40.256989
ACCT_00006428,CUST_003198,CHECKING,884085023,BR_12,60107.1,INACTIVE,2026-08-21,2026-09-20T15:49:40.256992
ACCT_00006429,CUST_003198,MONEY_MARKET,626226641,BR_09,244449.04,CLOSED,2024-10-24,2026-09-20T15:49:40.256995
ACCT_00006430,CUST_003199,SAVINGS,641431444,BR_11,429796.09,ACTIVE,2022-04-11,2026-09-20T15:49:40.257005
ACCT_00006431,CUST_003199,MONEY_MARKET,944786825,BR_08,492117.45,INACTIVE,2021-11-11,2026-09-20T15:49:40.257008
ACCT_00006432,CUST_003199,SAVINGS,365805815,BR_01,294036.04,INACTIVE,2024-01-31,2026-09-20T15:49:40.257011
ACCT_00006433,CUST_003200,MONEY_MARKET,788511394,BR_14,257784.18,ACTIVE,2021-10-10,2026-09-20T15:49:40.257021
ACCT_00006434,CUST_003201,SAVINGS,542290369,BR_01,284652.57,CLOSED,2023-06-12,2026-09-20T15:49:40.257031
ACCT_00006435,CUST_003201,SAVINGS,640354999,BR_13,163019.02,INACTIVE,2026-07-30,2026-09-20T15:49:40.257034
ACCT_00006436,CUST_003202,MONEY_MARKET,789971794,BR_05,138792.95,INACTIVE,2022-12-05,2026-09-20T15:49:40.257043
ACCT_00006437,CUST_003203,SAVINGS,856189581,BR_03,300340.64,ACTIVE,2023-03-22,2026-09-20T15:49:40.257053
ACCT_00006438,CUST_003204,MONEY_MARKET,129208431,BR_11,40936.8,INACTIVE,2023-03-17,2026-09-20T15:49:40.257063
ACCT_00006439,CUST_003204,CHECKING,863076394,BR_03,344899.06,ACTIVE,2024-05-15,2026-09-20T15:49:40.257066
ACCT_00006440,CUST_003204,SAVINGS,258609245,BR_08,258445.17,INACTIVE,2025-01-05,2026-09-20T15:49:40.257069
ACCT_00006441,CUST_003205,CHECKING,116857392,BR_06,310613.9,CLOSED,2026-03-14,2026-09-20T15:49:40.257078
ACCT_00006442,CUST_003205,MONEY_MARKET,477128988,BR_07,249987.61,ACTIVE,2024-01-25,2026-09-20T15:49:40.257081
ACCT_00006443,CUST_003206,SAVINGS,318288223,BR_10,275617.68,CLOSED,2022-03-21,2026-09-20T15:49:40.257091
ACCT_00006444,CUST_003206,SAVINGS,276727646,BR_05,400793.21,INACTIVE,2023-07-15,2026-09-20T15:49:40.257094
ACCT_00006445,CUST_003207,MONEY_MARKET,733840899,BR_13,423179.09,CLOSED,2024-01-22,2026-09-20T15:49:40.257103
ACCT_00006446,CUST_003208,CHECKING,643335609,BR_11,250457.05,ACTIVE,2023-11-12,2026-09-20T15:49:40.257113
ACCT_00006447,CUST_003208,SAVINGS,864332406,BR_06,382430.63,CLOSED,2023-07-21,2026-09-20T15:49:40.257117
ACCT_00006448,CUST_003208,CHECKING,491450094,BR_04,370852.96,INACTIVE,2023-03-04,2026-09-20T15:49:40.257120
ACCT_00006449,CUST_003209,SAVINGS,252401741,BR_07,260834.7,CLOSED,2024-07-23,2026-09-20T15:49:40.257130
ACCT_00006450,CUST_003209,CHECKING,926162185,BR_08,370405.89,ACTIVE,2024-09-05,2026-09-20T15:49:40.257133
ACCT_00006451,CUST_003209,CHECKING,956313662,BR_04,426042.51,INACTIVE,2023-03-29,2026-09-20T15:49:40.257136
ACCT_00006452,CUST_003210,SAVINGS,295069517,BR_02,389763.08,CLOSED,2026-01-15,2026-09-20T15:49:40.257146
ACCT_00006453,CUST_003210,SAVINGS,516747797,BR_09,121241.77,INACTIVE,2022-04-04,2026-09-20T15:49:40.257149
ACCT_00006454,CUST_003211,CHECKING,619159680,BR_14,472175.62,INACTIVE,2025-05-19,2026-09-20T15:49:40.257158
ACCT_00006455,CUST_003212,MONEY_MARKET,974264259,BR_09,385476.45,ACTIVE,2025-01-07,2026-09-20T15:49:40.257168
ACCT_00006456,CUST_003212,MONEY_MARKET,715795808,BR_03,155158.91,ACTIVE,2023-12-27,2026-09-20T15:49:40.257171
ACCT_00006457,CUST_003213,SAVINGS,359130233,BR_01,435410.96,INACTIVE,2022-10-11,2026-09-20T15:49:40.257180
ACCT_00006458,CUST_003214,MONEY_MARKET,137946281,BR_14,478700.39,INACTIVE,2023-08-31,2026-09-20T15:49:40.257190
ACCT_00006459,CUST_003215,CHECKING,538083512,BR_09,130476.03,CLOSED,2025-06-29,2026-09-20T15:49:40.257200
ACCT_00006460,CUST_003216,MONEY_MARKET,232738568,BR_07,221578.41,ACTIVE,2023-08-20,2026-09-20T15:49:40.257211
ACCT_00006461,CUST_003216,SAVINGS,556948874,BR_06,333387.55,ACTIVE,2024-05-26,2026-09-20T15:49:40.257214
ACCT_00006462,CUST_003217,SAVINGS,498780668,BR_15,175013.03,INACTIVE,2024-02-14,2026-09-20T15:49:40.257224
ACCT_00006463,CUST_003217,CHECKING,889214399,BR_15,376726.65,INACTIVE,2025-01-03,2026-09-20T15:49:40.257227
ACCT_00006464,CUST_003218,CHECKING,441934602,BR_12,378631.65,CLOSED,2024-02-28,2026-09-20T15:49:40.257237
ACCT_00006465,CUST_003219,MONEY_MARKET,240486878,BR_06,488612.59,INACTIVE,2026-06-02,2026-09-20T15:49:40.257248
ACCT_00006466,CUST_003219,CHECKING,452412288,BR_12,412557.7,CLOSED,2023-08-26,2026-09-20T15:49:40.257251
ACCT_00006467,CUST_003220,MONEY_MARKET,891764770,BR_09,274106.47,ACTIVE,2023-02-12,2026-09-20T15:49:40.257261
ACCT_00006468,CUST_003220,MONEY_MARKET,443765727,BR_13,162734.17,INACTIVE,2025-10-16,2026-09-20T15:49:40.257264
ACCT_00006469,CUST_003220,CHECKING,467877098,BR_08,251974.95,INACTIVE,2022-03-29,2026-09-20T15:49:40.257267
ACCT_00006470,CUST_003221,MONEY_MARKET,259964805,BR_01,263244.81,ACTIVE,2025-01-08,2026-09-20T15:49:40.257277
ACCT_00006471,CUST_003221,CHECKING,117626719,BR_13,143200.54,INACTIVE,2026-04-22,2026-09-20T15:49:40.257280
ACCT_00006472,CUST_003222,MONEY_MARKET,918970216,BR_05,289968.81,ACTIVE,2024-05-12,2026-09-20T15:49:40.257290
ACCT_00006473,CUST_003222,SAVINGS,114793250,BR_09,335591.39,INACTIVE,2022-05-05,2026-09-20T15:49:40.257293
ACCT_00006474,CUST_003223,CHECKING,192331629,BR_06,317642.48,CLOSED,2024-06-29,2026-09-20T15:49:40.257303
ACCT_00006475,CUST_003223,SAVINGS,195920032,BR_04,323987.08,ACTIVE,2022-09-08,2026-09-20T15:49:40.257306
ACCT_00006476,CUST_003223,SAVINGS,572930275,BR_11,327236.97,ACTIVE,2026-05-27,2026-09-20T15:49:40.257310
ACCT_00006477,CUST_003224,SAVINGS,460471406,BR_09,150504.44,CLOSED,2023-07-14,2026-09-20T15:49:40.257320
ACCT_00006478,CUST_003225,CHECKING,239718586,BR_11,238831.09,INACTIVE,2021-09-26,2026-09-20T15:49:40.257330
ACCT_00006479,CUST_003225,MONEY_MARKET,768909528,BR_11,18665.16,CLOSED,2024-06-25,2026-09-20T15:49:40.257333
ACCT_00006480,CUST_003225,SAVINGS,751742023,BR_13,153944.49,ACTIVE,2024-10-10,2026-09-20T15:49:40.257336
ACCT_00006481,CUST_003226,MONEY_MARKET,473967310,BR_12,348036.33,CLOSED,2022-01-06,2026-09-20T15:49:40.257346
ACCT_00006482,CUST_003226,MONEY_MARKET,143722924,BR_15,338905.2,CLOSED,2024-06-06,2026-09-20T15:49:40.257349
ACCT_00006483,CUST_003227,MONEY_MARKET,333575865,BR_07,146511.35,ACTIVE,2021-10-03,2026-09-20T15:49:40.257364
ACCT_00006484,CUST_003228,SAVINGS,489574969,BR_06,385630.6,CLOSED,2026-02-03,2026-09-20T15:49:40.257373
ACCT_00006485,CUST_003229,CHECKING,662616679,BR_12,110543.48,INACTIVE,2026-04-11,2026-09-20T15:49:40.257383
ACCT_00006486,CUST_003229,SAVINGS,790225247,BR_11,92070.49,INACTIVE,2023-01-05,2026-09-20T15:49:40.257387
ACCT_00006487,CUST_003230,MONEY_MARKET,777179014,BR_14,355125.75,INACTIVE,2022-09-13,2026-09-20T15:49:40.257397
ACCT_00006488,CUST_003230,CHECKING,820688538,BR_10,17705.46,ACTIVE,2022-07-19,2026-09-20T15:49:40.257400
ACCT_00006489,CUST_003230,CHECKING,379011697,BR_06,105938.26,CLOSED,2023-07-25,2026-09-20T15:49:40.257402
ACCT_00006490,CUST_003231,SAVINGS,853203898,BR_14,451109.13,CLOSED,2021-10-09,2026-09-20T15:49:40.257413
ACCT_00006491,CUST_003232,MONEY_MARKET,547878040,BR_08,316019.97,INACTIVE,2026-01-20,2026-09-20T15:49:40.257422
ACCT_00006492,CUST_003232,SAVINGS,111001111,BR_11,287719.2,ACTIVE,2022-07-01,2026-09-20T15:49:40.257425
ACCT_00006493,CUST_003232,SAVINGS,154685321,BR_10,289816.84,INACTIVE,2025-06-16,2026-09-20T15:49:40.257428
ACCT_00006494,CUST_003233,SAVINGS,985444910,BR_01,476208.91,CLOSED,2025-12-28,2026-09-20T15:49:40.257438
ACCT_00006495,CUST_003234,SAVINGS,672630956,BR_15,280519.18,ACTIVE,2026-07-16,2026-09-20T15:49:40.257447
ACCT_00006496,CUST_003234,CHECKING,772921234,BR_09,147099.34,CLOSED,2026-01-11,2026-09-20T15:49:40.257450
ACCT_00006497,CUST_003235,CHECKING,690038203,BR_02,182480.72,ACTIVE,2024-07-02,2026-09-20T15:49:40.257460
ACCT_00006498,CUST_003235,SAVINGS,449519043,BR_05,463747.35,INACTIVE,2025-10-11,2026-09-20T15:49:40.257463
ACCT_00006499,CUST_003235,SAVINGS,571579240,BR_04,55940.17,INACTIVE,2025-05-30,2026-09-20T15:49:40.257465
ACCT_00006500,CUST_003236,CHECKING,236612957,BR_08,201277.12,CLOSED,2024-02-07,2026-09-20T15:49:40.257475
ACCT_00006501,CUST_003236,SAVINGS,284914795,BR_13,433478.62,CLOSED,2024-08-25,2026-09-20T15:49:40.257478
ACCT_00006502,CUST_003237,MONEY_MARKET,785987476,BR_10,470914.89,INACTIVE,2025-01-25,2026-09-20T15:49:40.257487
ACCT_00006503,CUST_003237,SAVINGS,139862434,BR_09,30057.56,CLOSED,2023-01-03,2026-09-20T15:49:40.257490
ACCT_00006504,CUST_003238,MONEY_MARKET,941431574,BR_08,59954.52,ACTIVE,2022-12-25,2026-09-20T15:49:40.257499
ACCT_00006505,CUST_003238,CHECKING,196155153,BR_13,168492.08,INACTIVE,2026-02-10,2026-09-20T15:49:40.257502
ACCT_00006506,CUST_003238,SAVINGS,139538241,BR_15,138944.76,INACTIVE,2022-01-01,2026-09-20T15:49:40.257505
ACCT_00006507,CUST_003239,SAVINGS,995798236,BR_15,385021.71,INACTIVE,2026-02-23,2026-09-20T15:49:40.257515
ACCT_00006508,CUST_003240,SAVINGS,139612345,BR_14,132528.05,ACTIVE,2024-07-25,2026-09-20T15:49:40.257524
ACCT_00006509,CUST_003240,CHECKING,561859690,BR_05,142036.05,INACTIVE,2022-10-24,2026-09-20T15:49:40.257527
ACCT_00006510,CUST_003241,MONEY_MARKET,894414710,BR_11,71802.84,INACTIVE,2022-07-01,2026-09-20T15:49:40.257538
ACCT_00006511,CUST_003241,MONEY_MARKET,406882338,BR_12,493013.43,INACTIVE,2026-02-26,2026-09-20T15:49:40.257541
ACCT_00006512,CUST_003241,MONEY_MARKET,822807753,BR_14,286721.09,ACTIVE,2021-12-15,2026-09-20T15:49:40.257544
ACCT_00006513,CUST_003242,MONEY_MARKET,978107312,BR_08,278896.69,INACTIVE,2023-04-21,2026-09-20T15:49:40.257553
ACCT_00006514,CUST_003243,SAVINGS,989585626,BR_07,67604.98,CLOSED,2025-07-30,2026-09-20T15:49:40.257564
ACCT_00006515,CUST_003243,MONEY_MARKET,967555904,BR_04,222177.49,CLOSED,2024-06-09,2026-09-20T15:49:40.257567
ACCT_00006516,CUST_003243,SAVINGS,890212452,BR_03,156297.95,ACTIVE,2022-01-22,2026-09-20T15:49:40.257571
ACCT_00006517,CUST_003244,MONEY_MARKET,547638500,BR_01,352546.29,INACTIVE,2025-01-22,2026-09-20T15:49:40.257581
ACCT_00006518,CUST_003244,MONEY_MARKET,825713672,BR_02,155565.37,INACTIVE,2021-11-25,2026-09-20T15:49:40.257584
ACCT_00006519,CUST_003245,CHECKING,955511909,BR_03,217721.74,ACTIVE,2025-07-28,2026-09-20T15:49:40.257593
ACCT_00006520,CUST_003245,SAVINGS,305387193,BR_05,77545.74,INACTIVE,2024-09-21,2026-09-20T15:49:40.257596
ACCT_00006521,CUST_003246,CHECKING,698059797,BR_04,71774.85,INACTIVE,2022-08-08,2026-09-20T15:49:40.257606
ACCT_00006522,CUST_003246,CHECKING,992410292,BR_02,103990.09,INACTIVE,2025-12-13,2026-09-20T15:49:40.257609
ACCT_00006523,CUST_003247,SAVINGS,470094662,BR_02,421248.68,CLOSED,2022-11-24,2026-09-20T15:49:40.257618
ACCT_00006524,CUST_003247,SAVINGS,393314498,BR_15,66348.75,CLOSED,2024-08-10,2026-09-20T15:49:40.257621
ACCT_00006525,CUST_003247,CHECKING,616730582,BR_06,3413.45,INACTIVE,2023-08-09,2026-09-20T15:49:40.257624
ACCT_00006526,CUST_003248,MONEY_MARKET,166313117,BR_09,452378.38,CLOSED,2021-09-21,2026-09-20T15:49:40.257633
ACCT_00006527,CUST_003248,MONEY_MARKET,284600958,BR_12,6720.78,ACTIVE,2023-12-31,2026-09-20T15:49:40.257636
ACCT_00006528,CUST_003248,CHECKING,262453916,BR_07,94154.87,INACTIVE,2026-06-16,2026-09-20T15:49:40.257639
ACCT_00006529,CUST_003249,MONEY_MARKET,297923701,BR_11,309189.79,INACTIVE,2023-09-02,2026-09-20T15:49:40.257649
ACCT_00006530,CUST_003249,CHECKING,887378269,BR_13,124190.51,INACTIVE,2024-01-02,2026-09-20T15:49:40.257652
ACCT_00006531,CUST_003249,CHECKING,584581839,BR_04,121997.0,INACTIVE,2025-12-08,2026-09-20T15:49:40.257655
ACCT_00006532,CUST_003250,SAVINGS,874168948,BR_07,219539.23,INACTIVE,2023-03-12,2026-09-20T15:49:40.257664
ACCT_00006533,CUST_003250,SAVINGS,643967320,BR_13,254397.94,ACTIVE,2023-05-20,2026-09-20T15:49:40.257668
ACCT_00006534,CUST_003251,SAVINGS,918530890,BR_07,268760.44,INACTIVE,2023-01-18,2026-09-20T15:49:40.257678
ACCT_00006535,CUST_003251,MONEY_MARKET,591563784,BR_13,147181.91,CLOSED,2025-10-16,2026-09-20T15:49:40.257681
ACCT_00006536,CUST_003251,MONEY_MARKET,410879140,BR_05,303587.8,ACTIVE,2022-03-23,2026-09-20T15:49:40.257684
ACCT_00006537,CUST_003252,CHECKING,547837968,BR_08,173354.35,INACTIVE,2025-10-04,2026-09-20T15:49:40.257693
ACCT_00006538,CUST_003253,SAVINGS,539020290,BR_09,130391.1,CLOSED,2021-09-21,2026-09-20T15:49:40.257703
ACCT_00006539,CUST_003253,CHECKING,837386725,BR_06,115031.9,CLOSED,2024-04-08,2026-09-20T15:49:40.257706
ACCT_00006540,CUST_003253,SAVINGS,793816589,BR_09,104697.75,ACTIVE,2026-06-17,2026-09-20T15:49:40.257709
ACCT_00006541,CUST_003254,CHECKING,526095639,BR_02,450980.54,CLOSED,2022-04-13,2026-09-20T15:49:40.257718
ACCT_00006542,CUST_003255,CHECKING,619329632,BR_08,298476.8,INACTIVE,2025-04-10,2026-09-20T15:49:40.257728
ACCT_00006543,CUST_003256,CHECKING,322663959,BR_09,340326.14,ACTIVE,2025-07-30,2026-09-20T15:49:40.257739
ACCT_00006544,CUST_003256,CHECKING,209316690,BR_11,159517.12,CLOSED,2022-07-22,2026-09-20T15:49:40.257742
ACCT_00006545,CUST_003257,MONEY_MARKET,116883702,BR_02,199066.75,INACTIVE,2023-08-10,2026-09-20T15:49:40.257752
ACCT_00006546,CUST_003258,CHECKING,367931705,BR_07,67672.47,ACTIVE,2021-10-07,2026-09-20T15:49:40.257762
ACCT_00006547,CUST_003259,MONEY_MARKET,338458249,BR_09,264300.1,CLOSED,2022-07-03,2026-09-20T15:49:40.257771
ACCT_00006548,CUST_003260,MONEY_MARKET,492307131,BR_04,36074.16,INACTIVE,2025-02-02,2026-09-20T15:49:40.257781
ACCT_00006549,CUST_003260,MONEY_MARKET,358739153,BR_10,242063.68,ACTIVE,2024-08-15,2026-09-20T15:49:40.257784
ACCT_00006550,CUST_003260,SAVINGS,364215788,BR_05,404578.88,INACTIVE,2023-05-22,2026-09-20T15:49:40.257787
ACCT_00006551,CUST_003261,CHECKING,823433584,BR_07,387472.54,ACTIVE,2023-11-01,2026-09-20T15:49:40.257798
ACCT_00006552,CUST_003262,CHECKING,353060024,BR_12,190089.97,ACTIVE,2025-01-05,2026-09-20T15:49:40.257808
ACCT_00006553,CUST_003262,SAVINGS,140666305,BR_03,205257.95,CLOSED,2025-08-29,2026-09-20T15:49:40.257811
ACCT_00006554,CUST_003263,SAVINGS,630919023,BR_09,319584.84,ACTIVE,2025-10-29,2026-09-20T15:49:40.257822
ACCT_00006555,CUST_003264,CHECKING,785399410,BR_13,275176.14,CLOSED,2025-10-26,2026-09-20T15:49:40.257831
ACCT_00006556,CUST_003264,SAVINGS,788508912,BR_02,471388.1,ACTIVE,2024-09-30,2026-09-20T15:49:40.257834
ACCT_00006557,CUST_003265,SAVINGS,234617814,BR_02,30266.71,INACTIVE,2026-06-15,2026-09-20T15:49:40.257845
ACCT_00006558,CUST_003266,SAVINGS,615468563,BR_14,306813.45,CLOSED,2023-11-09,2026-09-20T15:49:40.257855
ACCT_00006559,CUST_003267,CHECKING,523788516,BR_03,354577.49,CLOSED,2026-04-12,2026-09-20T15:49:40.257865
ACCT_00006560,CUST_003267,CHECKING,705945988,BR_10,238859.17,INACTIVE,2025-08-10,2026-09-20T15:49:40.257868
ACCT_00006561,CUST_003267,SAVINGS,670129841,BR_07,209257.88,INACTIVE,2026-05-12,2026-09-20T15:49:40.257872
ACCT_00006562,CUST_003268,CHECKING,549626945,BR_09,46562.17,INACTIVE,2023-07-07,2026-09-20T15:49:40.257882
ACCT_00006563,CUST_003268,MONEY_MARKET,276049645,BR_02,145526.24,INACTIVE,2025-05-16,2026-09-20T15:49:40.257885
ACCT_00006564,CUST_003268,SAVINGS,310415538,BR_01,262774.64,INACTIVE,2026-03-05,2026-09-20T15:49:40.257890
ACCT_00006565,CUST_003269,CHECKING,721228291,BR_01,97585.95,ACTIVE,2023-04-05,2026-09-20T15:49:40.257901
ACCT_00006566,CUST_003269,CHECKING,128095655,BR_15,26119.34,CLOSED,2022-11-29,2026-09-20T15:49:40.257904
ACCT_00006567,CUST_003270,CHECKING,527138809,BR_13,19877.48,ACTIVE,2023-02-03,2026-09-20T15:49:40.257914
ACCT_00006568,CUST_003270,CHECKING,800049351,BR_15,142344.18,INACTIVE,2023-10-05,2026-09-20T15:49:40.257917
ACCT_00006569,CUST_003271,MONEY_MARKET,581985499,BR_10,261765.48,CLOSED,2021-11-29,2026-09-20T15:49:40.257927
ACCT_00006570,CUST_003271,MONEY_MARKET,761473080,BR_03,31649.18,ACTIVE,2024-01-19,2026-09-20T15:49:40.257931
ACCT_00006571,CUST_003272,MONEY_MARKET,225847069,BR_15,165154.27,ACTIVE,2025-10-13,2026-09-20T15:49:40.257942
ACCT_00006572,CUST_003273,CHECKING,285672227,BR_03,287490.94,CLOSED,2022-10-31,2026-09-20T15:49:40.257953
ACCT_00006573,CUST_003273,CHECKING,927698945,BR_06,128035.51,ACTIVE,2024-12-22,2026-09-20T15:49:40.257956
ACCT_00006574,CUST_003273,MONEY_MARKET,820230154,BR_14,338018.37,CLOSED,2022-10-21,2026-09-20T15:49:40.257959
ACCT_00006575,CUST_003274,SAVINGS,927700196,BR_15,183977.25,ACTIVE,2023-01-17,2026-09-20T15:49:40.257970
ACCT_00006576,CUST_003274,CHECKING,643162978,BR_09,200969.01,INACTIVE,2024-08-12,2026-09-20T15:49:40.257973
ACCT_00006577,CUST_003275,SAVINGS,588039022,BR_09,26150.82,INACTIVE,2022-01-27,2026-09-20T15:49:40.257983
ACCT_00006578,CUST_003275,MONEY_MARKET,992446340,BR_14,287037.19,CLOSED,2025-02-15,2026-09-20T15:49:40.257986
ACCT_00006579,CUST_003275,SAVINGS,332663885,BR_07,205604.37,CLOSED,2021-12-14,2026-09-20T15:49:40.257989
ACCT_00006580,CUST_003276,CHECKING,613292490,BR_14,175258.13,CLOSED,2022-12-30,2026-09-20T15:49:40.257999
ACCT_00006581,CUST_003276,SAVINGS,796132557,BR_01,140143.35,INACTIVE,2023-08-03,2026-09-20T15:49:40.258002
ACCT_00006582,CUST_003276,CHECKING,679458207,BR_08,180499.02,ACTIVE,2021-09-26,2026-09-20T15:49:40.258005
ACCT_00006583,CUST_003277,SAVINGS,902812088,BR_08,484656.21,CLOSED,2023-05-19,2026-09-20T15:49:40.258014
ACCT_00006584,CUST_003277,CHECKING,885706008,BR_04,57873.22,ACTIVE,2026-02-08,2026-09-20T15:49:40.258017
ACCT_00006585,CUST_003277,MONEY_MARKET,183540398,BR_13,113587.94,INACTIVE,2023-05-06,2026-09-20T15:49:40.258021
ACCT_00006586,CUST_003278,MONEY_MARKET,102539118,BR_05,96553.7,ACTIVE,2026-01-08,2026-09-20T15:49:40.258032
ACCT_00006587,CUST_003278,SAVINGS,822982159,BR_07,290385.19,INACTIVE,2026-07-15,2026-09-20T15:49:40.258035
ACCT_00006588,CUST_003278,CHECKING,152356615,BR_02,156259.95,ACTIVE,2026-02-17,2026-09-20T15:49:40.258038
ACCT_00006589,CUST_003279,MONEY_MARKET,314637029,BR_15,459307.11,INACTIVE,2025-08-06,2026-09-20T15:49:40.258047
ACCT_00006590,CUST_003279,CHECKING,566840211,BR_03,493110.06,INACTIVE,2026-05-02,2026-09-20T15:49:40.258050
ACCT_00006591,CUST_003279,MONEY_MARKET,708861970,BR_04,38723.21,INACTIVE,2022-06-21,2026-09-20T15:49:40.258053
ACCT_00006592,CUST_003280,CHECKING,916616001,BR_07,199364.06,ACTIVE,2025-05-05,2026-09-20T15:49:40.258064
ACCT_00006593,CUST_003280,CHECKING,507098663,BR_02,146488.21,CLOSED,2025-10-06,2026-09-20T15:49:40.258067
ACCT_00006594,CUST_003281,CHECKING,108376917,BR_02,237731.83,CLOSED,2024-02-14,2026-09-20T15:49:40.258078
ACCT_00006595,CUST_003282,MONEY_MARKET,952497562,BR_10,147622.11,INACTIVE,2022-07-01,2026-09-20T15:49:40.258091
ACCT_00006596,CUST_003283,CHECKING,459111968,BR_13,55156.08,CLOSED,2023-01-25,2026-09-20T15:49:40.258102
ACCT_00006597,CUST_003283,MONEY_MARKET,488671537,BR_01,277084.4,CLOSED,2022-08-29,2026-09-20T15:49:40.258106
ACCT_00006598,CUST_003284,CHECKING,991254933,BR_13,406956.6,INACTIVE,2022-04-25,2026-09-20T15:49:40.258117
ACCT_00006599,CUST_003285,CHECKING,784711924,BR_06,78733.13,INACTIVE,2025-05-16,2026-09-20T15:49:40.258128
ACCT_00006600,CUST_003285,SAVINGS,742205911,BR_06,43605.44,INACTIVE,2025-04-20,2026-09-20T15:49:40.258132
ACCT_00006601,CUST_003286,CHECKING,383181080,BR_02,119980.07,ACTIVE,2025-10-18,2026-09-20T15:49:40.258143
ACCT_00006602,CUST_003286,MONEY_MARKET,299415106,BR_13,464234.69,CLOSED,2022-03-31,2026-09-20T15:49:40.258147
ACCT_00006603,CUST_003287,SAVINGS,205027777,BR_01,198486.53,INACTIVE,2022-06-23,2026-09-20T15:49:40.258160
ACCT_00006604,CUST_003287,SAVINGS,123302462,BR_03,147496.9,ACTIVE,2025-07-22,2026-09-20T15:49:40.258163
ACCT_00006605,CUST_003288,SAVINGS,572768933,BR_08,143845.51,CLOSED,2024-12-13,2026-09-20T15:49:40.258174
ACCT_00006606,CUST_003288,MONEY_MARKET,147078031,BR_06,235462.26,INACTIVE,2024-09-30,2026-09-20T15:49:40.258178
ACCT_00006607,CUST_003289,CHECKING,237981293,BR_12,248045.45,CLOSED,2023-02-20,2026-09-20T15:49:40.258189
ACCT_00006608,CUST_003290,SAVINGS,845282268,BR_13,338877.03,INACTIVE,2025-09-21,2026-09-20T15:49:40.258200
ACCT_00006609,CUST_003290,SAVINGS,231020402,BR_06,263509.02,CLOSED,2023-02-20,2026-09-20T15:49:40.258203
ACCT_00006610,CUST_003290,MONEY_MARKET,662756159,BR_10,403626.06,ACTIVE,2024-05-22,2026-09-20T15:49:40.258206
ACCT_00006611,CUST_003291,MONEY_MARKET,367656403,BR_02,238727.7,ACTIVE,2024-11-10,2026-09-20T15:49:40.258218
ACCT_00006612,CUST_003291,CHECKING,200519719,BR_02,129103.32,CLOSED,2025-03-01,2026-09-20T15:49:40.258221
ACCT_00006613,CUST_003291,CHECKING,268807277,BR_05,350889.23,CLOSED,2024-11-21,2026-09-20T15:49:40.258225
ACCT_00006614,CUST_003292,SAVINGS,547179929,BR_08,108495.08,CLOSED,2025-06-30,2026-09-20T15:49:40.258235
ACCT_00006615,CUST_003292,SAVINGS,179838093,BR_15,370561.94,CLOSED,2025-02-27,2026-09-20T15:49:40.258239
ACCT_00006616,CUST_003293,MONEY_MARKET,100586494,BR_11,204992.54,CLOSED,2024-11-02,2026-09-20T15:49:40.258250
ACCT_00006617,CUST_003294,SAVINGS,802929453,BR_01,271420.05,INACTIVE,2022-06-27,2026-09-20T15:49:40.258259
ACCT_00006618,CUST_003294,CHECKING,306218786,BR_05,3819.14,ACTIVE,2022-12-30,2026-09-20T15:49:40.258262
ACCT_00006619,CUST_003295,SAVINGS,533058305,BR_15,453187.55,INACTIVE,2026-06-23,2026-09-20T15:49:40.258272
ACCT_00006620,CUST_003296,CHECKING,321509100,BR_11,438431.38,ACTIVE,2026-01-21,2026-09-20T15:49:40.258283
ACCT_00006621,CUST_003296,MONEY_MARKET,234993475,BR_08,106687.27,ACTIVE,2021-10-31,2026-09-20T15:49:40.258287
ACCT_00006622,CUST_003297,MONEY_MARKET,660866214,BR_11,414142.68,ACTIVE,2024-02-02,2026-09-20T15:49:40.258296
ACCT_00006623,CUST_003298,CHECKING,362412457,BR_06,235117.29,INACTIVE,2024-08-19,2026-09-20T15:49:40.258307
ACCT_00006624,CUST_003299,SAVINGS,113116166,BR_01,31919.31,ACTIVE,2022-11-27,2026-09-20T15:49:40.258317
ACCT_00006625,CUST_003299,MONEY_MARKET,890094486,BR_15,158664.47,ACTIVE,2022-04-05,2026-09-20T15:49:40.258321
ACCT_00006626,CUST_003300,MONEY_MARKET,161472520,BR_12,447182.19,INACTIVE,2023-07-16,2026-09-20T15:49:40.258331
ACCT_00006627,CUST_003300,CHECKING,412360017,BR_02,61573.81,INACTIVE,2025-06-26,2026-09-20T15:49:40.258335
ACCT_00006628,CUST_003301,MONEY_MARKET,285250443,BR_05,480200.91,CLOSED,2021-11-30,2026-09-20T15:49:40.258344
ACCT_00006629,CUST_003301,CHECKING,997879987,BR_02,126814.1,INACTIVE,2024-11-10,2026-09-20T15:49:40.258347
ACCT_00006630,CUST_003302,MONEY_MARKET,524939389,BR_07,72332.48,CLOSED,2025-10-27,2026-09-20T15:49:40.258359
ACCT_00006631,CUST_003302,CHECKING,345698449,BR_14,31317.27,INACTIVE,2024-12-28,2026-09-20T15:49:40.258362
ACCT_00006632,CUST_003303,MONEY_MARKET,178691276,BR_13,39709.15,CLOSED,2025-03-04,2026-09-20T15:49:40.258372
ACCT_00006633,CUST_003304,CHECKING,340857322,BR_09,403366.29,CLOSED,2022-02-07,2026-09-20T15:49:40.258382
ACCT_00006634,CUST_003304,SAVINGS,205008111,BR_11,350876.47,CLOSED,2025-10-21,2026-09-20T15:49:40.258385
ACCT_00006635,CUST_003305,SAVINGS,840285525,BR_07,195516.15,ACTIVE,2026-04-11,2026-09-20T15:49:40.258395
ACCT_00006636,CUST_003306,SAVINGS,556005365,BR_05,162443.41,ACTIVE,2026-02-01,2026-09-20T15:49:40.258406
ACCT_00006637,CUST_003306,SAVINGS,907521502,BR_14,135241.24,INACTIVE,2026-08-02,2026-09-20T15:49:40.258410
ACCT_00006638,CUST_003307,CHECKING,936582473,BR_06,322822.56,INACTIVE,2026-01-22,2026-09-20T15:49:40.258421
ACCT_00006639,CUST_003307,CHECKING,841988151,BR_15,106676.06,CLOSED,2026-01-20,2026-09-20T15:49:40.258424
ACCT_00006640,CUST_003308,MONEY_MARKET,824021547,BR_05,320419.61,CLOSED,2022-03-18,2026-09-20T15:49:40.258434
ACCT_00006641,CUST_003309,MONEY_MARKET,212942827,BR_13,341829.74,INACTIVE,2023-08-05,2026-09-20T15:49:40.258444
ACCT_00006642,CUST_003310,MONEY_MARKET,148869214,BR_11,241816.94,INACTIVE,2023-05-29,2026-09-20T15:49:40.258455
ACCT_00006643,CUST_003310,MONEY_MARKET,904672710,BR_06,226489.27,INACTIVE,2026-05-04,2026-09-20T15:49:40.258458
ACCT_00006644,CUST_003310,CHECKING,698533900,BR_13,383004.32,ACTIVE,2026-07-24,2026-09-20T15:49:40.258461
ACCT_00006645,CUST_003311,CHECKING,846786986,BR_11,161423.04,INACTIVE,2023-01-21,2026-09-20T15:49:40.258470
ACCT_00006646,CUST_003311,SAVINGS,624473194,BR_05,418923.08,ACTIVE,2025-04-21,2026-09-20T15:49:40.258474
ACCT_00006647,CUST_003312,MONEY_MARKET,339333300,BR_06,492866.19,CLOSED,2021-11-01,2026-09-20T15:49:40.258483
ACCT_00006648,CUST_003312,MONEY_MARKET,603367546,BR_04,216066.34,CLOSED,2023-12-17,2026-09-20T15:49:40.258486
ACCT_00006649,CUST_003313,CHECKING,813881174,BR_07,251031.35,INACTIVE,2025-10-06,2026-09-20T15:49:40.258497
ACCT_00006650,CUST_003314,CHECKING,182144667,BR_11,404344.44,CLOSED,2023-12-05,2026-09-20T15:49:40.258508
ACCT_00006651,CUST_003314,SAVINGS,152378652,BR_05,491746.25,CLOSED,2025-06-09,2026-09-20T15:49:40.258511
ACCT_00006652,CUST_003315,CHECKING,188697931,BR_15,373842.21,CLOSED,2024-10-20,2026-09-20T15:49:40.258520
ACCT_00006653,CUST_003315,MONEY_MARKET,527164698,BR_09,286191.92,INACTIVE,2025-02-17,2026-09-20T15:49:40.258523
ACCT_00006654,CUST_003316,CHECKING,892154746,BR_10,179298.63,CLOSED,2026-07-09,2026-09-20T15:49:40.258533
ACCT_00006655,CUST_003316,SAVINGS,877667907,BR_13,328635.31,INACTIVE,2026-06-16,2026-09-20T15:49:40.258536
ACCT_00006656,CUST_003316,MONEY_MARKET,475917697,BR_08,460858.19,ACTIVE,2023-10-28,2026-09-20T15:49:40.258539
ACCT_00006657,CUST_003317,MONEY_MARKET,386583072,BR_08,364987.75,INACTIVE,2024-05-28,2026-09-20T15:49:40.258549
ACCT_00006658,CUST_003318,CHECKING,525983645,BR_04,370531.12,CLOSED,2023-03-30,2026-09-20T15:49:40.258560
ACCT_00006659,CUST_003318,MONEY_MARKET,284588260,BR_05,38574.68,CLOSED,2026-02-08,2026-09-20T15:49:40.258564
ACCT_00006660,CUST_003318,CHECKING,740838177,BR_06,430931.67,ACTIVE,2022-01-31,2026-09-20T15:49:40.258566
ACCT_00006661,CUST_003319,MONEY_MARKET,877039968,BR_15,449334.89,INACTIVE,2025-08-23,2026-09-20T15:49:40.258576
ACCT_00006662,CUST_003319,MONEY_MARKET,623951371,BR_09,323075.8,CLOSED,2026-06-29,2026-09-20T15:49:40.258579
ACCT_00006663,CUST_003319,MONEY_MARKET,672026181,BR_12,372589.35,ACTIVE,2024-06-06,2026-09-20T15:49:40.258582
ACCT_00006664,CUST_003320,CHECKING,195595141,BR_13,61456.8,CLOSED,2022-01-12,2026-09-20T15:49:40.258592
ACCT_00006665,CUST_003320,CHECKING,594296976,BR_15,291325.72,CLOSED,2025-11-09,2026-09-20T15:49:40.258595
ACCT_00006666,CUST_003320,MONEY_MARKET,259472197,BR_13,413016.6,ACTIVE,2025-06-18,2026-09-20T15:49:40.258598
ACCT_00006667,CUST_003321,CHECKING,299047015,BR_06,195148.22,INACTIVE,2025-11-14,2026-09-20T15:49:40.258607
ACCT_00006668,CUST_003322,CHECKING,985368863,BR_12,354251.07,ACTIVE,2023-09-23,2026-09-20T15:49:40.258617
ACCT_00006669,CUST_003322,SAVINGS,912466595,BR_15,214516.5,INACTIVE,2025-08-28,2026-09-20T15:49:40.258620
ACCT_00006670,CUST_003323,SAVINGS,850871880,BR_02,478990.92,INACTIVE,2026-02-14,2026-09-20T15:49:40.258630
ACCT_00006671,CUST_003323,CHECKING,399862224,BR_13,87317.04,CLOSED,2022-09-01,2026-09-20T15:49:40.258633
ACCT_00006672,CUST_003323,SAVINGS,302538800,BR_03,100854.91,CLOSED,2023-11-18,2026-09-20T15:49:40.258635
ACCT_00006673,CUST_003324,MONEY_MARKET,626213726,BR_14,127264.69,ACTIVE,2022-11-06,2026-09-20T15:49:40.258645
ACCT_00006674,CUST_003325,MONEY_MARKET,262200724,BR_01,304639.84,ACTIVE,2026-06-11,2026-09-20T15:49:40.258655
ACCT_00006675,CUST_003325,SAVINGS,737715241,BR_04,448201.89,INACTIVE,2026-01-04,2026-09-20T15:49:40.258658
ACCT_00006676,CUST_003326,MONEY_MARKET,645659439,BR_08,32846.23,CLOSED,2023-03-08,2026-09-20T15:49:40.258667
ACCT_00006677,CUST_003326,SAVINGS,254054030,BR_06,25302.11,CLOSED,2024-10-16,2026-09-20T15:49:40.258670
ACCT_00006678,CUST_003327,CHECKING,811986190,BR_14,396814.66,ACTIVE,2021-10-05,2026-09-20T15:49:40.258680
ACCT_00006679,CUST_003327,MONEY_MARKET,966225229,BR_15,1192.69,CLOSED,2024-08-06,2026-09-20T15:49:40.258683
ACCT_00006680,CUST_003327,SAVINGS,839901723,BR_14,369621.72,CLOSED,2023-11-19,2026-09-20T15:49:40.258686
ACCT_00006681,CUST_003328,MONEY_MARKET,959773664,BR_12,303478.07,INACTIVE,2024-12-25,2026-09-20T15:49:40.258696
ACCT_00006682,CUST_003328,MONEY_MARKET,941494246,BR_03,244332.87,INACTIVE,2023-05-11,2026-09-20T15:49:40.258699
ACCT_00006683,CUST_003329,SAVINGS,259946870,BR_04,260333.7,CLOSED,2026-01-30,2026-09-20T15:49:40.258708
ACCT_00006684,CUST_003329,SAVINGS,831234541,BR_13,452249.15,ACTIVE,2023-05-16,2026-09-20T15:49:40.258711
ACCT_00006685,CUST_003330,CHECKING,357003621,BR_06,51924.01,CLOSED,2023-01-26,2026-09-20T15:49:40.258721
ACCT_00006686,CUST_003331,CHECKING,803948134,BR_04,25457.36,ACTIVE,2023-12-22,2026-09-20T15:49:40.258730
ACCT_00006687,CUST_003332,CHECKING,500458116,BR_13,338230.75,ACTIVE,2021-10-08,2026-09-20T15:49:40.258740
ACCT_00006688,CUST_003332,SAVINGS,534871542,BR_10,139531.81,CLOSED,2021-12-21,2026-09-20T15:49:40.258743
ACCT_00006689,CUST_003333,MONEY_MARKET,885657008,BR_15,51883.44,ACTIVE,2025-11-09,2026-09-20T15:49:40.258753
ACCT_00006690,CUST_003333,MONEY_MARKET,235401019,BR_03,114150.8,ACTIVE,2026-06-14,2026-09-20T15:49:40.258756
ACCT_00006691,CUST_003334,SAVINGS,943265445,BR_04,261908.91,INACTIVE,2022-09-10,2026-09-20T15:49:40.258765
ACCT_00006692,CUST_003334,SAVINGS,163602551,BR_13,378471.13,CLOSED,2023-05-31,2026-09-20T15:49:40.258768
ACCT_00006693,CUST_003334,SAVINGS,322478829,BR_10,415500.07,ACTIVE,2025-03-30,2026-09-20T15:49:40.258771
ACCT_00006694,CUST_003335,CHECKING,665638195,BR_06,280972.3,INACTIVE,2023-09-23,2026-09-20T15:49:40.258781
ACCT_00006695,CUST_003335,CHECKING,615100741,BR_10,84811.05,ACTIVE,2026-01-05,2026-09-20T15:49:40.258784
ACCT_00006696,CUST_003336,MONEY_MARKET,694738209,BR_03,70365.36,CLOSED,2026-05-03,2026-09-20T15:49:40.258794
ACCT_00006697,CUST_003336,MONEY_MARKET,107004790,BR_10,497757.32,CLOSED,2025-06-19,2026-09-20T15:49:40.258797
ACCT_00006698,CUST_003337,CHECKING,499836146,BR_02,312335.05,ACTIVE,2024-02-14,2026-09-20T15:49:40.258807
ACCT_00006699,CUST_003337,MONEY_MARKET,423836353,BR_05,357213.17,CLOSED,2023-07-03,2026-09-20T15:49:40.258809
ACCT_00006700,CUST_003338,MONEY_MARKET,103343078,BR_04,222187.01,INACTIVE,2022-12-29,2026-09-20T15:49:40.258819
ACCT_00006701,CUST_003339,MONEY_MARKET,963233921,BR_04,271910.48,ACTIVE,2025-05-21,2026-09-20T15:49:40.258829
ACCT_00006702,CUST_003339,CHECKING,578231032,BR_01,335604.56,CLOSED,2025-02-22,2026-09-20T15:49:40.258833
ACCT_00006703,CUST_003340,CHECKING,428778671,BR_14,183186.06,INACTIVE,2026-06-19,2026-09-20T15:49:40.258843
ACCT_00006704,CUST_003340,SAVINGS,624284150,BR_15,491850.94,ACTIVE,2024-11-02,2026-09-20T15:49:40.258846
ACCT_00006705,CUST_003341,SAVINGS,445647638,BR_11,471668.64,CLOSED,2025-11-28,2026-09-20T15:49:40.258855
ACCT_00006706,CUST_003342,SAVINGS,692458207,BR_12,50648.74,ACTIVE,2022-04-09,2026-09-20T15:49:40.258865
ACCT_00006707,CUST_003343,CHECKING,816990590,BR_09,405581.72,CLOSED,2022-12-25,2026-09-20T15:49:40.258874
ACCT_00006708,CUST_003343,MONEY_MARKET,349475261,BR_09,496216.96,ACTIVE,2022-02-13,2026-09-20T15:49:40.258877
ACCT_00006709,CUST_003343,CHECKING,882929583,BR_15,267517.66,INACTIVE,2023-12-10,2026-09-20T15:49:40.258880
ACCT_00006710,CUST_003344,MONEY_MARKET,920087999,BR_03,480768.22,CLOSED,2023-11-30,2026-09-20T15:49:40.258890
ACCT_00006711,CUST_003344,MONEY_MARKET,480219190,BR_04,232301.86,INACTIVE,2024-04-01,2026-09-20T15:49:40.258893
ACCT_00006712,CUST_003344,SAVINGS,207712263,BR_06,442137.52,ACTIVE,2025-06-04,2026-09-20T15:49:40.258896
ACCT_00006713,CUST_003345,CHECKING,579155348,BR_13,8166.85,INACTIVE,2024-04-21,2026-09-20T15:49:40.258906
ACCT_00006714,CUST_003345,MONEY_MARKET,629803529,BR_01,322351.56,CLOSED,2022-09-22,2026-09-20T15:49:40.258909
ACCT_00006715,CUST_003345,SAVINGS,328883550,BR_13,452720.18,ACTIVE,2026-01-29,2026-09-20T15:49:40.258912
ACCT_00006716,CUST_003346,CHECKING,871626990,BR_07,348511.22,ACTIVE,2023-05-01,2026-09-20T15:49:40.258921
ACCT_00006717,CUST_003346,SAVINGS,461807393,BR_12,110187.27,CLOSED,2025-04-07,2026-09-20T15:49:40.258924
ACCT_00006718,CUST_003346,SAVINGS,320720122,BR_12,57133.04,ACTIVE,2025-03-16,2026-09-20T15:49:40.258927
ACCT_00006719,CUST_003347,CHECKING,347353405,BR_08,246497.99,ACTIVE,2024-01-09,2026-09-20T15:49:40.258937
ACCT_00006720,CUST_003347,CHECKING,931030016,BR_04,242874.14,CLOSED,2022-12-25,2026-09-20T15:49:40.258941
ACCT_00006721,CUST_003347,CHECKING,129508101,BR_07,48851.56,CLOSED,2023-05-20,2026-09-20T15:49:40.258944
ACCT_00006722,CUST_003348,CHECKING,115641931,BR_05,492484.21,INACTIVE,2023-09-27,2026-09-20T15:49:40.258954
ACCT_00006723,CUST_003349,CHECKING,611979451,BR_03,403244.83,INACTIVE,2025-08-13,2026-09-20T15:49:40.258964
ACCT_00006724,CUST_003350,SAVINGS,843858946,BR_05,63576.71,INACTIVE,2023-07-04,2026-09-20T15:49:40.258973
ACCT_00006725,CUST_003350,SAVINGS,613443780,BR_04,73800.89,INACTIVE,2026-04-19,2026-09-20T15:49:40.258976
ACCT_00006726,CUST_003351,SAVINGS,996013934,BR_03,287809.14,CLOSED,2026-07-03,2026-09-20T15:49:40.258987
ACCT_00006727,CUST_003351,SAVINGS,869340700,BR_15,109499.78,INACTIVE,2023-02-20,2026-09-20T15:49:40.258990
ACCT_00006728,CUST_003352,CHECKING,238926750,BR_01,407241.02,ACTIVE,2022-06-12,2026-09-20T15:49:40.258999
ACCT_00006729,CUST_003352,MONEY_MARKET,136728439,BR_10,172857.27,CLOSED,2022-01-30,2026-09-20T15:49:40.259002
ACCT_00006730,CUST_003352,MONEY_MARKET,749977864,BR_01,423568.33,INACTIVE,2022-09-27,2026-09-20T15:49:40.259005
ACCT_00006731,CUST_003353,SAVINGS,111998063,BR_15,489255.86,ACTIVE,2023-06-14,2026-09-20T15:49:40.259015
ACCT_00006732,CUST_003353,MONEY_MARKET,909096040,BR_13,394834.18,INACTIVE,2023-08-12,2026-09-20T15:49:40.259018
ACCT_00006733,CUST_003353,MONEY_MARKET,382451825,BR_05,160984.49,INACTIVE,2022-09-10,2026-09-20T15:49:40.259021
ACCT_00006734,CUST_003354,MONEY_MARKET,848422222,BR_12,269360.79,ACTIVE,2022-01-06,2026-09-20T15:49:40.259030
ACCT_00006735,CUST_003354,MONEY_MARKET,580244660,BR_05,147282.44,ACTIVE,2026-06-14,2026-09-20T15:49:40.259033
ACCT_00006736,CUST_003355,SAVINGS,159626866,BR_15,478878.42,INACTIVE,2026-03-01,2026-09-20T15:49:40.259043
ACCT_00006737,CUST_003355,SAVINGS,841427063,BR_11,162982.82,INACTIVE,2022-03-02,2026-09-20T15:49:40.259046
ACCT_00006738,CUST_003356,CHECKING,705565195,BR_13,87227.26,ACTIVE,2022-07-20,2026-09-20T15:49:40.259058
ACCT_00006739,CUST_003356,SAVINGS,793624994,BR_08,399466.3,CLOSED,2022-07-06,2026-09-20T15:49:40.259061
ACCT_00006740,CUST_003357,MONEY_MARKET,360634084,BR_01,462385.31,ACTIVE,2026-03-28,2026-09-20T15:49:40.259071
ACCT_00006741,CUST_003357,CHECKING,376483023,BR_14,313872.71,INACTIVE,2021-09-28,2026-09-20T15:49:40.259074
ACCT_00006742,CUST_003357,CHECKING,474858940,BR_12,314610.36,ACTIVE,2024-06-19,2026-09-20T15:49:40.259076
ACCT_00006743,CUST_003358,SAVINGS,120513681,BR_10,36173.24,INACTIVE,2022-03-31,2026-09-20T15:49:40.259086
ACCT_00006744,CUST_003358,SAVINGS,565352539,BR_06,154733.68,INACTIVE,2026-08-10,2026-09-20T15:49:40.259089
ACCT_00006745,CUST_003358,CHECKING,114550779,BR_01,444741.04,ACTIVE,2026-07-06,2026-09-20T15:49:40.259092
ACCT_00006746,CUST_003359,MONEY_MARKET,542750820,BR_05,424642.48,INACTIVE,2023-02-22,2026-09-20T15:49:40.259102
ACCT_00006747,CUST_003359,SAVINGS,513437793,BR_09,395988.22,INACTIVE,2022-07-15,2026-09-20T15:49:40.259104
ACCT_00006748,CUST_003360,SAVINGS,476890725,BR_03,180704.65,ACTIVE,2025-01-21,2026-09-20T15:49:40.259114
ACCT_00006749,CUST_003360,MONEY_MARKET,723803290,BR_10,71070.36,INACTIVE,2024-06-01,2026-09-20T15:49:40.259117
ACCT_00006750,CUST_003360,SAVINGS,244473377,BR_06,221797.22,ACTIVE,2026-03-04,2026-09-20T15:49:40.259120
ACCT_00006751,CUST_003361,MONEY_MARKET,142437184,BR_12,235309.27,INACTIVE,2022-07-01,2026-09-20T15:49:40.259130
ACCT_00006752,CUST_003362,CHECKING,644540395,BR_02,85402.09,ACTIVE,2022-03-12,2026-09-20T15:49:40.259139
ACCT_00006753,CUST_003363,SAVINGS,289926411,BR_11,328971.83,ACTIVE,2023-07-08,2026-09-20T15:49:40.259149
ACCT_00006754,CUST_003363,MONEY_MARKET,226166468,BR_06,283115.46,CLOSED,2026-07-06,2026-09-20T15:49:40.259152
ACCT_00006755,CUST_003364,CHECKING,216876235,BR_06,470047.63,INACTIVE,2021-10-09,2026-09-20T15:49:40.259161
ACCT_00006756,CUST_003364,CHECKING,933097589,BR_08,128435.73,CLOSED,2024-03-18,2026-09-20T15:49:40.259164
ACCT_00006757,CUST_003365,SAVINGS,616498993,BR_13,242148.02,CLOSED,2022-12-06,2026-09-20T15:49:40.259174
ACCT_00006758,CUST_003365,SAVINGS,302605364,BR_14,385183.91,ACTIVE,2023-02-17,2026-09-20T15:49:40.259177
ACCT_00006759,CUST_003365,CHECKING,841720701,BR_15,114426.87,ACTIVE,2022-09-17,2026-09-20T15:49:40.259180
ACCT_00006760,CUST_003366,CHECKING,726999072,BR_08,201060.08,ACTIVE,2025-09-23,2026-09-20T15:49:40.259189
ACCT_00006761,CUST_003367,SAVINGS,503461629,BR_02,206706.08,INACTIVE,2024-12-30,2026-09-20T15:49:40.259199
ACCT_00006762,CUST_003367,SAVINGS,507726041,BR_10,209768.24,INACTIVE,2022-05-16,2026-09-20T15:49:40.259202
ACCT_00006763,CUST_003368,MONEY_MARKET,751695963,BR_15,379577.27,INACTIVE,2022-10-22,2026-09-20T15:49:40.259212
ACCT_00006764,CUST_003368,SAVINGS,190191728,BR_11,271166.95,ACTIVE,2023-10-15,2026-09-20T15:49:40.259215
ACCT_00006765,CUST_003368,CHECKING,194508927,BR_14,399535.5,ACTIVE,2021-10-17,2026-09-20T15:49:40.259218
ACCT_00006766,CUST_003369,MONEY_MARKET,236360066,BR_05,470868.92,CLOSED,2022-10-27,2026-09-20T15:49:40.259229
ACCT_00006767,CUST_003369,SAVINGS,924015019,BR_08,466775.46,CLOSED,2022-01-21,2026-09-20T15:49:40.259232
ACCT_00006768,CUST_003370,CHECKING,938743078,BR_10,228833.49,CLOSED,2024-10-26,2026-09-20T15:49:40.259242
ACCT_00006769,CUST_003370,MONEY_MARKET,199124492,BR_12,429612.04,INACTIVE,2023-09-01,2026-09-20T15:49:40.259245
ACCT_00006770,CUST_003370,MONEY_MARKET,428295924,BR_01,444546.29,CLOSED,2022-12-08,2026-09-20T15:49:40.259248
ACCT_00006771,CUST_003371,SAVINGS,464811314,BR_14,380394.17,CLOSED,2025-03-17,2026-09-20T15:49:40.259258
ACCT_00006772,CUST_003371,SAVINGS,351929390,BR_15,485246.24,CLOSED,2025-10-09,2026-09-20T15:49:40.259261
ACCT_00006773,CUST_003372,MONEY_MARKET,410522047,BR_09,370751.24,CLOSED,2023-11-13,2026-09-20T15:49:40.259270
ACCT_00006774,CUST_003372,MONEY_MARKET,119632637,BR_11,478788.63,ACTIVE,2023-12-16,2026-09-20T15:49:40.259273
ACCT_00006775,CUST_003372,SAVINGS,815197256,BR_11,336819.3,INACTIVE,2024-04-17,2026-09-20T15:49:40.259276
ACCT_00006776,CUST_003373,MONEY_MARKET,604681480,BR_15,102968.34,CLOSED,2026-05-21,2026-09-20T15:49:40.259286
ACCT_00006777,CUST_003373,SAVINGS,366536494,BR_05,428248.92,INACTIVE,2026-01-05,2026-09-20T15:49:40.259289
ACCT_00006778,CUST_003374,CHECKING,677694261,BR_08,61397.39,ACTIVE,2021-11-21,2026-09-20T15:49:40.259298
ACCT_00006779,CUST_003374,MONEY_MARKET,713804314,BR_08,153375.08,INACTIVE,2022-02-11,2026-09-20T15:49:40.259301
ACCT_00006780,CUST_003374,SAVINGS,564426160,BR_07,347130.57,INACTIVE,2022-05-31,2026-09-20T15:49:40.259304
ACCT_00006781,CUST_003375,MONEY_MARKET,755643228,BR_02,294204.9,CLOSED,2025-07-29,2026-09-20T15:49:40.259314
ACCT_00006782,CUST_003376,CHECKING,508610192,BR_14,126633.86,INACTIVE,2023-05-28,2026-09-20T15:49:40.259323
ACCT_00006783,CUST_003376,MONEY_MARKET,796475395,BR_10,105376.34,INACTIVE,2024-03-13,2026-09-20T15:49:40.259326
ACCT_00006784,CUST_003377,SAVINGS,116638086,BR_09,396795.55,INACTIVE,2022-06-03,2026-09-20T15:49:40.259336
ACCT_00006785,CUST_003377,SAVINGS,442049998,BR_10,58476.3,CLOSED,2024-07-15,2026-09-20T15:49:40.259339
ACCT_00006786,CUST_003377,MONEY_MARKET,568227904,BR_12,393138.59,CLOSED,2023-04-29,2026-09-20T15:49:40.259342
ACCT_00006787,CUST_003378,MONEY_MARKET,985021340,BR_07,242519.87,CLOSED,2024-12-09,2026-09-20T15:49:40.259352
ACCT_00006788,CUST_003378,SAVINGS,942991517,BR_08,238786.42,INACTIVE,2022-01-05,2026-09-20T15:49:40.259355
ACCT_00006789,CUST_003378,CHECKING,391726791,BR_01,177783.23,INACTIVE,2021-11-23,2026-09-20T15:49:40.259358
ACCT_00006790,CUST_003379,CHECKING,244707321,BR_06,498011.43,CLOSED,2026-07-15,2026-09-20T15:49:40.259367
ACCT_00006791,CUST_003379,MONEY_MARKET,191860551,BR_06,184327.09,INACTIVE,2025-03-15,2026-09-20T15:49:40.259370
ACCT_00006792,CUST_003380,SAVINGS,138419655,BR_11,415378.82,CLOSED,2022-10-04,2026-09-20T15:49:40.259380
ACCT_00006793,CUST_003380,MONEY_MARKET,677917075,BR_06,229199.64,INACTIVE,2025-11-24,2026-09-20T15:49:40.259383
ACCT_00006794,CUST_003380,SAVINGS,518160905,BR_11,108313.16,INACTIVE,2025-02-20,2026-09-20T15:49:40.259386
ACCT_00006795,CUST_003381,MONEY_MARKET,388929725,BR_06,168382.4,INACTIVE,2022-08-29,2026-09-20T15:49:40.259395
ACCT_00006796,CUST_003381,MONEY_MARKET,802759423,BR_08,195249.1,CLOSED,2024-05-04,2026-09-20T15:49:40.259399
ACCT_00006797,CUST_003381,CHECKING,359873217,BR_14,169198.17,INACTIVE,2025-08-10,2026-09-20T15:49:40.259402
ACCT_00006798,CUST_003382,MONEY_MARKET,458591795,BR_01,499843.5,INACTIVE,2025-06-06,2026-09-20T15:49:40.259413
ACCT_00006799,CUST_003383,MONEY_MARKET,582451339,BR_03,235263.39,CLOSED,2024-01-02,2026-09-20T15:49:40.259422
ACCT_00006800,CUST_003384,MONEY_MARKET,771118212,BR_12,347791.02,ACTIVE,2023-12-23,2026-09-20T15:49:40.259432
ACCT_00006801,CUST_003385,MONEY_MARKET,451097152,BR_11,253804.16,CLOSED,2023-11-06,2026-09-20T15:49:40.259441
ACCT_00006802,CUST_003385,CHECKING,870290152,BR_09,290576.24,INACTIVE,2021-12-02,2026-09-20T15:49:40.259444
ACCT_00006803,CUST_003386,MONEY_MARKET,792685896,BR_07,408471.59,ACTIVE,2025-04-28,2026-09-20T15:49:40.259454
ACCT_00006804,CUST_003387,SAVINGS,970757866,BR_10,270199.06,CLOSED,2025-08-03,2026-09-20T15:49:40.259464
ACCT_00006805,CUST_003387,SAVINGS,567269737,BR_11,437582.62,INACTIVE,2023-08-10,2026-09-20T15:49:40.259467
ACCT_00006806,CUST_003388,MONEY_MARKET,927075428,BR_10,481211.58,INACTIVE,2025-07-15,2026-09-20T15:49:40.259476
ACCT_00006807,CUST_003389,SAVINGS,149588907,BR_01,480256.74,CLOSED,2021-12-24,2026-09-20T15:49:40.259486
ACCT_00006808,CUST_003389,SAVINGS,961106505,BR_02,216232.81,ACTIVE,2023-12-16,2026-09-20T15:49:40.259489
ACCT_00006809,CUST_003389,SAVINGS,938516386,BR_08,340413.52,INACTIVE,2025-11-09,2026-09-20T15:49:40.259492
ACCT_00006810,CUST_003390,SAVINGS,214000155,BR_07,496875.8,CLOSED,2026-04-11,2026-09-20T15:49:40.259501
ACCT_00006811,CUST_003390,MONEY_MARKET,219932966,BR_07,96603.04,CLOSED,2024-03-27,2026-09-20T15:49:40.259504
ACCT_00006812,CUST_003391,SAVINGS,123307572,BR_14,418193.71,INACTIVE,2022-02-19,2026-09-20T15:49:40.259514
ACCT_00006813,CUST_003391,CHECKING,468408667,BR_10,88048.38,ACTIVE,2026-01-31,2026-09-20T15:49:40.259517
ACCT_00006814,CUST_003391,SAVINGS,751157855,BR_02,174406.71,CLOSED,2023-12-20,2026-09-20T15:49:40.259520
ACCT_00006815,CUST_003392,CHECKING,615780767,BR_10,254861.41,ACTIVE,2026-05-04,2026-09-20T15:49:40.259530
ACCT_00006816,CUST_003392,SAVINGS,819289661,BR_01,10665.28,ACTIVE,2025-07-15,2026-09-20T15:49:40.259533
ACCT_00006817,CUST_003392,CHECKING,909831520,BR_14,374790.32,CLOSED,2023-05-23,2026-09-20T15:49:40.259536
ACCT_00006818,CUST_003393,CHECKING,323875474,BR_13,240214.55,ACTIVE,2025-08-22,2026-09-20T15:49:40.259545
ACCT_00006819,CUST_003394,MONEY_MARKET,868916314,BR_03,378971.13,INACTIVE,2023-02-22,2026-09-20T15:49:40.259555
ACCT_00006820,CUST_003394,SAVINGS,204871356,BR_09,1990.04,CLOSED,2024-07-06,2026-09-20T15:49:40.259558
ACCT_00006821,CUST_003395,MONEY_MARKET,785808003,BR_06,453822.52,CLOSED,2025-12-23,2026-09-20T15:49:40.259568
ACCT_00006822,CUST_003395,CHECKING,792414640,BR_12,87354.7,INACTIVE,2024-04-12,2026-09-20T15:49:40.259571
ACCT_00006823,CUST_003395,SAVINGS,142333815,BR_04,34178.84,ACTIVE,2023-08-07,2026-09-20T15:49:40.259574
ACCT_00006824,CUST_003396,MONEY_MARKET,596227161,BR_10,452849.42,INACTIVE,2024-03-14,2026-09-20T15:49:40.259583
ACCT_00006825,CUST_003397,MONEY_MARKET,474605374,BR_02,488644.65,CLOSED,2025-10-28,2026-09-20T15:49:40.259593
ACCT_00006826,CUST_003397,CHECKING,969430911,BR_04,413217.2,CLOSED,2022-01-28,2026-09-20T15:49:40.259596
ACCT_00006827,CUST_003398,CHECKING,494535084,BR_10,476030.06,INACTIVE,2022-10-29,2026-09-20T15:49:40.259608
ACCT_00006828,CUST_003398,SAVINGS,793962996,BR_10,126978.62,ACTIVE,2023-06-03,2026-09-20T15:49:40.259611
ACCT_00006829,CUST_003398,SAVINGS,988083238,BR_04,278856.44,ACTIVE,2022-08-06,2026-09-20T15:49:40.259614
ACCT_00006830,CUST_003399,SAVINGS,825780401,BR_12,442581.16,INACTIVE,2025-09-30,2026-09-20T15:49:40.259627
ACCT_00006831,CUST_003399,MONEY_MARKET,637846983,BR_05,192515.14,INACTIVE,2022-08-09,2026-09-20T15:49:40.259630
ACCT_00006832,CUST_003400,CHECKING,429092339,BR_11,274991.47,INACTIVE,2026-05-04,2026-09-20T15:49:40.259639
ACCT_00006833,CUST_003400,MONEY_MARKET,361606855,BR_01,408165.49,CLOSED,2025-08-19,2026-09-20T15:49:40.259642
ACCT_00006834,CUST_003401,SAVINGS,948623470,BR_03,341923.86,ACTIVE,2024-02-04,2026-09-20T15:49:40.259652
ACCT_00006835,CUST_003401,MONEY_MARKET,319417686,BR_14,37402.52,ACTIVE,2024-08-19,2026-09-20T15:49:40.259655
ACCT_00006836,CUST_003402,SAVINGS,478494369,BR_04,79054.43,INACTIVE,2023-03-06,2026-09-20T15:49:40.259665
ACCT_00006837,CUST_003403,CHECKING,398415148,BR_14,420966.22,CLOSED,2024-12-04,2026-09-20T15:49:40.259674
ACCT_00006838,CUST_003403,MONEY_MARKET,931103414,BR_12,255562.22,CLOSED,2024-01-10,2026-09-20T15:49:40.259678
ACCT_00006839,CUST_003403,CHECKING,523671676,BR_09,359376.24,CLOSED,2023-11-27,2026-09-20T15:49:40.259680
ACCT_00006840,CUST_003404,CHECKING,887913698,BR_09,439855.46,CLOSED,2023-06-12,2026-09-20T15:49:40.259690
ACCT_00006841,CUST_003404,SAVINGS,738353691,BR_02,400688.22,CLOSED,2024-03-11,2026-09-20T15:49:40.259693
ACCT_00006842,CUST_003404,SAVINGS,277963731,BR_09,243847.71,INACTIVE,2023-11-06,2026-09-20T15:49:40.259696
ACCT_00006843,CUST_003405,SAVINGS,762043999,BR_02,26099.4,ACTIVE,2024-02-26,2026-09-20T15:49:40.259706
ACCT_00006844,CUST_003405,SAVINGS,856944771,BR_14,428479.36,ACTIVE,2023-04-17,2026-09-20T15:49:40.259709
ACCT_00006845,CUST_003405,SAVINGS,766180346,BR_13,190511.13,ACTIVE,2021-12-16,2026-09-20T15:49:40.259712
ACCT_00006846,CUST_003406,SAVINGS,207730597,BR_12,158440.11,ACTIVE,2026-03-22,2026-09-20T15:49:40.259722
ACCT_00006847,CUST_003406,MONEY_MARKET,651680558,BR_01,70448.69,INACTIVE,2026-07-11,2026-09-20T15:49:40.259725
ACCT_00006848,CUST_003406,SAVINGS,183207486,BR_12,447918.88,INACTIVE,2022-02-13,2026-09-20T15:49:40.259728
ACCT_00006849,CUST_003407,MONEY_MARKET,174154011,BR_03,297611.38,INACTIVE,2025-03-29,2026-09-20T15:49:40.259737
ACCT_00006850,CUST_003408,CHECKING,590045976,BR_01,494190.42,ACTIVE,2024-04-09,2026-09-20T15:49:40.259747
ACCT_00006851,CUST_003408,SAVINGS,570087128,BR_09,461589.05,INACTIVE,2023-02-28,2026-09-20T15:49:40.259750
ACCT_00006852,CUST_003408,SAVINGS,338389495,BR_13,178866.5,ACTIVE,2026-03-13,2026-09-20T15:49:40.259753
ACCT_00006853,CUST_003409,CHECKING,497318357,BR_04,451329.52,CLOSED,2026-03-12,2026-09-20T15:49:40.259762
ACCT_00006854,CUST_003409,CHECKING,222194449,BR_12,161717.47,INACTIVE,2024-07-26,2026-09-20T15:49:40.259765
ACCT_00006855,CUST_003409,SAVINGS,575582109,BR_14,112701.51,ACTIVE,2022-01-30,2026-09-20T15:49:40.259768
ACCT_00006856,CUST_003410,SAVINGS,161779688,BR_12,23256.12,CLOSED,2022-08-16,2026-09-20T15:49:40.259778
ACCT_00006857,CUST_003411,MONEY_MARKET,844161739,BR_08,137688.47,ACTIVE,2026-02-14,2026-09-20T15:49:40.259788
ACCT_00006858,CUST_003412,SAVINGS,545444875,BR_01,400974.65,ACTIVE,2026-08-08,2026-09-20T15:49:40.259798
ACCT_00006859,CUST_003412,CHECKING,211297527,BR_12,466626.33,INACTIVE,2025-06-11,2026-09-20T15:49:40.259801
ACCT_00006860,CUST_003413,CHECKING,353454957,BR_14,297822.78,CLOSED,2022-12-11,2026-09-20T15:49:40.259811
ACCT_00006861,CUST_003413,CHECKING,189579457,BR_14,442833.12,ACTIVE,2026-02-02,2026-09-20T15:49:40.259814
ACCT_00006862,CUST_003414,SAVINGS,707395067,BR_03,206924.35,ACTIVE,2022-01-01,2026-09-20T15:49:40.259823
ACCT_00006863,CUST_003414,MONEY_MARKET,762048314,BR_14,79115.81,ACTIVE,2022-07-27,2026-09-20T15:49:40.259826
ACCT_00006864,CUST_003414,MONEY_MARKET,380329396,BR_01,491414.48,INACTIVE,2026-03-16,2026-09-20T15:49:40.259829
ACCT_00006865,CUST_003415,MONEY_MARKET,509383410,BR_06,135034.9,CLOSED,2023-04-24,2026-09-20T15:49:40.259839
ACCT_00006866,CUST_003416,SAVINGS,156910854,BR_03,457783.36,INACTIVE,2021-11-04,2026-09-20T15:49:40.259849
ACCT_00006867,CUST_003416,CHECKING,390818110,BR_04,170761.61,CLOSED,2026-05-29,2026-09-20T15:49:40.259852
ACCT_00006868,CUST_003417,SAVINGS,189614928,BR_02,415042.15,CLOSED,2021-11-08,2026-09-20T15:49:40.259862
ACCT_00006869,CUST_003417,CHECKING,944150267,BR_01,478431.44,INACTIVE,2026-05-06,2026-09-20T15:49:40.259865
ACCT_00006870,CUST_003418,SAVINGS,901397942,BR_04,461369.71,CLOSED,2026-01-03,2026-09-20T15:49:40.259875
ACCT_00006871,CUST_003419,SAVINGS,756321537,BR_15,447139.18,CLOSED,2024-05-11,2026-09-20T15:49:40.259885
ACCT_00006872,CUST_003419,CHECKING,991773101,BR_03,241011.32,CLOSED,2022-04-06,2026-09-20T15:49:40.259888
ACCT_00006873,CUST_003419,CHECKING,957745303,BR_15,351421.15,INACTIVE,2022-03-04,2026-09-20T15:49:40.259891
ACCT_00006874,CUST_003420,SAVINGS,751709251,BR_07,208627.91,INACTIVE,2025-03-14,2026-09-20T15:49:40.259900
ACCT_00006875,CUST_003420,MONEY_MARKET,456790395,BR_07,74919.59,INACTIVE,2024-09-04,2026-09-20T15:49:40.259903
ACCT_00006876,CUST_003421,SAVINGS,281613752,BR_03,154876.68,INACTIVE,2022-05-24,2026-09-20T15:49:40.259915
ACCT_00006877,CUST_003422,SAVINGS,734219477,BR_15,131799.62,CLOSED,2022-10-04,2026-09-20T15:49:40.259925
ACCT_00006878,CUST_003423,SAVINGS,912684383,BR_02,390202.16,INACTIVE,2024-09-29,2026-09-20T15:49:40.259935
ACCT_00006879,CUST_003423,SAVINGS,213702589,BR_12,259159.57,INACTIVE,2022-04-13,2026-09-20T15:49:40.259938
ACCT_00006880,CUST_003423,SAVINGS,217435358,BR_13,57992.88,CLOSED,2023-07-06,2026-09-20T15:49:40.259940
ACCT_00006881,CUST_003424,SAVINGS,159610548,BR_06,482258.34,ACTIVE,2026-03-20,2026-09-20T15:49:40.259950
ACCT_00006882,CUST_003425,SAVINGS,820657176,BR_13,431418.34,INACTIVE,2023-11-22,2026-09-20T15:49:40.259960
ACCT_00006883,CUST_003425,CHECKING,697706787,BR_03,200806.6,CLOSED,2023-07-25,2026-09-20T15:49:40.259963
ACCT_00006884,CUST_003425,SAVINGS,450146178,BR_15,23414.51,INACTIVE,2022-07-10,2026-09-20T15:49:40.259966
ACCT_00006885,CUST_003426,CHECKING,421047254,BR_15,491774.47,CLOSED,2025-11-13,2026-09-20T15:49:40.259976
ACCT_00006886,CUST_003426,MONEY_MARKET,379792312,BR_13,72560.79,INACTIVE,2023-11-14,2026-09-20T15:49:40.259979
ACCT_00006887,CUST_003427,CHECKING,669120533,BR_09,30386.48,INACTIVE,2021-11-19,2026-09-20T15:49:40.259988
ACCT_00006888,CUST_003427,CHECKING,169575834,BR_06,409587.79,ACTIVE,2024-03-07,2026-09-20T15:49:40.259991
ACCT_00006889,CUST_003427,MONEY_MARKET,649538811,BR_11,207583.97,ACTIVE,2024-05-02,2026-09-20T15:49:40.259994
ACCT_00006890,CUST_003428,SAVINGS,762953807,BR_08,21595.89,ACTIVE,2025-03-18,2026-09-20T15:49:40.260004
ACCT_00006891,CUST_003428,CHECKING,541287015,BR_12,281763.61,CLOSED,2025-12-26,2026-09-20T15:49:40.260007
ACCT_00006892,CUST_003428,SAVINGS,260919121,BR_14,453261.52,ACTIVE,2024-02-22,2026-09-20T15:49:40.260010
ACCT_00006893,CUST_003429,MONEY_MARKET,678718161,BR_02,219625.33,ACTIVE,2026-05-23,2026-09-20T15:49:40.260021
ACCT_00006894,CUST_003429,SAVINGS,674317397,BR_02,450846.74,ACTIVE,2024-04-01,2026-09-20T15:49:40.260024
ACCT_00006895,CUST_003430,MONEY_MARKET,607244004,BR_03,335879.55,ACTIVE,2023-04-19,2026-09-20T15:49:40.260034
ACCT_00006896,CUST_003430,MONEY_MARKET,798530366,BR_13,233817.22,INACTIVE,2022-07-04,2026-09-20T15:49:40.260037
ACCT_00006897,CUST_003431,MONEY_MARKET,150864788,BR_06,125862.52,INACTIVE,2022-03-31,2026-09-20T15:49:40.260046
ACCT_00006898,CUST_003432,SAVINGS,140543100,BR_01,398287.23,INACTIVE,2026-07-24,2026-09-20T15:49:40.260056
ACCT_00006899,CUST_003433,MONEY_MARKET,993044909,BR_14,228631.5,ACTIVE,2022-08-28,2026-09-20T15:49:40.260066
ACCT_00006900,CUST_003434,MONEY_MARKET,106406610,BR_01,449571.25,INACTIVE,2023-07-15,2026-09-20T15:49:40.260075
ACCT_00006901,CUST_003434,SAVINGS,292220596,BR_09,142045.81,INACTIVE,2024-08-09,2026-09-20T15:49:40.260078
ACCT_00006902,CUST_003434,SAVINGS,569011343,BR_02,264784.12,INACTIVE,2023-12-06,2026-09-20T15:49:40.260081
ACCT_00006903,CUST_003435,CHECKING,565433390,BR_07,244103.21,CLOSED,2026-02-13,2026-09-20T15:49:40.260091
ACCT_00006904,CUST_003435,MONEY_MARKET,879673538,BR_03,399210.48,ACTIVE,2023-07-15,2026-09-20T15:49:40.260094
ACCT_00006905,CUST_003436,SAVINGS,729421723,BR_14,58748.4,ACTIVE,2026-07-31,2026-09-20T15:49:40.260103
ACCT_00006906,CUST_003437,MONEY_MARKET,954215939,BR_03,55461.37,ACTIVE,2024-02-07,2026-09-20T15:49:40.260113
ACCT_00006907,CUST_003437,CHECKING,900283361,BR_06,311117.59,CLOSED,2025-05-24,2026-09-20T15:49:40.260116
ACCT_00006908,CUST_003437,CHECKING,554004521,BR_14,231987.13,INACTIVE,2022-03-28,2026-09-20T15:49:40.260119
ACCT_00006909,CUST_003438,CHECKING,662509115,BR_11,288158.83,ACTIVE,2022-10-15,2026-09-20T15:49:40.260129
ACCT_00006910,CUST_003438,CHECKING,470755031,BR_10,292040.29,INACTIVE,2022-02-08,2026-09-20T15:49:40.260132
ACCT_00006911,CUST_003438,SAVINGS,838813585,BR_08,314062.24,INACTIVE,2023-04-29,2026-09-20T15:49:40.260135
ACCT_00006912,CUST_003439,MONEY_MARKET,679283178,BR_01,45393.01,CLOSED,2022-04-19,2026-09-20T15:49:40.260145
ACCT_00006913,CUST_003439,CHECKING,467479615,BR_13,202561.82,ACTIVE,2026-04-19,2026-09-20T15:49:40.260148
ACCT_00006914,CUST_003439,MONEY_MARKET,332119905,BR_07,48108.67,ACTIVE,2021-10-26,2026-09-20T15:49:40.260151
ACCT_00006915,CUST_003440,MONEY_MARKET,141126225,BR_03,178902.32,CLOSED,2026-06-04,2026-09-20T15:49:40.260160
ACCT_00006916,CUST_003440,CHECKING,533181560,BR_14,324501.1,CLOSED,2026-05-17,2026-09-20T15:49:40.260163
ACCT_00006917,CUST_003440,MONEY_MARKET,801980922,BR_07,359163.11,INACTIVE,2026-04-16,2026-09-20T15:49:40.260166
ACCT_00006918,CUST_003441,SAVINGS,461905748,BR_10,175936.01,CLOSED,2026-01-17,2026-09-20T15:49:40.260176
ACCT_00006919,CUST_003442,CHECKING,520289434,BR_08,449515.47,ACTIVE,2024-03-12,2026-09-20T15:49:40.260186
ACCT_00006920,CUST_003442,MONEY_MARKET,543831391,BR_03,491283.49,INACTIVE,2021-09-23,2026-09-20T15:49:40.260189
ACCT_00006921,CUST_003443,MONEY_MARKET,525811168,BR_15,436748.72,ACTIVE,2024-06-22,2026-09-20T15:49:40.260199
ACCT_00006922,CUST_003443,CHECKING,242543204,BR_13,179936.59,INACTIVE,2023-10-05,2026-09-20T15:49:40.260202
ACCT_00006923,CUST_003444,CHECKING,254933856,BR_13,30400.55,ACTIVE,2025-08-22,2026-09-20T15:49:40.260211
ACCT_00006924,CUST_003444,SAVINGS,396253724,BR_06,23095.7,CLOSED,2026-07-12,2026-09-20T15:49:40.260214
ACCT_00006925,CUST_003445,MONEY_MARKET,388011854,BR_01,306304.7,CLOSED,2022-02-24,2026-09-20T15:49:40.260224
ACCT_00006926,CUST_003445,SAVINGS,979803192,BR_04,411196.2,CLOSED,2021-10-21,2026-09-20T15:49:40.260227
ACCT_00006927,CUST_003446,SAVINGS,204046502,BR_14,420087.71,ACTIVE,2023-01-27,2026-09-20T15:49:40.260237
ACCT_00006928,CUST_003446,SAVINGS,225910626,BR_13,28057.93,ACTIVE,2023-01-19,2026-09-20T15:49:40.260240
ACCT_00006929,CUST_003446,CHECKING,569244092,BR_07,161374.36,INACTIVE,2023-10-01,2026-09-20T15:49:40.260243
ACCT_00006930,CUST_003447,CHECKING,863971204,BR_13,404499.61,CLOSED,2025-05-05,2026-09-20T15:49:40.260253
ACCT_00006931,CUST_003447,CHECKING,912250827,BR_01,138398.95,ACTIVE,2025-05-17,2026-09-20T15:49:40.260256
ACCT_00006932,CUST_003448,SAVINGS,998229636,BR_11,357312.87,ACTIVE,2022-08-31,2026-09-20T15:49:40.260266
ACCT_00006933,CUST_003448,MONEY_MARKET,754145373,BR_12,426309.58,CLOSED,2023-11-09,2026-09-20T15:49:40.260269
ACCT_00006934,CUST_003448,CHECKING,512116125,BR_05,282659.7,CLOSED,2025-04-07,2026-09-20T15:49:40.260272
ACCT_00006935,CUST_003449,SAVINGS,769820320,BR_13,2756.86,INACTIVE,2024-01-07,2026-09-20T15:49:40.260283
ACCT_00006936,CUST_003449,MONEY_MARKET,154695204,BR_11,415187.91,INACTIVE,2022-06-12,2026-09-20T15:49:40.260286
ACCT_00006937,CUST_003450,CHECKING,161938897,BR_05,234997.96,ACTIVE,2023-11-25,2026-09-20T15:49:40.260296
ACCT_00006938,CUST_003450,MONEY_MARKET,668833786,BR_10,11898.05,INACTIVE,2024-04-02,2026-09-20T15:49:40.260299
ACCT_00006939,CUST_003450,SAVINGS,495489604,BR_02,498893.93,ACTIVE,2022-10-17,2026-09-20T15:49:40.260302
ACCT_00006940,CUST_003451,SAVINGS,777077203,BR_13,25061.66,ACTIVE,2023-02-22,2026-09-20T15:49:40.260312
ACCT_00006941,CUST_003452,SAVINGS,627145160,BR_06,149461.25,ACTIVE,2023-08-07,2026-09-20T15:49:40.260322
ACCT_00006942,CUST_003452,MONEY_MARKET,931933738,BR_01,271015.43,ACTIVE,2023-12-03,2026-09-20T15:49:40.260325
ACCT_00006943,CUST_003452,SAVINGS,126158206,BR_07,80040.77,ACTIVE,2023-10-30,2026-09-20T15:49:40.260328
ACCT_00006944,CUST_003453,CHECKING,577184005,BR_03,172302.73,ACTIVE,2025-08-10,2026-09-20T15:49:40.260338
ACCT_00006945,CUST_003453,CHECKING,497769145,BR_12,70103.67,CLOSED,2024-08-13,2026-09-20T15:49:40.260341
ACCT_00006946,CUST_003454,SAVINGS,497063326,BR_15,28137.39,ACTIVE,2024-10-16,2026-09-20T15:49:40.260355
ACCT_00006947,CUST_003455,SAVINGS,602634693,BR_02,46026.33,INACTIVE,2023-07-16,2026-09-20T15:49:40.260366
ACCT_00006948,CUST_003456,SAVINGS,822077234,BR_13,490149.82,INACTIVE,2026-07-25,2026-09-20T15:49:40.260376
ACCT_00006949,CUST_003456,MONEY_MARKET,488097136,BR_02,104211.24,CLOSED,2022-06-15,2026-09-20T15:49:40.260379
ACCT_00006950,CUST_003456,MONEY_MARKET,229239745,BR_15,265346.12,INACTIVE,2026-02-23,2026-09-20T15:49:40.260382
ACCT_00006951,CUST_003457,CHECKING,485318937,BR_12,46384.79,INACTIVE,2026-01-25,2026-09-20T15:49:40.260391
ACCT_00006952,CUST_003457,CHECKING,123692927,BR_12,468167.1,ACTIVE,2023-11-17,2026-09-20T15:49:40.260394
ACCT_00006953,CUST_003457,SAVINGS,778551464,BR_15,20953.15,INACTIVE,2022-07-08,2026-09-20T15:49:40.260397
ACCT_00006954,CUST_003458,CHECKING,455645372,BR_07,290280.56,ACTIVE,2025-06-05,2026-09-20T15:49:40.260409
ACCT_00006955,CUST_003458,CHECKING,607688656,BR_07,350108.68,ACTIVE,2022-03-29,2026-09-20T15:49:40.260412
ACCT_00006956,CUST_003459,MONEY_MARKET,713906449,BR_15,458694.57,INACTIVE,2024-02-16,2026-09-20T15:49:40.260421
ACCT_00006957,CUST_003459,CHECKING,648605115,BR_08,418698.74,ACTIVE,2026-05-27,2026-09-20T15:49:40.260426
ACCT_00006958,CUST_003460,CHECKING,824115607,BR_06,89165.88,ACTIVE,2023-04-05,2026-09-20T15:49:40.260435
ACCT_00006959,CUST_003460,CHECKING,503161995,BR_01,183547.08,ACTIVE,2024-05-01,2026-09-20T15:49:40.260439
ACCT_00006960,CUST_003460,CHECKING,571306193,BR_02,74441.1,ACTIVE,2025-07-01,2026-09-20T15:49:40.260442
ACCT_00006961,CUST_003461,CHECKING,754707598,BR_14,148608.88,ACTIVE,2025-11-14,2026-09-20T15:49:40.260451
ACCT_00006962,CUST_003461,MONEY_MARKET,436014343,BR_09,494233.61,ACTIVE,2023-06-16,2026-09-20T15:49:40.260454
ACCT_00006963,CUST_003462,SAVINGS,518084141,BR_10,143653.58,ACTIVE,2024-03-22,2026-09-20T15:49:40.260464
ACCT_00006964,CUST_003463,CHECKING,559048119,BR_06,339026.76,ACTIVE,2026-03-02,2026-09-20T15:49:40.260474
ACCT_00006965,CUST_003463,MONEY_MARKET,428815668,BR_15,369644.67,INACTIVE,2022-10-02,2026-09-20T15:49:40.260477
ACCT_00006966,CUST_003464,SAVINGS,500325965,BR_07,276006.47,ACTIVE,2024-07-29,2026-09-20T15:49:40.260486
ACCT_00006967,CUST_003464,CHECKING,909759795,BR_09,291871.3,ACTIVE,2024-12-28,2026-09-20T15:49:40.260489
ACCT_00006968,CUST_003464,SAVINGS,852951092,BR_04,394907.84,ACTIVE,2023-08-24,2026-09-20T15:49:40.260492
ACCT_00006969,CUST_003465,MONEY_MARKET,691193027,BR_10,239513.66,INACTIVE,2022-04-05,2026-09-20T15:49:40.260502
ACCT_00006970,CUST_003465,CHECKING,357540675,BR_11,379851.39,ACTIVE,2025-07-11,2026-09-20T15:49:40.260505
ACCT_00006971,CUST_003466,SAVINGS,267132768,BR_13,412363.25,ACTIVE,2022-01-30,2026-09-20T15:49:40.260515
ACCT_00006972,CUST_003467,MONEY_MARKET,656355468,BR_09,315714.32,ACTIVE,2026-01-21,2026-09-20T15:49:40.260524
ACCT_00006973,CUST_003468,MONEY_MARKET,515092733,BR_01,384281.29,INACTIVE,2026-06-27,2026-09-20T15:49:40.260534
ACCT_00006974,CUST_003468,MONEY_MARKET,879839632,BR_12,329515.53,INACTIVE,2026-07-19,2026-09-20T15:49:40.260536
ACCT_00006975,CUST_003468,SAVINGS,106193065,BR_01,389128.26,ACTIVE,2022-04-18,2026-09-20T15:49:40.260539
ACCT_00006976,CUST_003469,SAVINGS,507521882,BR_07,257597.12,INACTIVE,2026-05-31,2026-09-20T15:49:40.260549
ACCT_00006977,CUST_003469,SAVINGS,800420228,BR_03,194410.29,CLOSED,2025-09-27,2026-09-20T15:49:40.260552
ACCT_00006978,CUST_003469,SAVINGS,437668352,BR_08,366872.42,CLOSED,2024-04-16,2026-09-20T15:49:40.260555
ACCT_00006979,CUST_003470,CHECKING,543805687,BR_09,14568.88,ACTIVE,2023-12-01,2026-09-20T15:49:40.260565
ACCT_00006980,CUST_003470,CHECKING,668992746,BR_01,421583.3,CLOSED,2025-10-24,2026-09-20T15:49:40.260568
ACCT_00006981,CUST_003471,CHECKING,146344679,BR_10,230251.0,ACTIVE,2023-03-24,2026-09-20T15:49:40.260578
ACCT_00006982,CUST_003472,MONEY_MARKET,282241647,BR_05,232124.33,ACTIVE,2023-02-06,2026-09-20T15:49:40.260588
ACCT_00006983,CUST_003472,MONEY_MARKET,601128782,BR_06,49727.87,CLOSED,2024-06-01,2026-09-20T15:49:40.260591
ACCT_00006984,CUST_003472,CHECKING,212004824,BR_01,281765.38,CLOSED,2023-02-18,2026-09-20T15:49:40.260594
ACCT_00006985,CUST_003473,SAVINGS,301994359,BR_07,230251.07,CLOSED,2025-08-30,2026-09-20T15:49:40.260604
ACCT_00006986,CUST_003473,MONEY_MARKET,796768566,BR_11,34103.76,INACTIVE,2023-08-02,2026-09-20T15:49:40.260607
ACCT_00006987,CUST_003473,MONEY_MARKET,515760577,BR_01,6984.44,INACTIVE,2021-11-07,2026-09-20T15:49:40.260610
ACCT_00006988,CUST_003474,MONEY_MARKET,662189307,BR_02,437634.3,ACTIVE,2023-11-29,2026-09-20T15:49:40.260619
ACCT_00006989,CUST_003474,MONEY_MARKET,150411873,BR_05,363483.39,ACTIVE,2024-07-26,2026-09-20T15:49:40.260622
ACCT_00006990,CUST_003474,CHECKING,684435895,BR_11,133203.0,INACTIVE,2023-10-25,2026-09-20T15:49:40.260625
ACCT_00006991,CUST_003475,SAVINGS,686189549,BR_13,37631.79,INACTIVE,2023-04-17,2026-09-20T15:49:40.260635
ACCT_00006992,CUST_003476,CHECKING,777848904,BR_05,50521.43,CLOSED,2023-03-22,2026-09-20T15:49:40.260644
ACCT_00006993,CUST_003477,MONEY_MARKET,575523483,BR_01,108550.18,ACTIVE,2023-07-07,2026-09-20T15:49:40.260654
ACCT_00006994,CUST_003477,CHECKING,670342184,BR_04,132275.46,CLOSED,2026-08-13,2026-09-20T15:49:40.260657
ACCT_00006995,CUST_003478,MONEY_MARKET,471241877,BR_15,362741.39,INACTIVE,2023-08-31,2026-09-20T15:49:40.260667
ACCT_00006996,CUST_003478,SAVINGS,691610670,BR_10,22358.58,INACTIVE,2023-08-24,2026-09-20T15:49:40.260670
ACCT_00006997,CUST_003478,CHECKING,306585274,BR_05,208296.96,INACTIVE,2023-08-13,2026-09-20T15:49:40.260673
ACCT_00006998,CUST_003479,MONEY_MARKET,591633612,BR_15,368141.15,ACTIVE,2024-06-20,2026-09-20T15:49:40.260683
ACCT_00006999,CUST_003479,CHECKING,296277841,BR_02,108354.03,CLOSED,2023-10-24,2026-09-20T15:49:40.260686
ACCT_00007000,CUST_003480,CHECKING,553502385,BR_12,211306.5,CLOSED,2024-04-24,2026-09-20T15:49:40.260695
ACCT_00007001,CUST_003480,SAVINGS,160250314,BR_06,460957.81,CLOSED,2023-05-26,2026-09-20T15:49:40.260698
ACCT_00007002,CUST_003480,SAVINGS,782270694,BR_11,151916.03,CLOSED,2026-07-03,2026-09-20T15:49:40.260701
ACCT_00007003,CUST_003481,SAVINGS,878247003,BR_09,4406.25,CLOSED,2025-06-14,2026-09-20T15:49:40.260711
ACCT_00007004,CUST_003481,SAVINGS,662681514,BR_03,461180.87,CLOSED,2022-04-15,2026-09-20T15:49:40.260714
ACCT_00007005,CUST_003481,SAVINGS,858103297,BR_15,420493.02,INACTIVE,2026-01-15,2026-09-20T15:49:40.260717
ACCT_00007006,CUST_003482,SAVINGS,889149586,BR_15,437258.66,CLOSED,2023-11-09,2026-09-20T15:49:40.260726
ACCT_00007007,CUST_003483,SAVINGS,186216758,BR_06,393281.05,INACTIVE,2023-11-29,2026-09-20T15:49:40.260736
ACCT_00007008,CUST_003484,MONEY_MARKET,205689204,BR_04,315906.87,INACTIVE,2025-07-07,2026-09-20T15:49:40.260746
ACCT_00007009,CUST_003484,MONEY_MARKET,183565702,BR_05,409292.56,ACTIVE,2021-12-04,2026-09-20T15:49:40.260749
ACCT_00007010,CUST_003484,SAVINGS,817963046,BR_06,193910.0,ACTIVE,2025-02-14,2026-09-20T15:49:40.260752
ACCT_00007011,CUST_003485,MONEY_MARKET,746702697,BR_05,482742.4,INACTIVE,2025-04-04,2026-09-20T15:49:40.260762
ACCT_00007012,CUST_003485,CHECKING,996646360,BR_02,248440.6,CLOSED,2025-09-30,2026-09-20T15:49:40.260765
ACCT_00007013,CUST_003486,CHECKING,875683758,BR_13,19605.95,CLOSED,2021-10-17,2026-09-20T15:49:40.260774
ACCT_00007014,CUST_003486,MONEY_MARKET,612811270,BR_07,217406.73,ACTIVE,2023-09-05,2026-09-20T15:49:40.260777
ACCT_00007015,CUST_003487,CHECKING,573016706,BR_09,137193.45,INACTIVE,2025-03-21,2026-09-20T15:49:40.260788
ACCT_00007016,CUST_003487,CHECKING,920310353,BR_02,166093.32,INACTIVE,2024-12-27,2026-09-20T15:49:40.260791
ACCT_00007017,CUST_003488,SAVINGS,249158290,BR_02,299989.37,CLOSED,2023-12-01,2026-09-20T15:49:40.260801
ACCT_00007018,CUST_003488,MONEY_MARKET,811036180,BR_06,421265.42,INACTIVE,2023-02-06,2026-09-20T15:49:40.260804
ACCT_00007019,CUST_003489,SAVINGS,468940788,BR_11,427032.85,ACTIVE,2025-03-01,2026-09-20T15:49:40.260814
ACCT_00007020,CUST_003490,MONEY_MARKET,946375234,BR_07,201010.11,ACTIVE,2023-03-21,2026-09-20T15:49:40.260825
ACCT_00007021,CUST_003490,CHECKING,714774954,BR_10,27510.58,INACTIVE,2025-09-24,2026-09-20T15:49:40.260828
ACCT_00007022,CUST_003491,MONEY_MARKET,550996820,BR_08,307984.28,ACTIVE,2024-03-17,2026-09-20T15:49:40.260837
ACCT_00007023,CUST_003492,CHECKING,206185700,BR_06,494529.41,INACTIVE,2026-01-20,2026-09-20T15:49:40.260847
ACCT_00007024,CUST_003492,CHECKING,654871160,BR_03,219202.68,ACTIVE,2023-07-08,2026-09-20T15:49:40.260850
ACCT_00007025,CUST_003492,SAVINGS,820394476,BR_09,262854.6,ACTIVE,2023-03-09,2026-09-20T15:49:40.260853
ACCT_00007026,CUST_003493,CHECKING,995840111,BR_09,333237.82,CLOSED,2023-09-12,2026-09-20T15:49:40.260863
ACCT_00007027,CUST_003494,CHECKING,266575256,BR_06,323484.84,INACTIVE,2024-04-07,2026-09-20T15:49:40.260873
ACCT_00007028,CUST_003494,MONEY_MARKET,637937200,BR_12,210691.79,CLOSED,2024-04-29,2026-09-20T15:49:40.260875
ACCT_00007029,CUST_003495,CHECKING,164849248,BR_04,180265.13,INACTIVE,2023-11-07,2026-09-20T15:49:40.260889
ACCT_00007030,CUST_003495,SAVINGS,788724925,BR_09,25997.69,INACTIVE,2025-07-06,2026-09-20T15:49:40.260893
ACCT_00007031,CUST_003496,MONEY_MARKET,185042653,BR_12,152772.71,CLOSED,2025-09-26,2026-09-20T15:49:40.260906
ACCT_00007032,CUST_003496,SAVINGS,256399654,BR_08,115984.05,INACTIVE,2026-08-13,2026-09-20T15:49:40.260910
ACCT_00007033,CUST_003497,SAVINGS,133774136,BR_01,364899.66,ACTIVE,2022-01-11,2026-09-20T15:49:40.260921
ACCT_00007034,CUST_003497,SAVINGS,543015873,BR_14,142755.75,INACTIVE,2023-01-26,2026-09-20T15:49:40.260924
ACCT_00007035,CUST_003497,CHECKING,728645043,BR_13,217026.38,INACTIVE,2023-04-01,2026-09-20T15:49:40.260927
ACCT_00007036,CUST_003498,MONEY_MARKET,189751449,BR_01,23573.68,ACTIVE,2024-03-24,2026-09-20T15:49:40.260936
ACCT_00007037,CUST_003499,SAVINGS,996070864,BR_11,296479.72,INACTIVE,2024-11-27,2026-09-20T15:49:40.260946
ACCT_00007038,CUST_003499,SAVINGS,433914221,BR_15,360157.4,ACTIVE,2026-05-02,2026-09-20T15:49:40.260949
ACCT_00007039,CUST_003500,SAVINGS,657194014,BR_14,134456.08,INACTIVE,2025-11-28,2026-09-20T15:49:40.260968
