CUSTOMER_ID,FIRST_NAME,LAST_NAME,CUSTOMER_TYPE,TAX_ID,DATE_OF_BIRTH,EMAIL,PHONE,ADDRESS,CREATED_AT
CUST_000001,Danielle,Johnson,PERSON,282-32-3658,1950-03-14,rhodespatricia@example.org,001-260-501-3389,"79402 Peterson Drives Apt. 511, Davisstad, PA 35172",2026-08-22T14:26:20.475225
CUST_000002,Blair PLC,,BUSINESS,41-4744854,,dudleynicholas@example.net,695-993-1034x1316,"55341 Amanda Gardens Apt. 764, Lake Mark, WI 07832",2026-04-27T14:26:20.475416
CUST_000003,Jeremy,Johnson,PERSON,324-52-4387,1945-03-18,jason76@example.net,724.523.8849x696,"Unit 2871 Box 0122, DPO AP 55834",2024-10-24T14:26:20.475542
CUST_000004,Candace,Cruz,PERSON,611-60-8670,1957-10-22,frazierdanny@example.net,001-645-514-6270x48281,"809 Burns Creek, Natashaport, IA 08093",2025-01-20T14:26:20.475757
CUST_000005,Humphrey Inc,,BUSINESS,14-1499914,,dennislisa@example.net,001-822-778-2489x63834,"33150 Brianna Avenue Apt. 031, Port Markhaven, IA 37001",2026-06-13T14:26:20.475937
CUST_000006,Elizabeth,Lewis,PERSON,136-93-9356,1979-11-23,kristenaguirre@example.org,216-856-6701,"33872 White Mountain, Port Sandra, NV 72633",2026-01-21T14:26:20.476151
CUST_000007,Corey,Pearson,PERSON,554-02-1529,2003-09-15,gabrieltucker@example.org,(502)660-6474x6872,"805 Brendan Neck, North Susan, CO 24857",2025-02-19T14:26:20.476353
CUST_000008,Casey,Jones,PERSON,883-31-6616,1948-11-11,bethwilliams@example.org,(799)385-4353x46247,"83842 Ibarra Gardens, Justinmouth, MP 71701",2024-11-20T14:26:20.476569
CUST_000009,"Turner, Riggs and Roman",,BUSINESS,38-8536477,,contrerasangela@example.net,524-711-8244,"740 Cynthia Village Suite 005, Lake Tina, GA 97655",2025-01-21T14:26:20.476810
CUST_000010,Arnold-Patterson,,BUSINESS,10-3678638,,rodriguezsierra@example.net,(280)659-8262,"3315 Dickson Summit, East Michelle, AS 23707",2024-10-02T14:26:20.477027
CUST_000011,Johnson-Doyle,,BUSINESS,53-5661907,,kimberly63@example.com,(616)507-3375,"5414 May Locks, Sheilaville, FM 34738",2026-04-10T14:26:20.477208
CUST_000012,Gregory,Estes,PERSON,272-05-1777,1981-04-12,jessica56@example.net,316.793.4060x88356,"484 Nguyen Square, Angelaborough, MT 87654",2025-10-07T14:26:20.477386
CUST_000013,Shelby,Byrd,PERSON,179-79-9325,1961-03-05,torresjason@example.net,+1-757-377-3872x148,"433 Andrew Gardens, Carrland, NH 54822",2026-06-14T14:26:20.477596
CUST_000014,"Johnston, Higgins and Cruz",,BUSINESS,22-7022674,,psanchez@example.net,5163328708,"889 Dodson Mills Suite 872, Colebury, MP 84080",2025-09-29T14:26:20.477836
CUST_000015,Cannon-Boyd,,BUSINESS,15-8707870,,joshuajones@example.com,845.458.1223,"6587 Brown Village, Priceshire, UT 03061",2025-03-16T14:26:20.478060
CUST_000016,Melissa,Cannon,PERSON,390-62-0097,2004-10-25,karen68@example.net,001-489-937-3467x0656,"PSC 9806, Box 9901, APO AP 56680",2025-08-25T14:26:20.478176
CUST_000017,Derek,Murray,PERSON,052-34-6212,1962-12-21,wmurphy@example.com,264-517-0805x310,"232 Caldwell Port, South Holly, WI 48852",2025-02-28T14:26:20.478362
CUST_000018,Obrien Ltd,,BUSINESS,90-7067228,,stricklandfrank@example.com,590-349-6631,"919 Michael Meadow Suite 185, Port Robertfort, CT 57323",2025-02-02T14:26:20.478536
CUST_000019,Susan,Reid,PERSON,849-59-2507,1970-04-29,christina87@example.com,(294)953-1473x79965,"3545 Beard Squares, Angelahaven, ID 11722",2024-09-25T14:26:20.478713
CUST_000020,John,Russell,PERSON,569-98-3938,1987-09-03,bwest@example.org,736-734-9578x8568,"4313 Wilson Plain Apt. 337, Jennyhaven, PA 37594",2026-08-01T14:26:20.478903
CUST_000021,Tina,Wall,PERSON,304-30-5913,1952-11-29,ericksondavid@example.org,9849271094,"47116 Jones Roads, East Edwardshire, ME 11665",2025-11-24T14:26:20.479114
CUST_000022,Victoria,Wilson,PERSON,783-54-9934,1981-04-01,kimberlyjames@example.com,496-549-9091x3341,"06797 Johnson Heights, Jacquelinemouth, CA 90597",2026-01-21T14:26:20.479323
CUST_000023,Jesus,Baker,PERSON,811-81-9664,1985-09-02,ronaldstephens@example.net,(642)910-2499,"648 Kim Rapid Apt. 659, Anthonybury, TX 75893",2025-08-23T14:26:20.479533
CUST_000024,"Sampson, Key and Chambers",,BUSINESS,68-7120868,,barbara27@example.net,+1-374-429-6717x5655,"6807 Leonard Islands Apt. 680, Gutierrezborough, NC 47920",2026-04-03T14:26:20.479752
CUST_000025,"Avila, Garrett and Wolf",,BUSINESS,55-4514944,,josephanderson@example.com,371.509.3248x086,"Unit 1712 Box 7484, DPO AA 63743",2024-10-30T14:26:20.479936
CUST_000026,Sanchez-Arnold,,BUSINESS,99-2197935,,mlee@example.net,001-921-446-5840x4499,"5886 Cantu Ways Apt. 396, Port Kimberly, AZ 42205",2025-01-01T14:26:20.480130
CUST_000027,Julie,Thornton,PERSON,831-49-6326,2007-12-04,tylerjohnson@example.net,001-851-471-8702,"9615 Finley Road Suite 809, East Crystalport, IN 98381",2025-03-19T14:26:20.480342
CUST_000028,Christopher,Good,PERSON,779-82-1647,1970-11-18,rebecca05@example.org,855-562-3869x2221,"74740 Santana Springs, North Scott, MI 77515",2026-04-02T14:26:20.480517
CUST_000029,Fowler-Coleman,,BUSINESS,58-5528972,,stephen43@example.com,213.969.5944x0640,"95339 Byrd Stravenue Apt. 104, Johnsonstad, VA 17725",2024-11-30T14:26:20.480713
CUST_000030,Christopher,Phillips,PERSON,766-54-2878,1954-05-14,alyssa42@example.com,245.617.1236x8516,"4965 Emily Mountains Apt. 985, Lake Bryan, GU 61353",2024-10-15T14:26:20.480882
CUST_000031,"Turner, Ortiz and Taylor",,BUSINESS,17-4842788,,torrestravis@example.org,482.867.5869,"640 Robinson Mills Apt. 515, Bruceview, ID 16512",2026-08-15T14:26:20.481130
CUST_000032,Davis-Lewis,,BUSINESS,61-5491946,,williamsmatthew@example.org,001-431-283-9335,"84210 Alexis Turnpike, New Mario, HI 35283",2026-07-11T14:26:20.481332
CUST_000033,Brian,Harmon,PERSON,539-15-1042,1973-02-04,william17@example.net,890.884.7007,"711 Franklin Circles Apt. 499, Oscarhaven, LA 59970",2025-02-13T14:26:20.481508
CUST_000034,"Jacobs, Garcia and Miles",,BUSINESS,37-9375710,,russellbeasley@example.com,376-361-5654x52711,"80988 Santiago Loop Suite 604, Michaelshire, NY 28385",2025-08-07T14:26:20.481758
CUST_000035,Douglas and Sons,,BUSINESS,28-5443951,,bellangela@example.org,001-649-636-8998x09402,"PSC 5022, Box 9612, APO AP 83492",2026-04-27T14:26:20.481877
CUST_000036,Teresa,Davis,PERSON,544-28-6164,1969-04-05,eric45@example.net,+1-910-822-9014x767,"6149 Rose Inlet, East Randallton, AL 27295",2025-02-19T14:26:20.482052
CUST_000037,Dougherty-Saunders,,BUSINESS,84-8187926,,keith10@example.com,001-862-226-8388x5160,"9696 Roberts Lodge, West Georgemouth, MP 90889",2025-01-27T14:26:20.482233
CUST_000038,Davis-Richard,,BUSINESS,56-4679591,,ryanmorales@example.org,(745)435-2181x8835,"3292 Gregory Trail, Marshallshire, WV 76453",2026-04-28T14:26:20.482446
CUST_000039,Maldonado-Macias,,BUSINESS,21-1790481,,michelle52@example.com,377-644-9058,"54119 Ford Plaza, South Reginashire, SD 25173",2026-05-27T14:26:20.482628
CUST_000040,Marc,Alvarez,PERSON,155-08-7382,1947-10-01,toni18@example.net,(703)777-8892,"PSC 6659, Box 0515, APO AE 73634",2024-12-13T14:26:20.482739
CUST_000041,Erika,Mitchell,PERSON,742-85-9875,2000-02-04,christopher25@example.com,+1-762-291-4865x2816,"57332 Chris Vista, New Kellihaven, AZ 87261",2024-10-20T14:26:20.482905
CUST_000042,Walter-Williamson,,BUSINESS,86-2065818,,lmoore@example.net,001-592-670-6537x94738,"Unit 7359 Box 7746, DPO AP 69636",2025-08-18T14:26:20.483033
CUST_000043,Burch-Montoya,,BUSINESS,86-8852574,,moniquewilliams@example.com,(881)381-4124x782,"USNS Velasquez, FPO AA 03996",2025-03-24T14:26:20.483214
CUST_000044,Brown-Shaw,,BUSINESS,80-1192619,,paulmiller@example.org,4519522047,"04328 Rodriguez Heights, West David, IA 55528",2024-10-20T14:26:20.483426
CUST_000045,Danielle,Dean,PERSON,065-15-8190,1981-04-16,chenbailey@example.net,(446)309-5396,"88888 Peter Mountains Apt. 654, West Kristinastad, IA 96569",2024-10-18T14:26:20.483626
CUST_000046,"Fuller, Ingram and Moss",,BUSINESS,92-6707197,,dennis58@example.com,+1-227-772-2170x4303,"USCGC Hays, FPO AP 62550",2026-05-25T14:26:20.483807
CUST_000047,Johnson-Lucas,,BUSINESS,65-3653446,,michael05@example.com,956-767-6527,"PSC 8416, Box 1692, APO AP 39005",2025-06-09T14:26:20.483922
CUST_000048,Manuel,Miller,PERSON,677-38-5022,1971-01-13,cjackson@example.com,205.496.4016x582,"21355 Herring Bypass Apt. 755, Hinesshire, DC 69898",2025-12-21T14:26:20.484121
CUST_000049,Michael,Edwards,PERSON,286-32-1859,1942-06-22,victorhughes@example.net,344-473-9473,"71551 Vance Vista Apt. 258, North Tracie, WY 18703",2025-04-15T14:26:20.484330
CUST_000050,Joel,Snyder,PERSON,370-71-9377,1965-10-18,cherylmiller@example.com,(778)466-9125x1778,"68018 Kevin Estates, Sarahbury, MI 68513",2024-12-15T14:26:20.484527
CUST_000051,Singleton-King,,BUSINESS,91-9517169,,david49@example.net,782-299-2299,"09439 Montgomery Burgs, Smallside, LA 84637",2025-01-01T14:26:20.484724
CUST_000052,Sue,Webb,PERSON,825-88-6654,1960-12-08,barkereric@example.com,373.759.2555x6258,"7321 Kelly Lights, Wrightburgh, GU 43418",2026-04-13T14:26:20.484932
CUST_000053,"Griffith, Lee and Moore",,BUSINESS,30-9897858,,tjimenez@example.com,2162873395,"8016 Nicole Stream Suite 650, Williamsside, ID 48017",2026-09-16T14:26:20.485157
CUST_000054,"Roberts, Hughes and Cole",,BUSINESS,72-1326765,,marcia99@example.org,(816)255-8523,"578 Hernandez Passage, West Sarah, MD 21800",2026-05-25T14:26:20.485369
CUST_000055,Ewing-Stevenson,,BUSINESS,49-5017343,,brittney88@example.net,994.670.5516x9409,"Unit 9930 Box 9728, DPO AP 95027",2026-07-19T14:26:20.485484
CUST_000056,Christine,Randall,PERSON,152-88-3969,1942-11-10,leescott@example.com,(563)768-9702,"Unit 7865 Box 2785, DPO AP 46938",2025-02-13T14:26:20.485624
CUST_000057,Erica,Dillon,PERSON,698-83-4332,1982-03-13,susanramirez@example.com,644.637.5758,"5240 Moses Common Suite 747, East Maria, KY 74165",2026-06-21T14:26:20.485830
CUST_000058,"Nelson, Rodriguez and Yang",,BUSINESS,18-9937326,,johnsantiago@example.net,230.416.5712,"3454 Rebecca Corners Apt. 802, Khanburgh, PW 05264",2026-05-11T14:26:20.486076
CUST_000059,Wendy,Sanders,PERSON,508-24-4743,2000-04-30,evanscarrie@example.com,978-687-2874x3152,"549 Gregory Walks, Wilcoxhaven, MD 11869",2024-11-10T14:26:20.486290
CUST_000060,Caldwell-Lopez,,BUSINESS,80-3770370,,thomasboyle@example.org,563-274-5499x045,"2684 Danielle Hill Suite 933, South Eric, WA 79896",2025-12-19T14:26:20.486491
CUST_000061,Perry-Dunn,,BUSINESS,37-4374754,,ztodd@example.net,339.218.7851,"822 Bond Mills, Lake Jamieshire, NM 12420",2025-11-01T14:26:20.486677
CUST_000062,"Griffin, Brown and Anderson",,BUSINESS,95-7264956,,dbryant@example.net,340.264.0391x065,"USS Andersen, FPO AA 04660",2025-06-25T14:26:20.486864
CUST_000063,Ortiz-Mack,,BUSINESS,25-5159166,,ybrooks@example.com,(261)282-5128x6823,"Unit 7868 Box 6337, DPO AA 20833",2026-01-29T14:26:20.486988
CUST_000064,Joshua,Pineda,PERSON,743-98-1849,1942-11-26,bmendez@example.org,211.890.7903,"28439 Ray Trail, Joelberg, TN 68822",2025-10-05T14:26:20.487170
CUST_000065,Jeffrey,Turner,PERSON,063-72-9694,2000-07-13,conniesimmons@example.com,8564856624,"34270 Faulkner Point Apt. 634, West Deborah, NV 49138",2025-01-22T14:26:20.487377
CUST_000066,Christopher,Hardy,PERSON,196-07-4399,1966-05-11,russojacob@example.net,001-583-873-5403x3173,"PSC 8546, Box 7854, APO AA 47640",2025-01-22T14:26:20.487521
CUST_000067,William,Crawford,PERSON,101-93-7693,1992-07-02,robin55@example.com,8936204899,"69378 Scott View Suite 772, Garyside, NM 24624",2026-09-09T14:26:20.487695
CUST_000068,Sabrina,Weaver,PERSON,658-08-8585,1943-01-05,landryelizabeth@example.org,(923)212-0387x50997,"08484 Wayne Square Suite 211, East James, NC 33585",2024-09-22T14:26:20.487893
CUST_000069,Lisa,Adams,PERSON,407-11-6113,2005-12-11,scunningham@example.org,910-816-6687x0021,"180 Jason Ways Suite 401, Rachelshire, TN 04813",2026-01-25T14:26:20.488067
CUST_000070,Harry,Jefferson,PERSON,017-27-9618,1950-07-08,thickman@example.org,001-739-268-5621,"59996 Johnson Groves, Henrystad, OH 49708",2026-08-15T14:26:20.488259
CUST_000071,Lopez-Willis,,BUSINESS,19-9626108,,nmiller@example.com,711.342.6265,"5412 Jacob Mission Suite 101, Angelamouth, VI 50994",2026-01-16T14:26:20.488437
CUST_000072,Carter Group,,BUSINESS,95-9143903,,hardyanita@example.org,001-982-462-2444,"6471 King Gateway Suite 993, Rodriguezport, AL 52365",2026-02-09T14:26:20.488626
CUST_000073,Martin,Oliver,PERSON,824-43-7213,1963-06-22,kevinmorrison@example.net,575.726.5479,"1939 Erin Plaza Apt. 737, Marieland, GU 54128",2025-02-09T14:26:20.488823
CUST_000074,"Porter, Schultz and Allen",,BUSINESS,41-8935169,,jennifermccormick@example.org,397.396.8868x058,"90965 Rodriguez Courts Suite 388, South Neil, NH 89571",2025-07-27T14:26:20.489072
CUST_000075,Brianna,Mason,PERSON,354-04-7910,1947-10-27,fknapp@example.org,001-925-745-7387x5717,"105 Erica Expressway, New Greg, GA 43884",2026-06-12T14:26:20.489245
CUST_000076,Anita,Mullen,PERSON,238-52-3023,1953-05-21,vfoster@example.net,379.366.0334,"5371 Lambert Overpass, Candicefurt, OR 15473",2024-11-11T14:26:20.489425
CUST_000077,Bell-Ellis,,BUSINESS,55-8106470,,lisamccarthy@example.com,+1-891-825-1341x252,"2782 Tracy Dam Apt. 579, Port Michaeltown, NM 18396",2025-07-23T14:26:20.489628
CUST_000078,Ochoa PLC,,BUSINESS,16-2651177,,fortiz@example.com,001-677-421-9034x043,"819 Joseph Plains Suite 807, South Curtis, MP 86179",2026-07-16T14:26:20.489790
CUST_000079,Evans Inc,,BUSINESS,53-2833230,,fbaker@example.com,433-595-9629,"584 Mario Squares, Keithview, PR 67926",2026-01-05T14:26:20.489944
CUST_000080,Tricia,Shelton,PERSON,098-18-6744,2003-03-10,michelle22@example.org,(853)967-2946,"8457 Murphy Alley, Lake Teresastad, PR 08801",2026-03-06T14:26:20.490116
CUST_000081,"Sanders, Donaldson and Summers",,BUSINESS,27-8077999,,sadams@example.com,+1-992-297-5001,"7063 Nicole Hollow, Port Sarah, KY 12735",2026-03-13T14:26:20.490324
CUST_000082,"Ward, Miller and Beck",,BUSINESS,69-5191056,,brettgarrett@example.net,001-936-211-0371x293,"62713 Davis Valley Apt. 155, Derrickberg, SD 89254",2026-07-01T14:26:20.490568
CUST_000083,Jones PLC,,BUSINESS,80-2642635,,bishopfrank@example.com,001-732-869-7311x2196,"41389 Maxwell Spurs, Port Melanieport, IL 68363",2026-07-27T14:26:20.490746
CUST_000084,Catherine,Lopez,PERSON,402-38-0895,1994-01-04,troyrodriguez@example.com,+1-491-980-5526x9658,"USS Smith, FPO AE 02308",2026-06-13T14:26:20.490919
CUST_000085,Jose,Williams,PERSON,062-51-8301,1960-03-11,zhenderson@example.org,+1-788-892-4141x8328,"6303 Sandy Crescent, Salazarton, ME 87805",2026-03-30T14:26:20.491101
CUST_000086,"Barrett, Thompson and Smith",,BUSINESS,72-9075854,,jacquelinemartin@example.com,684.325.2410x56481,"79252 Ayala Ports Apt. 380, Port Michellebury, AZ 62336",2026-02-10T14:26:20.491347
CUST_000087,Reyes-Hernandez,,BUSINESS,17-3762152,,tranrobin@example.net,+1-263-453-6541x9518,"1744 Miller Motorway, West Jamesshire, WY 40335",2025-08-24T14:26:20.491556
CUST_000088,Jodi,Sanchez,PERSON,378-76-8084,2008-07-24,jessicapayne@example.org,(206)803-8505,"38367 Teresa Divide Suite 103, Haynesstad, NH 98529",2025-08-13T14:26:20.491763
CUST_000089,Carpenter PLC,,BUSINESS,68-5785687,,danafoster@example.net,001-706-723-4456,"32912 Frank Mountain, Richardside, MI 27716",2025-07-10T14:26:20.491929
CUST_000090,Parker-Baker,,BUSINESS,29-4185957,,davislindsey@example.com,001-690-635-2135x680,"67883 Steven Unions, North Alexander, MP 29636",2025-11-17T14:26:20.492127
CUST_000091,David,Colon,PERSON,382-88-1377,1980-04-23,samantha10@example.org,472.815.1070,"0662 Lewis Ferry Suite 472, New Christinebury, SD 39181",2026-07-19T14:26:20.492301
CUST_000092,Victor,Andrade,PERSON,491-08-1438,1959-09-26,robertday@example.net,780.865.7875,"9304 Lindsey Mountains, Katiebury, GA 13625",2025-10-30T14:26:20.492493
CUST_000093,John,Allen,PERSON,547-95-0917,1992-08-31,barbaramcgrath@example.com,(422)539-5590x599,"427 Christopher Fort Apt. 087, West Samanthaborough, AS 17604",2026-07-27T14:26:20.492691
CUST_000094,Love-Sellers,,BUSINESS,74-9910817,,brian29@example.net,(718)651-5691,"675 Jasmine Points, Jeffreyshire, GU 23484",2026-04-08T14:26:20.492856
CUST_000095,Nicholas,Gross,PERSON,302-17-2912,1990-04-09,xrosales@example.net,4297593917,"5215 Smith Fords, Lake Carlos, KS 14661",2025-04-14T14:26:20.493036
CUST_000096,Jennifer,Williams,PERSON,449-94-6876,2006-08-11,ysnyder@example.com,+1-261-679-3271,"15262 Amy Course Suite 997, South Sherriburgh, PA 57412",2026-03-10T14:26:20.493210
CUST_000097,Eric,Garcia,PERSON,211-25-6706,1988-02-14,donna43@example.org,8693872050,"10324 Thomas Crescent Suite 677, Christopherside, MS 24733",2025-01-15T14:26:20.493372
CUST_000098,Nathan,James,PERSON,192-58-0732,1958-08-13,rbaker@example.net,2218158693,"793 Evans Locks Apt. 898, North Stacy, NV 23160",2024-10-25T14:26:20.493555
CUST_000099,Stacy,Jackson,PERSON,217-25-2068,1943-08-12,mcneilryan@example.net,(794)651-1686,"998 Rodriguez Drive, New Brianna, WV 13634",2025-07-30T14:26:20.493757
CUST_000100,Sara,Hart,PERSON,104-37-8776,2000-07-23,pbaker@example.com,001-897-202-4629,"307 Prince Brooks Suite 444, Garrisonville, VI 30379",2025-02-10T14:26:20.493950
CUST_000101,Dennis,Mccann,PERSON,454-42-4415,1990-04-09,lopezjason@example.com,001-278-450-8214x8628,"30705 Joshua View, Wagnerville, TX 04506",2025-02-01T14:26:20.494155
CUST_000102,John,Burns,PERSON,457-23-7776,1980-08-14,max41@example.com,6608293333,"2290 Johnny Valley, Jenniferview, NE 49846",2024-12-21T14:26:20.494322
CUST_000103,Melissa,Stevens,PERSON,224-60-4951,1986-10-05,asilva@example.net,+1-658-699-4417x15454,"96520 Bright Green, Sullivanton, OR 93309",2025-07-14T14:26:20.494514
CUST_000104,"Cabrera, Cooper and Reeves",,BUSINESS,43-4426900,,qknox@example.com,542.782.4172x48251,"5549 Ford Crest Suite 099, South Pamelahaven, DE 89721",2024-10-31T14:26:20.494743
CUST_000105,Moreno-Gutierrez,,BUSINESS,40-5456272,,derrickgonzalez@example.com,001-772-252-1752,"29271 Christina Roads Suite 667, Smithside, ID 96269",2025-08-07T14:26:20.494955
CUST_000106,Nathan,Smith,PERSON,330-97-8701,1953-09-02,simsjohn@example.net,(642)916-8942x104,"2575 Frederick Valleys Suite 033, East Jessica, OR 66644",2024-10-29T14:26:20.495151
CUST_000107,Martinez Ltd,,BUSINESS,68-6304573,,brooksdanielle@example.net,+1-609-901-0016x761,"046 Elaine Groves, South Maria, CT 67555",2026-07-04T14:26:20.495317
CUST_000108,Jennifer,Wilson,PERSON,117-14-8155,1954-03-21,kimberlydecker@example.org,(264)320-8737x530,"PSC 9721, Box 8114, APO AP 30799",2025-06-04T14:26:20.495460
CUST_000109,Stephen,Madden,PERSON,271-60-0821,1947-07-01,morganphelps@example.com,+1-356-711-0022x55794,"66746 Marsh Run, North David, VA 08187",2026-07-03T14:26:20.495665
CUST_000110,Tina,Richard,PERSON,107-54-9679,1973-07-14,ywhite@example.com,+1-202-577-1670x145,"Unit 5889 Box 1637, DPO AA 87494",2025-04-16T14:26:20.495786
CUST_000111,"Davidson, Hernandez and Serrano",,BUSINESS,26-6855396,,smithsarah@example.net,872.817.5354x0838,"7971 West Crest, Mcgeetown, CT 53380",2026-07-08T14:26:20.496039
CUST_000112,Robert,Hawkins,PERSON,001-12-9900,2006-03-17,pamela83@example.net,+1-375-350-3758x99757,"55488 Park Cape, South Donald, VT 97823",2025-09-03T14:26:20.496212
CUST_000113,"Ortiz, King and Gonzalez",,BUSINESS,30-8351517,,conradphilip@example.com,451.960.9177,"697 Heather Extensions, North Paul, PA 79951",2025-03-09T14:26:20.496442
CUST_000114,Gordon-Cruz,,BUSINESS,88-9874152,,joshuastuart@example.com,522.669.8485x833,"288 Page Trace, Annashire, OK 87946",2026-09-08T14:26:20.496651
CUST_000115,"Butler, Adkins and Skinner",,BUSINESS,94-2737893,,natalie60@example.net,606-620-0342,"438 Michael Mission, New Mirandaside, VI 29901",2026-05-02T14:26:20.496849
CUST_000116,"Holland, Price and Dixon",,BUSINESS,24-2795765,,heather06@example.com,(558)500-4397x35989,"122 Nicholas Meadow, Angelaberg, GA 77045",2025-02-27T14:26:20.497048
CUST_000117,Meghan,Smith,PERSON,478-91-2537,1943-06-06,candice94@example.com,001-385-415-8328,"53355 Carter Terrace Suite 801, Seanbury, AZ 89964",2025-12-12T14:26:20.497226
CUST_000118,James-Hogan,,BUSINESS,87-4533779,,cruzamber@example.com,5857887704,"88013 Michelle Manors, East Amandachester, SD 09953",2025-09-30T14:26:20.497425
CUST_000119,Julie,Hernandez,PERSON,471-92-5435,1943-04-15,brownlaura@example.net,793-246-6766,"091 Jaclyn Cliffs, Sarahville, LA 90400",2024-10-13T14:26:20.497617
CUST_000120,Obrien-Campbell,,BUSINESS,74-9196204,,qjames@example.org,428.332.6842x4508,"814 Kaitlin Stream Suite 368, East Jack, RI 33628",2026-01-02T14:26:20.497797
CUST_000121,James,White,PERSON,819-73-0892,1998-08-09,enewman@example.com,+1-314-513-9755x23149,"9492 Aguirre Meadow Apt. 053, Lake Jodi, NE 36765",2026-06-14T14:26:20.497984
CUST_000122,Taylor-Quinn,,BUSINESS,45-1739653,,wford@example.com,281.229.1428x3411,"308 Stephens Plains Suite 256, Port Brittany, PR 38642",2026-09-13T14:26:20.498173
CUST_000123,Marshall PLC,,BUSINESS,26-5394880,,sanderswayne@example.net,492.982.7229,"USS Robinson, FPO AA 30876",2026-04-04T14:26:20.498318
CUST_000124,Baker and Sons,,BUSINESS,80-8175395,,barnettapril@example.com,(477)800-5184x4989,"184 Kaufman Fork Suite 557, Eatontown, NY 18715",2025-02-19T14:26:20.498509
CUST_000125,Scott,Hall,PERSON,527-83-4601,1955-02-04,ericguzman@example.org,+1-236-451-7773x92603,"80920 Jonathan Falls, Greeneshire, SC 02941",2026-05-25T14:26:20.498713
CUST_000126,Natalie,Luna,PERSON,842-37-1405,1955-06-10,kdillon@example.org,(592)892-9842x57991,"38862 Gregory Ridges, Port Amandaville, CO 63709",2024-10-09T14:26:20.498887
CUST_000127,Donna,Winters,PERSON,553-01-7070,1976-03-18,nancy86@example.org,865.699.1624x7314,"818 Nicholas Ford, Robertville, FL 56347",2025-03-07T14:26:20.499047
CUST_000128,Denise,King,PERSON,876-69-6940,1979-02-09,victoria63@example.com,+1-687-725-8874,"213 Logan Estates Apt. 386, Laurenton, GA 51501",2025-09-03T14:26:20.499220
CUST_000129,Tamara,Smith,PERSON,094-19-7728,2003-09-02,qdavis@example.org,(919)906-6984x902,"09883 Emily Lake Apt. 021, Kimberlystad, TN 52293",2025-07-03T14:26:20.499393
CUST_000130,Richard,Gonzalez,PERSON,016-95-1125,2003-03-20,jessica89@example.com,(343)393-7690x426,"84894 Church Port Suite 357, Mosleytown, NJ 15740",2026-08-05T14:26:20.499579
CUST_000131,Jones-Schultz,,BUSINESS,56-1669324,,ericahall@example.com,(958)780-4341x65182,"37333 Clark Flats Apt. 952, North Samanthafort, RI 01369",2025-09-15T14:26:20.499800
CUST_000132,Kathryn,Weaver,PERSON,044-62-6082,1982-12-01,kvillanueva@example.com,228.746.3920x8678,"1875 Alexander Fords, Carpentermouth, MN 80819",2024-10-18T14:26:20.499991
CUST_000133,Michelle,Lopez,PERSON,270-31-4414,1972-10-05,michael76@example.org,(855)864-7292x93143,"0267 Wendy Vista, Kristenport, KS 74181",2024-11-03T14:26:20.500153
CUST_000134,Michele,Williams,PERSON,102-89-2677,1944-10-17,thomas17@example.net,445-658-8450x61593,"716 Ford Drive Apt. 569, Sweeneyland, CO 21734",2025-09-19T14:26:20.500341
CUST_000135,Perez-Stewart,,BUSINESS,89-3592974,,jennifer96@example.com,359.587.6220x234,"17800 Warren Corner, West Christineland, SD 51598",2026-01-17T14:26:20.500521
CUST_000136,Kyle,Wright,PERSON,291-57-2072,1949-08-21,anthonyalvarado@example.com,878.648.7282x9979,"PSC 7831, Box 7456, APO AA 20911",2026-03-19T14:26:20.500665
CUST_000137,Smith-Mills,,BUSINESS,13-4009172,,mauriceharrison@example.org,001-577-840-6493x085,"3266 Jose Manors Apt. 894, Deborahside, AS 35736",2025-10-11T14:26:20.500867
CUST_000138,Lopez-Jones,,BUSINESS,95-5163555,,keithwalsh@example.net,349.673.5020x802,"031 Alexis Forge Suite 647, Steventon, MA 11016",2025-12-17T14:26:20.501067
CUST_000139,Megan,Lynn,PERSON,058-35-6430,1945-07-25,qwhite@example.com,3135673037,"2088 Jon Route Suite 350, North Joel, NE 43035",2024-09-28T14:26:20.501240
CUST_000140,Alexis,Bauer,PERSON,599-16-6485,1994-05-16,novakbianca@example.net,792.451.3271x9500,"73585 Quinn Brooks, Howardberg, KS 05676",2025-08-21T14:26:20.501455
CUST_000141,Todd,Kim,PERSON,302-70-8030,1953-08-13,amymorris@example.com,998-221-8274x485,"209 Parsons Garden Suite 186, New Felicia, WI 72782",2025-05-23T14:26:20.501665
CUST_000142,Eric,Campbell,PERSON,420-83-5277,1948-03-22,williamssharon@example.org,9316731096,"103 Hebert Village, South Laurieton, MN 73641",2026-02-24T14:26:20.501869
CUST_000143,"Hurley, Perry and Wood",,BUSINESS,54-6120253,,colonjoseph@example.org,001-514-413-8113x8633,"195 Park Meadow Apt. 228, Wagnerburgh, ND 79133",2026-01-26T14:26:20.502125
CUST_000144,Scott,Gomez,PERSON,323-71-5320,1998-02-28,bduran@example.net,293-698-3684x57760,"0433 Smith View, Samanthahaven, OH 75299",2026-08-23T14:26:20.502317
CUST_000145,Sara,Moore,PERSON,039-59-5828,1951-04-30,michael93@example.org,341-696-9315x727,"05566 Molly Forks Apt. 604, West Amberberg, MD 66351",2025-08-04T14:26:20.502483
CUST_000146,"Walker, Williams and Dennis",,BUSINESS,45-2164686,,wmaddox@example.net,001-781-336-4622,"641 Shaw Trail, Port Dennis, OH 26467",2025-12-05T14:26:20.502701
CUST_000147,Foster-Duncan,,BUSINESS,92-9546409,,johnadams@example.com,491-716-6553x55904,"270 James Landing Apt. 110, New Sara, VI 38208",2025-08-03T14:26:20.502903
CUST_000148,Cooper Inc,,BUSINESS,13-2935113,,shannon05@example.org,001-283-638-8487x9206,"94070 Paul Groves Suite 104, Hallfurt, NY 93521",2025-12-23T14:26:20.503051
CUST_000149,Cory,Stewart,PERSON,888-77-8710,1946-09-12,vincentellis@example.net,2037845762,"438 Cain Road Suite 608, Jeremiahmouth, MH 51992",2025-01-30T14:26:20.503256
CUST_000150,"Taylor, Blair and Meyer",,BUSINESS,14-2818692,,robertberry@example.com,495-878-2329x8324,"Unit 2925 Box 1881, DPO AE 42129",2025-01-14T14:26:20.503437
CUST_000151,Acosta LLC,,BUSINESS,54-6262632,,tali@example.com,001-542-531-2209x9499,"1728 Joseph Landing, Port Paul, NJ 18525",2025-06-27T14:26:20.503593
CUST_000152,Frank,Perez,PERSON,419-98-0246,2003-08-23,qwalker@example.org,001-831-727-9757x36609,"177 Natalie Gardens, Terrellton, OH 51278",2025-08-18T14:26:20.503774
CUST_000153,Zachary,Mccoy,PERSON,051-25-4771,1970-08-08,kim47@example.org,(449)808-2771x81298,"27937 John Square Apt. 111, Waltersland, NC 93205",2025-12-30T14:26:20.503948
CUST_000154,Patrick,Moody,PERSON,524-79-2620,1966-06-18,kwilliams@example.com,001-922-622-0644,"30940 Jimenez Parks, New Nicolebury, IL 77684",2024-09-21T14:26:20.504130
CUST_000155,"Alvarez, Ortiz and Miller",,BUSINESS,10-9722815,,sanchezamy@example.net,+1-683-702-2050x2099,"PSC 0162, Box 2499, APO AP 74186",2025-03-14T14:26:20.504310
CUST_000156,Gregory,Gibson,PERSON,593-47-0588,1947-01-16,marcus61@example.com,+1-814-572-1458,"98179 Simmons Vista, Jordanshire, RI 46881",2025-09-09T14:26:20.504481
CUST_000157,Mendez Group,,BUSINESS,18-6539837,,lvasquez@example.net,843.801.0713,"303 King Cliff Suite 488, Katieville, TX 44185",2024-12-17T14:26:20.504636
CUST_000158,Foster-Carroll,,BUSINESS,94-3090865,,collierjames@example.com,+1-677-702-7278x57608,"95512 Pittman Junction, Simsburgh, OK 79889",2025-11-13T14:26:20.504858
CUST_000159,Lopez-Wilson,,BUSINESS,95-7851696,,janet50@example.com,(517)335-7438x42150,"8235 Oconnor Pine, Kimberlyberg, WI 13379",2025-10-17T14:26:20.505034
CUST_000160,"Rhodes, Anderson and Hardy",,BUSINESS,99-5960271,,hhughes@example.org,6402915701,"353 Justin Place Suite 714, East Joshua, AL 82151",2025-02-26T14:26:20.505244
CUST_000161,Anita,Garcia,PERSON,556-45-9001,1962-05-15,sherrybrock@example.net,421.249.5870,"60166 Janet Ramp, Jensenport, MA 26472",2026-03-04T14:26:20.505447
CUST_000162,"Chang, Lamb and Miller",,BUSINESS,95-7361002,,fbradley@example.net,817.447.7332x945,"7701 Rodriguez Neck Suite 245, New Dakota, GU 94122",2024-10-23T14:26:20.505674
CUST_000163,Laura,Nguyen,PERSON,667-10-4950,1976-12-08,pgarza@example.net,882.876.1539,"321 Wilson Ranch Suite 581, Thompsonfurt, CA 78916",2024-12-25T14:26:20.505867
CUST_000164,Jennings PLC,,BUSINESS,61-1006810,,pmurphy@example.net,6138290227,"35494 Robbins Key Apt. 909, Abbottport, AR 48895",2025-11-09T14:26:20.506033
CUST_000165,"Faulkner, Smith and Castro",,BUSINESS,36-8212326,,daniel40@example.org,(896)756-6668x32723,"2201 Douglas Oval, Proctorberg, CO 18486",2025-01-31T14:26:20.506247
CUST_000166,"Shaffer, Dalton and English",,BUSINESS,69-8411939,,dhanson@example.net,(687)865-3269x09738,"PSC 9500, Box 9751, APO AP 63616",2025-06-21T14:26:20.506405
CUST_000167,Suzanne,Miller,PERSON,748-94-8625,2007-08-06,steven18@example.net,737-218-9490,"565 Roberts Camp Suite 940, Laneshire, AR 86526",2025-04-11T14:26:20.506588
CUST_000168,Lamb-Weber,,BUSINESS,31-2422633,,todd28@example.org,442-994-4401x929,"3728 Matthew Corner, New Sarah, FL 65505",2025-11-30T14:26:20.506752
CUST_000169,Townsend-Young,,BUSINESS,21-4940441,,kbarber@example.org,001-950-641-0276,"6742 Smith Union, Reyesmouth, NC 90006",2024-10-28T14:26:20.506948
CUST_000170,Davis PLC,,BUSINESS,38-4340845,,stephanie69@example.net,754-441-4967x393,"010 Davis Cove, Bellport, KS 25808",2026-04-19T14:26:20.507102
CUST_000171,Austin,Harvey,PERSON,059-77-3553,2005-05-06,ericksondavid@example.net,(369)921-2447,"PSC 4654, Box 2140, APO AA 51434",2026-07-31T14:26:20.507244
CUST_000172,Marvin,Brown,PERSON,833-34-2916,1970-09-02,mkrause@example.net,(227)312-8639x1741,"0720 Elizabeth Grove Apt. 569, New Jasminefort, NJ 57655",2025-05-18T14:26:20.507419
CUST_000173,Richard,Luna,PERSON,832-09-8850,1956-01-26,xfinley@example.com,798-755-4601,"3280 Guerrero Hills Suite 157, Lake Samuelborough, DC 05180",2025-06-07T14:26:20.507605
CUST_000174,Johnson PLC,,BUSINESS,90-4262081,,tracybrown@example.net,+1-547-987-0050x5061,"USNS Figueroa, FPO AE 09942",2024-10-03T14:26:20.507751
CUST_000175,Moss Group,,BUSINESS,73-7705062,,ruizsamantha@example.org,420.320.4179,"79931 Ronald Valleys, Nguyenshire, ND 18501",2026-01-10T14:26:20.507928
CUST_000176,Marc,Oconnell,PERSON,219-98-0747,1981-01-15,bryan42@example.com,(358)827-3902,"1002 Jasmine Ramp, Robertfort, UT 17133",2024-11-14T14:26:20.508088
CUST_000177,Jamie,Bowman,PERSON,536-58-6751,1956-12-24,cheryljohnson@example.org,001-379-714-5608x331,"3403 Laura Spur, Jimenezburgh, TN 06152",2026-05-30T14:26:20.508291
CUST_000178,Newman LLC,,BUSINESS,38-3950888,,ryancook@example.com,3103822078,"PSC 7995, Box 6353, APO AE 43247",2024-10-04T14:26:20.508405
CUST_000179,Garcia Ltd,,BUSINESS,16-5180853,,ykane@example.org,979-470-6239,"3543 Martinez Square, West Derekmouth, NH 55318",2026-05-15T14:26:20.508559
CUST_000180,Wolf and Sons,,BUSINESS,27-8795419,,cassandra92@example.net,+1-931-668-7397,"335 Riley Ramp Apt. 906, North Vickiehaven, AZ 56298",2024-11-02T14:26:20.508707
CUST_000181,"Foster, Pacheco and Horton",,BUSINESS,66-9468772,,chavezjohn@example.net,001-206-932-5431x07427,"625 Padilla Alley, South Patriciamouth, NC 04788",2025-07-07T14:26:20.508950
CUST_000182,Simmons-Nelson,,BUSINESS,30-8963715,,kristinmiller@example.com,001-408-350-1657x9055,"53817 Karen Trace, West Michael, KY 66504",2025-06-13T14:26:20.509149
CUST_000183,"Henderson, Brown and Watson",,BUSINESS,41-5652512,,htucker@example.org,488.647.9513x7116,"USS Rodriguez, FPO AA 15184",2025-04-01T14:26:20.509341
CUST_000184,"Hernandez, Hernandez and Harris",,BUSINESS,90-5013879,,cartertara@example.net,(275)567-0431,"9557 Ellis Port Apt. 424, South Nathan, LA 06703",2025-12-09T14:26:20.509592
CUST_000185,Gomez Group,,BUSINESS,19-5793722,,christinemartin@example.net,722-422-3105x9274,"552 West Estates, Davidtown, MO 65960",2026-01-19T14:26:20.509768
CUST_000186,Gould LLC,,BUSINESS,52-6363836,,adamrodgers@example.net,347-649-2975x17028,"5150 Brandy Forges, Jamesland, ND 58888",2025-03-12T14:26:20.509935
CUST_000187,Erica,Rosario,PERSON,525-51-3186,1974-01-23,kerrmichael@example.org,001-365-565-0455x478,"674 Linda Manors Suite 299, East Jaredfort, VI 69353",2026-04-28T14:26:20.510132
CUST_000188,Valerie,Jones,PERSON,605-97-6157,1946-09-22,rfowler@example.com,(987)292-3264,"478 Walker Turnpike Apt. 244, Martinezport, MT 24011",2026-01-23T14:26:20.510334
CUST_000189,Knox-Newman,,BUSINESS,98-3563646,,wilsonjoshua@example.org,+1-259-679-6471x589,"57252 Joseph Manor, Brandonport, NC 84248",2024-09-23T14:26:20.510532
CUST_000190,Sharon,Palmer,PERSON,785-81-3003,1992-09-16,amybrennan@example.net,945-818-9520x2845,"32833 Robert Club, Port Davidtown, NJ 46141",2026-07-13T14:26:20.510727
CUST_000191,Vazquez-Taylor,,BUSINESS,62-6551268,,mpreston@example.net,001-352-840-1322x34232,"07603 Antonio Shoals, South Davidview, AZ 09184",2025-03-10T14:26:20.510909
CUST_000192,Contreras-Webster,,BUSINESS,63-2044645,,morajamie@example.org,(450)512-4955,"90833 Jackson Throughway, Lake Coreyborough, PW 66586",2026-02-17T14:26:20.511122
CUST_000193,"Wells, Wolfe and Lopez",,BUSINESS,59-1327691,,whitemichael@example.com,(638)236-1517x18275,"64794 Perez Lodge Suite 631, Crosbystad, HI 02176",2025-02-04T14:26:20.511383
CUST_000194,"Vasquez, Garcia and Kim",,BUSINESS,71-1098919,,wilsonralph@example.net,001-812-315-3539,"749 Avila Unions Suite 579, Archerhaven, KY 19817",2025-09-21T14:26:20.511641
CUST_000195,Rodriguez-King,,BUSINESS,59-8030010,,ihall@example.org,401-670-2695,"87734 Henry Green, Lisaside, ND 02817",2025-03-14T14:26:20.511830
CUST_000196,Stephanie,Johnson,PERSON,441-16-6286,1971-04-27,cramos@example.org,(984)327-6246,"889 Alvarez Walk Apt. 806, Troyfurt, RI 89169",2025-05-05T14:26:20.512026
CUST_000197,Michael,Levine,PERSON,329-08-0462,1980-11-11,marybailey@example.net,001-705-261-6556,"49114 Matthew Brooks, Benjaminchester, OK 67971",2025-12-11T14:26:20.512221
CUST_000198,Adams-Dominguez,,BUSINESS,72-1486955,,odomnicholas@example.com,891-571-3578x52945,"344 Kenneth Ports, Ballardland, VT 76285",2025-08-14T14:26:20.512433
CUST_000199,Vargas LLC,,BUSINESS,95-7783308,,knightamanda@example.com,551.848.4685,"820 Barbara Forest Suite 489, Michaelton, NC 26800",2026-03-31T14:26:20.512615
CUST_000200,Ford-Allen,,BUSINESS,26-9961107,,megan65@example.org,+1-536-244-2493x6312,"7866 James Groves Apt. 044, Lake Melissa, VA 64181",2026-08-20T14:26:20.512792
CUST_000201,Brown Inc,,BUSINESS,85-1454696,,carolyn16@example.com,+1-316-523-1981x89847,"9636 Drew Extensions Apt. 476, Michelleton, NM 70423",2026-06-23T14:26:20.512933
CUST_000202,Lyons-Rodriguez,,BUSINESS,27-8746014,,pwells@example.com,(557)654-0900,"518 Mia Loaf Apt. 644, Port Katherineport, IL 21502",2026-03-14T14:26:20.513116
CUST_000203,Ruth,Welch,PERSON,832-99-6657,1994-05-21,michelle77@example.net,(256)212-4815x69857,"720 Gonzalez Inlet, Barbaraville, GA 33217",2025-12-24T14:26:20.513290
CUST_000204,"Reeves, Saunders and Banks",,BUSINESS,51-4551070,,melaniejennings@example.com,472.842.9543x165,"08931 Gonzalez Squares, North Richard, NE 79195",2025-06-08T14:26:20.513537
CUST_000205,Hernandez-Rubio,,BUSINESS,53-7360682,,staceywilson@example.net,567.571.3334x47626,"Unit 4362 Box 6204, DPO AA 31366",2025-12-06T14:26:20.513688
CUST_000206,"Hayes, Wright and Aguilar",,BUSINESS,42-2374158,,emiller@example.org,963-766-9411x80053,"Unit 9004 Box 8964, DPO AA 88484",2025-05-23T14:26:20.513851
CUST_000207,Nathan,Donaldson,PERSON,573-06-9511,1952-11-28,williamconrad@example.com,(215)486-2415,"564 Austin Trace Suite 856, West Jillian, NM 20327",2025-03-13T14:26:20.514060
CUST_000208,Angela,Livingston,PERSON,652-57-0872,1953-07-23,hallbarry@example.com,(976)917-0758,"51342 Karen View, Annashire, IL 76987",2025-09-23T14:26:20.514257
CUST_000209,Whitney,Smith,PERSON,786-74-2959,1969-01-10,sancheztyler@example.org,904-616-5915x20177,"0975 Jason Causeway, Marcuston, WA 09770",2024-11-20T14:26:20.514458
CUST_000210,Amy,Guzman,PERSON,095-52-4181,1952-10-25,ndavis@example.org,(764)521-4764x9251,"4996 Katherine Valleys Suite 926, Davishaven, MA 61256",2024-11-18T14:26:20.514652
CUST_000211,Erica,Holland,PERSON,731-20-8116,1976-07-26,robertssamuel@example.com,322-843-8649x0810,"945 Richards Trafficway Apt. 172, Port Phillip, CO 55059",2026-08-16T14:26:20.514890
CUST_000212,Nancy,Evans,PERSON,602-93-7455,1992-03-18,qhanson@example.com,(232)219-4168,"77697 Montgomery Ridges, Hannahfurt, AS 40170",2026-02-24T14:26:20.515083
CUST_000213,Christopher,Taylor,PERSON,196-15-0261,1988-01-16,micheleclark@example.net,(936)883-1472,"77707 James Port, Williamstown, CT 83130",2024-12-19T14:26:20.515290
CUST_000214,Melanie,Reynolds,PERSON,426-64-9481,1981-03-24,benjamin67@example.net,001-797-330-8069,"1795 Terry Brooks Apt. 437, Samuelhaven, IN 77526",2026-01-15T14:26:20.515465
CUST_000215,Regina,Morgan,PERSON,617-92-7676,1949-08-18,jennifer66@example.net,+1-957-329-3417x2232,"3380 Michael Green Suite 228, Port Brycechester, DE 81446",2025-05-20T14:26:20.515635
CUST_000216,Jeremy,Hoffman,PERSON,499-34-5576,1994-01-31,carrilloangela@example.org,001-289-310-7711x991,"52478 Oconnor Courts, Lake Michael, GU 18559",2025-02-16T14:26:20.515845
CUST_000217,David,Harris,PERSON,426-99-0108,1957-05-23,gpeterson@example.org,545-465-3286,"7850 Thomas Branch Apt. 155, Holdenburgh, NE 08557",2025-05-28T14:26:20.516039
CUST_000218,Malone-Keller,,BUSINESS,57-3815034,,rachelbrown@example.net,001-484-866-8455x048,"997 Barron Tunnel, Roweport, CO 05346",2025-01-04T14:26:20.516266
CUST_000219,Amanda,Price,PERSON,737-95-2065,1976-02-07,jason88@example.com,752.600.8943x46810,"01749 Shawn Freeway Apt. 544, Lake Nicholas, WA 32958",2026-04-02T14:26:20.516440
CUST_000220,Murphy PLC,,BUSINESS,23-1430812,,mackenzieward@example.org,(566)911-0627,"886 Silva Roads Suite 776, East William, NM 93712",2025-11-01T14:26:20.516642
CUST_000221,Anderson-Bush,,BUSINESS,60-4327421,,bensonstanley@example.org,001-428-351-9611x5940,"4702 Kristen Manor Apt. 443, Port Jodi, AL 16534",2026-07-01T14:26:20.516857
CUST_000222,Amy,Jones,PERSON,046-54-7884,1979-09-06,ymccullough@example.com,892.828.7772x5199,"8074 Michelle Station Apt. 948, Lake Anitaborough, RI 71520",2026-06-04T14:26:20.517050
CUST_000223,"Todd, Bernard and Boyd",,BUSINESS,97-3030966,,bshaw@example.org,+1-282-904-3397x18956,"6260 Reyes Course, North Amberport, FL 24443",2025-02-14T14:26:20.517282
CUST_000224,Jonathan,Davis,PERSON,315-53-2773,1944-09-19,howard04@example.com,552-565-4610,"8861 Brown Mountain, Jonestown, MT 83540",2025-09-26T14:26:20.517470
CUST_000225,Mcintyre Inc,,BUSINESS,94-7217147,,angela91@example.org,001-582-849-6718x32582,"USCGC Williams, FPO AA 81861",2026-07-08T14:26:20.517590
CUST_000226,Delgado-Jackson,,BUSINESS,11-8047416,,mahoneytimothy@example.net,665-339-8402x891,"84639 Henson Junctions, Tiffanymouth, KY 32735",2025-05-03T14:26:20.517814
CUST_000227,Eileen,Morris,PERSON,216-59-9823,1963-01-17,deborahsmith@example.com,3022687681,"156 Hughes Villages Apt. 175, South Albert, WA 03093",2025-06-30T14:26:20.518024
CUST_000228,Becker-Fletcher,,BUSINESS,91-8713146,,christopheraustin@example.com,001-833-375-0479x303,"83999 Cameron Crossroad Apt. 249, New Jessica, KY 25647",2024-09-22T14:26:20.518227
CUST_000229,Melanie,Johnson,PERSON,710-87-8732,1982-06-30,bsmith@example.net,+1-205-666-4187x75803,"PSC 8750, Box 6351, APO AP 03826",2025-06-28T14:26:20.518349
CUST_000230,Veronica,Perez,PERSON,707-55-1220,2003-01-25,frankcollins@example.net,+1-710-276-0954x3173,"99717 Christopher Circle, South Lawrenceland, WY 17217",2025-03-31T14:26:20.518545
CUST_000231,Ellison Group,,BUSINESS,88-9111742,,turnerconnie@example.org,808-504-6619,"6769 Matthew Spring, South Zacharyshire, ID 14657",2025-05-28T14:26:20.518718
CUST_000232,Smith Ltd,,BUSINESS,85-5502929,,watkinsmary@example.net,(584)456-7972,"49685 Silva Plains, East Terrance, PA 45445",2025-10-21T14:26:20.518897
CUST_000233,Kelly,Cordova,PERSON,531-76-2370,1944-08-10,hendersonjames@example.org,+1-631-853-7795x9959,"0730 Heather Mountain, East Timothy, WI 43953",2026-06-20T14:26:20.519091
CUST_000234,"Bennett, Ross and Mckenzie",,BUSINESS,67-5091349,,coxcharles@example.org,+1-212-547-3950,"42583 James Fall, Reneetown, MP 89296",2025-05-29T14:26:20.519324
CUST_000235,Gray Inc,,BUSINESS,53-1481506,,sharon47@example.org,(852)789-6112x233,"309 Melissa Hill Apt. 530, Moniquehaven, OR 64593",2025-04-28T14:26:20.519461
CUST_000236,Acosta Group,,BUSINESS,33-9179730,,jacksonpaul@example.net,001-885-278-7255x87774,"3634 Oneal Ports, Port Neil, OH 11610",2026-02-11T14:26:20.519639
CUST_000237,Walton LLC,,BUSINESS,43-6709938,,ostone@example.net,8787956776,"6027 Joseph Club Suite 148, Port Joshuabury, CT 16044",2025-12-04T14:26:20.519787
CUST_000238,Ward PLC,,BUSINESS,81-1170307,,matthewleonard@example.com,243-992-8404x4566,"3337 Zachary Turnpike, Sharpmouth, MA 11756",2025-04-05T14:26:20.519966
CUST_000239,Lawrence,Lopez,PERSON,789-90-6844,1954-12-18,bfarrell@example.com,(892)840-7553,"845 Ashley Bypass Apt. 259, Bairdborough, MO 08851",2026-06-21T14:26:20.520150
CUST_000240,Amanda,Lopez,PERSON,112-43-9331,2006-02-14,christopher18@example.org,5975023164,"0580 Mark Loop, Mooreville, DC 70814",2025-07-27T14:26:20.520321
CUST_000241,Mendoza-Jones,,BUSINESS,81-5031966,,davidharris@example.com,001-272-499-4938x743,"385 Stevens Ports Apt. 147, Isabellaport, MO 80851",2024-10-09T14:26:20.520533
CUST_000242,Perry and Sons,,BUSINESS,92-9234615,,qellis@example.org,001-991-860-3248x413,"Unit 8151 Box 1856, DPO AA 22106",2025-06-15T14:26:20.520626
CUST_000243,Johnny,Hunter,PERSON,474-04-1200,1984-02-26,vjames@example.com,960.904.1257,"727 Skinner Extension, New Craigport, DE 70579",2026-06-13T14:26:20.520807
CUST_000244,"Myers, Jones and Gallagher",,BUSINESS,38-7784725,,eric52@example.org,001-208-237-0816x470,"53310 Johnson Bridge, Loriland, IN 13162",2024-10-08T14:26:20.521017
CUST_000245,Laura,Rivas,PERSON,172-93-2737,1943-09-15,ochoamarcus@example.net,393.786.6133,"5063 Robinson Shoals, Debrastad, AZ 09326",2025-11-07T14:26:20.521227
CUST_000246,Jenkins PLC,,BUSINESS,70-9907391,,gbird@example.net,+1-792-441-9562,"715 Charlotte Prairie Suite 683, East Andrewville, ME 31485",2025-09-29T14:26:20.521377
CUST_000247,"Patterson, Sanchez and Miller",,BUSINESS,80-6549757,,nicholasphillips@example.org,(630)239-7524x5086,"3380 Laurie Square Apt. 968, Isaiahtown, CA 64941",2025-09-21T14:26:20.521616
CUST_000248,Mckay Inc,,BUSINESS,44-6144280,,shawnamartinez@example.org,001-483-538-1674,"344 Faulkner Flats, Michellefort, CO 47632",2026-01-02T14:26:20.521796
CUST_000249,Raymond,Jackson,PERSON,452-55-8279,1982-02-24,ywolf@example.com,4666149828,"4689 Jones Dale Suite 323, North Michellestad, NM 53526",2026-05-16T14:26:20.521985
CUST_000250,Sara,Bentley,PERSON,761-48-6293,1973-12-31,ortizbenjamin@example.org,(592)536-4587x5066,"024 Blackburn Drive Suite 399, North Darryl, CO 84963",2025-10-28T14:26:20.522203
CUST_000251,Jennifer,Cruz,PERSON,724-76-1317,1975-12-21,nancymartin@example.com,448-686-9461x195,"402 Smith Cliff Suite 864, Jacksonstad, HI 92781",2025-03-17T14:26:20.522423
CUST_000252,Dennis,Tucker,PERSON,515-15-7384,1979-04-10,jacobbrown@example.org,001-334-767-9121x41614,"7100 Walton Avenue, North Jasontown, MS 79535",2026-03-04T14:26:20.522642
CUST_000253,Abigail,Hayden,PERSON,273-63-7754,1992-03-07,rrogers@example.com,235-366-9055x10762,"357 Robertson Shore Apt. 050, Morganmouth, TX 58737",2025-05-09T14:26:20.522835
CUST_000254,Lawson Group,,BUSINESS,85-9801946,,baileysheila@example.com,+1-616-949-3289x80271,"78333 Karen Shoals Apt. 160, West Raven, WI 37248",2025-01-13T14:26:20.523014
CUST_000255,Ball Ltd,,BUSINESS,22-4256752,,qlynn@example.org,+1-828-571-5399x15668,"1115 Julie Crescent, Davidmouth, MS 76118",2025-11-17T14:26:20.523162
CUST_000256,Jillian,Collins,PERSON,605-69-3111,1998-04-25,xflores@example.net,(989)793-1608,"77294 Julie Vista Apt. 954, West Wendyshire, NJ 83217",2025-09-12T14:26:20.523336
CUST_000257,Maria,Simpson,PERSON,722-49-0964,2007-06-06,eric33@example.net,001-702-876-4208x6567,"3861 Marcus Turnpike Apt. 472, South Heather, LA 19483",2025-11-11T14:26:20.523505
CUST_000258,Jason,Brock,PERSON,201-95-0150,1965-05-05,gregoryvanessa@example.org,(862)401-5720x1859,"01367 Watts Extensions Suite 176, Cynthiamouth, MN 02021",2024-09-21T14:26:20.523716
CUST_000259,David,Miller,PERSON,501-83-8352,1956-01-03,vhill@example.org,001-726-376-4921,"0688 Brown Villages, Port Karenville, HI 79026",2025-12-10T14:26:20.523915
CUST_000260,Heather,Smith,PERSON,458-41-2016,1943-05-17,denisemiller@example.com,001-601-918-4582x60340,"585 Hailey Shore Apt. 303, West Melissa, IL 18091",2026-07-23T14:26:20.524114
CUST_000261,"Arnold, Vargas and Ramirez",,BUSINESS,99-3118618,,qjones@example.com,(726)471-4628x3143,"6609 Chris Crossing, Lake Amyland, MA 84410",2024-12-02T14:26:20.524329
CUST_000262,Cox LLC,,BUSINESS,23-1205779,,dustin34@example.org,963-361-1284,"491 George Terrace Suite 258, Woodsberg, KS 01745",2025-02-06T14:26:20.524476
CUST_000263,"Palmer, Moore and Martinez",,BUSINESS,70-9031491,,rbradley@example.org,001-853-596-7275x7844,"6511 Jessica Course, New Brian, WA 37968",2025-06-22T14:26:20.524688
CUST_000264,"Noble, Stokes and Smith",,BUSINESS,33-1861958,,urhodes@example.org,578.281.6093x0685,"832 Michael Dale, Stephaniechester, NM 50189",2026-01-01T14:26:20.524903
CUST_000265,Brooks Inc,,BUSINESS,24-2096280,,robin38@example.org,947-944-3096x3480,"754 Rodriguez Keys, South Michael, CT 56967",2025-08-02T14:26:20.525050
CUST_000266,Gonzalez-Rice,,BUSINESS,19-1899411,,robertgentry@example.org,(443)676-5456,"722 Burgess Avenue Suite 313, Billyfurt, MT 98008",2026-04-14T14:26:20.525265
CUST_000267,Mark,Johnson,PERSON,683-26-7853,2005-12-21,david78@example.com,+1-225-568-6211x02258,"9067 Campbell Corner Suite 392, East Juan, DE 35042",2025-02-17T14:26:20.525443
CUST_000268,"Wright, Hoover and Gonzalez",,BUSINESS,20-5163953,,hayneswayne@example.org,592.431.2604,"06684 Jeffrey Meadow, Brownchester, SD 07271",2026-05-18T14:26:20.525686
CUST_000269,Rodriguez-Cox,,BUSINESS,87-4786401,,jennifer35@example.org,(300)805-3474,"5411 Felicia Trail Apt. 555, Johnview, IL 77089",2025-03-30T14:26:20.525855
CUST_000270,Miller-Rodriguez,,BUSINESS,67-8427625,,williamstanya@example.net,937.511.8954,"23684 Jacobson Mission, South Carloschester, NC 66544",2025-11-16T14:26:20.526068
CUST_000271,Jackson LLC,,BUSINESS,49-2010496,,keithsosa@example.org,001-836-878-8127x868,"02939 Natasha Turnpike, Gordonhaven, KS 40269",2024-12-31T14:26:20.526259
CUST_000272,Melissa,Phillips,PERSON,275-71-1952,1952-05-06,fergusonkelly@example.net,(242)740-3381,"1842 Villanueva Hill Suite 005, Lake Tammy, HI 34053",2026-02-16T14:26:20.526477
CUST_000273,Teresa,Medina,PERSON,889-75-1744,1989-11-06,qbautista@example.net,+1-598-837-3543x9627,"72722 Ashley Stream Apt. 404, East Lisa, TX 80169",2025-12-20T14:26:20.526663
CUST_000274,Jacob,Thomas,PERSON,437-32-7456,2002-07-14,hgarcia@example.org,001-609-416-6010x0231,"USS Sparks, FPO AE 14439",2026-04-09T14:26:20.526814
CUST_000275,Amy,Meyers,PERSON,874-91-1393,1954-06-21,cmalone@example.org,657-323-0848x1001,"03036 Hernandez Shoal Suite 361, Jacksonville, IN 13835",2026-03-23T14:26:20.527009
CUST_000276,Stephanie,Campbell,PERSON,079-79-5468,1948-10-04,huangcassandra@example.org,(785)692-6249x45147,"22526 Griffith Turnpike, Briggsville, OK 56528",2026-04-09T14:26:20.527225
CUST_000277,Susan,Ramirez,PERSON,093-42-2090,1953-01-29,fgomez@example.com,569.852.3668x7887,"931 Michael Ford Apt. 587, North Brian, MI 47799",2025-07-25T14:26:20.527398
CUST_000278,Phillips and Sons,,BUSINESS,98-8883823,,osanchez@example.org,001-421-226-0650x1917,"31096 Kathy Mountains, Lake Allison, ME 62129",2025-11-22T14:26:20.527544
CUST_000279,Robert,Rogers,PERSON,801-83-0217,1960-03-18,brianday@example.net,001-828-420-6678x49843,"623 Montgomery Forges, Whiteside, PA 10620",2026-01-22T14:26:20.527763
CUST_000280,"Mcdonald, Edwards and May",,BUSINESS,46-8617381,,zmartin@example.com,+1-463-341-1159x5034,"3830 Joseph Port, New Valeriefort, AZ 06798",2026-07-06T14:26:20.527975
CUST_000281,Leonard,Harding,PERSON,009-46-4627,2005-11-27,leonardmyers@example.com,(815)968-1820,"2271 Stephanie Fort, Port Erin, FL 94683",2025-12-20T14:26:20.528167
CUST_000282,Eugene,Stuart,PERSON,529-94-9974,1985-01-02,seth25@example.com,(996)306-3399x129,"8171 Edwards Hill, North Joshua, MN 46817",2025-07-08T14:26:20.528338
CUST_000283,Christopher,White,PERSON,791-59-4227,2007-10-08,kathryn72@example.org,001-970-754-6692,"1687 Rich Springs Apt. 903, East Melissaport, MS 21237",2025-03-08T14:26:20.528513
CUST_000284,Ashley,Nash,PERSON,229-50-7574,1986-03-19,steven87@example.org,721-766-3651,"Unit 7371 Box 4708, DPO AE 62100",2024-11-22T14:26:20.528621
CUST_000285,Dustin,Lewis,PERSON,582-05-9849,1993-05-10,mayermichael@example.com,830.330.6442x1214,"8342 Christopher Meadow Suite 423, Sherifort, NJ 70690",2025-12-18T14:26:20.528819
CUST_000286,Haley,Martin,PERSON,714-56-5812,2002-10-08,jmorrow@example.net,919.492.5502,"64807 Cynthia Route Apt. 033, Hortonburgh, PA 49988",2026-07-05T14:26:20.529003
CUST_000287,Javier,Clark,PERSON,196-87-9451,2005-08-28,lisa04@example.com,917.876.6558x68512,"664 Walters Squares, North Lindaville, CO 85648",2026-03-31T14:26:20.529176
CUST_000288,Jensen Group,,BUSINESS,86-5842082,,crawfordkaren@example.net,978-890-4633,"57660 Casey Parkways Suite 444, Nuneztown, MH 54837",2025-06-24T14:26:20.529366
CUST_000289,Antonio,Johnson,PERSON,810-48-8503,1996-06-22,matthew96@example.org,+1-863-496-0962,"263 Jennifer Crossroad Apt. 964, West James, CO 03861",2025-05-25T14:26:20.529529
CUST_000290,Smith-Carrillo,,BUSINESS,99-7752972,,anthonyzimmerman@example.org,001-660-527-5233,"640 Miller Divide, Lake Traciville, DE 60679",2025-12-12T14:26:20.529738
CUST_000291,"Martinez, Thomas and Green",,BUSINESS,66-2349590,,christophersnyder@example.com,561.870.6171,"722 Smith Fall Apt. 155, Cooleyside, AL 21261",2025-01-12T14:26:20.529993
CUST_000292,Aimee,Scott,PERSON,125-25-9931,1942-09-21,holmeskathleen@example.org,(513)305-2312x447,"7686 John Flat Suite 619, Gabrielborough, VA 64442",2025-07-01T14:26:20.530190
CUST_000293,Andrade-Henderson,,BUSINESS,87-5200476,,lisa91@example.net,(863)695-5172x0849,"0125 Gibbs Knolls Apt. 135, Dustinmouth, DE 01763",2026-08-21T14:26:20.530369
CUST_000294,Lucas,Smith,PERSON,337-28-7625,1979-04-20,rachel81@example.com,793-783-1849x1966,"7046 David Extension, Brittanybury, OK 03288",2026-01-25T14:26:20.530529
CUST_000295,Justin,Schneider,PERSON,877-74-0077,2002-09-14,david60@example.net,705.901.7164x45561,"7715 Anthony Causeway Apt. 215, Perezland, ID 95411",2024-10-28T14:26:20.530704
CUST_000296,Cabrera-Medina,,BUSINESS,83-1674975,,villamiranda@example.com,6104414596,"PSC 9712, Box 5296, APO AP 59061",2026-03-21T14:26:20.530850
CUST_000297,"Martinez, Rose and Lane",,BUSINESS,76-8419378,,ubray@example.net,231.544.1583x3117,"6371 Clark Ramp, Kathleenport, VT 60010",2025-12-06T14:26:20.531071
CUST_000298,Diana,Abbott,PERSON,109-17-3585,2003-01-18,nhester@example.net,363.414.6249,"130 Lopez Burgs, Stanleymouth, MI 35310",2025-01-25T14:26:20.531262
CUST_000299,Mcintosh Inc,,BUSINESS,91-9249789,,ryan26@example.net,(885)407-4510x66343,"610 Susan Forges Apt. 009, Johnside, CT 36606",2026-06-15T14:26:20.531399
CUST_000300,Andrade Ltd,,BUSINESS,54-7850944,,gmyers@example.org,001-947-632-3549x4012,"51225 Thomas Bridge, Pattersontown, HI 35082",2025-10-10T14:26:20.531564
CUST_000301,Jackson Inc,,BUSINESS,95-2754894,,tara90@example.com,471.400.9438,"5775 Alvarado Glen, Stephenstad, ME 93582",2026-04-05T14:26:20.531707
CUST_000302,Vance-Hampton,,BUSINESS,62-9312590,,rrodriguez@example.net,001-502-363-2570x3965,"148 Archer Wells Apt. 455, Lawrenceview, ME 25479",2025-11-25T14:26:20.531909
CUST_000303,Riley Ltd,,BUSINESS,80-1615675,,mary16@example.com,001-654-410-7272,"40703 Petersen Crossing Apt. 740, Belltown, AR 33456",2025-06-08T14:26:20.532067
CUST_000304,Devin,Koch,PERSON,805-65-9188,1951-04-03,reevesdouglas@example.net,569.814.3075,"4942 Shelton Islands, Lake Katrina, KS 18286",2025-10-29T14:26:20.532271
CUST_000305,Spencer-Turner,,BUSINESS,51-2944841,,evanssara@example.com,+1-726-961-2875,"6708 Susan Manor Apt. 294, New William, DC 81882",2025-07-30T14:26:20.532471
CUST_000306,Amy,Cunningham,PERSON,301-07-6434,1949-04-10,fordkathryn@example.net,701.204.1591x497,"382 Taylor Spring, West Courtney, VA 01346",2024-11-12T14:26:20.532681
CUST_000307,Hanson-Gonzalez,,BUSINESS,62-1909393,,smithcassandra@example.org,913.431.7087x60146,"791 Thomas Brooks Apt. 232, South Timothy, LA 87996",2026-03-08T14:26:20.532895
CUST_000308,Haley Group,,BUSINESS,89-9363326,,elizabeth66@example.net,876-262-0471,"970 Estes Mountain, Hillburgh, MI 66120",2024-12-15T14:26:20.533050
CUST_000309,"Clark, Orr and Warren",,BUSINESS,16-4415140,,thompsonedward@example.net,001-495-672-4461x7679,"959 Jones Burgs Apt. 311, Villafort, MD 30848",2025-12-17T14:26:20.533306
CUST_000310,Tina,Stokes,PERSON,751-31-1728,2001-11-24,jessicacruz@example.com,209-441-0175,"2983 Johnny Mill Suite 332, Cervantesborough, CO 76799",2025-11-26T14:26:20.533521
CUST_000311,Soto Ltd,,BUSINESS,99-9132114,,harrislisa@example.org,(969)781-5287x339,"76619 David Path, Craigfort, IN 07248",2026-05-15T14:26:20.533689
CUST_000312,Carolyn,Rivera,PERSON,230-38-4119,1967-04-06,carlos24@example.org,+1-293-389-8469,"005 Green Isle Apt. 238, Sandraton, IA 65192",2024-12-10T14:26:20.533865
CUST_000313,Charles,Gould,PERSON,625-90-0580,1964-03-24,dodsoncarly@example.net,587-724-0107,"00038 Fleming Street Apt. 870, Cannonberg, NE 92426",2024-09-20T14:26:20.534087
CUST_000314,Ronald,Taylor,PERSON,449-16-6025,1964-08-19,samuel03@example.org,590-236-8900,"2405 Morrison Gardens, Davidfurt, NJ 86691",2025-11-02T14:26:20.534264
CUST_000315,David,Jones,PERSON,257-70-3373,1974-05-14,priscilla37@example.net,858-943-8458x8105,"83483 Nathan Via, North Tiffany, UT 58209",2025-02-28T14:26:20.534428
CUST_000316,"Duran, Benton and Smith",,BUSINESS,21-4769851,,nelsonbrianna@example.com,904-296-7066,"68040 Pineda Rest Suite 493, West Jessicachester, VI 56540",2026-05-23T14:26:20.534675
CUST_000317,"Mcfarland, Goodwin and Aguirre",,BUSINESS,25-3583206,,rfarley@example.com,+1-976-599-8426,"4138 Morgan Locks, New Joshuaview, TN 33336",2025-04-24T14:26:20.534902
CUST_000318,"Patrick, Franklin and Martinez",,BUSINESS,75-5587308,,mary27@example.com,8702705783,"9851 White Trafficway, Jordanfort, DC 30309",2025-07-18T14:26:20.535109
CUST_000319,"Thompson, Pitts and Douglas",,BUSINESS,70-5089126,,dannyjohnson@example.net,579.750.8304x40580,"81335 Calderon Springs Suite 164, North Mark, WY 47724",2025-06-06T14:26:20.535356
CUST_000320,Matthew,Russell,PERSON,668-48-7712,2004-10-19,christy25@example.org,829-201-9358x8953,"1139 Ryan Crossing, New Thomashaven, NC 58306",2025-08-20T14:26:20.535530
CUST_000321,Logan,Lee,PERSON,590-38-3999,1963-01-23,jerry51@example.net,776.951.5881,"3928 Kimberly Lodge Apt. 944, Leeland, MT 55685",2025-01-11T14:26:20.535694
CUST_000322,William,Hernandez,PERSON,507-81-3246,2001-11-26,hsmith@example.com,887-812-0602x128,"834 Matthew Views Suite 999, Lake Brandonstad, NV 54093",2026-07-07T14:26:20.535872
CUST_000323,"Cole, Davenport and Roberts",,BUSINESS,63-6702160,,ugraves@example.org,001-498-612-0995x7657,"USS Hall, FPO AA 45211",2025-04-15T14:26:20.536061
CUST_000324,Elliott PLC,,BUSINESS,10-5745250,,ymitchell@example.com,001-422-303-6849x95154,"3244 Sandra Shores Suite 213, North Carmen, AZ 71257",2025-11-15T14:26:20.536212
CUST_000325,"Lloyd, Smith and Wall",,BUSINESS,29-8491822,,woodjuan@example.net,(678)327-4117x67412,"Unit 1315 Box 2854, DPO AA 83158",2025-03-14T14:26:20.536394
CUST_000326,"Hunt, Waters and Mann",,BUSINESS,54-6577416,,patricia06@example.org,001-585-638-0032x963,"74231 Aaron Cliff Suite 893, North Robert, KS 80897",2025-02-28T14:26:20.536598
CUST_000327,Welch-Young,,BUSINESS,68-6398528,,todd24@example.org,877-969-5874x1314,"27515 Bush Trail Suite 796, North Kelly, NY 28695",2026-03-07T14:26:20.536780
CUST_000328,Pamela,Patton,PERSON,063-72-5296,1958-07-02,robert76@example.com,404-573-5047x639,"952 Stephanie Brooks, Davismouth, PW 46730",2025-02-08T14:26:20.536952
CUST_000329,"Brown, Williams and Clark",,BUSINESS,39-7891662,,traciemassey@example.com,001-234-325-5638x300,"24403 Arthur Summit Apt. 662, Michelleland, CA 66628",2026-08-03T14:26:20.537193
CUST_000330,"Warner, Oconnor and Smith",,BUSINESS,70-7395997,,codychapman@example.com,994.556.8044,"4613 Hoffman Orchard Suite 883, Smithfort, VA 52096",2025-08-17T14:26:20.537449
CUST_000331,Stephanie,Farmer,PERSON,732-14-7410,1955-12-12,sandersjesse@example.com,591.345.2118x2379,"930 King Inlet Suite 205, Savageview, UT 27924",2025-04-27T14:26:20.537681
CUST_000332,Kari,Norton,PERSON,559-64-5129,2005-12-15,marcfletcher@example.net,+1-311-461-6202,"67287 Kaitlyn Plaza, Rossport, DE 57580",2026-05-10T14:26:20.537885
CUST_000333,Cortez-Beard,,BUSINESS,22-8387112,,alexandra95@example.net,+1-522-748-3958x9477,"PSC 2287, Box 0562, APO AE 62169",2026-06-06T14:26:20.538001
CUST_000334,Holder Inc,,BUSINESS,11-3418526,,jacqueline31@example.net,751.209.7921x583,"PSC 4469, Box 4596, APO AA 74047",2025-07-24T14:26:20.538084
CUST_000335,Amber,Hopkins,PERSON,080-76-2498,1947-09-18,joshuabaker@example.org,(989)565-9994,"19222 Baxter Islands, North Derrickmouth, NE 87643",2026-07-02T14:26:20.538290
CUST_000336,Murphy-Mason,,BUSINESS,43-6680114,,allenphillip@example.com,001-475-848-5819x324,"418 Pearson Fall Apt. 575, Lewisside, FM 25533",2024-12-17T14:26:20.538514
CUST_000337,Brooks-Fitzpatrick,,BUSINESS,93-2347467,,gonzalezmichael@example.org,6942515480,"0440 Michelle Mountains Suite 727, North Mikeberg, VT 96995",2025-10-15T14:26:20.538717
CUST_000338,Pitts and Sons,,BUSINESS,50-9186400,,barnesmegan@example.org,705.218.4390x552,"USCGC Butler, FPO AP 88272",2025-03-11T14:26:20.538863
CUST_000339,Bryan,Lee,PERSON,780-65-2417,1990-04-13,thompsonbradley@example.net,386.720.4485,"711 Ian Corners, West Brittany, AK 22696",2024-12-23T14:26:20.539056
CUST_000340,Kristina,Robinson,PERSON,384-59-1332,2000-05-11,kylebecker@example.org,001-524-606-4242x9563,"4741 Kelly Lakes, Kelseyhaven, NV 83210",2026-01-19T14:26:20.539261
CUST_000341,"Decker, Johnson and Davenport",,BUSINESS,39-2516313,,kmoore@example.org,001-665-543-5884x183,"82727 Watson Lane, West Jacquelinestad, VI 01536",2025-06-29T14:26:20.539485
CUST_000342,Erik,Alvarez,PERSON,345-83-1642,1953-06-08,kevin78@example.org,001-707-997-9966x73459,"38166 Finley Locks Apt. 282, Oliviahaven, ID 74948",2024-12-07T14:26:20.539662
CUST_000343,Karen,Anderson,PERSON,342-07-1482,1961-09-28,laurieellis@example.org,302.532.4412x336,"72517 Hale Mountains Suite 731, Andersonberg, MO 43376",2025-06-19T14:26:20.539881
CUST_000344,Rachael,Weiss,PERSON,748-55-9781,1967-06-30,reedelizabeth@example.net,2398235558,"PSC 3273, Box 0346, APO AE 45011",2024-10-06T14:26:20.540023
CUST_000345,Valdez-Simmons,,BUSINESS,13-1771600,,larry70@example.com,(422)868-1715x16025,"6604 Green Roads, New Lindsaymouth, NY 49367",2025-10-19T14:26:20.540202
CUST_000346,Kimberly,Joseph,PERSON,865-69-5978,1948-04-21,tinaschmidt@example.com,+1-612-205-9438x97607,"5095 Simmons Spring Suite 084, West Michael, AK 59060",2025-11-20T14:26:20.540411
CUST_000347,Evans-Johnson,,BUSINESS,57-8225725,,howardbenjamin@example.net,(532)918-1227x6457,"0291 Hunt Stream Apt. 546, Johnsonview, VA 86077",2026-04-20T14:26:20.540635
CUST_000348,Julia,Miller,PERSON,444-15-3140,1979-07-14,christina83@example.net,2598736424,"PSC 4406, Box 3062, APO AA 35504",2025-03-22T14:26:20.540744
CUST_000349,George-Daugherty,,BUSINESS,82-4020853,,colton30@example.net,231-794-9796x95867,"2773 Emily Glens Suite 091, Hoffmanstad, CO 27705",2026-03-26T14:26:20.540926
CUST_000350,Julie,Moreno,PERSON,312-38-5167,1971-05-31,njohnson@example.net,(995)596-6048,"9116 Jason Creek, Gregoryburgh, WI 96768",2026-06-28T14:26:20.541097
CUST_000351,Pierce-Bell,,BUSINESS,89-5040453,,robertgreene@example.com,001-451-458-8863x67747,"572 Patrick Shoal, Mccannchester, ID 83917",2025-04-25T14:26:20.541307
CUST_000352,Anthony,Walker,PERSON,625-80-8248,2008-08-20,udougherty@example.net,529.471.5096,"73524 Patricia Ford, Stevensmouth, IA 23684",2026-01-22T14:26:20.541488
CUST_000353,Porter-Rodriguez,,BUSINESS,91-5261032,,monica23@example.com,001-210-906-8761x6481,"6056 Patterson Crossing, East Melanieshire, WV 15152",2025-06-03T14:26:20.541667
CUST_000354,"Jackson, Gutierrez and Morgan",,BUSINESS,95-1157662,,lauraclark@example.org,217-473-4547x57494,"35954 Duffy Estate Suite 774, Lake Linda, DC 19706",2025-05-28T14:26:20.541920
CUST_000355,"Carter, Cruz and Walsh",,BUSINESS,96-3650391,,rosalesbrandy@example.org,001-404-758-8679,"567 Monica Orchard Apt. 760, West Jeffreyborough, IN 20173",2026-07-03T14:26:20.542155
CUST_000356,Franklin-Daniel,,BUSINESS,54-6018975,,santosmichael@example.com,001-708-333-5061,"79833 Robles Falls, East Hannah, NH 23757",2024-12-01T14:26:20.542363
CUST_000357,Krause LLC,,BUSINESS,98-5195951,,christopher31@example.org,340.533.3997x71805,"73189 Carmen Hills Apt. 961, Watersborough, OR 83722",2025-06-06T14:26:20.542512
CUST_000358,"Campos, Gay and King",,BUSINESS,35-7454081,,fguzman@example.net,(558)778-4448,"712 Smith Pass Suite 722, Port Ryanport, CT 58591",2025-05-10T14:26:20.542734
CUST_000359,Matthew,Mcdaniel,PERSON,843-24-3172,1993-09-01,jasonshaw@example.com,001-487-414-9392x52362,"964 Sarah Mountains Suite 524, Jessicamouth, NV 40873",2026-01-17T14:26:20.542930
CUST_000360,Elliott-Farmer,,BUSINESS,83-7022335,,gillrichard@example.com,(827)840-3344x505,"98741 John Islands, Davidshire, NJ 06530",2025-02-05T14:26:20.543139
CUST_000361,"Price, Moyer and Mccarthy",,BUSINESS,99-5953150,,joshualawson@example.com,3109548574,"6229 Andrews Points, South Johnshire, ND 87099",2026-08-25T14:26:20.543382
CUST_000362,Hawkins-Roth,,BUSINESS,45-1135861,,taylorkayla@example.net,001-555-673-2573x755,"16667 Marie Circle, Allenchester, AZ 66589",2025-02-14T14:26:20.543581
CUST_000363,Morgan,Murphy,PERSON,552-63-4631,1979-10-19,navarroannette@example.net,001-918-428-1979x31647,"95786 Richard Hill, New Mariatown, AL 30022",2025-01-04T14:26:20.543777
CUST_000364,Simmons-Green,,BUSINESS,46-4860745,,breannasaunders@example.net,239.259.2323x421,"55333 Martin Groves Apt. 350, South David, MS 03833",2025-01-03T14:26:20.543991
CUST_000365,Dillon-Dickerson,,BUSINESS,38-4189885,,omargriffin@example.com,336.491.1289,"9556 Jason Course, Timothyhaven, DE 60394",2024-12-20T14:26:20.544188
CUST_000366,Smith Group,,BUSINESS,96-3294774,,gnixon@example.com,(241)464-3167x045,"028 Donald Mountains, North Caitlynborough, VI 97474",2024-12-12T14:26:20.544338
CUST_000367,Donna,Watson,PERSON,425-21-6869,1952-06-08,judypatrick@example.org,(212)207-3465x495,"26086 Eric Bridge Suite 316, North Tanyamouth, MT 70850",2024-12-13T14:26:20.544536
CUST_000368,Scott,Vincent,PERSON,829-82-0012,1961-11-21,qlam@example.org,585-391-7793x23822,"9133 Lopez Shoals Suite 579, Kathleenberg, MD 55816",2025-11-04T14:26:20.544727
CUST_000369,Stanley-Riley,,BUSINESS,14-7121355,,adkinslauren@example.net,7322020326,"3967 Shawn Greens Suite 148, Matthewburgh, KS 45194",2026-05-05T14:26:20.544929
CUST_000370,Lindsay,Freeman,PERSON,563-59-1582,1986-02-19,kathryn41@example.com,(908)821-3711x84254,"268 Donald Springs, Port Alvin, VA 98096",2025-11-18T14:26:20.545090
CUST_000371,Fox-Chan,,BUSINESS,63-3946751,,mcbridemichael@example.org,001-882-552-1293x289,"6867 Morris Stravenue Suite 014, Jasonland, AR 99482",2026-02-23T14:26:20.545303
CUST_000372,Robert,Thomas,PERSON,843-21-3973,1967-04-26,debbiemyers@example.org,451.534.2619,"0184 Kelsey Rapid Suite 374, New Juliamouth, FL 09728",2025-03-13T14:26:20.545499
CUST_000373,"Peterson, Nelson and Travis",,BUSINESS,77-9418719,,qmassey@example.org,+1-776-592-7438x1199,"660 Michelle Harbors Suite 485, Estradaview, MI 11392",2025-12-11T14:26:20.545722
CUST_000374,Alexander,Marquez,PERSON,498-32-9598,1974-05-15,gwade@example.net,389.396.9860x9191,"Unit 3599 Box 6605, DPO AP 58204",2025-12-27T14:26:20.545842
CUST_000375,Berry-Mills,,BUSINESS,47-6682698,,oli@example.net,001-760-739-2051x46074,"7057 Mack Estates, New Kelli, OH 85473",2026-05-22T14:26:20.546029
CUST_000376,Yang-Mullins,,BUSINESS,19-3361510,,megangates@example.com,(498)835-4116x597,"5752 Marcus Creek Apt. 948, Katherineside, HI 52663",2026-01-28T14:26:20.546235
CUST_000377,"Dominguez, Gonzalez and Davis",,BUSINESS,81-7136687,,jphelps@example.net,285-562-6149x91537,"73333 Wong Forge Apt. 043, Port Cherylmouth, MT 73419",2026-06-16T14:26:20.546460
CUST_000378,"Murillo, Lee and Lopez",,BUSINESS,11-5436878,,yburton@example.net,754-565-5358x512,"87851 Jennifer Stravenue, South Joseph, MP 07474",2025-03-16T14:26:20.546671
CUST_000379,Steve,Kim,PERSON,606-56-1060,2005-07-11,andrewwest@example.net,6572215149,"2637 Ryan Spring Suite 539, Thomasside, TX 77423",2025-06-08T14:26:20.546888
CUST_000380,Huffman-Arellano,,BUSINESS,96-5398338,,josephmichael@example.org,001-319-718-6233x92207,"666 Taylor Junctions Apt. 145, Lake Russell, KS 65995",2025-01-26T14:26:20.547101
CUST_000381,Lopez Group,,BUSINESS,91-7232293,,jeremyduke@example.net,257-718-4090,"005 Torres Union, Micheleburgh, ID 83925",2026-05-29T14:26:20.547276
CUST_000382,Christine,White,PERSON,224-45-1589,2000-01-06,carolberry@example.com,001-328-727-0908x144,"73929 Pace Shoals, Bowersville, TN 73175",2025-05-22T14:26:20.547489
CUST_000383,Cameron,Sanchez,PERSON,145-31-8041,1953-07-08,dwilliams@example.com,+1-691-781-5899x88683,"6666 Tracy Overpass, West Annafurt, ME 65724",2024-12-21T14:26:20.547662
CUST_000384,Townsend-Hale,,BUSINESS,88-4713925,,lopezchristopher@example.net,001-298-825-0800x4635,"503 Stephen Ferry, Lake Luke, VT 27188",2024-11-22T14:26:20.547862
CUST_000385,Tyler,Duncan,PERSON,628-02-0742,2003-05-31,rachelwilson@example.com,4354263560,"9434 Vaughn Mall Suite 643, Kingtown, SC 91271",2024-12-05T14:26:20.548079
CUST_000386,Williams-Wang,,BUSINESS,99-6069909,,elizabethwalker@example.net,612-871-2852,"9411 Carson Flats Apt. 873, New Wendy, NJ 63260",2024-11-21T14:26:20.548297
CUST_000387,Rodriguez Inc,,BUSINESS,24-3345069,,wlopez@example.net,236-595-7279,"90254 Michael Flats Apt. 662, Williambury, HI 82711",2026-08-01T14:26:20.548444
CUST_000388,James,Barrett,PERSON,450-04-7218,1945-06-06,carolynroberts@example.org,(285)401-1688,"0213 Patrick Port Apt. 691, Port Courtney, OK 72011",2025-11-09T14:26:20.548644
CUST_000389,Smith Group,,BUSINESS,24-2630611,,ncampbell@example.com,537.494.5772x785,"4250 Trujillo Divide, South Robertside, PR 30252",2026-01-19T14:26:20.548800
CUST_000390,Vanessa,Martinez,PERSON,642-46-3410,2004-10-04,dstephenson@example.net,576.575.5562x833,"8654 Philip Mountains Apt. 874, Williamsborough, MA 72812",2025-08-15T14:26:20.548985
CUST_000391,Keller PLC,,BUSINESS,57-8031780,,cwhite@example.org,001-836-792-4926x932,"5998 Erica Turnpike, North Andrewton, MA 12290",2025-01-23T14:26:20.549129
CUST_000392,Lawrence,Winters,PERSON,208-96-2468,2005-11-07,mary59@example.com,001-477-452-4418,"962 Graves Harbors, North Elizabeth, FL 58815",2025-07-19T14:26:20.549301
CUST_000393,Colton,Williams,PERSON,391-61-6216,1973-02-20,willisvanessa@example.com,399.427.0795x515,"621 Suzanne Islands Suite 159, Smithshire, MT 22660",2025-05-03T14:26:20.549511
CUST_000394,York-Lee,,BUSINESS,45-1548888,,tina07@example.com,(603)944-7650,"029 Jessica Brook Suite 637, Priceview, UT 49671",2024-10-10T14:26:20.549690
CUST_000395,Richardson-Hunt,,BUSINESS,37-8438733,,vrussell@example.org,(348)237-4417x158,"12512 Kimberly Way, North Jennifermouth, VI 81432",2025-06-18T14:26:20.549867
CUST_000396,Chad,Aguilar,PERSON,893-59-5422,1994-03-03,salazarbrian@example.org,212.311.0633,"3792 Roberts Springs, South Jacksontown, CO 23550",2025-09-10T14:26:20.550069
CUST_000397,Terri,Baker,PERSON,556-74-3103,1988-04-23,lopezmelinda@example.org,(869)649-6843,"044 Calvin Circles, Cooperton, RI 99545",2024-10-14T14:26:20.550272
CUST_000398,Miller-Duran,,BUSINESS,79-7017548,,vsmith@example.net,959-759-1945,"7475 Jeremy Extension Apt. 567, Nguyenfurt, NH 61369",2026-07-16T14:26:20.550461
CUST_000399,Hernandez-Rojas,,BUSINESS,45-4184459,,bbarnes@example.org,862-965-0622x92310,"07624 Perez Oval Suite 662, Costaton, MI 14396",2026-05-14T14:26:20.550661
CUST_000400,Benton Ltd,,BUSINESS,21-4558545,,jfranklin@example.org,473.667.0425x49691,"259 Brown Mission Suite 633, Haleymouth, SC 62915",2024-11-28T14:26:20.550820
CUST_000401,Kristin,Peters,PERSON,592-43-3185,2002-01-14,kimberly93@example.net,001-393-837-9705,"87794 Shannon Tunnel Apt. 425, South Johntown, MD 47184",2026-07-27T14:26:20.550984
CUST_000402,"Olson, Thomas and Nelson",,BUSINESS,41-3112652,,todd59@example.net,639.591.4038,"044 Douglas Burg Apt. 615, Parsonsberg, NV 82537",2025-02-15T14:26:20.551195
CUST_000403,Patrick,Moore,PERSON,455-98-5147,1948-01-15,stephen39@example.com,729-825-0105x8752,"562 Austin Trace Apt. 459, New Brianberg, NM 08873",2026-07-08T14:26:20.551371
CUST_000404,Sara,Taylor,PERSON,105-67-2677,2004-08-21,christopherward@example.com,316-551-7680x86628,"3308 Brian Ville, South Bobby, IN 99922",2025-01-24T14:26:20.551564
CUST_000405,Jesse,Hernandez,PERSON,892-18-8202,1962-06-08,qavila@example.com,5842706810,"51958 Randy Drive Apt. 944, Williamburgh, MP 26923",2026-01-21T14:26:20.551737
CUST_000406,"Scott, Gonzalez and Hurst",,BUSINESS,28-1047572,,swilson@example.com,8793863210,"94394 Ford Rue, New Pamela, MP 33574",2025-12-07T14:26:20.551957
CUST_000407,Jay,Johnson,PERSON,013-28-2965,1999-03-20,victorcortez@example.net,276-292-7789x43191,"0476 Colton Land, Lake James, NE 97736",2026-05-06T14:26:20.552151
CUST_000408,Jones-Butler,,BUSINESS,32-2844258,,evansaustin@example.org,924-673-1072x0113,"23166 Benjamin Meadows Suite 620, Lake Bryanview, VT 37406",2024-11-09T14:26:20.552356
CUST_000409,Jennifer,Harris,PERSON,274-04-4456,2006-03-17,jimmywest@example.org,+1-909-968-7304x5195,"588 Malik Route Suite 629, Watsonstad, WI 38832",2026-05-05T14:26:20.552563
CUST_000410,Dylan,Chambers,PERSON,507-87-8885,1968-06-11,qmiller@example.org,457-578-2058x29582,"61880 Barbara Glens Apt. 357, West Jessicastad, OH 52269",2025-09-15T14:26:20.552739
CUST_000411,Alexandra,Weiss,PERSON,225-74-5753,1991-09-13,perezdawn@example.org,001-530-381-7214x364,"USNS Johnson, FPO AE 39270",2025-01-22T14:26:20.552918
CUST_000412,Clark Ltd,,BUSINESS,12-3923366,,jonesshaun@example.org,(956)209-4565x34699,"5504 Callahan Lights, South Haleystad, TX 64766",2025-12-19T14:26:20.553109
CUST_000413,Virginia,James,PERSON,500-98-1423,1973-01-01,millerjennifer@example.net,+1-517-865-3970x5487,"087 Wayne Mountain, Heidifurt, AS 70711",2026-05-10T14:26:20.553302
CUST_000414,"Ramsey, King and Wilson",,BUSINESS,77-2906718,,cthompson@example.com,(504)995-6121,"2604 Jeffrey Way, Perezmouth, AS 92353",2026-07-13T14:26:20.553521
CUST_000415,Garcia and Sons,,BUSINESS,67-7074006,,joypotts@example.net,3778560858,"8611 Jose Shores Suite 768, East David, GA 11822",2025-04-09T14:26:20.553689
CUST_000416,Ashley,Ortega,PERSON,457-85-8945,1966-02-05,timothy29@example.com,280-733-2426,"84980 Beard Dam, Samanthafort, AS 28492",2025-06-11T14:26:20.553858
CUST_000417,Jacob,Wells,PERSON,491-28-1623,1952-06-08,thomasdavid@example.net,(717)581-9236,"60560 Emily Landing Suite 793, South Christina, WY 67288",2024-12-26T14:26:20.554053
CUST_000418,Pamela,Lucas,PERSON,774-82-2577,1957-02-14,tyler16@example.net,8616812054,"8954 Dixon Lights Apt. 751, Hesterside, NC 81289",2024-11-11T14:26:20.554237
CUST_000419,"Brown, Soto and Villa",,BUSINESS,68-1522621,,brooke35@example.com,693.654.3586,"243 Marquez Plaza, Jamesmouth, OR 68673",2026-07-16T14:26:20.554445
CUST_000420,Wilson Ltd,,BUSINESS,61-8151684,,danielle39@example.net,327-653-6749x78524,"601 Lisa Glens Suite 789, Williamchester, ID 35326",2024-10-14T14:26:20.554582
CUST_000421,Brent,Patterson,PERSON,502-77-1771,1973-02-07,iedwards@example.org,650-401-4188,"09001 Davila Stravenue Suite 463, East Christine, OK 99031",2025-05-02T14:26:20.554768
CUST_000422,Reilly-Gomez,,BUSINESS,19-2355439,,edwardspencer@example.com,001-332-363-8902x19947,"37922 Joshua Alley Apt. 469, Griffinbury, CT 11248",2025-10-22T14:26:20.554981
CUST_000423,Ricky,Wallace,PERSON,154-95-6300,1998-07-21,wjohnson@example.com,876.985.5078,"19626 Jeffery Knoll Suite 434, South Caroline, NJ 03682",2026-07-11T14:26:20.555154
CUST_000424,Glenda,Elliott,PERSON,661-90-1060,1971-06-19,pricemichael@example.com,5766761645,"2239 Meghan Light Suite 031, North Christina, OH 07063",2025-12-09T14:26:20.555349
CUST_000425,Miller-Frederick,,BUSINESS,58-9901266,,jhernandez@example.com,423-664-2813x190,"30391 Kendra Grove Apt. 817, Jenniferberg, ND 24986",2025-11-19T14:26:20.555529
CUST_000426,Buchanan LLC,,BUSINESS,74-8217547,,katiepalmer@example.org,680.962.2072x23959,"132 Carlos Lane, North Justin, NC 64720",2026-06-07T14:26:20.555695
CUST_000427,Erica,Foster,PERSON,555-93-6618,2001-02-23,hhayden@example.com,+1-396-748-6287x203,"666 Brooks Island, Gonzaleztown, IL 57587",2024-11-15T14:26:20.555886
CUST_000428,Kimberly,Christensen,PERSON,461-76-2292,1984-11-05,randy20@example.org,547.467.7537x260,"PSC 1450, Box 5766, APO AE 78913",2025-07-03T14:26:20.555997
CUST_000429,Kelly-Hunt,,BUSINESS,39-7942639,,ewilliams@example.org,(253)548-2012x840,"76597 Howell Haven Suite 089, South Katherinechester, WV 67868",2025-10-04T14:26:20.556188
CUST_000430,Estrada PLC,,BUSINESS,61-7979148,,lutzeric@example.com,674-222-3196x46300,"USNS Barnes, FPO AE 55235",2026-06-11T14:26:20.556334
CUST_000431,Simmons PLC,,BUSINESS,64-6243275,,veronica30@example.org,(304)371-3727,"574 Welch Islands Apt. 984, East Lisa, NE 63860",2024-11-04T14:26:20.556481
CUST_000432,Murphy-Hicks,,BUSINESS,57-3560856,,zkaufman@example.org,001-944-412-8333,"PSC 8856, Box 6695, APO AA 11134",2024-10-13T14:26:20.556604
CUST_000433,Martin Group,,BUSINESS,18-2530497,,hamptonsara@example.org,(866)526-7055x14377,"3925 Carly Ramp, Castanedaville, CO 11289",2026-06-21T14:26:20.556783
CUST_000434,Laura,Smith,PERSON,554-55-8072,2001-09-05,victoriasmith@example.org,6247559102,"90326 Rodriguez Ramp, Christinahaven, CA 80813",2025-07-01T14:26:20.556987
CUST_000435,Justin,Brown,PERSON,621-34-2579,1984-06-19,crawfordjeffrey@example.com,6658277584,"5337 Jacqueline Camp, North Brianaville, FL 14614",2025-08-31T14:26:20.557180
CUST_000436,Whitney,Martinez,PERSON,741-10-4629,1993-02-04,beth76@example.com,889-543-7052,"46277 Bowers Wall, Shannonmouth, WA 93219",2025-02-24T14:26:20.557350
CUST_000437,Robert,Edwards,PERSON,770-73-3015,1941-03-20,stephanieperry@example.com,720-723-8974x32600,"0178 Jason Isle Suite 868, South Kayla, VA 05668",2025-01-24T14:26:20.557547
CUST_000438,Maynard-Garza,,BUSINESS,95-3050700,,amber70@example.com,906-691-7679x93593,"94640 Billy View, Allentown, NE 06761",2025-07-23T14:26:20.557724
CUST_000439,Lang LLC,,BUSINESS,95-8095702,,usmith@example.net,790-479-3884x1368,"61537 Cory Summit, Garyport, TN 34198",2026-07-26T14:26:20.557869
CUST_000440,Martin-Simmons,,BUSINESS,86-6242022,,michaelhubbard@example.com,988-711-2103x1421,"179 Floyd Knolls Apt. 526, New Sierra, VA 02890",2025-09-21T14:26:20.558082
CUST_000441,Rhonda,Oliver,PERSON,813-99-1416,2008-03-05,dustinmartin@example.net,+1-837-550-5661,"137 Hughes Row Suite 300, Lopezshire, MI 02745",2025-02-02T14:26:20.558299
CUST_000442,Vanessa,Peck,PERSON,665-44-6809,1991-09-11,montesmichelle@example.org,(919)788-1927,"534 Carter Walks, North Sheilaberg, UT 34354",2026-04-11T14:26:20.558502
CUST_000443,Kidd-Ramirez,,BUSINESS,38-2815603,,hzavala@example.com,474-346-0045,"1145 Beasley Falls, New Lauren, IN 06933",2025-09-23T14:26:20.558688
CUST_000444,Collins-Hodges,,BUSINESS,24-5673599,,cainana@example.net,001-684-284-1604x615,"017 Taylor Lake, Weaverview, GA 77945",2025-02-06T14:26:20.558896
CUST_000445,Sheila,Jacobson,PERSON,254-11-5474,1952-02-29,mccoyandre@example.org,001-522-283-6084x9378,"84526 Bartlett Heights Suite 391, Scottfort, AL 15523",2025-07-04T14:26:20.559115
CUST_000446,Richard,Lee,PERSON,260-89-2101,1979-12-03,coffeyjohn@example.net,3332016234,"061 Clark Divide, Lake Deborah, DE 48834",2025-01-01T14:26:20.559317
CUST_000447,Rowland-Gray,,BUSINESS,13-4026879,,scott32@example.org,(453)237-7460x4067,"784 Robert Heights, West Joshua, NE 02305",2025-12-11T14:26:20.559482
CUST_000448,Floyd-Moreno,,BUSINESS,53-6889195,,pbailey@example.org,534.976.4273x720,"45841 Atkins Path, Julietown, CA 74839",2026-09-10T14:26:20.559669
CUST_000449,Susan,Rodriguez,PERSON,290-33-4003,1992-03-27,courtneymadden@example.org,(505)486-9507,"644 Courtney Skyway Suite 167, East Mark, PR 44560",2026-04-23T14:26:20.559864
CUST_000450,Ruiz-Allen,,BUSINESS,18-3380261,,trevor68@example.org,001-311-392-3603x768,"233 Nathan Camp Suite 096, West Dawnmouth, MH 27906",2024-12-07T14:26:20.560033
CUST_000451,Clayton,Mclean,PERSON,627-16-1533,1995-06-25,bradleybarker@example.net,(507)636-5118,"7820 Tina Ports Apt. 432, East Joan, VA 24014",2026-06-15T14:26:20.560230
CUST_000452,James,Clark,PERSON,136-38-7551,1944-11-16,iperez@example.org,835-246-2127,"261 Kathy Forest, East Robertchester, IN 92210",2025-08-27T14:26:20.560400
CUST_000453,Adams PLC,,BUSINESS,68-6719285,,olivia29@example.net,+1-593-876-2974x54930,"91203 Ann Locks Apt. 082, Port David, PW 07153",2026-04-08T14:26:20.560538
CUST_000454,"Garrison, Stephens and Jones",,BUSINESS,49-6442241,,morganamanda@example.com,458-922-0673x231,"572 Haney Junction, North Kathytown, WI 87648",2025-02-12T14:26:20.560783
CUST_000455,Hannah,Roy,PERSON,741-04-1371,1962-08-22,millerjames@example.org,685.609.0255x618,"299 Mitchell Pike, East Gregoryport, NY 81982",2026-07-25T14:26:20.560987
CUST_000456,Kristina,Edwards,PERSON,481-06-8310,1970-04-09,williamsbrandon@example.net,836-355-1584x826,"8355 Michael View, Port Barbara, VA 05989",2026-04-08T14:26:20.561180
CUST_000457,Angela,Williams,PERSON,482-07-6664,1954-11-07,nguzman@example.net,395.809.8221x040,"804 Hayden Row, New Stacy, NM 33139",2024-10-26T14:26:20.561361
CUST_000458,Zachary,Gray,PERSON,783-25-8657,1984-10-03,jadams@example.net,826-694-2894,"2586 Dalton Tunnel, Christopherton, GU 51643",2025-12-12T14:26:20.561532
CUST_000459,Dougherty-Welch,,BUSINESS,94-8113787,,michaelchristensen@example.com,5262355824,"4644 Kelsey Street Apt. 538, Port Toni, MA 95593",2025-05-07T14:26:20.561733
CUST_000460,Owens Ltd,,BUSINESS,63-5582979,,nunezmatthew@example.com,+1-804-533-3353x84951,"19787 Amy Rest, East Brittney, SC 89470",2026-02-08T14:26:20.561901
CUST_000461,James,Robinson,PERSON,415-83-5293,2008-09-03,khanmelissa@example.net,819-287-5617,"00915 Rodriguez Crossroad, East Haleymouth, NJ 83972",2025-09-28T14:26:20.562104
CUST_000462,"Jimenez, Daniel and Morrow",,BUSINESS,24-5752087,,hornerebecca@example.org,+1-336-659-5201x491,"36875 Brenda Throughway Suite 322, New Carolyn, FL 10134",2024-10-22T14:26:20.562340
CUST_000463,Hayes LLC,,BUSINESS,77-6174418,,robert14@example.org,001-842-888-6050x537,"112 Deleon Brook, East Nancyton, NC 27132",2026-08-01T14:26:20.562485
CUST_000464,Michael,Sanders,PERSON,623-12-0447,1966-12-24,vjones@example.org,423-845-5068,"768 Christine Pine Suite 401, West Peggy, AL 69682",2025-08-08T14:26:20.562658
CUST_000465,Tracie,Deleon,PERSON,351-39-3890,1973-02-20,ricklewis@example.net,(391)601-5709x085,"74926 Wang Ports, Kaneport, MP 72944",2026-09-09T14:26:20.562872
CUST_000466,Darlene,Malone,PERSON,764-94-7475,1946-10-22,dustin59@example.com,+1-593-425-9140x8499,"34266 Ricky Squares, New Thomasfurt, SC 15930",2025-11-12T14:26:20.563034
CUST_000467,Stephen,Butler,PERSON,032-83-7242,1952-07-15,kylehahn@example.net,489.235.9538,"56129 Peterson Plaza Apt. 695, South Donna, CO 72671",2026-04-29T14:26:20.563242
CUST_000468,Berry-Cooper,,BUSINESS,47-6504979,,mcleanjay@example.net,861.423.8595x1434,"400 Timothy Fork Apt. 086, Solomonfurt, CA 07729",2026-05-17T14:26:20.563455
CUST_000469,Darryl,Petty,PERSON,397-65-3311,1945-10-25,lisarogers@example.org,3167809414,"83976 Brent Land Apt. 440, Alexanderport, MO 21775",2025-04-25T14:26:20.563660
CUST_000470,Klein Group,,BUSINESS,32-3167376,,jessicahines@example.com,+1-329-625-0817x76029,"33373 Sharon Island Suite 235, Rodriguezside, CO 61351",2025-08-23T14:26:20.563841
CUST_000471,Alex,Atkinson,PERSON,169-87-1666,1946-01-21,aaronrodriguez@example.com,885.327.7895,"84449 Jessica Extension Suite 026, Williamville, NE 36597",2025-04-22T14:26:20.564036
CUST_000472,Cooley-Young,,BUSINESS,19-7661748,,evelyncollier@example.com,981.427.7822x1021,"8629 Navarro Overpass, Hallchester, VI 30861",2026-08-04T14:26:20.564256
CUST_000473,"Sanchez, Wilson and Robertson",,BUSINESS,12-8713396,,ricky53@example.net,001-570-879-8661x77067,"50682 Donna Extension, East Crystal, MD 88828",2026-06-29T14:26:20.564456
CUST_000474,Miller Group,,BUSINESS,83-8202195,,alexis58@example.com,446-792-1821,"089 Young Road Suite 802, North Melissa, AS 04945",2025-02-06T14:26:20.564602
CUST_000475,"Holt, Hall and Wilkinson",,BUSINESS,91-8007741,,mproctor@example.net,001-348-642-4959x881,"71523 West Neck Apt. 820, Hillland, RI 08821",2025-11-24T14:26:20.564842
CUST_000476,Jennifer,Alvarado,PERSON,473-64-8720,1974-03-14,melodyandrews@example.com,872.425.8937x08580,"0405 James River, Ginashire, AZ 04516",2025-07-29T14:26:20.570444
CUST_000477,Emily,Jackson,PERSON,555-23-5614,1998-09-06,john86@example.com,001-463-625-9423,"89156 Jose Spur, Jacobmouth, VA 63848",2025-10-19T14:26:20.570612
CUST_000478,Gregory,Landry,PERSON,399-22-9429,1952-05-25,mirandawalker@example.net,+1-651-838-1865x507,"USNV Smith, FPO AA 99589",2024-12-23T14:26:20.570776
CUST_000479,Mejia-Mitchell,,BUSINESS,98-7070880,,jeffrey34@example.net,+1-718-591-1797x203,"53641 Carter Coves, Mariaborough, CT 28890",2026-06-18T14:26:20.570943
CUST_000480,"Thompson, Harvey and Lewis",,BUSINESS,23-5082173,,halvarez@example.org,367.650.0942,"USS Johnson, FPO AA 23743",2025-06-27T14:26:20.571118
CUST_000481,Reyes-Moreno,,BUSINESS,77-2319479,,hortonalexandra@example.net,7928704523,"8660 Shields Prairie, Sparksmouth, ND 58461",2025-08-07T14:26:20.571326
CUST_000482,Evans-Jackson,,BUSINESS,53-4717362,,gmccarthy@example.com,001-648-359-6559x4282,"Unit 6502 Box 0002, DPO AA 49325",2025-10-10T14:26:20.571453
CUST_000483,Danielle,Willis,PERSON,238-10-3874,1949-08-17,lloydmiranda@example.org,405.357.0836,"896 Willis Stravenue Suite 273, Colemouth, VA 38861",2026-06-30T14:26:20.571672
CUST_000484,Dawn,Hernandez,PERSON,007-17-6002,1998-03-28,samantharoberts@example.org,332.281.2312x39204,"83647 James Plaza, Cooperside, GA 62322",2025-03-22T14:26:20.571878
CUST_000485,Richard,Mccarthy,PERSON,682-59-2900,1994-03-22,timothy54@example.net,(384)972-6290x529,"160 Jennifer Crest, Thompsonmouth, TX 28690",2025-09-24T14:26:20.572051
CUST_000486,Ramos Ltd,,BUSINESS,92-3477824,,sararios@example.org,8524229993,"USCGC Lloyd, FPO AP 77201",2026-01-18T14:26:20.572196
CUST_000487,Charles,Turner,PERSON,567-71-2358,1956-10-15,markcox@example.org,001-983-958-4461,"26430 Green Glen Suite 912, Munozshire, NV 00853",2026-04-20T14:26:20.572414
CUST_000488,Duncan Group,,BUSINESS,35-3910830,,martinmark@example.net,+1-578-471-3752x988,"56083 Benjamin Cape, Kathleenfort, PA 90418",2025-01-08T14:26:20.572582
CUST_000489,Nicole,Stone,PERSON,519-73-7183,1964-06-18,heatherbowen@example.com,+1-885-323-8600x30443,"71523 Andrew Drive Apt. 950, West Jamesview, SD 96828",2024-11-14T14:26:20.572782
CUST_000490,William,Brown,PERSON,844-26-0081,1979-12-01,rmiller@example.net,919.812.6022x1321,"19111 Powell Curve, North David, VA 04684",2026-03-19T14:26:20.572965
CUST_000491,Taylor-Cooper,,BUSINESS,69-8531380,,mrandolph@example.net,001-930-649-3665x3802,"42114 Kristine Springs, Garrettberg, MA 01646",2024-10-19T14:26:20.573154
CUST_000492,"Ortega, Hendrix and Hernandez",,BUSINESS,90-6303930,,nicholas09@example.org,001-955-261-0399x529,"1243 Mcconnell Plaza, Amberfurt, ME 17584",2026-04-15T14:26:20.573365
CUST_000493,Mathis LLC,,BUSINESS,18-8867190,,beasleykimberly@example.org,(570)961-5927,"907 Ryan Wall, South Jeremyberg, VI 37384",2025-06-21T14:26:20.573533
CUST_000494,"Santos, Santana and Peterson",,BUSINESS,45-1942411,,stephanie20@example.org,001-940-730-1095x679,"157 Watson Manors Apt. 347, East Maryview, NH 57410",2025-09-21T14:26:20.573747
CUST_000495,Aaron,Williams,PERSON,061-99-1942,1994-12-04,williamsanthony@example.net,(283)317-6417x26808,"1290 Terri Squares Apt. 713, South Shawnbury, AR 61049",2025-11-03T14:26:20.573945
CUST_000496,"Perez, Miller and Williams",,BUSINESS,67-1630944,,michael84@example.com,736-921-3009x6258,"470 David Avenue Suite 339, Mooremouth, KS 57841",2026-07-20T14:26:20.574158
CUST_000497,Kim-Hernandez,,BUSINESS,46-2287332,,brenda83@example.org,001-270-300-4666x145,"9771 Johnson Summit, Brendaside, WI 72857",2024-11-25T14:26:20.574334
CUST_000498,Carlos,Espinoza,PERSON,776-90-4417,1979-10-03,john15@example.org,9498980949,"313 Garza Spur Apt. 669, Curtisfurt, CT 19957",2024-12-26T14:26:20.574507
CUST_000499,Washington Inc,,BUSINESS,69-1688246,,rcastillo@example.org,625.362.3899,"Unit 7014 Box 2620, DPO AE 61746",2025-06-13T14:26:20.574600
CUST_000500,Brent,Murray,PERSON,554-22-1732,1946-10-07,randalldonna@example.net,9414813599,"PSC 1708, Box 8948, APO AE 09755",2025-10-22T14:26:20.574746
CUST_000501,"Reilly, Shannon and Torres",,BUSINESS,74-3531028,,eugenemartinez@example.com,283.897.8570x82004,"123 Elliott Hills Suite 112, Craigshire, KY 22173",2026-07-15T14:26:20.575003
CUST_000502,"Santiago, Castro and Wagner",,BUSINESS,23-6761929,,zbarber@example.net,+1-770-840-9531x41961,"74883 Sharp Knoll, Port Sarahshire, AS 86829",2026-06-22T14:26:20.575226
CUST_000503,Elizabeth,Sanders,PERSON,300-82-0741,2000-11-15,smiles@example.net,(368)934-9604x7842,"62259 Margaret Lodge Suite 882, New Tammybury, KY 70574",2026-08-07T14:26:20.575406
CUST_000504,Ricardo,Horton,PERSON,234-79-0674,2000-07-28,tracifoster@example.org,001-387-599-1609x11413,"61337 Kline Junctions, East Bradley, KS 42603",2024-09-22T14:26:20.575613
CUST_000505,"Dixon, Morales and Chan",,BUSINESS,66-9792411,,kentmichael@example.com,001-247-824-1916x50344,"7182 Wheeler Ports, New Ambertown, VI 53022",2025-03-30T14:26:20.575857
CUST_000506,Steven,Arnold,PERSON,100-35-1305,1970-10-29,gblack@example.org,992-666-4869x89396,"USCGC Bradley, FPO AP 12336",2025-09-09T14:26:20.576008
CUST_000507,Peterson-Green,,BUSINESS,46-7499771,,linda01@example.org,+1-329-920-7536x051,"98863 Edwards Loop, North Xavier, KS 43447",2025-07-25T14:26:20.576185
CUST_000508,Greene-Gray,,BUSINESS,96-1878547,,williamsbrooke@example.net,001-642-848-9420,"Unit 4896 Box 6760, DPO AA 57622",2024-12-09T14:26:20.576332
CUST_000509,Martin-Wilkins,,BUSINESS,18-6531293,,leroy57@example.com,580-797-4533x89062,"2265 Brown Locks Suite 995, North Albert, TX 56271",2026-06-12T14:26:20.576512
CUST_000510,Foley Inc,,BUSINESS,46-5227787,,edwinwhite@example.com,(677)346-2591x60112,"860 Kathleen Plain Apt. 179, Olsonfort, OH 17258",2024-11-13T14:26:20.576693
CUST_000511,James,Miller,PERSON,592-77-5872,1970-11-28,galvanjoshua@example.org,001-664-526-1212x038,"3659 Delacruz Place Apt. 785, West Tonya, NY 23416",2025-10-10T14:26:20.576900
CUST_000512,Kyle,Martinez,PERSON,571-89-3811,1974-12-12,michael40@example.org,+1-464-945-4752x31123,"917 Santana Locks Apt. 342, Jacksonborough, VI 73257",2025-01-28T14:26:20.577086
CUST_000513,Amber,Cohen,PERSON,840-10-7779,1964-10-04,penabruce@example.org,+1-463-604-5306x935,"3400 Xavier Stravenue, Alexanderhaven, LA 67896",2025-09-23T14:26:20.577300
CUST_000514,Kirby LLC,,BUSINESS,93-7575963,,joshuaking@example.net,(544)960-8385x179,"53912 Horne Passage, Morganfurt, AS 82040",2026-05-07T14:26:20.577478
CUST_000515,Ashley,Coleman,PERSON,601-68-8430,1993-07-04,torrestricia@example.com,001-527-214-7246,"424 Rebecca Village Apt. 972, East Ashley, CT 20286",2025-11-03T14:26:20.577696
CUST_000516,Galloway Ltd,,BUSINESS,92-6510922,,kjohnson@example.net,428.380.9832,"23200 Heather Lights, Hamiltonville, AZ 04407",2026-05-09T14:26:20.577859
CUST_000517,William,Welch,PERSON,688-72-7879,1989-04-28,smithchristopher@example.com,756.514.0384,"807 Fisher Terrace, East Leslie, MT 77663",2024-11-24T14:26:20.578073
CUST_000518,Collier-Tyler,,BUSINESS,75-7070468,,smithjessica@example.org,262.205.4596x715,"4110 Hendricks Hills Apt. 134, Port Sergiomouth, CT 52775",2026-08-29T14:26:20.578296
CUST_000519,"Meyers, Hendricks and Adams",,BUSINESS,49-4024309,,nwilliams@example.org,(883)466-8348x268,"83868 Thomas Springs Suite 915, West Leahchester, HI 48082",2026-02-09T14:26:20.578511
CUST_000520,Anthony-Hudson,,BUSINESS,72-4221313,,mjohnson@example.org,(401)826-5789,"095 Shelley Tunnel, Wardhaven, MD 15938",2026-01-28T14:26:20.578697
CUST_000521,Steven,Bryant,PERSON,724-12-2261,1973-11-30,yguzman@example.org,488-824-1996,"97589 Shannon Valleys, Jenniferstad, KY 17788",2026-04-11T14:26:20.578867
CUST_000522,Daniel,Spencer,PERSON,698-38-6109,1973-10-07,floreskimberly@example.org,2923257090,"564 Stephen Forest, West Melanie, NJ 23782",2025-11-18T14:26:20.579060
CUST_000523,Wesley,Calhoun,PERSON,626-42-4588,1941-01-20,washingtondenise@example.net,(824)773-1261,"58011 Villegas Ridge, Port Steven, AS 14815",2025-04-15T14:26:20.579265
CUST_000524,Tina,Sandoval,PERSON,323-24-7003,1946-03-18,manningjeremy@example.com,7922300716,"1894 Lyons Forks Apt. 987, Watkinsshire, IL 54519",2024-11-08T14:26:20.579482
CUST_000525,Anderson-Scott,,BUSINESS,89-3198638,,amiranda@example.net,598-327-3481,"25896 Gabrielle Cliff Suite 435, Scottbury, MA 20343",2025-01-13T14:26:20.579671
CUST_000526,Moreno-Sullivan,,BUSINESS,29-3722056,,tiffany60@example.net,(773)598-3448x83842,"2805 Brown Via Suite 406, Shanemouth, MI 10994",2026-03-15T14:26:20.579851
CUST_000527,Michael,Sanders,PERSON,211-73-2995,1990-04-18,wheeleramber@example.com,001-851-307-4091x31117,"54760 Gary Burg, Lovestad, PW 31146",2025-06-25T14:26:20.580055
CUST_000528,Leslie,Gillespie,PERSON,275-90-1363,1987-02-16,orozcoelizabeth@example.org,759.550.0260x151,"9479 Johnson Haven, Port Travismouth, VT 25570",2025-07-23T14:26:20.580261
CUST_000529,Ford PLC,,BUSINESS,96-4985095,,galvanjeanette@example.net,+1-350-231-0064x93403,"36089 Brown Plains, Courtneyville, IN 86214",2025-06-19T14:26:20.580440
CUST_000530,Gilmore-Jensen,,BUSINESS,67-4925917,,susanhoward@example.org,(295)220-5610x067,"018 Love Neck Suite 037, Heatherberg, VT 29049",2025-03-19T14:26:20.580651
CUST_000531,Eileen,Hudson,PERSON,296-40-9520,1988-03-27,michelle00@example.com,576.825.5032x5017,"2417 White Circle, Lake Stacey, UT 20089",2025-11-04T14:26:20.580823
CUST_000532,Mccormick LLC,,BUSINESS,34-7171347,,melissa10@example.net,8906605308,"16673 Christina Avenue, Peggymouth, PW 60340",2024-10-22T14:26:20.580956
CUST_000533,Webster-Ferrell,,BUSINESS,69-5727345,,kmorris@example.org,529-596-4260,"27558 Chris Mountain, Wuberg, AL 58817",2025-08-21T14:26:20.581144
CUST_000534,Davis LLC,,BUSINESS,30-4350371,,jeremiahwalton@example.org,(336)921-9215,"161 Wesley Forest Suite 588, Lake Briannamouth, OK 98755",2025-01-05T14:26:20.581313
CUST_000535,Steven,Kaufman,PERSON,172-91-1544,1966-09-01,fletcherkaren@example.com,478.993.1869,"PSC 8454, Box 0182, APO AE 95185",2026-01-03T14:26:20.581456
CUST_000536,Karen,Martin,PERSON,056-23-9031,1955-03-31,amanda32@example.net,(404)314-4743,"930 Jill Street Apt. 203, West Sharonberg, IN 17697",2024-11-29T14:26:20.581620
CUST_000537,Love Group,,BUSINESS,57-2721170,,melissa21@example.org,(530)228-1650x646,"9377 Kelly Prairie, New Amandaberg, WI 09812",2024-09-18T14:26:20.581766
CUST_000538,Gabriela,Pearson,PERSON,613-12-6812,1987-02-17,harrisonnicholas@example.net,6293831043,"29131 Tucker Parkway Apt. 568, Tanyachester, MP 52045",2025-11-29T14:26:20.581977
CUST_000539,Steven,Mullins,PERSON,042-50-3832,1988-05-04,christopherhunt@example.com,(550)649-4440x766,"396 Smith Rue, Jacksonborough, DC 22644",2026-04-05T14:26:20.582190
CUST_000540,Taylor-Macias,,BUSINESS,67-9612629,,davistanya@example.com,262.958.5421,"USS Singh, FPO AA 19836",2026-04-19T14:26:20.582367
CUST_000541,"Allen, Collins and Hoover",,BUSINESS,21-4725179,,barrettashley@example.com,733-585-3247x250,"03115 Sullivan Landing Suite 576, Victormouth, MO 77417",2025-06-12T14:26:20.582613
CUST_000542,"Jacobson, Salinas and Adams",,BUSINESS,13-7960815,,stacey53@example.com,(697)446-6986x163,"5080 Schaefer River Suite 815, Port Raymond, FL 42849",2026-07-24T14:26:20.582826
CUST_000543,Johnston-Sanders,,BUSINESS,74-7274032,,pwhite@example.org,242.635.9142x614,"26145 Lewis Valleys, South Ashleybury, TN 60518",2026-01-18T14:26:20.583014
CUST_000544,Garcia Ltd,,BUSINESS,20-7289990,,johnsondebbie@example.net,978-352-2115,"PSC 8452, Box 3542, APO AA 66756",2026-01-30T14:26:20.583128
CUST_000545,Lauren,Green,PERSON,865-88-8161,1944-01-07,klee@example.net,+1-708-865-2377x72966,"14005 Lisa Plain Apt. 055, North Anthonyberg, NJ 89946",2025-10-25T14:26:20.583305
CUST_000546,Gregory,Anderson,PERSON,317-24-5240,1972-03-15,davidjohnson@example.com,291.536.8172,"552 Thompson Stravenue Apt. 929, Bowersstad, DC 94759",2024-11-20T14:26:20.583520
CUST_000547,Burch-Bell,,BUSINESS,28-3308538,,reneehernandez@example.org,+1-573-793-8992x0457,"6185 Terrence Course, New Theresaton, NY 25068",2026-08-08T14:26:20.583725
CUST_000548,Lawson-French,,BUSINESS,70-3328554,,duranlindsay@example.org,(401)307-1261x5838,"USCGC Wade, FPO AP 57483",2024-09-24T14:26:20.583903
CUST_000549,"Gill, Ferguson and Scott",,BUSINESS,67-1088100,,umendoza@example.com,001-642-423-3222x80194,"225 Brown Falls, Jasonton, MH 51568",2026-06-27T14:26:20.584123
CUST_000550,John,Prince,PERSON,810-93-7845,1999-07-01,carlholland@example.net,7465741307,"85201 Kim Extensions Suite 084, Perezfort, TN 48391",2025-12-28T14:26:20.584329
CUST_000551,Paul,Edwards,PERSON,284-61-0738,1965-04-18,ashley21@example.com,664-211-9556,"693 Hayes Parks, Lindaton, NJ 00570",2026-04-16T14:26:20.584499
CUST_000552,Smith and Sons,,BUSINESS,24-5833542,,qbray@example.org,597-512-1241,"678 Sullivan Port Suite 312, Henryfort, IN 10974",2026-01-16T14:26:20.584666
CUST_000553,"Galloway, Lopez and Kim",,BUSINESS,25-1801102,,bleonard@example.com,398-389-7865x33943,"4308 White Crossing Apt. 021, West Meganstad, NM 50064",2026-01-15T14:26:20.584896
CUST_000554,Kaiser-Hart,,BUSINESS,91-8669093,,smarsh@example.com,6008268764,"797 Dyer Corners Suite 365, Vazquezton, KS 43836",2026-07-14T14:26:20.585095
CUST_000555,Antonio,Russell,PERSON,362-41-3615,1972-09-08,chapmanpaul@example.com,001-769-427-7119,"53059 Ball Fall Suite 512, South Robert, IL 56411",2025-04-23T14:26:20.585301
CUST_000556,Kevin,Archer,PERSON,874-41-4752,2003-01-04,cheryl54@example.com,+1-863-545-4434x41491,"449 Mitchell Ports, Natalieview, AK 69421",2024-12-08T14:26:20.585471
CUST_000557,Katherine,Copeland,PERSON,717-72-2808,1950-08-24,watkinsvincent@example.org,+1-273-998-8941x321,"70754 Lee Roads, Woodfort, AS 77257",2026-04-22T14:26:20.585685
CUST_000558,Villarreal and Sons,,BUSINESS,64-1026245,,sanchezbrad@example.com,001-264-261-2939,"21375 Lin Pines Suite 359, Courtneyfort, AL 73295",2024-12-26T14:26:20.585863
CUST_000559,Arellano-Miller,,BUSINESS,40-7988844,,sherylgreen@example.com,+1-343-545-6631,"USNV Williams, FPO AE 39380",2026-03-09T14:26:20.586040
CUST_000560,Pamela,Lee,PERSON,418-21-2224,1942-12-27,jamesellis@example.org,263-210-4379x686,"294 Mullins Causeway Apt. 177, Calebview, ID 05421",2025-03-29T14:26:20.586247
CUST_000561,Clark-Flores,,BUSINESS,18-9825812,,jeremybauer@example.com,4229894665,"32829 Albert Brook, West Richard, CT 28750",2025-03-08T14:26:20.586444
CUST_000562,James,Smith,PERSON,023-29-3233,1957-12-16,ualexander@example.net,767-750-7627,"45301 Renee Street, Lisaburgh, IA 04307",2025-08-13T14:26:20.586615
CUST_000563,Nelson and Sons,,BUSINESS,15-7490791,,martinezkenneth@example.org,001-701-272-2240,"8717 Morris Green Suite 199, West Brendan, MN 84363",2025-08-30T14:26:20.586796
CUST_000564,"Perez, Brennan and Alexander",,BUSINESS,12-6991041,,vfuller@example.net,822-659-0956,"73379 Laura Courts, North Christopher, AR 16128",2026-07-09T14:26:20.587005
CUST_000565,"Ellis, Palmer and Young",,BUSINESS,40-2739191,,toni86@example.net,+1-301-670-7403x925,"517 Gerald Divide, Doughertyview, IA 29377",2025-01-29T14:26:20.587215
CUST_000566,"Gibson, Martin and Ward",,BUSINESS,27-1743829,,edward16@example.org,(654)996-3308x3344,"8878 Smith Mountain, Port Gabrielstad, RI 90038",2025-09-21T14:26:20.587426
CUST_000567,Cannon-Cohen,,BUSINESS,92-3937508,,salazarnancy@example.org,+1-677-449-2663x29563,"5225 Andres Common Suite 581, Port Cassandra, AK 86237",2024-10-15T14:26:20.587629
CUST_000568,Armstrong-Pennington,,BUSINESS,99-9028420,,brittanywilson@example.com,001-463-802-9559x63637,"206 Jones Shore Suite 980, Coltonborough, VA 14521",2024-12-09T14:26:20.587841
CUST_000569,Jeffrey,Medina,PERSON,872-06-0715,1959-04-01,janetmoore@example.net,322-712-1548,"687 Evans Branch Apt. 918, Joseside, AR 51548",2026-05-01T14:26:20.588046
CUST_000570,Kyle,Torres,PERSON,137-87-0016,1943-08-10,gthompson@example.com,387.835.8566x464,"2192 Stokes Fall, East Isaacport, UT 08884",2025-06-05T14:26:20.588229
CUST_000571,Brandon,Martin,PERSON,260-69-3555,1994-10-30,campbelltodd@example.net,001-611-379-7269,"80036 Ortiz Street, Lake Aaron, AL 46092",2025-11-20T14:26:20.588440
CUST_000572,Sharon,Adkins,PERSON,553-44-3169,1977-09-13,moniquesmith@example.net,7524438380,"PSC 9299, Box 0076, APO AP 91924",2026-08-03T14:26:20.588580
CUST_000573,Ryan,Carson,PERSON,775-56-3999,1999-01-16,meganhaney@example.org,896.933.7618x51862,"410 James Shore Apt. 339, North Emily, PR 67098",2026-08-05T14:26:20.588778
CUST_000574,"Arellano, Bailey and Lopez",,BUSINESS,49-9646701,,ricemark@example.net,001-206-377-6106x592,"19279 Huber Crescent Suite 815, Rileyside, SD 32869",2025-08-05T14:26:20.589033
CUST_000575,"Schwartz, Bell and Jimenez",,BUSINESS,42-1614394,,ewinglynn@example.org,001-466-756-8629x591,"899 Matthew Fork Suite 607, Oliviashire, VI 80170",2024-11-23T14:26:20.589267
CUST_000576,Andrew,Adams,PERSON,487-19-6751,1969-06-24,bryan79@example.net,(670)880-8974x7485,"841 Murray Heights, Stonemouth, IL 52755",2025-11-28T14:26:20.589448
CUST_000577,"Perkins, Stokes and Rodriguez",,BUSINESS,16-6568772,,lcarter@example.net,2447509286,"Unit 1026 Box 2706, DPO AA 38495",2025-12-11T14:26:20.589606
CUST_000578,Angela,Winters,PERSON,019-70-2936,1959-02-09,michael13@example.org,+1-589-983-0574,"563 Edward Mission, Roseton, AL 28400",2025-09-05T14:26:20.589765
CUST_000579,Frazier Ltd,,BUSINESS,61-8377556,,zwolf@example.org,001-695-530-5641,"7908 Sloan Brook Apt. 872, Humphreyton, AK 15311",2025-08-17T14:26:20.589933
CUST_000580,"Christensen, Patterson and Oneal",,BUSINESS,33-9324908,,williamsjoseph@example.com,742-499-0674x5686,"2215 Carr Mews, Taylorchester, WI 23865",2024-10-08T14:26:20.590186
CUST_000581,Mcmillan and Sons,,BUSINESS,57-9712003,,lynchmartin@example.org,+1-747-504-7476x4845,"13835 Tracy Common Apt. 455, North Gabriel, MP 78611",2025-12-17T14:26:20.590357
CUST_000582,Brian,Figueroa,PERSON,404-17-3029,2005-01-27,noblekimberly@example.org,001-727-772-6488x39585,"52516 Tiffany Islands Suite 591, Jonesmouth, PW 07346",2025-07-09T14:26:20.590566
CUST_000583,Allison,Walsh,PERSON,372-40-9819,1947-01-07,rgibson@example.com,353.952.4784,"973 Roberts Rapids Apt. 053, Dixontown, IN 26090",2025-07-03T14:26:20.590760
CUST_000584,David,Robinson,PERSON,086-09-3294,1957-01-03,ronaldjohnson@example.com,882.481.5278x73048,"2174 Murphy Shore, West Jessica, NJ 67591",2025-03-07T14:26:20.590964
CUST_000585,Garcia PLC,,BUSINESS,51-2721307,,kellygina@example.org,646-571-7762x9691,"99946 Green Junctions Apt. 999, Lake Benjaminton, ND 78564",2026-06-27T14:26:20.591147
CUST_000586,"Peterson, Perez and Smith",,BUSINESS,94-5960015,,marissasutton@example.com,(411)689-6844,"979 Kim Points Suite 759, Karenberg, NC 97742",2025-11-07T14:26:20.591391
CUST_000587,Kirby Inc,,BUSINESS,87-8149041,,douglasalexander@example.net,989.212.4883x971,"PSC 9844, Box 5143, APO AA 65557",2026-03-30T14:26:20.591506
CUST_000588,Mills Group,,BUSINESS,54-8501590,,millerjessica@example.net,5389856811,"5900 Martha Mills, Raystad, MD 19874",2026-08-04T14:26:20.591682
CUST_000589,"Hensley, Middleton and Richards",,BUSINESS,88-8297090,,madelinebrooks@example.net,+1-558-380-7053x26011,"742 Bailey Gardens, Williamston, UT 70115",2025-12-09T14:26:20.591936
CUST_000590,Mark,Nichols,PERSON,104-65-2016,1943-08-13,bruce24@example.org,001-973-361-5873x662,"969 Jason Garden Apt. 058, Theresachester, CO 48567",2026-07-02T14:26:20.592100
CUST_000591,"Sosa, Cole and Sanchez",,BUSINESS,56-9608154,,michelle63@example.net,492.555.1164x3690,"0289 Barajas Run, Ortizmouth, PW 33186",2024-10-21T14:26:20.592319
CUST_000592,Kenneth,Boyd,PERSON,387-33-4202,1945-05-20,gjones@example.net,001-275-535-8464x051,"73042 Barnes Manors, Port William, CT 35011",2026-08-16T14:26:20.592509
CUST_000593,Cynthia,Rhodes,PERSON,465-15-8665,1992-01-19,brittanybauer@example.org,001-269-406-7649,"874 Webster Keys Apt. 358, Taylorfort, DE 59943",2025-01-02T14:26:20.592726
CUST_000594,Beasley-Smith,,BUSINESS,14-3117788,,jshaffer@example.org,364-903-4398,"5833 Richard Trace Suite 704, East Jennifertown, RI 15275",2026-07-10T14:26:20.592913
CUST_000595,Sheri,Bailey,PERSON,525-82-6868,2006-08-17,amyfoster@example.com,920-441-2319x057,"00794 Annette Estate Suite 538, North Christineport, CT 83638",2024-11-25T14:26:20.593111
CUST_000596,Thomas LLC,,BUSINESS,56-7423230,,ujohnson@example.net,+1-472-764-9632,"2240 Collier Square Apt. 261, New Mariaton, AZ 25721",2025-02-13T14:26:20.593269
CUST_000597,Kevin,Fox,PERSON,102-89-6251,1955-05-04,ismith@example.com,320.720.0953x662,"57795 Brian Park, East Matthew, AS 74305",2025-01-05T14:26:20.593440
CUST_000598,Tammy,Johnson,PERSON,473-28-7561,1946-10-18,penageorge@example.org,838-969-0871,"45461 Rodriguez Expressway, South Marymouth, KS 40660",2024-10-21T14:26:20.593645
CUST_000599,Russell and Sons,,BUSINESS,57-7241348,,katherinecarter@example.org,(552)616-0252,"094 Harmon Mission, Warefurt, RI 03463",2025-06-19T14:26:20.593832
CUST_000600,Jared,White,PERSON,657-81-5786,1962-03-09,sandraruiz@example.org,+1-379-848-0245x5985,"91589 George Meadows, Holderport, VA 80015",2025-02-06T14:26:20.594036
CUST_000601,Leah,Dyer,PERSON,262-62-9110,1969-10-24,dmartinez@example.com,5089844740,"190 Carter Vista, North Samuel, AZ 07100",2025-03-23T14:26:20.594217
CUST_000602,Duncan-Barber,,BUSINESS,60-6274512,,philliphayden@example.net,(635)934-8486,"USS Gordon, FPO AE 29861",2024-11-20T14:26:20.594394
CUST_000603,"Sheppard, Ortiz and Hill",,BUSINESS,41-2903351,,earlfoley@example.org,523-572-0550,"88634 Chavez Ramp, New Adamhaven, NC 75439",2026-08-21T14:26:20.594635
CUST_000604,Kayla,Carroll,PERSON,093-16-4131,1948-10-23,johnsonstephanie@example.org,(292)832-7379x8979,"8186 Cooke Loaf Apt. 000, Gabriellebury, NE 16064",2025-04-23T14:26:20.594848
CUST_000605,Sharp and Sons,,BUSINESS,81-2975701,,gmiller@example.net,451-698-5458,"40153 Farmer Harbors, Jenkinsmouth, MD 49661",2025-12-22T14:26:20.595012
CUST_000606,"Lawson, Wright and Perkins",,BUSINESS,67-4599894,,michelle67@example.org,001-401-408-2402x818,"402 Taylor Pines Suite 817, Haleyberg, NH 30306",2024-12-29T14:26:20.595223
CUST_000607,Walsh-Lee,,BUSINESS,98-9240971,,ernest35@example.com,7043129182,"25590 Wade Locks Apt. 007, East Brian, NE 54030",2026-02-24T14:26:20.595401
CUST_000608,Andrew,Miller,PERSON,576-32-8559,1950-06-16,johnsonjennifer@example.net,(232)696-1512,"USNV Smith, FPO AP 56781",2026-05-01T14:26:20.595572
CUST_000609,Ryan,Nguyen,PERSON,835-99-4237,1961-12-06,arellanokevin@example.org,(376)734-6019,"3472 Young Point Suite 176, East Shelby, WV 13812",2025-06-11T14:26:20.595778
CUST_000610,Kara,Martinez,PERSON,470-86-3003,1967-07-09,hicksmelanie@example.net,(656)622-4197x6878,"290 Michael Camp, Proctorville, AS 67381",2025-06-18T14:26:20.595981
CUST_000611,Kevin,Cunningham,PERSON,309-19-2058,1956-09-16,lisa40@example.com,001-466-782-1215x6495,"64411 Ellen Ridge, Schroederside, OH 11027",2024-10-18T14:26:20.596153
CUST_000612,"Thomas, Wright and Vincent",,BUSINESS,95-6828829,,ohall@example.com,+1-894-888-2188x49680,"1102 Eugene Wells, Larryview, CO 95686",2024-09-20T14:26:20.596363
CUST_000613,Jacob,Roy,PERSON,122-91-6578,1944-03-05,psmith@example.com,(518)360-0320,"14003 Ellison Mountains, East Danielfort, WA 13464",2025-03-02T14:26:20.596546
CUST_000614,"Carson, Gill and Peters",,BUSINESS,48-3642499,,normandaniel@example.net,001-762-259-0841x94785,"75358 Jasmin Brooks, Livingstonside, NC 89105",2024-09-18T14:26:20.596789
CUST_000615,Michelle,Wallace,PERSON,763-01-7728,1950-01-25,dgeorge@example.net,371.961.6088,"Unit 2239 Box 9647, DPO AA 16310",2025-09-11T14:26:20.596907
CUST_000616,Amanda,Washington,PERSON,858-30-0661,1971-02-19,gcastro@example.org,(248)208-5578,"432 Nancy Ferry Apt. 169, Port Victoriafurt, OH 46692",2026-05-15T14:26:20.597081
CUST_000617,Melanie,Green,PERSON,683-61-0327,1967-02-27,wfleming@example.org,(891)339-5215x01642,"35084 Julian Forest, New Amandabury, OK 18451",2026-04-27T14:26:20.597254
CUST_000618,Keith,Wyatt,PERSON,516-09-3611,1942-04-25,roberta69@example.org,9537021516,"463 Elizabeth Ridges Suite 348, North Aarontown, GU 16031",2025-04-29T14:26:20.597418
CUST_000619,Nicole,Hill,PERSON,511-54-4253,1992-12-25,tracywilkins@example.net,(715)373-8551x28177,"781 Cox Drives Suite 097, East Jessica, AK 20621",2025-09-12T14:26:20.597626
CUST_000620,Buchanan-Graham,,BUSINESS,69-3177199,,kelsey67@example.com,(205)917-1073,"7837 Jay Oval Suite 438, Port Jacobmouth, LA 10055",2024-12-29T14:26:20.597795
CUST_000621,Mary,Gordon,PERSON,333-91-7521,1986-05-22,kwilliams@example.org,846-686-2728x84076,"632 Dougherty Wall Apt. 538, Alvarezberg, MI 79634",2026-07-11T14:26:20.597991
CUST_000622,Robinson PLC,,BUSINESS,60-9030667,,ebowen@example.net,4602488693,"40508 Thomas Ports Suite 159, Pattersonview, WI 01658",2025-03-27T14:26:20.598148
CUST_000623,Lee-Douglas,,BUSINESS,62-2237331,,robert07@example.net,+1-677-455-4261x903,"62732 Jasmin Extensions Apt. 711, Port Stevenstad, SD 64738",2026-05-11T14:26:20.598320
CUST_000624,Lawson-Novak,,BUSINESS,92-2244282,,hendersonbrian@example.com,(598)251-4486,"9039 Jacob Falls, Cooleyshire, WY 72537",2025-06-13T14:26:20.598529
CUST_000625,Davis LLC,,BUSINESS,97-9679860,,erikaadams@example.org,3688017703,"PSC 7050, Box 0493, APO AE 24716",2025-09-29T14:26:20.598643
CUST_000626,Robert,Ellis,PERSON,260-36-6173,1979-12-27,royscott@example.net,676-238-0839x065,"985 Holly Forges Apt. 272, Whiteland, GA 75551",2025-03-01T14:26:20.598851
CUST_000627,David,Hughes,PERSON,357-84-0783,1961-01-02,bbrown@example.net,(776)252-7284x53974,"864 Robert Park, Karentown, GA 06346",2026-05-07T14:26:20.599023
CUST_000628,"Smith, Espinoza and Garcia",,BUSINESS,74-1929673,,brookemartin@example.org,(443)490-4489x093,"32023 Jones Drives, Rebeccamouth, MI 08283",2026-05-12T14:26:20.599268
CUST_000629,Daniel,Dyer,PERSON,232-44-4648,1963-01-20,perezrichard@example.net,+1-684-539-3332,"620 Michael Summit, North David, WY 35820",2025-11-09T14:26:20.599461
CUST_000630,Karen,Davis,PERSON,594-08-7280,1993-10-03,nedwards@example.net,+1-620-712-3763x177,"62941 Rachel Junctions, New Davidfurt, NV 10464",2026-04-04T14:26:20.599634
CUST_000631,"Perez, Olson and Hall",,BUSINESS,38-6805303,,banderson@example.com,952.586.4612x0961,"845 Joseph Field, Lake Daniel, MI 91082",2025-04-03T14:26:20.599845
CUST_000632,Dalton LLC,,BUSINESS,20-5204459,,stewartjoseph@example.net,001-621-991-4308x77972,"4221 Jean Glens, Isabellaside, WY 14848",2026-02-27T14:26:20.600014
CUST_000633,"White, Pennington and Smith",,BUSINESS,26-6080553,,bvasquez@example.com,+1-769-233-3299x8651,"846 Brown Pike Suite 858, Port Joanne, GA 42527",2024-12-26T14:26:20.600237
CUST_000634,Holly,Page,PERSON,490-18-6628,1994-05-01,singhjoseph@example.com,(892)454-3551,"50182 Daniel Shore, Jacksonport, NV 23058",2025-04-20T14:26:20.600451
CUST_000635,Andrea,Lopez,PERSON,779-33-2954,1984-08-24,rosalesgavin@example.org,241.849.9290,"26604 Clayton Center Suite 632, South Maryton, AK 94502",2025-01-18T14:26:20.600667
CUST_000636,Jesse,Jones,PERSON,756-98-1383,1979-10-22,nathangonzalez@example.net,(822)247-1193,"82770 Ross Locks Apt. 607, Bergfurt, LA 29125",2026-03-25T14:26:20.600884
CUST_000637,"Fox, Ayers and Smith",,BUSINESS,82-1691125,,jeremy23@example.com,(617)362-3133x61094,"Unit 4231 Box 6544, DPO AE 98656",2026-08-18T14:26:20.601034
CUST_000638,James,White,PERSON,482-85-6363,1976-04-19,wtapia@example.org,(334)994-2904x61755,"9993 Kevin Falls, East Justinbury, NV 40825",2026-08-01T14:26:20.601208
CUST_000639,Ingram-Miller,,BUSINESS,93-4536777,,rjackson@example.com,(753)586-9479x02548,"8904 Thompson Path, Grossview, CA 86069",2025-02-08T14:26:20.601407
CUST_000640,Krause Inc,,BUSINESS,89-1508113,,jeremy55@example.com,001-542-916-4359x9009,"604 Mathis Roads Suite 143, Wagnerhaven, KS 36651",2025-04-25T14:26:20.601566
CUST_000641,Bryant Group,,BUSINESS,92-6068298,,wmiller@example.com,+1-656-346-7263x6815,"27729 Alex Path, Matthewmouth, SD 74176",2025-05-10T14:26:20.601711
CUST_000642,Paul,Roberts,PERSON,242-47-6749,1991-11-28,cjohnson@example.org,001-937-546-9833x067,"1822 Robert Walks Suite 941, Port Williamhaven, SD 66963",2024-10-15T14:26:20.601886
CUST_000643,Murphy-Shaw,,BUSINESS,48-8609207,,erica06@example.com,001-739-263-4289x87605,"221 Brown Rue Suite 186, Johnsonfurt, IL 24987",2026-07-04T14:26:20.602077
CUST_000644,Mary,Farmer,PERSON,412-98-2669,1980-01-03,wellssherry@example.net,001-328-491-9827,"37170 Short Inlet Suite 269, Ericborough, VT 91655",2026-04-08T14:26:20.602283
CUST_000645,"Nichols, Mckay and Young",,BUSINESS,63-9124385,,craigjohn@example.com,490-314-5996x7069,"05498 Susan Groves Apt. 884, Port Brian, FL 91430",2025-05-29T14:26:20.602518
CUST_000646,Erika,Yang,PERSON,478-93-8828,1948-04-20,ashaw@example.com,+1-464-331-5890x1649,"0170 Robert Hills, South Nicholeborough, AK 67764",2025-10-03T14:26:20.602691
CUST_000647,Crystal,Johnson,PERSON,656-09-7443,1951-07-19,allisonburke@example.com,+1-424-748-5007,"USNS May, FPO AA 83252",2025-10-31T14:26:20.602862
CUST_000648,Davis-Barnes,,BUSINESS,54-7689354,,hendersonbrittany@example.org,001-496-212-7662x0808,"0263 Ramirez Forge, Leahfurt, SC 85823",2026-05-06T14:26:20.603072
CUST_000649,May LLC,,BUSINESS,75-2781470,,fyoder@example.org,2423425369,"USNS Frye, FPO AA 48241",2025-10-25T14:26:20.603194
CUST_000650,John,White,PERSON,273-73-7395,1968-04-03,wrightnicholas@example.com,7247365240,"8187 Maxwell Harbors Apt. 364, North Michael, VT 75206",2025-05-27T14:26:20.603401
CUST_000651,Shannon,Jimenez,PERSON,531-48-4530,2004-07-26,mjenkins@example.org,860.666.7998,"9497 Dennis Causeway, Jacobhaven, MS 24686",2025-12-17T14:26:20.603571
CUST_000652,Ali PLC,,BUSINESS,41-3363534,,alexbutler@example.org,599.562.3569x992,"8877 Carr Landing Suite 041, West Alicia, AR 69085",2026-06-09T14:26:20.603751
CUST_000653,Stacey,Aguirre,PERSON,623-32-1568,1962-12-21,theresagreene@example.org,(960)800-1440,"3049 Jeff Crest, East Zacharyshire, NM 42627",2025-11-23T14:26:20.603944
CUST_000654,Santana PLC,,BUSINESS,88-8015136,,landerson@example.net,+1-765-464-2240,"53097 Patterson Union, New Sherryside, MH 81823",2026-01-05T14:26:20.604100
CUST_000655,Richard,Sexton,PERSON,583-70-0557,1984-11-05,richard20@example.org,953.407.9661x8695,"43474 Jennifer Island Apt. 137, Melissaville, AL 07294",2025-10-16T14:26:20.604265
CUST_000656,Henry-Gonzalez,,BUSINESS,34-3673322,,charlesewing@example.com,3365192025,"70342 Christian Inlet, Melanieport, OH 80315",2025-04-24T14:26:20.604474
CUST_000657,Chan Group,,BUSINESS,73-6176450,,vjohnson@example.net,(723)351-0765x19170,"289 Miller Knoll, Leeview, AZ 79801",2025-04-25T14:26:20.604639
CUST_000658,Lisa,Grant,PERSON,363-66-0024,1964-02-15,daniellindsey@example.com,944.296.5391x607,"304 Orozco Crest, Tracibury, PA 93803",2026-06-16T14:26:20.604847
CUST_000659,"Hernandez, Miller and Ryan",,BUSINESS,74-8671057,,briannalong@example.org,001-403-885-8864x07880,"64693 Jennifer Junctions Suite 230, New Tricia, ME 35057",2026-01-13T14:26:20.605083
CUST_000660,Melissa,Gordon,PERSON,520-07-7078,1973-11-08,criddle@example.net,(301)399-1843,"6115 Spencer Points, West Frankfurt, IA 24942",2025-01-27T14:26:20.605266
CUST_000661,"Wilson, Wheeler and Powell",,BUSINESS,16-1847927,,virginia22@example.org,439-570-7745x44708,"6199 Daniel Ports, Robertfort, AS 51289",2025-12-02T14:26:20.605476
CUST_000662,Anderson-Russell,,BUSINESS,86-8895137,,markblake@example.com,2534026184,"36860 Reilly Center Suite 306, Allentown, MN 06270",2025-11-28T14:26:20.605697
CUST_000663,David,Schmidt,PERSON,657-12-7028,1958-10-19,hansonbriana@example.org,490.791.2030,"2375 Horton Lakes Apt. 192, Williamsside, NE 06136",2026-05-29T14:26:20.605914
CUST_000664,Roy Group,,BUSINESS,27-5437118,,samantha74@example.net,344-392-0548x94453,"896 Soto Pines, West Olivia, PR 37593",2025-09-07T14:26:20.606058
CUST_000665,Sanders-Sullivan,,BUSINESS,56-1759041,,carlajennings@example.org,579-870-5660,"48607 Kenneth Way Apt. 660, East Michael, CA 48469",2025-08-02T14:26:20.606259
CUST_000666,William,Johnson,PERSON,384-26-0072,1945-04-29,erinwalters@example.org,(671)656-0587x90522,"547 Brown Lane, Jessicastad, IL 13224",2025-02-10T14:26:20.606463
CUST_000667,Erin,Flores,PERSON,479-75-0892,1962-06-04,vmartinez@example.org,001-589-586-6469x36561,"8768 Nicholas Mountain Apt. 237, Solisland, ND 35282",2025-09-10T14:26:20.606649
CUST_000668,Foley Ltd,,BUSINESS,19-7481857,,elliottfrank@example.net,(867)633-3297x323,"253 Lisa Unions, Bennettshire, SD 24989",2025-04-18T14:26:20.606825
CUST_000669,Martin-Kennedy,,BUSINESS,80-5692934,,christyfletcher@example.org,001-385-820-2320x9140,"84423 Simpson Cliffs, New Albert, TX 63844",2024-12-17T14:26:20.607035
CUST_000670,Mark,Morris,PERSON,087-43-4403,1987-08-20,peggybrown@example.com,569-599-1383x10064,"2277 Owens Ford, South Oliviahaven, UT 04927",2026-05-08T14:26:20.607240
CUST_000671,Stephanie,Morales,PERSON,306-94-7834,1942-08-20,jsmith@example.com,6364059529,"074 David Park, Andrewchester, NJ 99933",2025-08-09T14:26:20.607410
CUST_000672,Hunter-Patterson,,BUSINESS,53-7133857,,ktaylor@example.org,(920)603-6385x64614,"931 Tina Square Suite 984, West Carolhaven, NE 05007",2026-04-22T14:26:20.607591
CUST_000673,Bridget,Oliver,PERSON,323-41-0233,1999-08-27,douglasbutler@example.com,332-323-9461x2128,"534 Adam Cliffs Apt. 762, East Lisa, NC 92670",2025-01-08T14:26:20.607787
CUST_000674,Crosby-Evans,,BUSINESS,74-1675365,,matthewespinoza@example.net,771.688.8223x78870,"1349 Morales Mountain, Petermouth, NY 56649",2026-08-01T14:26:20.608003
CUST_000675,Gloria,Hanson,PERSON,581-50-3159,2000-10-17,tashachase@example.com,(836)310-8092,"16555 Cohen Lodge, Markhaven, MO 42768",2026-04-29T14:26:20.608206
CUST_000676,Walton-Howard,,BUSINESS,70-9712957,,lbell@example.com,464.600.0687x5868,"66545 Eric Glens Suite 418, Fitzpatricktown, FL 26940",2025-06-06T14:26:20.608396
CUST_000677,James,Russell,PERSON,548-55-0279,1975-07-26,maryhoover@example.org,001-817-203-6309x4423,"089 Anthony Rest Suite 134, New Kaylaland, GU 80114",2025-01-04T14:26:20.608593
CUST_000678,Thomas,Washington,PERSON,865-74-7979,1949-11-20,matthew28@example.com,735-269-4804,"7480 Jimenez Route Apt. 940, Breannaside, AZ 18897",2025-10-16T14:26:20.608767
CUST_000679,"Haas, Smith and Love",,BUSINESS,30-7592683,,joseph03@example.org,(489)225-8490x734,"774 Stevens Ridge Suite 141, Rojashaven, VA 21337",2024-12-24T14:26:20.608989
CUST_000680,Smith PLC,,BUSINESS,85-6643410,,maryflores@example.net,868.641.9623x32605,"4831 Lee Alley Suite 629, Lake Tammy, PW 89811",2025-04-15T14:26:20.609170
CUST_000681,Watson PLC,,BUSINESS,82-6029651,,harrisonvincent@example.com,001-526-455-9469x89062,"71798 Tina Extension, South Erin, OK 07921",2025-05-18T14:26:20.609338
CUST_000682,Barry,Hess,PERSON,782-55-5184,1996-09-26,jbrown@example.com,379.254.1767x553,"8159 Luke Rapids, New Biancastad, NY 80261",2025-09-04T14:26:20.609514
CUST_000683,"Burton, Jackson and Serrano",,BUSINESS,96-2838859,,williampierce@example.com,(438)302-0761x23961,"USS Chen, FPO AA 97261",2025-07-17T14:26:20.609731
CUST_000684,Payne PLC,,BUSINESS,98-1447065,,mooreashley@example.net,961.482.0706x69010,"826 Jeffrey Squares, Stanleymouth, PW 06559",2025-01-13T14:26:20.609919
CUST_000685,Reeves Inc,,BUSINESS,43-4817541,,dhenry@example.net,+1-368-433-5570x773,"55505 Lowe Bypass, Davidland, NC 63211",2026-07-26T14:26:20.610074
CUST_000686,"Munoz, Wiley and Walker",,BUSINESS,31-9795159,,jennifer44@example.org,458-583-1141x4701,"Unit 5036 Box 8715, DPO AP 98811",2024-12-11T14:26:20.610223
CUST_000687,Fuentes-Frank,,BUSINESS,28-5063384,,manningbrandi@example.com,697.680.2344x568,"403 Swanson Meadow Suite 016, East Christie, NJ 29157",2026-08-15T14:26:20.610435
CUST_000688,Katherine,Hunter,PERSON,214-16-5818,1980-04-22,tdiaz@example.org,+1-327-731-8683x029,"233 Kevin Lane Suite 185, Amandashire, NE 51496",2026-03-05T14:26:20.610608
CUST_000689,Andrew,Owens,PERSON,213-39-4779,1994-10-02,yfletcher@example.org,001-315-995-8417x4916,"21816 Debbie Heights, East Kristinport, MP 36343",2025-06-22T14:26:20.610781
CUST_000690,"Mendoza, Hale and Brown",,BUSINESS,63-3540594,,lisa37@example.com,702-292-8643x3026,"218 Robert Mission Suite 196, Gutierrezland, AL 18792",2025-07-21T14:26:20.610994
CUST_000691,Wendy,Francis,PERSON,247-36-2850,1995-11-18,taylormelinda@example.org,(934)899-8013,"5901 Lin Ridges Apt. 524, Lisaville, KY 39005",2025-07-23T14:26:20.611199
CUST_000692,Jensen and Sons,,BUSINESS,17-3316639,,kimberlybell@example.com,465-864-2601x8637,"695 Aguilar Estate Apt. 776, Lisaport, PA 06396",2025-04-03T14:26:20.611379
CUST_000693,Anthony,Ho,PERSON,812-71-5299,1940-11-17,juliacook@example.org,001-234-644-8672x2883,"14546 Nathaniel Orchard, Bettyborough, FL 47372",2025-02-19T14:26:20.611582
CUST_000694,Wilson Ltd,,BUSINESS,94-9025733,,dfox@example.net,831-320-4095x43776,"858 Brian Stream, Hannaland, ME 27518",2025-03-27T14:26:20.611738
CUST_000695,"Miller, Davis and Brown",,BUSINESS,50-3905518,,ryannichols@example.org,+1-710-878-1871x0968,"0680 Michelle View Apt. 315, Haroldborough, AL 53486",2025-06-03T14:26:20.611973
CUST_000696,Brown and Sons,,BUSINESS,79-6943949,,lopezwayne@example.com,+1-850-952-2411x4206,"45992 Cody Wall Suite 633, East Derek, DC 36922",2024-10-24T14:26:20.612142
CUST_000697,Johnson LLC,,BUSINESS,88-9123194,,mistymatthews@example.org,+1-620-556-2019x01134,"32528 Moses Crescent, East John, PA 33814",2026-03-04T14:26:20.612320
CUST_000698,Matthew,Heath,PERSON,696-37-5461,1949-04-18,jacob64@example.com,+1-476-202-4986x634,"67734 Thompson Mountains Apt. 561, Haleyfurt, MO 49119",2025-12-05T14:26:20.612495
CUST_000699,Hart-Jones,,BUSINESS,38-5993143,,ygallagher@example.org,(538)509-6641x475,"47466 Estrada Junction Apt. 896, Port Cynthia, WI 76075",2025-11-25T14:26:20.612686
CUST_000700,Andrea,Morgan,PERSON,256-20-4746,1954-06-26,lsnyder@example.org,515-671-2763x8354,"639 Robert Courts Suite 824, Lawrencebury, RI 80247",2024-10-10T14:26:20.612870
CUST_000701,"Cobb, Jones and Davis",,BUSINESS,50-9049765,,emilyporter@example.org,(283)971-0307x3726,"48967 Angela Dam, Dennisshire, IL 15944",2025-09-24T14:26:20.613113
CUST_000702,Krause LLC,,BUSINESS,46-3044708,,lbowers@example.com,001-576-325-4292x64563,"36948 Victoria Creek Apt. 664, Davischester, NV 88612",2025-02-06T14:26:20.613275
CUST_000703,Jenkins PLC,,BUSINESS,60-6790398,,jefferywalker@example.org,8165125901,"901 Jeremy Groves Suite 376, Douglasborough, TX 36366",2026-04-20T14:26:20.613455
CUST_000704,"Norton, Campbell and Petersen",,BUSINESS,15-5825636,,christopher01@example.com,393.201.4811x6049,"202 Castaneda Crest Suite 801, East Kellyville, PR 26790",2026-06-28T14:26:20.613670
CUST_000705,Shaw-Newton,,BUSINESS,66-5302415,,kevin42@example.org,953.316.0791,"15711 Wilson Wells Apt. 194, East Kevinmouth, TN 01065",2025-05-14T14:26:20.613850
CUST_000706,Evan,Cantu,PERSON,569-84-1447,1960-05-21,andersonamanda@example.net,652-871-9367x8576,"81074 Diane Light, Port Beckyport, GA 33203",2026-02-22T14:26:20.614045
CUST_000707,"Hernandez, Bailey and Wiley",,BUSINESS,81-5557052,,mckinneychristopher@example.com,850.669.6261,"52741 Don Lakes Suite 717, Abigailstad, NE 51675",2026-04-29T14:26:20.614280
CUST_000708,Cassandra,Hunter,PERSON,613-29-0957,1942-10-17,garzacourtney@example.net,967-456-3558x42271,"565 Jonathon Well, South Andrewton, CO 39044",2024-12-25T14:26:20.614474
CUST_000709,Michele,Valdez,PERSON,282-15-3646,1941-01-21,ahicks@example.org,608-371-0066x890,"76238 David Ways, East Jerome, OH 19910",2026-01-11T14:26:20.614645
CUST_000710,Henry,Hawkins,PERSON,291-02-8783,1959-08-06,michelle83@example.com,+1-399-540-0410x847,"135 Margaret Trail, Jamesmouth, FL 22092",2024-10-31T14:26:20.614806
CUST_000711,Katie,Schmidt,PERSON,135-01-7155,1960-05-19,sue80@example.net,001-778-530-2801x04194,"81447 Marsh Heights Apt. 802, Lake Williamside, RI 29765",2024-12-02T14:26:20.614984
CUST_000712,Andrew,Walker,PERSON,353-64-9163,1984-05-26,nunezjeremy@example.net,001-812-213-9743,"557 Vargas Inlet Apt. 842, Port Robertchester, OK 84076",2026-07-25T14:26:20.615190
CUST_000713,Brandon,Evans,PERSON,157-67-9958,1995-03-07,esmith@example.net,7659673374,"PSC 1652, Box 7613, APO AA 87517",2025-07-20T14:26:20.615309
CUST_000714,"Jones, Matthews and Arnold",,BUSINESS,70-2686863,,michaelreid@example.net,937-969-9296x444,"0842 Julie Glen, East Kevin, AL 04683",2024-10-19T14:26:20.615541
CUST_000715,Joshua,Gibson,PERSON,130-40-1813,1989-09-06,john69@example.org,485-657-4906x27960,"33329 Lowe Highway Suite 231, Danielleberg, NC 51209",2026-09-11T14:26:20.615716
CUST_000716,Jeremy,Ramirez,PERSON,849-18-9914,1970-04-19,rebeccavaughn@example.net,472-217-4292,"8215 Brittany Lodge Suite 937, South Jeffreyberg, GU 47025",2025-07-27T14:26:20.615911
CUST_000717,Maddox Inc,,BUSINESS,71-4346315,,brendaporter@example.com,+1-250-322-0619,"59379 Miller Circle, North Debbieburgh, VT 76754",2025-11-26T14:26:20.616089
CUST_000718,"Peterson, Garcia and Thomas",,BUSINESS,46-1992583,,nicholas47@example.org,555.494.0799x23045,"7781 Rivera Highway, Grossbury, NV 02185",2026-06-17T14:26:20.616309
CUST_000719,Kimberly,Wilson,PERSON,303-97-5780,1954-01-10,moraelizabeth@example.com,(366)750-5276x12092,"1902 John Spring, South Timothyside, TX 58408",2025-03-18T14:26:20.616505
CUST_000720,Andrew,Soto,PERSON,490-81-7006,1954-08-14,derekgonzalez@example.com,685-792-1268,"14294 Andrew Burgs Apt. 753, Port John, UT 10088",2026-03-21T14:26:20.616699
CUST_000721,Thomas Group,,BUSINESS,32-1609681,,carol86@example.com,+1-732-378-4178x376,"82011 Contreras Burgs Suite 526, Carterchester, NV 29379",2025-08-06T14:26:20.616857
CUST_000722,Brown-Thomas,,BUSINESS,33-5856449,,victoriastewart@example.com,837.656.5697,"622 Olsen Ports Suite 510, Richardberg, MD 01262",2026-08-09T14:26:20.617068
CUST_000723,Susan,Lane,PERSON,582-54-5358,1966-10-05,michele20@example.com,001-627-667-2935x09793,"91465 Jacob Turnpike, West Patricia, NH 72604",2025-11-15T14:26:20.617230
CUST_000724,Tracey,Norris,PERSON,876-90-0103,1960-03-21,teresa97@example.org,(318)640-7033x982,"37209 Stewart Stravenue, Freemanmouth, AL 52330",2025-10-08T14:26:20.617412
CUST_000725,Russell and Sons,,BUSINESS,68-9796605,,melindabowers@example.net,(830)611-2200x84842,"36796 Stacey Pass, Lake Amber, MO 65875",2025-04-29T14:26:20.617580
CUST_000726,Jennifer,Little,PERSON,715-27-6246,1941-04-21,danielle49@example.com,(792)308-5649x01324,"PSC 3500, Box 1154, APO AA 14882",2025-04-18T14:26:20.617690
CUST_000727,Cooper-Lam,,BUSINESS,44-4234838,,fernandezbrandon@example.net,001-789-804-4104x0431,"35381 Robertson Forge Suite 475, Williamborough, AZ 82350",2026-05-24T14:26:20.617903
CUST_000728,"Smith, Weeks and Black",,BUSINESS,30-8699307,,patrick71@example.com,584.901.9027x169,"15866 Rodriguez Port Suite 675, Lake James, MT 09108",2024-11-22T14:26:20.618116
CUST_000729,Kane-Ball,,BUSINESS,33-1236293,,cooktiffany@example.org,(734)558-1956x572,"99824 Paul Shoals, North Taylor, WI 92303",2025-10-06T14:26:20.618314
CUST_000730,Rogers-Williams,,BUSINESS,82-4240708,,amber46@example.com,+1-779-530-3028,"76698 Jonathan Cliff Suite 025, Port April, ME 56399",2026-03-21T14:26:20.618482
CUST_000731,Donaldson Inc,,BUSINESS,64-9644974,,ameyers@example.net,001-972-907-3827,"84252 Delgado Loaf, North Kimberly, AR 01630",2025-10-16T14:26:20.618636
CUST_000732,Scott,Miller,PERSON,075-07-2320,1989-06-03,donald44@example.com,305.977.7196,"965 Powell Motorway Suite 409, Warrenbury, ID 38193",2025-08-02T14:26:20.618819
CUST_000733,Kimberly,Smith,PERSON,630-92-6008,1951-01-26,sierra65@example.org,001-279-732-2191x43907,"360 Matthew Turnpike Apt. 150, North Chadberg, MT 01669",2026-03-11T14:26:20.618984
CUST_000734,Anthony,Johnson,PERSON,411-45-9184,1979-08-06,elizabethkirk@example.com,+1-378-433-5488x357,"9146 Tara Station Suite 643, North Nancy, CO 65362",2025-05-16T14:26:20.619184
CUST_000735,"Taylor, Sandoval and Henderson",,BUSINESS,41-1114590,,kimberlythomas@example.com,+1-254-292-7240,"86014 Tyler Island, New Andrewmouth, KY 27825",2025-12-23T14:26:20.619427
CUST_000736,Simpson Inc,,BUSINESS,40-8494978,,mbest@example.net,2333563693,"PSC 0090, Box 8993, APO AE 72989",2025-12-17T14:26:20.619519
CUST_000737,Meyer-Acosta,,BUSINESS,48-1191859,,melissa80@example.org,635.541.5892x90930,"1366 Amanda Row Apt. 812, Lake Cynthia, NC 09253",2025-12-23T14:26:20.619688
CUST_000738,Farrell-Grimes,,BUSINESS,98-4964499,,kimberly47@example.org,(931)510-5833x096,"18914 Elizabeth Rest Apt. 765, Port Jessicafurt, AS 64178",2026-07-15T14:26:20.619859
CUST_000739,Ronald,Vaughn,PERSON,101-66-8115,1973-04-06,dominiquedaniels@example.org,(436)488-5016x27629,"8809 Seth Locks Apt. 652, New Sabrina, PA 89102",2025-05-28T14:26:20.620055
CUST_000740,"Medina, Lynch and Ford",,BUSINESS,30-7801762,,lindseycunningham@example.org,(755)997-7726,"385 Logan Cliffs, Davidmouth, CT 51295",2024-10-14T14:26:20.620286
CUST_000741,Webb-Aguilar,,BUSINESS,98-2969909,,ashleydon@example.com,(751)288-7114x8600,"4928 Hoffman Overpass, Danielleton, SC 31029",2024-12-01T14:26:20.620495
CUST_000742,"Smith, Thomas and Gonzalez",,BUSINESS,57-4705235,,garcianatalie@example.com,+1-701-486-0742x9069,"Unit 2336 Box 9318, DPO AE 50890",2026-02-04T14:26:20.620676
CUST_000743,Gary,Williams,PERSON,802-64-3205,1942-01-22,lisafloyd@example.com,+1-362-649-7537x4057,"7406 Mccormick Lake Suite 453, Markland, KY 50415",2025-05-15T14:26:20.620882
CUST_000744,Diana,Kemp,PERSON,550-85-6863,1964-10-11,elizabethbrennan@example.net,948.535.8626,"8532 Michelle Valleys Suite 758, Smithhaven, MH 80317",2025-06-08T14:26:20.621092
CUST_000745,Sanchez-Mejia,,BUSINESS,63-8899184,,nwise@example.net,744.236.9580,"0509 Amanda Locks Suite 200, Gonzalezburgh, PW 99874",2025-03-15T14:26:20.621280
CUST_000746,Carrie,Gonzalez,PERSON,047-90-7659,1971-02-05,lmeadows@example.com,350-738-0162x585,"045 Diane Points, West Jasonbury, FM 08985",2026-01-06T14:26:20.621453
CUST_000747,Donald,Marshall,PERSON,272-99-3810,1996-10-07,woliver@example.com,611.412.3590,"4286 Escobar Valley, Danielton, NC 48142",2025-03-27T14:26:20.621634
CUST_000748,Walker-Lee,,BUSINESS,77-7069742,,michael51@example.com,+1-760-791-9351x1745,"706 Thomas Plains, South Stanleybury, NV 33292",2026-06-29T14:26:20.621801
CUST_000749,Paul,Cuevas,PERSON,144-12-5202,1997-03-08,sylvia26@example.com,926-808-4818,"9319 Allen Turnpike, New Carla, CA 57625",2026-07-15T14:26:20.621971
CUST_000750,Julie,Everett,PERSON,319-43-0533,1989-02-22,samanthamartinez@example.net,001-267-631-2343x888,"420 Mike Via, South Kenneth, AZ 89567",2025-02-07T14:26:20.622171
CUST_000751,Duane,Thompson,PERSON,740-31-1755,1957-06-17,thomaswang@example.com,(572)399-1154x9044,"436 Walker Underpass, North Ginaburgh, TN 77211",2026-04-01T14:26:20.622376
CUST_000752,Webb-Gregory,,BUSINESS,76-8412854,,floresricky@example.net,001-517-492-6517,"91087 Lori Drives Apt. 198, South Ashley, CA 42740",2026-05-20T14:26:20.622577
CUST_000753,Scott,Shelton,PERSON,446-62-1867,1993-04-07,derrick87@example.com,2746599153,"20268 Ann Point, East Julieport, SC 45880",2025-01-27T14:26:20.622738
CUST_000754,Jackson LLC,,BUSINESS,21-9562677,,zchavez@example.org,704.609.3467,"68810 Pamela Village, South Gerald, AR 98849",2025-06-17T14:26:20.622881
CUST_000755,Lee,Sanchez,PERSON,288-49-0985,1947-07-20,erik01@example.org,+1-382-853-2083,"60389 Deborah Squares Suite 369, South Kaitlynshire, VT 40642",2025-06-09T14:26:20.623045
CUST_000756,Deborah,Patterson,PERSON,189-06-0701,1942-04-14,christopherhale@example.org,001-707-307-1634x85089,"85119 Cindy Union Suite 545, Jacobsberg, RI 52330",2025-04-09T14:26:20.623252
CUST_000757,Morgan-Carson,,BUSINESS,68-1968662,,shawnjimenez@example.org,371.488.6263x956,"8305 Snyder Mount Apt. 388, Burgesston, GA 96109",2025-02-21T14:26:20.623476
CUST_000758,Robinson Ltd,,BUSINESS,96-6170227,,elizabeth14@example.com,(362)676-3304x1176,"2483 Carolyn Place, Clarkchester, KS 63310",2026-08-25T14:26:20.623620
CUST_000759,Skinner Group,,BUSINESS,42-1050591,,nicholas96@example.net,570.836.8830x04837,"9229 Donna Expressway, Donovanfurt, MA 78922",2026-02-05T14:26:20.623765
CUST_000760,Jeffrey,Brown,PERSON,271-07-6179,1991-03-23,bethmiller@example.com,(228)324-7183,"960 Cook Mission Suite 974, Weberton, MD 21633",2026-08-01T14:26:20.623981
CUST_000761,Rodriguez Inc,,BUSINESS,54-2069713,,ramirezmelissa@example.com,(858)518-9810x61735,"12975 West Fall Suite 169, Chelseaborough, NM 73973",2025-03-11T14:26:20.624162
CUST_000762,William,Davis,PERSON,860-28-8611,1998-09-17,myerstiffany@example.org,001-301-830-7167x532,"1317 Adams Camp, West Hannahton, IA 62920",2026-07-08T14:26:20.624369
CUST_000763,"Martin, Howard and Phillips",,BUSINESS,14-5816582,,wesley56@example.org,+1-399-981-2743x92255,"258 Crystal Ville, Marilynchester, MH 24028",2025-07-25T14:26:20.624569
CUST_000764,Rebecca,Rodriguez,PERSON,721-24-3079,1968-04-22,martinezamber@example.org,001-794-554-1384,"09307 Boyd Street Suite 909, Dominguezport, MN 76430",2026-05-01T14:26:20.624789
CUST_000765,"Marshall, Soto and Melendez",,BUSINESS,57-7416943,,hartkara@example.net,(317)373-5166,"736 Johnson Square, North Timothy, IN 93118",2025-06-14T14:26:20.625030
CUST_000766,Villegas-Mccarthy,,BUSINESS,58-2346371,,kevinsantos@example.net,(441)598-3063,"18144 Jackson Trace Suite 202, Johnstad, AL 91950",2024-10-17T14:26:20.625246
CUST_000767,Carolyn,Gonzales,PERSON,360-90-1489,1948-09-26,vsandoval@example.com,309-594-1475x398,"2451 William Views Apt. 611, Lake Jamesfurt, MD 81307",2024-11-16T14:26:20.625421
CUST_000768,White-Lane,,BUSINESS,25-3994290,,austinfrye@example.org,866.369.6922x9533,"83909 Krista Inlet, West Desiree, PR 20004",2025-03-15T14:26:20.625619
CUST_000769,Smith-Coleman,,BUSINESS,77-3136529,,williamlopez@example.com,534.988.9334,"9408 Parsons Lake Suite 243, South Sherry, DC 73178",2026-01-31T14:26:20.625830
CUST_000770,Mark,Smith,PERSON,276-27-5571,1996-07-20,lanemichael@example.net,+1-689-759-4703x9696,"6504 Martinez Plaza, North Benjamin, OR 77663",2026-08-24T14:26:20.626034
CUST_000771,Hill-Pierce,,BUSINESS,69-8115687,,rlewis@example.com,001-996-268-6679x8994,"0690 Meghan Road, Odonnellland, AK 99947",2025-03-21T14:26:20.626220
CUST_000772,Lindsey LLC,,BUSINESS,39-5152562,,zgarcia@example.com,(866)950-5188x601,"234 Tara Land Suite 985, West Mariotown, SD 44426",2025-06-02T14:26:20.626368
CUST_000773,Ortiz-Zimmerman,,BUSINESS,29-5624635,,toddcollins@example.org,001-342-686-1789x257,"USNS Rivera, FPO AP 32052",2026-03-07T14:26:20.626546
CUST_000774,Amber,Savage,PERSON,503-55-2826,1992-02-03,willie16@example.org,349.236.8063x58530,"8969 Miller Valley, North Katherine, SD 66523",2026-08-15T14:26:20.626717
CUST_000775,Hernandez-Oneill,,BUSINESS,88-1262492,,hstevens@example.com,001-670-536-5620x36344,"8963 Daniel Cliffs Apt. 335, Frazierland, NJ 94094",2026-01-13T14:26:20.626908
CUST_000776,Megan,Barrera,PERSON,460-29-2033,2000-12-14,joshua57@example.com,(926)926-3678x50898,"9443 Combs Station Suite 295, South Kara, WY 33760",2026-07-10T14:26:20.627083
CUST_000777,Natalie,Booth,PERSON,772-31-7803,1967-03-08,sgrant@example.org,520-676-7514x975,"3309 Kristina Row Apt. 940, Watsonstad, VA 66854",2025-01-16T14:26:20.627266
CUST_000778,Edward,Garner,PERSON,740-34-5627,1957-04-25,diana65@example.org,323-226-6000x47091,"561 Carol Track Suite 511, Lake Oliviahaven, IL 98657",2025-06-16T14:26:20.627437
CUST_000779,Suzanne,Cobb,PERSON,284-52-6986,1945-11-30,thomas61@example.net,+1-268-770-4796x6682,"5995 Alison River Apt. 423, North Jessica, OK 92824",2026-01-09T14:26:20.627602
CUST_000780,Jacob,Henderson,PERSON,293-03-5170,1959-08-19,nbecker@example.net,(622)914-0513x18660,"89147 Jackson Motorway, Michelleberg, AL 25139",2025-08-01T14:26:20.627786
CUST_000781,Obrien-Campbell,,BUSINESS,39-4645172,,conradjulie@example.net,(838)673-5186,"PSC 7741, Box 3135, APO AE 66755",2026-07-21T14:26:20.627933
CUST_000782,Emily,Smith,PERSON,364-66-6126,1954-01-05,ibarton@example.org,(739)288-5217x895,"128 Rivera Valley Apt. 675, East Amanda, PR 13228",2025-04-19T14:26:20.628118
CUST_000783,"Robinson, Patel and Blevins",,BUSINESS,39-6350316,,kelleyjennifer@example.org,001-403-381-4634x2924,"730 Glenn Passage Suite 273, Christopherland, LA 95361",2025-02-02T14:26:20.628354
CUST_000784,Davis-Wright,,BUSINESS,40-6062767,,nicole55@example.org,2159303044,"109 Ward Plaza, Elizabethmouth, MD 60350",2026-04-23T14:26:20.628528
CUST_000785,Richard,Franco,PERSON,443-31-5005,1962-11-06,david82@example.net,001-212-869-9452,"106 Samantha Summit, Hendrixfurt, UT 81222",2025-07-20T14:26:20.628698
CUST_000786,Smith Ltd,,BUSINESS,45-2022699,,ernestwright@example.net,968-726-8221,"PSC 6269, Box 9620, APO AP 25870",2025-02-23T14:26:20.628820
CUST_000787,Crystal,Crawford,PERSON,819-91-1415,1991-06-04,reedjerry@example.net,+1-957-622-8703x2200,"243 Crosby Drive Suite 145, Lake Lisa, MA 89222",2024-12-14T14:26:20.629040
CUST_000788,"Wilkerson, Pratt and Johnson",,BUSINESS,81-9315137,,robingould@example.com,2608480224,"4769 Williams Prairie Apt. 418, Ryanview, IL 05124",2026-07-30T14:26:20.629287
CUST_000789,Lester LLC,,BUSINESS,92-7394713,,ryan23@example.net,+1-578-388-7656,"2290 Victoria Union, New Patrick, KY 63676",2025-03-28T14:26:20.629420
CUST_000790,"Hill, Mullins and Orr",,BUSINESS,99-7984768,,molinachristina@example.org,603.351.4895x38294,"7905 Kyle Crossroad, New Michael, CO 96893",2025-07-25T14:26:20.629652
CUST_000791,Robert,Lewis,PERSON,058-73-5430,1990-04-07,dianelong@example.org,+1-448-486-8656,"82801 Eric Landing, North Samuel, NY 67903",2025-11-13T14:26:20.629845
CUST_000792,Simmons-Luna,,BUSINESS,33-8944327,,awashington@example.net,780.996.4583x7449,"53175 Sutton Station, Carolburgh, NY 92254",2026-01-13T14:26:20.630034
CUST_000793,Cindy,Hill,PERSON,726-59-4530,1946-08-17,thorntonkelly@example.net,(526)675-1199x7645,"1564 Cheryl Mill Suite 300, West Jill, GU 24577",2025-11-13T14:26:20.630239
CUST_000794,Bruce,Rodriguez,PERSON,804-25-0617,1946-07-20,barbara22@example.com,(928)848-3492,"846 Stephanie Unions, West Alanborough, ID 39824",2025-05-30T14:26:20.630401
CUST_000795,Angela,Jones,PERSON,875-43-3591,1970-07-16,nicholasibarra@example.com,(871)255-4460x5392,"4627 Brandon Isle Apt. 649, North Carolberg, VT 70062",2025-02-18T14:26:20.630599
CUST_000796,Ortiz-Rodgers,,BUSINESS,63-9891787,,leahdiaz@example.org,(915)753-8307,"26264 Sherri Land, Woodshaven, KY 38324",2026-05-02T14:26:20.630808
CUST_000797,"Foster, Griffin and Lynch",,BUSINESS,41-5278117,,guerramaria@example.org,+1-699-619-8177x55129,"253 Ruben Harbor Apt. 838, Elizabethfort, KY 58169",2026-02-20T14:26:20.631044
CUST_000798,Hamilton-Gray,,BUSINESS,92-2326581,,brandi07@example.org,(354)794-3436x877,"09490 Sullivan Square, West Michelle, MI 28092",2025-06-13T14:26:20.631221
CUST_000799,Wheeler-Owens,,BUSINESS,21-9986473,,beckdaniel@example.com,+1-447-473-4943x1487,"8564 Jeffrey Groves Suite 416, Nancystad, NH 28549",2026-03-05T14:26:20.631422
CUST_000800,Christine,Edwards,PERSON,244-19-8789,1965-08-25,michael09@example.com,394.575.8166x0284,"47040 Garcia Locks, Schultzville, KS 96122",2025-12-16T14:26:20.631605
CUST_000801,Caldwell-Burns,,BUSINESS,96-1663497,,terrimartinez@example.com,001-359-950-8374x560,"01759 Donna Canyon Apt. 706, Armstrongview, OK 04884",2026-07-04T14:26:20.631818
CUST_000802,Tracy,Reynolds,PERSON,612-23-8668,1961-12-20,sandersjane@example.org,001-959-538-9676x3536,"896 Tracy Motorway Apt. 288, West Kimberly, IL 30710",2025-01-23T14:26:20.632015
CUST_000803,Lauren,Wilkins,PERSON,772-25-0120,1945-10-09,brandonmcdonald@example.com,(974)893-6635,"480 Jane Walk, Lake Brettmouth, TX 94992",2025-05-14T14:26:20.632208
CUST_000804,Jeremy,Diaz,PERSON,644-56-5977,1978-11-03,peterjohnson@example.org,326-337-9412x88669,"21425 Linda Corner, New Tracyside, OK 19735",2025-10-11T14:26:20.632403
CUST_000805,Patrick-Grimes,,BUSINESS,11-4553544,,wdavila@example.com,344.365.3255x441,"36738 Gloria Divide Apt. 388, Lake Brittanymouth, MP 95171",2026-03-06T14:26:20.632585
CUST_000806,Roy,Turner,PERSON,103-69-4579,1999-04-29,greenemily@example.org,2143833354,"83603 William Wells Suite 477, Lake Ashleychester, TN 87665",2025-05-14T14:26:20.632781
CUST_000807,Timothy,Rodriguez,PERSON,557-31-7620,1966-05-12,aaron67@example.net,862-217-2048,"693 Jeremy Views, South Megan, SD 43559",2024-10-04T14:26:20.632940
CUST_000808,Laura,Scott,PERSON,440-60-4891,1948-02-19,moralesmarcus@example.net,001-739-306-4909x70342,"018 Jo Landing Apt. 368, New Peter, AL 61104",2025-08-06T14:26:20.633135
CUST_000809,Joshua,Wilson,PERSON,341-32-1098,1981-05-26,xchandler@example.com,(960)722-1690,"93358 Katelyn Views, Jamesland, AL 54011",2025-02-28T14:26:20.633306
CUST_000810,West-Mcclure,,BUSINESS,46-7386444,,melissa74@example.com,469-535-1021x401,"8979 Sarah Junction Suite 177, Port Toddtown, ID 04781",2025-05-27T14:26:20.633475
CUST_000811,Jenkins-Hayes,,BUSINESS,49-5388275,,barrykevin@example.org,560-551-6483x895,"87677 Mathews Branch Suite 434, Shellyshire, AS 94345",2025-09-13T14:26:20.633687
CUST_000812,Rhodes-Barnett,,BUSINESS,69-2654371,,meganfowler@example.com,001-330-233-2496x75745,"094 Swanson Forge Apt. 815, Smithmouth, PR 38447",2025-05-24T14:26:20.633910
CUST_000813,Webb Group,,BUSINESS,36-7219396,,lisa47@example.com,911-707-9764,"5728 Hernandez Loaf Apt. 485, Sherrytown, WV 27137",2025-10-31T14:26:20.634056
CUST_000814,"Smith, Romero and Frye",,BUSINESS,15-4712363,,wrice@example.net,(906)269-9261x38268,"7795 Williams Shoal Apt. 996, South Jeffrey, NH 77736",2026-04-20T14:26:20.634281
CUST_000815,Isaiah,Mcgee,PERSON,778-57-1143,1986-04-11,brownsamuel@example.org,(612)589-6220x682,"302 Christina Forks, Joshuatown, WY 53078",2025-12-23T14:26:20.634473
CUST_000816,"Preston, Davenport and Crane",,BUSINESS,47-3557039,,qknight@example.net,806.795.2357,"28537 Antonio Light Suite 488, Justinfort, WI 45149",2026-02-28T14:26:20.634685
CUST_000817,Rodriguez PLC,,BUSINESS,39-7372653,,scottmichael@example.com,(780)753-7642,"688 Stephens Burgs Apt. 039, East David, FM 10352",2025-02-10T14:26:20.634871
CUST_000818,Sally,Johnson,PERSON,096-80-5342,1978-10-21,lnielsen@example.net,+1-628-779-8728x73142,"179 Collins Crescent, Smithborough, WV 24454",2025-04-23T14:26:20.635064
CUST_000819,"Hawkins, Smith and Smith",,BUSINESS,42-9197701,,christian02@example.net,745.612.0220x1754,"792 Brian Grove Suite 627, Debratown, WI 13303",2024-11-28T14:26:20.635266
CUST_000820,Jackson-Becker,,BUSINESS,68-3822492,,kking@example.org,560.278.5483,"723 Raymond Station Apt. 601, Matthewberg, IN 18140",2025-09-21T14:26:20.635449
CUST_000821,Richard,Jones,PERSON,760-85-8709,1963-12-26,oliversteven@example.org,(701)396-7972x092,"82852 Jeremy Drive, Wilkinsonview, OK 85362",2026-04-26T14:26:20.635654
CUST_000822,Molina PLC,,BUSINESS,33-1985360,,william91@example.com,+1-355-611-6397,"5741 Melendez Hills, Serranoshire, MT 21269",2025-03-29T14:26:20.635809
CUST_000823,Paul,Reed,PERSON,082-67-8937,1956-11-16,thompsondenise@example.com,001-673-967-7244x3435,"657 Matthew Lodge, Jeffreyhaven, VI 89151",2026-07-02T14:26:20.636003
CUST_000824,Deborah,Conley,PERSON,629-74-0769,1992-08-03,josephferguson@example.org,+1-342-847-9600x0940,"76242 Reyes Tunnel Apt. 254, North Jeffrey, WY 79091",2026-09-10T14:26:20.636212
CUST_000825,Brown Inc,,BUSINESS,27-4882808,,sandra01@example.net,727-831-1722x64147,"18429 Jeff Isle, Shaneport, GA 21199",2026-07-09T14:26:20.636352
CUST_000826,Barbara,Walsh,PERSON,855-98-5293,1982-08-18,ebuck@example.com,653-990-2262,"5003 Cassie Brook, Lake Teresaton, NE 39903",2026-09-07T14:26:20.636523
CUST_000827,Megan,Russell,PERSON,886-83-5108,1961-03-09,pgordon@example.net,001-455-240-4231x697,"4939 Kevin Fort Suite 904, Melissashire, VI 24516",2025-04-17T14:26:20.636697
CUST_000828,"Reed, Palmer and Grant",,BUSINESS,57-2014184,,matthewgonzalez@example.net,533-207-3453,"4122 Chang Glen, Lake Ashleystad, ID 94162",2024-12-23T14:26:20.636939
CUST_000829,Moore-Allen,,BUSINESS,94-9184838,,bradley16@example.org,(732)751-0715,"94042 Paula Viaduct Suite 564, North Brittneyburgh, MN 49294",2026-08-31T14:26:20.637109
CUST_000830,Melissa,Anderson,PERSON,239-66-0584,2004-09-22,willismegan@example.net,(905)734-9419x715,"6328 Tina Lodge, North Mary, NE 16272",2025-03-21T14:26:20.637302
CUST_000831,"Jenkins, Bruce and Jones",,BUSINESS,11-1280618,,patricia63@example.com,(400)276-1504,"569 Murray Club Suite 336, New Bobbyshire, AZ 14827",2025-03-23T14:26:20.637515
CUST_000832,Miller LLC,,BUSINESS,78-5809835,,doconnor@example.net,592.278.8881,"163 Rickey Pass Suite 851, Sarahton, MI 82776",2026-08-30T14:26:20.637662
CUST_000833,Guerrero Group,,BUSINESS,32-2795437,,victoria88@example.org,(672)980-0727x2081,"3564 Steven Fork, New Jeffreyfurt, PA 58624",2026-06-10T14:26:20.637797
CUST_000834,Stephanie,Meyer,PERSON,613-75-9334,1965-12-15,michael49@example.net,267.814.6749,"5185 Barry Corner Suite 456, West Elizabethstad, GU 53214",2026-01-13T14:26:20.637971
CUST_000835,Jared,Torres,PERSON,769-12-8254,1944-01-12,jclark@example.org,001-502-258-5653x3777,"7871 Mary Coves, Justinfort, TX 20646",2024-12-21T14:26:20.638147
CUST_000836,Christian and Sons,,BUSINESS,55-5484964,,elizabeth25@example.com,950-805-4908x09983,"872 Gray Lock, North James, WY 37476",2025-08-06T14:26:20.638291
CUST_000837,John,Robinson,PERSON,688-08-0451,1942-09-29,carterlawrence@example.net,893-807-4179x9654,"351 Moore Junction Apt. 756, North Gabrielbury, AZ 17493",2025-08-30T14:26:20.638499
CUST_000838,Mosley LLC,,BUSINESS,68-5080351,,watsonjulia@example.com,325-415-8904,"1666 Jenna Unions, Port Hectorshire, DC 64437",2024-10-03T14:26:20.638665
CUST_000839,Alison,Carter,PERSON,283-63-0552,1980-05-27,amarsh@example.org,627-469-5844x42022,"13737 Kevin Canyon Apt. 118, Lake Elijahfurt, SC 77461",2025-11-13T14:26:20.638841
CUST_000840,Lisa,Mora,PERSON,807-16-9901,1992-07-17,fsmith@example.org,471-689-1199x256,"834 Tanya Forges Suite 141, Port Chad, CT 15032",2024-11-16T14:26:20.639014
CUST_000841,Sherry,Key,PERSON,576-82-1697,1961-12-06,sandra32@example.com,+1-617-290-4470x8560,"1487 Chad Flat Apt. 456, Leroyberg, WV 20485",2026-06-13T14:26:20.639178
CUST_000842,Murphy-Davila,,BUSINESS,58-7327855,,krystal74@example.org,937.244.9998,"91369 Davis Via, Richmondland, AL 51004",2025-02-28T14:26:20.639364
CUST_000843,Walker Group,,BUSINESS,17-1158547,,ebell@example.net,+1-880-757-6310x1089,"53606 Smith Harbors, Robertshaven, MO 61302",2024-09-27T14:26:20.639529
CUST_000844,Carol,Mcdowell,PERSON,388-82-9567,1996-03-21,william81@example.com,3369100770,"759 Larson Valleys, Port Veronica, AZ 58716",2026-06-24T14:26:20.639700
CUST_000845,"Garcia, Huynh and Jones",,BUSINESS,65-6557798,,berrykatherine@example.org,3497021444,"4333 Alvarado Stream Suite 552, New Valerie, NJ 89591",2025-02-14T14:26:20.639951
CUST_000846,Anthony,Clark,PERSON,240-47-3995,2002-05-18,collinsheather@example.net,001-926-965-3619,"94624 Robbins Drive Apt. 858, Hodgebury, MP 81992",2025-03-25T14:26:20.640167
CUST_000847,Eric,Mendoza,PERSON,832-50-9068,1971-07-13,greenchristian@example.org,793-317-9670x605,"7921 Paul Junction, South Heidishire, OH 80763",2026-01-24T14:26:20.640361
CUST_000848,Jacob,Mcdowell,PERSON,769-34-6442,1961-04-07,lorinichols@example.net,401.945.5703x934,"866 Michael Crossroad, West Andrewburgh, MS 07525",2024-10-08T14:26:20.640554
CUST_000849,Williams Inc,,BUSINESS,44-1781180,,contreraskara@example.org,461-361-9738x44981,"88238 Wade Lane, Port Erinside, PR 53569",2026-07-02T14:26:20.640733
CUST_000850,Anderson-Craig,,BUSINESS,79-1552000,,charlesbaker@example.com,417.473.6556x19221,"86417 Brown Roads, Port Anthony, ID 54694",2026-03-17T14:26:20.640943
CUST_000851,Duran-Vaughn,,BUSINESS,12-4475536,,blawson@example.net,259.591.6764,"932 Taylor Place, Lake Linda, AS 60035",2025-01-23T14:26:20.641129
CUST_000852,Rhonda,Thompson,PERSON,617-31-7555,1980-05-14,megan22@example.com,(896)844-4843,"43306 Johnson Station, West Annafort, CO 44271",2024-09-17T14:26:20.641300
CUST_000853,Park-Wheeler,,BUSINESS,19-6021033,,wiserenee@example.net,(378)479-0259,"3721 White Stream Suite 603, East Mario, ME 09998",2026-04-03T14:26:20.641512
CUST_000854,Amanda,Smith,PERSON,638-41-5648,1985-06-13,omcdonald@example.net,693.995.7955x192,"17367 Jeffery Pines, Hernandezstad, MO 86082",2025-02-13T14:26:20.641693
CUST_000855,Roy-Garcia,,BUSINESS,96-6565503,,michaelpeters@example.net,(533)200-8056,"248 William Fork, Port Daniel, FM 62328",2025-08-19T14:26:20.641890
CUST_000856,Felicia,Boyd,PERSON,208-11-2815,1984-01-03,jenniferjarvis@example.com,+1-952-220-7201,"741 Maldonado Estates, Austinchester, WV 27939",2024-10-11T14:26:20.642103
CUST_000857,Crystal,Nguyen,PERSON,161-80-5362,1964-09-30,cohenandrew@example.com,408-819-4842,"003 Smith Mission, East John, AZ 20625",2025-04-22T14:26:20.642305
CUST_000858,"Pena, Hall and Thornton",,BUSINESS,16-2638895,,elizabethvega@example.net,337-853-9169x280,"66968 Acosta Inlet, East Jamietown, KS 49497",2025-06-26T14:26:20.642548
CUST_000859,Joshua,King,PERSON,020-50-1632,1970-05-09,betty00@example.net,+1-944-858-0151,"280 Kenneth Crest Suite 050, Gilbertchester, CT 96289",2026-07-01T14:26:20.642721
CUST_000860,"Mejia, Martinez and Copeland",,BUSINESS,87-7655572,,nathan32@example.org,+1-680-958-8377x43540,"Unit 2539 Box 5011, DPO AE 43703",2025-10-17T14:26:20.642869
CUST_000861,Kimberly,Montoya,PERSON,328-65-7134,1997-06-24,igriffin@example.net,+1-226-503-1748,"809 Wilson Plains Suite 142, New Victoria, IN 48732",2024-12-06T14:26:20.643051
CUST_000862,"Murphy, Holt and Phillips",,BUSINESS,67-9230960,,caitlyn20@example.com,001-959-567-5779x9113,"7627 Nguyen Ways Apt. 160, Tammyshire, NH 05609",2026-01-26T14:26:20.643270
CUST_000863,Humphrey Ltd,,BUSINESS,80-7298619,,hunterfrank@example.org,(589)260-0834x7612,"6113 Ray Wall Apt. 715, Donovanbury, IL 68772",2025-07-01T14:26:20.643462
CUST_000864,Erica,Goodman,PERSON,532-87-5780,2000-09-21,williamgross@example.net,+1-286-281-8439x763,"79499 Casey Island Suite 444, Port Sylviamouth, MO 76723",2024-10-20T14:26:20.643672
CUST_000865,Manning and Sons,,BUSINESS,20-5955645,,vbowman@example.com,+1-534-775-9160x4359,"USS Murray, FPO AP 92781",2026-01-07T14:26:20.643796
CUST_000866,Kirsten,Burch,PERSON,373-65-5149,1971-05-05,sandracrawford@example.com,+1-381-967-8434x07307,"35007 Paul Estate Apt. 338, Justinbury, MH 25285",2026-06-24T14:26:20.643994
CUST_000867,Perkins-Munoz,,BUSINESS,29-7375341,,stephaniecook@example.org,001-323-612-6532x7355,"9032 John Orchard, Joneschester, WY 80766",2024-09-18T14:26:20.644203
CUST_000868,Mark,Johnson,PERSON,249-91-5849,1962-01-22,heather02@example.org,6617741364,"1218 Sara Ranch Apt. 270, Nguyenmouth, WA 53614",2025-08-14T14:26:20.644377
CUST_000869,Escobar and Sons,,BUSINESS,56-2787627,,rebeccaweaver@example.org,+1-705-764-4685x3045,"502 Lewis Isle Suite 077, Tateport, WY 28863",2026-06-15T14:26:20.644567
CUST_000870,Jesse,Taylor,PERSON,420-25-9447,1989-11-20,bakermadison@example.org,2824369626,"USNS Hernandez, FPO AP 58713",2025-11-05T14:26:20.644744
CUST_000871,Rush-Rhodes,,BUSINESS,56-5525929,,xgarcia@example.net,2675015120,"4907 Greene Estates, South Ianland, OH 85573",2026-06-04T14:26:20.644931
CUST_000872,James,Young,PERSON,703-30-9637,1990-09-02,yangeric@example.com,+1-292-210-5307x1226,"PSC 2283, Box 7742, APO AA 07597",2026-06-19T14:26:20.645074
CUST_000873,Leslie,Oliver,PERSON,332-63-8872,1977-02-13,jmccormick@example.org,8632228012,"PSC 4665, Box 8952, APO AP 35988",2025-07-02T14:26:20.645193
CUST_000874,Ortiz-Kirk,,BUSINESS,81-9597330,,bcardenas@example.net,(947)924-5257x37874,"70946 Mendoza Mount Apt. 612, Ashleyberg, ND 40650",2025-07-26T14:26:20.645395
CUST_000875,Eric,Boyd,PERSON,815-77-2234,1975-07-28,patriciamcdaniel@example.org,001-864-217-0053x718,"803 Hannah Row Suite 647, Cynthiaberg, NH 76867",2026-08-21T14:26:20.645591
CUST_000876,Alexandra,Merritt,PERSON,179-98-4301,1949-10-16,john54@example.org,(201)399-1984x8087,"1520 Mcdonald Cove Apt. 740, Jeremychester, OH 76389",2025-09-19T14:26:20.645766
CUST_000877,Nathan,Ramos,PERSON,389-58-2485,1984-10-13,robert05@example.org,709-200-7017,"0254 Martin Track, Lake Felicia, HI 04796",2025-01-13T14:26:20.645936
CUST_000878,Smith Ltd,,BUSINESS,59-1207041,,christineblackwell@example.com,+1-697-647-5396x597,"2694 Brian Corner, Mitchellstad, WI 94715",2025-11-22T14:26:20.646122
CUST_000879,Alexander Inc,,BUSINESS,59-2421022,,christopher33@example.com,001-793-776-6997x68160,"4905 Gilbert Lock, West Joshuaton, NY 08144",2025-02-21T14:26:20.646269
CUST_000880,Jason,Weiss,PERSON,346-65-6567,1952-05-02,craigsean@example.com,909-399-8632x45352,"08518 Jenkins Manors, Candaceburgh, CA 32320",2025-02-08T14:26:20.646474
CUST_000881,Michael,Ray,PERSON,121-65-3435,1944-04-08,mcummings@example.net,480-202-2642x597,"8298 Morse Plaza Apt. 921, Thomasview, PA 96032",2024-10-15T14:26:20.646659
CUST_000882,"Ramirez, Torres and Smith",,BUSINESS,31-3329349,,brandywalls@example.org,284.672.1461x7275,"267 Harvey Parkway, Lawrenceside, NC 60928",2025-12-15T14:26:20.646910
CUST_000883,Rivera-Ramirez,,BUSINESS,44-9273246,,nicole41@example.org,401-992-9360x596,"934 Huang Path, North Ericview, MP 69705",2026-04-20T14:26:20.647087
CUST_000884,Justin,Phillips,PERSON,619-32-6913,1989-08-03,richard15@example.com,+1-762-623-0706,"16022 Reid Hills Apt. 303, Horneburgh, AS 85772",2026-03-29T14:26:20.647272
CUST_000885,"Christensen, Vasquez and Herrera",,BUSINESS,45-8064924,,justinbryant@example.com,(231)812-1380x78287,"459 Palmer Lane Apt. 565, Christophertown, GA 82876",2025-11-14T14:26:20.647518
CUST_000886,"Becker, Thompson and Taylor",,BUSINESS,19-7058670,,robinmills@example.net,(469)605-9469x9842,"2031 Mary Expressway, Davisburgh, IL 98253",2026-01-02T14:26:20.647760
CUST_000887,Erik,Smith,PERSON,889-56-6253,1976-04-09,david77@example.net,(426)285-2728x7603,"8347 Sue Avenue Suite 283, West Dana, MI 99380",2024-12-15T14:26:20.647924
CUST_000888,"Padilla, Castillo and Peterson",,BUSINESS,86-4280754,,pthompson@example.org,570.204.5358x597,"USCGC Walker, FPO AP 88213",2025-06-05T14:26:20.648113
CUST_000889,Mallory,Jackson,PERSON,353-58-0372,1961-12-09,kristinawilliams@example.net,(955)954-6893,"16788 Michael Prairie Suite 467, New Peter, WY 45494",2026-05-01T14:26:20.648308
CUST_000890,Franklin-Phillips,,BUSINESS,10-7638609,,zachary46@example.com,001-933-922-9124x8955,"39459 Haley Manor Suite 076, Lake Angelamouth, IL 08254",2025-10-11T14:26:20.648490
CUST_000891,Anderson Ltd,,BUSINESS,52-8385715,,perezstephanie@example.net,201.738.7162x83356,"80153 Stephen Villages, West Richard, AK 17448",2025-10-09T14:26:20.648656
CUST_000892,"Rios, Henry and Dixon",,BUSINESS,93-3283789,,ujones@example.com,(796)795-7945x759,"Unit 0553 Box 6291, DPO AA 15539",2025-11-13T14:26:20.648816
CUST_000893,Palmer-Hutchinson,,BUSINESS,87-4369728,,priscilla83@example.net,(825)725-2078x821,"214 Henry Station, Luiston, AS 27306",2025-05-14T14:26:20.648992
CUST_000894,Clarke Ltd,,BUSINESS,32-7681351,,thomascruz@example.net,473-308-8240x353,"0293 Hall Row Apt. 941, Port Jennifer, GU 72810",2025-10-25T14:26:20.649178
CUST_000895,Ward Ltd,,BUSINESS,98-9237735,,michaelarmstrong@example.net,001-500-447-9412,"18911 Lauren Streets Apt. 485, Jonesborough, PA 90366",2025-02-04T14:26:20.649358
CUST_000896,Cindy,Holt,PERSON,473-55-8960,1968-12-31,tristanroberts@example.org,312-502-9138,"480 Christine Rapids Apt. 888, New Noahchester, ME 47747",2025-10-18T14:26:20.649554
CUST_000897,Lopez PLC,,BUSINESS,45-7592357,,lowemisty@example.org,821.933.5683x17236,"171 Michele Forge Apt. 918, Robertsmouth, GU 04455",2025-09-08T14:26:20.649735
CUST_000898,Daniel,Bowen,PERSON,801-21-0376,1992-08-16,josephlloyd@example.net,(960)771-4876x507,"7231 Avila Fords, South Anthonyborough, TN 65704",2025-02-16T14:26:20.649940
CUST_000899,Susan,Gordon,PERSON,079-12-0899,1962-03-01,bbray@example.org,001-699-863-0667x00599,"PSC 6693, Box 2337, APO AE 04338",2025-01-18T14:26:20.650061
CUST_000900,Trevor,Harmon,PERSON,326-67-0146,1993-11-04,edelacruz@example.com,+1-908-663-3234x3065,"237 Greene Avenue, Lopezhaven, PR 43102",2024-10-18T14:26:20.650253
CUST_000901,Robin,Roberson,PERSON,145-88-6125,1978-02-20,julia55@example.org,491.596.0348,"736 Dustin Garden, North Jonathanbury, MT 33968",2025-06-01T14:26:20.650414
CUST_000902,Scott,Stone,PERSON,424-54-4481,1975-11-20,racevedo@example.org,(937)912-0631x7552,"5840 Daniel Trail, Johnnyland, MN 58095",2025-06-25T14:26:20.650586
CUST_000903,Stephens Ltd,,BUSINESS,98-2160289,,jennifer61@example.org,(486)811-4603x61189,"5546 Browning Extensions, Masonbury, MS 66896",2025-07-25T14:26:20.650741
CUST_000904,Buckley-Hahn,,BUSINESS,27-6080688,,vincentdavis@example.com,8348454595,"11962 Tyler Drive, New Nicholas, OR 62311",2026-01-12T14:26:20.650940
CUST_000905,Mcdaniel-Vaughn,,BUSINESS,94-3586094,,zmanning@example.org,(283)385-0957x0934,"81136 Chase Terrace Apt. 348, Annaborough, VI 98215",2025-07-10T14:26:20.651130
CUST_000906,Hess-Johnson,,BUSINESS,19-8534089,,fthompson@example.net,795-614-2954x49669,"756 Thomas Extension, North Danielland, SD 59067",2025-01-12T14:26:20.651308
CUST_000907,Nelson Group,,BUSINESS,84-7724393,,heidi59@example.org,651.963.8326,"17078 David Station, Daisymouth, NV 53589",2025-03-18T14:26:20.651441
CUST_000908,Rojas and Sons,,BUSINESS,79-1616817,,gatesmorgan@example.net,984-414-2355x2833,"567 Donna Causeway Apt. 656, Danafort, CT 11352",2025-09-13T14:26:20.651617
CUST_000909,Matthew,Castro,PERSON,747-94-1061,1997-07-18,rmoyer@example.net,+1-841-607-9116x114,"98309 Cox Hollow, Lake Katrina, VI 64657",2026-05-28T14:26:20.651799
CUST_000910,Jason,Dennis,PERSON,789-86-8458,2003-01-31,tara23@example.com,001-774-587-7007x8812,"18082 Richard Ports, New Robertfurt, MT 95923",2024-11-12T14:26:20.651961
CUST_000911,Hernandez Group,,BUSINESS,31-1743175,,renee38@example.org,001-357-216-4682,"709 Sergio Valleys, South Abigail, AR 69671",2025-02-17T14:26:20.652093
CUST_000912,"Hunt, Quinn and Ellison",,BUSINESS,52-8221845,,lwalton@example.org,(607)409-8348,"4876 Christina Key Apt. 744, Randallmouth, DC 56477",2026-05-31T14:26:20.652306
CUST_000913,Thomas,Ward,PERSON,283-12-9799,1975-05-19,griffinbrenda@example.com,495.800.3452x2026,"32645 Stephanie Landing, Walkertown, RI 94315",2026-06-08T14:26:20.652511
CUST_000914,Duarte Group,,BUSINESS,38-9567725,,kimberly06@example.org,716-585-2247x67512,"53669 James Park, Hallview, DC 20089",2025-04-03T14:26:20.652656
CUST_000915,Amanda,Kelly,PERSON,410-21-8514,1956-05-30,paulawall@example.org,622.459.3103x3700,"37043 Jesus Trace Apt. 188, New Juan, MO 83681",2025-06-17T14:26:20.652852
CUST_000916,Anderson Ltd,,BUSINESS,60-8768911,,omacdonald@example.org,873-271-9851x769,"PSC 6455, Box 4421, APO AA 64656",2024-10-21T14:26:20.652946
CUST_000917,Elizabeth,Ryan,PERSON,228-60-2578,1970-04-18,morrisjennifer@example.net,539.268.8593x428,"978 Erica Common Suite 032, New Williamshire, GU 88868",2025-09-28T14:26:20.653143
CUST_000918,Robert,Reed,PERSON,372-11-0490,1949-05-26,fosterryan@example.net,+1-886-506-7347x6714,"910 Allison Ferry Suite 276, East Dakota, MI 74685",2025-05-10T14:26:20.653339
CUST_000919,Katherine,Allen,PERSON,694-57-4833,1954-09-17,mperez@example.com,+1-759-840-3895x546,"17087 Anthony Drive Apt. 027, South Emily, IN 90009",2025-11-18T14:26:20.653512
CUST_000920,"Dudley, Bell and Myers",,BUSINESS,20-2947320,,tharris@example.org,(334)887-4939,"91090 Dunn Meadows, Corteztown, WA 58482",2026-04-24T14:26:20.653742
CUST_000921,Cherry Ltd,,BUSINESS,49-6755703,,roberttorres@example.com,001-289-537-8595x41760,"5810 Bell Overpass Apt. 466, Jonathanfort, WY 28472",2025-06-07T14:26:20.653926
CUST_000922,Haley,Schmitt,PERSON,553-57-8997,2000-09-12,david90@example.net,566-951-8378x47719,"0968 Montgomery Parkway Apt. 625, East Johnhaven, VI 75297",2025-04-01T14:26:20.654113
CUST_000923,"Vargas, Nunez and Ramirez",,BUSINESS,54-8988681,,josephwalker@example.org,(248)569-5212x156,"88035 Barnes Highway, Simmonsport, OR 08181",2026-06-09T14:26:20.654372
CUST_000924,Woods LLC,,BUSINESS,99-8590804,,bhill@example.net,001-211-561-2215,"558 Mckinney Station Apt. 900, Davidhaven, PA 29547",2025-10-25T14:26:20.654534
CUST_000925,Jason,Watson,PERSON,866-70-6816,1989-04-22,osmith@example.net,450-602-9573x80101,"81580 Adkins Shoal Apt. 949, East Robinstad, AZ 47194",2025-11-13T14:26:20.654720
CUST_000926,Matthew,Johnston,PERSON,688-95-9718,1955-11-06,fpatel@example.net,(771)270-8049x29328,"612 Jared Dam, Port Jamesshire, MI 21891",2024-09-19T14:26:20.654897
CUST_000927,Suzanne,Williams,PERSON,893-99-4345,1943-07-10,acevedomargaret@example.com,+1-817-875-8856x27480,"2030 Vargas Village, Sherrychester, MD 64776",2026-08-24T14:26:20.655101
CUST_000928,"Davis, Rodriguez and Spencer",,BUSINESS,92-2834801,,deckerbryan@example.org,723-799-3302,"206 Jeffrey Turnpike Suite 596, Port Andrewshire, VT 51213",2024-10-23T14:26:20.655336
CUST_000929,Cynthia,Duncan,PERSON,415-71-0794,2006-06-17,anthony21@example.org,(303)260-8164,"81971 Johnson Trail Apt. 469, Josephshire, FM 46690",2026-01-10T14:26:20.655509
CUST_000930,Anthony,Powell,PERSON,605-88-5447,1997-01-21,gutierrezdavid@example.com,956-669-8398x590,"42904 Gibson Wall Suite 625, Lake Kathleen, ND 38204",2025-02-28T14:26:20.655718
CUST_000931,Shawn,Mullins,PERSON,620-11-9840,1995-07-20,bradymyers@example.com,828.461.7468x5902,"1166 Kayla Plains Suite 603, Candiceberg, KY 52932",2025-10-13T14:26:20.655914
CUST_000932,"Wheeler, Welch and Hartman",,BUSINESS,69-4889890,,cwebb@example.org,(556)327-7402x1572,"2423 Hernandez Views, Guerratown, NC 42578",2025-07-29T14:26:20.656146
CUST_000933,Julie,Mills,PERSON,635-40-9834,1967-04-07,chavezdaniel@example.org,220-753-5313x18456,"2322 Adam Corner, New Joseph, KS 98040",2026-03-10T14:26:20.656339
CUST_000934,Swanson LLC,,BUSINESS,60-1489765,,campbellanthony@example.net,383.343.7798x2402,"13799 Wayne Shoal, North Lindashire, MS 20240",2024-12-27T14:26:20.656507
CUST_000935,Michelle,Martin,PERSON,419-45-7589,1976-01-10,rcochran@example.com,(487)574-5263x488,"254 Adkins Crossroad Suite 351, South Taraside, WV 24954",2025-06-13T14:26:20.656697
CUST_000936,"Johnson, Williams and Wright",,BUSINESS,59-1074659,,michael88@example.org,972.604.7676x66082,"20753 Gabriella View Apt. 685, North Nathan, WV 93476",2024-09-25T14:26:20.656900
CUST_000937,Derek,Anderson,PERSON,673-84-0565,1973-05-27,jennifer14@example.com,401.806.1445,"USNV Zimmerman, FPO AA 36050",2026-02-18T14:26:20.657039
CUST_000938,Lewis PLC,,BUSINESS,18-2707116,,hdavis@example.net,(233)334-9729x697,"343 Turner Rapid, Diazside, UT 47155",2025-03-16T14:26:20.657204
CUST_000939,Lisa,Love,PERSON,642-09-8695,1976-04-22,masseythomas@example.com,6215599279,"274 Stephanie Fords, North Ethan, HI 30531",2025-09-07T14:26:20.657396
CUST_000940,"Morris, Hawkins and Noble",,BUSINESS,35-8676422,,csmith@example.org,+1-914-283-6874x77740,"5600 Gray Stravenue Apt. 282, Port Tammyside, DC 16350",2026-05-23T14:26:20.657622
CUST_000941,"Calderon, Lewis and Gates",,BUSINESS,95-9212178,,igrimes@example.org,784.872.6439x3304,"6604 Hinton Court, East Johnny, PW 35185",2025-03-25T14:26:20.657841
CUST_000942,Murillo PLC,,BUSINESS,86-7520284,,beth81@example.org,346.951.2421x06378,"8364 Christopher Loop, Bethstad, WA 72916",2024-12-30T14:26:20.657975
CUST_000943,"Mckinney, Armstrong and Scott",,BUSINESS,85-2916496,,deanvictor@example.org,936-836-5972,"7593 Kramer Manors Apt. 341, Scottland, OR 45857",2025-09-25T14:26:20.658229
CUST_000944,Schroeder PLC,,BUSINESS,68-3894531,,choidenise@example.com,(967)823-3990,"11139 Matthew Pine, West Justinborough, MT 33415",2024-10-27T14:26:20.658395
CUST_000945,Montgomery-Chang,,BUSINESS,88-2421902,,victoria90@example.org,6863164790,"80679 Murray Fort Suite 720, Wilsonburgh, WV 25885",2024-10-28T14:26:20.658585
CUST_000946,Stephen,Reynolds,PERSON,230-87-2842,1944-08-06,cbradley@example.org,959-271-5579x327,"9177 Colleen Falls Suite 096, Richardside, UT 70760",2025-10-31T14:26:20.658759
CUST_000947,Mikayla,Parks,PERSON,431-97-1030,1943-02-01,emily73@example.com,567.494.3364x47026,"659 Stokes Union Suite 587, Cruzview, GU 76964",2026-01-15T14:26:20.658944
CUST_000948,"Baker, Ramos and Miller",,BUSINESS,24-4070977,,meagan34@example.com,250-624-0537x729,"3945 Joel Valley Suite 480, Warrenstad, IN 70243",2025-08-30T14:26:20.659157
CUST_000949,Jason,Daniel,PERSON,381-52-9509,1953-07-12,wrightcarolyn@example.com,001-280-840-7373x0415,"51026 Black Ways Suite 963, West Sandra, NH 37349",2025-04-11T14:26:20.659364
CUST_000950,"Simmons, Holt and Cuevas",,BUSINESS,63-3313029,,vshields@example.org,332.773.9974,"941 Natalie Brooks, Lake Tracy, AZ 63800",2025-02-05T14:26:20.659572
CUST_000951,"Rodriguez, Russo and Murphy",,BUSINESS,64-4116429,,hevans@example.com,001-277-897-3833,"57547 Melissa Brooks Suite 260, Port Tanner, VA 53386",2025-05-06T14:26:20.659783
CUST_000952,Michelle,Ruiz,PERSON,444-97-7708,1944-10-27,fieldsrobin@example.net,+1-912-692-3613x91237,"133 Jenkins Parkway Suite 058, South Bethton, SC 99307",2025-02-25T14:26:20.659991
CUST_000953,Richard,Davidson,PERSON,122-04-7002,1958-11-21,djohnson@example.net,584.678.4830,"3654 Miranda Wells Suite 927, New Brian, AL 25292",2025-05-03T14:26:20.660165
CUST_000954,Camacho PLC,,BUSINESS,27-4138993,,latoyahartman@example.com,616.678.5984,"930 Wendy Road Apt. 756, Port Jennifermouth, FL 55987",2025-10-29T14:26:20.660335
CUST_000955,"Weber, Brown and Paul",,BUSINESS,89-1899447,,jamiebarr@example.org,(499)596-6330,"4030 Harper Ramp Apt. 540, Lake Steven, GA 03876",2025-09-14T14:26:20.660580
CUST_000956,David,Delacruz,PERSON,644-78-5854,1955-05-02,adam42@example.org,382-206-8204,"4847 Rose Knolls, Avilafort, PA 59099",2025-05-08T14:26:20.660749
CUST_000957,Nicole,Matthews,PERSON,539-96-2464,1959-02-18,danielle53@example.net,451-882-7238,"USNS Matthews, FPO AE 66619",2026-03-01T14:26:20.660888
CUST_000958,Lopez-Cox,,BUSINESS,81-9479842,,xjennings@example.net,615.659.0308x19695,"1504 Richards Crescent Suite 089, Lake Jonathan, MT 93803",2024-11-17T14:26:20.661079
CUST_000959,Williams-Lowery,,BUSINESS,62-9249791,,wallacemelissa@example.net,(455)493-5588x108,"7777 Watson Well Apt. 541, East Willie, FL 38309",2025-07-18T14:26:20.661291
CUST_000960,"Willis, Shepherd and Olson",,BUSINESS,72-3806047,,bgilbert@example.com,8459594849,"PSC 1662, Box 3956, APO AP 64540",2026-06-24T14:26:20.661448
CUST_000961,David,Rivera,PERSON,601-29-5629,2002-01-08,kimberlyjordan@example.com,+1-506-341-2272x765,"USNV Fry, FPO AP 82763",2026-02-03T14:26:20.661620
CUST_000962,Hill Group,,BUSINESS,14-5611266,,brownjustin@example.com,583-545-5955x62168,"668 Ann Tunnel Suite 049, North Wesleyton, LA 26836",2026-01-29T14:26:20.661791
CUST_000963,Wells LLC,,BUSINESS,31-8672579,,erin85@example.org,297-593-3686,"89888 Lucas Burg Apt. 055, New Christian, CT 48922",2025-02-14T14:26:20.661938
CUST_000964,Thompson and Sons,,BUSINESS,80-9569902,,cmitchell@example.net,001-533-939-6379x020,"893 Campbell Mission, Port Katelynmouth, NE 53477",2026-05-24T14:26:20.662094
CUST_000965,John,Macias,PERSON,864-18-0130,1977-09-06,william12@example.com,(666)247-4264,"279 Russell Mills, Aprilside, NJ 58648",2025-12-16T14:26:20.662264
CUST_000966,Nelson-Knight,,BUSINESS,79-1698108,,paul71@example.com,869-639-9531x556,"402 Sparks Prairie, Port Angelashire, AS 49657",2025-06-22T14:26:20.662440
CUST_000967,Joseph,Friedman,PERSON,398-50-6854,1986-02-10,benjamindavid@example.net,(929)423-2468,"73378 Brown Loaf, East Xavierfort, PW 39927",2025-07-08T14:26:20.662645
CUST_000968,Jasmine,Mayo,PERSON,335-64-8216,1957-05-06,kristin59@example.com,+1-457-865-7868x00551,"644 Lewis Mall Apt. 270, Robertview, NE 47048",2024-11-16T14:26:20.662820
CUST_000969,James,King,PERSON,260-23-0694,1944-11-21,christophercohen@example.com,747.215.2035x191,"1335 Williams Corners Suite 322, Nolanchester, VT 27346",2025-11-16T14:26:20.663038
CUST_000970,Jacob,Burns,PERSON,606-89-0781,1993-09-17,jaredkelley@example.org,(608)791-7005x2291,"659 Matthew Curve Suite 025, Davisville, AS 38502",2025-06-13T14:26:20.663244
CUST_000971,Stewart PLC,,BUSINESS,54-2459332,,bradleydunlap@example.org,+1-377-851-3061x0922,"5371 Murillo Garden Apt. 043, New Davidport, IA 11902",2025-06-24T14:26:20.663425
CUST_000972,Hayden,Coleman,PERSON,360-51-0709,1952-08-24,richardstrong@example.com,280-562-4755x52672,"027 Rodriguez Avenue Suite 687, South Bethmouth, NH 10464",2026-01-17T14:26:20.663633
CUST_000973,Kendra,Mata,PERSON,086-90-8562,1946-12-02,schavez@example.net,723.653.9330,"65707 Lopez Wall Apt. 830, West Gregory, TX 35243",2025-01-22T14:26:20.663816
CUST_000974,Brady-Mueller,,BUSINESS,88-8183451,,jocelyn90@example.org,001-504-511-5488x0510,"336 Kathryn Avenue Suite 754, South Jackie, AR 00880",2026-03-31T14:26:20.664000
CUST_000975,Becky,Fernandez,PERSON,289-16-6646,1993-02-22,jesus70@example.net,+1-521-570-4701x2592,"PSC 9717, Box 8568, APO AE 60009",2026-02-17T14:26:20.664110
CUST_000976,Nicholas,Wallace,PERSON,038-46-9901,1947-02-17,tammyschroeder@example.org,5105559169,"9364 Johnson Rapids, Jenniferton, MS 46426",2026-07-18T14:26:20.664312
CUST_000977,"Love, Soto and Reilly",,BUSINESS,78-5715824,,maria59@example.org,(970)776-5094x620,"1926 Kathleen Village, Frenchland, DE 74047",2025-01-13T14:26:20.664522
CUST_000978,Ryan,Valencia,PERSON,021-95-1926,1942-07-04,ryansmith@example.net,294-590-8170,"Unit 7628 Box 0587, DPO AA 64850",2025-10-20T14:26:20.664663
CUST_000979,Glover-Miller,,BUSINESS,47-5485272,,yanderson@example.net,(811)295-6964,"USCGC Harris, FPO AA 78439",2025-04-08T14:26:20.664818
CUST_000980,Michael,Dominguez,PERSON,577-88-1837,2008-01-24,edwardgomez@example.org,456.739.7489,"1674 Fowler Field Suite 818, Lake Daniel, VA 65596",2026-05-01T14:26:20.665024
CUST_000981,Hicks-Acevedo,,BUSINESS,17-5652716,,victor93@example.com,+1-995-384-3835x699,"19306 Simmons Ports, East Patrickfort, DE 76172",2024-11-14T14:26:20.665202
CUST_000982,Christopher,Fisher,PERSON,600-74-3100,1955-01-18,erikalewis@example.org,487.983.0568,"5262 Derek Spring, Kimberlyfort, KS 63422",2024-09-28T14:26:20.665394
CUST_000983,William,Wilson,PERSON,572-21-6607,1980-11-21,kellyrichardson@example.com,992.822.9317,"94750 Nguyen Orchard, Hardyshire, CO 60621",2026-01-04T14:26:20.665608
CUST_000984,Kevin,Jones,PERSON,129-86-4936,1955-02-08,jamie38@example.net,415-275-0927,"369 Hayes Knoll, Lopezview, ID 26645",2024-09-18T14:26:20.665787
CUST_000985,"Garcia, Herrera and Wu",,BUSINESS,41-7588425,,zbray@example.net,+1-655-606-9439,"104 Michele Tunnel, Greenborough, MI 36992",2025-05-03T14:26:20.666003
CUST_000986,Mckenzie,Hernandez,PERSON,002-14-8595,1995-02-03,ncarr@example.net,632-393-5753,"703 Ellis Locks Apt. 164, South Jacob, MP 44321",2025-02-02T14:26:20.666186
CUST_000987,Campbell-Hays,,BUSINESS,90-7949543,,barrsuzanne@example.org,646-592-2394x07173,"95470 Robert Underpass Apt. 981, South Belindastad, CT 51774",2025-08-28T14:26:20.666389
CUST_000988,Rogers Inc,,BUSINESS,19-2561871,,cynthia12@example.org,(224)717-5616,"541 Jeffery Flat, Myerstown, DC 68381",2025-07-31T14:26:20.666532
CUST_000989,Hooper-Harper,,BUSINESS,98-7191986,,murphyryan@example.com,+1-217-791-5782,"221 Dawn Cove Suite 299, Williamport, DE 37757",2025-06-08T14:26:20.666733
CUST_000990,Potter and Sons,,BUSINESS,51-1041491,,heather69@example.net,391.442.6520,"74020 Miles Mews, Powellport, ND 10213",2026-06-13T14:26:20.666886
CUST_000991,"Daniels, Ford and Ayers",,BUSINESS,91-7009980,,wrightpaul@example.net,391-364-4915x32180,"31568 Paige Freeway Suite 284, Lake Davidview, MO 23327",2026-07-14T14:26:20.667123
CUST_000992,Woods-Miller,,BUSINESS,37-8208215,,yvettemoore@example.org,434-523-8670x77604,"667 Williams Plains Suite 721, South Debraburgh, WY 38788",2026-02-12T14:26:20.667337
CUST_000993,"Williams, Allen and Robinson",,BUSINESS,44-6416778,,khanmitchell@example.org,4978247254,"8939 Todd Vista, Goodwinbury, OR 72709",2025-11-30T14:26:20.667577
CUST_000994,Lyons-Robinson,,BUSINESS,80-3191007,,ballardgary@example.net,001-236-932-7868,"2357 Christian Ridges, Bethland, GU 11071",2025-02-14T14:26:20.667775
CUST_000995,"Simmons, Lane and Lopez",,BUSINESS,53-1812172,,curtislucas@example.com,001-670-650-7077x508,"57686 Martinez Cliffs Apt. 805, Charlesview, OH 37132",2026-07-31T14:26:20.668021
CUST_000996,Jodi,Ramirez,PERSON,176-21-6075,1980-05-02,craig30@example.net,891-954-1963x51109,"363 Avila Street, Port Matthewtown, KS 09005",2024-12-14T14:26:20.668192
CUST_000997,Young-Andrade,,BUSINESS,12-3084353,,donaldgreen@example.com,001-378-970-3238x128,"4752 Chad Estates, Curryshire, NE 32504",2026-04-08T14:26:20.668401
CUST_000998,Vance-Robinson,,BUSINESS,68-1011340,,torresmaureen@example.org,810.788.6230,"003 William Brook Apt. 648, Jenniferton, PW 06337",2025-07-05T14:26:20.668602
CUST_000999,David,Mason,PERSON,312-10-4143,1942-04-29,westdennis@example.com,(916)287-8732x14999,"43474 Jennifer Inlet, Davidton, MT 47847",2024-10-11T14:26:20.668795
CUST_001000,Carl,Williams,PERSON,022-38-6474,1940-11-04,fullerdaniel@example.org,955.457.9420,"395 Fischer Square, Andersonland, NM 50016",2024-11-20T14:26:20.669007
CUST_001001,Page PLC,,BUSINESS,30-5597283,,despinoza@example.com,(377)551-3877x12398,"48730 Ward Radial, Luishaven, MT 67322",2026-06-13T14:26:20.669166
CUST_001002,Brewer Group,,BUSINESS,42-2382787,,juanryan@example.net,9797640315,"185 Dorothy Stravenue, North Michael, KY 40565",2025-09-01T14:26:20.669331
CUST_001003,Carolyn,Saunders,PERSON,598-24-7341,1946-03-25,johnathan63@example.net,267-702-0715x37842,"535 Campbell Trace Apt. 789, Bryanthaven, VI 69396",2026-07-25T14:26:20.669516
CUST_001004,"Stanton, Matthews and Mcdowell",,BUSINESS,90-6125594,,theresalloyd@example.org,001-607-820-4094x7112,"7804 Sherri Brooks Suite 866, Millerchester, KS 36338",2024-09-30T14:26:20.669762
CUST_001005,Eduardo,Hamilton,PERSON,789-38-4926,1996-09-21,qbrown@example.net,+1-967-211-0187,"7044 Kristi Burgs, Sanchezport, MP 49811",2025-07-04T14:26:20.669941
CUST_001006,Donna,Barton,PERSON,580-79-7912,1985-05-28,caroline03@example.net,001-604-838-1779x98992,"7048 Daniel Springs, North Christopher, NE 38303",2024-09-26T14:26:20.670106
CUST_001007,John,Wright,PERSON,834-34-5854,1987-08-03,collin12@example.com,(491)770-0343x743,"0536 Leslie Wells Apt. 311, Jonathanland, DE 78078",2026-09-15T14:26:20.670269
CUST_001008,Mary,Santana,PERSON,656-18-0455,1966-06-30,vgarcia@example.com,+1-993-500-5221x4426,"84256 David Lodge Apt. 599, Josephberg, MT 92484",2025-05-16T14:26:20.670443
CUST_001009,Christopher,Hill,PERSON,847-43-5155,1954-12-20,amanda26@example.net,(695)208-1499,"35859 Margaret Pass, Lake Jamiemouth, FM 85021",2026-05-04T14:26:20.670603
CUST_001010,George,Holmes,PERSON,345-04-8124,1962-03-18,gmoran@example.org,001-673-954-4252,"4496 Bauer Gardens Apt. 464, North Ryanfurt, OK 70240",2025-04-03T14:26:20.670788
CUST_001011,"Bradshaw, Price and Payne",,BUSINESS,11-1135267,,susanpowers@example.com,(337)479-3854x609,"72545 Carrie Cape Apt. 609, East Megan, WA 33645",2024-10-04T14:26:20.671023
CUST_001012,Johnson-Elliott,,BUSINESS,25-8085252,,xfarley@example.net,774-231-6032,"943 Gould Drives, Hawkinsstad, FL 90374",2024-10-06T14:26:20.671218
CUST_001013,Sandy,Simmons,PERSON,806-64-9692,2002-08-12,vswanson@example.com,+1-659-457-8127x317,"322 Barrera Estates, New Tammie, MO 87750",2025-05-15T14:26:20.671400
CUST_001014,Robin,Alvarez,PERSON,105-60-6696,2003-02-22,jennifer40@example.com,001-265-751-1286x3811,"289 Benjamin Trail, Erinmouth, OR 47229",2026-01-25T14:26:20.671560
CUST_001015,Mcguire PLC,,BUSINESS,21-2718442,,scottvelazquez@example.com,474.923.9354x3373,"692 Mallory Key, North Alexanderfurt, AL 64689",2026-06-03T14:26:20.671728
CUST_001016,Sherman-Jones,,BUSINESS,57-6020671,,patriciasims@example.net,769.465.3715x57310,"87309 Williams Road, Port Jesse, NV 30350",2026-04-29T14:26:20.671938
CUST_001017,Haas PLC,,BUSINESS,27-3396676,,rzhang@example.org,001-248-250-2759x0826,"20871 Sherry Crossing Suite 523, Ashleyton, DC 31247",2026-07-08T14:26:20.672086
CUST_001018,Jason,Hess,PERSON,831-80-8456,1989-10-11,danny57@example.net,8322308880,"75024 Stacey Burg Apt. 788, Snyderstad, NC 92338",2024-12-31T14:26:20.672259
CUST_001019,Kimberly,Nguyen,PERSON,700-70-5540,2005-04-11,matthewsbailey@example.org,450-949-7236x6946,"1814 Benjamin Underpass Apt. 845, Lake Stephanieview, PW 53108",2025-06-23T14:26:20.672457
CUST_001020,Rodriguez Group,,BUSINESS,37-3539636,,eileen49@example.org,001-841-766-7407,"9110 Brewer Mews Suite 264, New Sethbury, SD 76400",2025-07-22T14:26:20.672604
CUST_001021,Medina-Orozco,,BUSINESS,37-2454383,,shawnwilliams@example.org,993-216-4598x243,"0793 Cooper Unions, Brooksshire, HI 57138",2026-06-06T14:26:20.672824
CUST_001022,Rachel,Orr,PERSON,143-97-0823,1997-05-27,elizabethfry@example.org,235.271.2567x2123,"8959 Michael Divide Suite 256, Smithshire, ND 95394",2026-05-13T14:26:20.673030
CUST_001023,Hutchinson LLC,,BUSINESS,54-8203947,,nshepherd@example.com,+1-790-830-3413x6532,"977 Jill Unions Apt. 600, Nelsonfurt, CT 36938",2025-10-29T14:26:20.673188
CUST_001024,Kristin,Wright,PERSON,456-05-0834,1994-01-07,blairdonna@example.com,736-987-1638x7621,"54586 Martinez Drive Suite 874, West Georgehaven, MN 31154",2026-01-06T14:26:20.673405
CUST_001025,"Brown, Rodriguez and Gross",,BUSINESS,92-2413458,,nthompson@example.net,392-712-2339x982,"71320 Higgins Pass, Sandrastad, MT 59926",2026-01-05T14:26:20.673625
CUST_001026,Jones-Greer,,BUSINESS,98-1450038,,daniel76@example.com,3458689391,"7677 Randolph Viaduct Suite 666, Timothyfurt, AZ 74181",2024-11-11T14:26:20.673807
CUST_001027,Martinez-Porter,,BUSINESS,36-9686388,,melissa29@example.com,955-421-7504x9988,"75442 Adam Club Suite 069, New Margaret, NH 89556",2025-01-03T14:26:20.673981
CUST_001028,Jesse,Fox,PERSON,804-88-4516,1943-01-26,imcbride@example.com,(563)590-3214x30318,"11840 Gomez Parkway, Matthewfort, MD 49198",2025-08-11T14:26:20.674163
CUST_001029,Horton LLC,,BUSINESS,92-1915518,,ashleygarcia@example.org,936-597-4578x351,"135 Novak Manors Suite 338, Jenniferside, NE 87571",2026-01-14T14:26:20.674344
CUST_001030,Jones-Valdez,,BUSINESS,59-2891524,,markfleming@example.org,001-919-899-1624x694,"368 Taylor Pine, Maryfort, OR 60476",2026-01-13T14:26:20.674553
CUST_001031,Hamilton PLC,,BUSINESS,91-2191383,,davisnatalie@example.org,+1-371-490-9520x3872,"190 Nolan Street Suite 244, Barkerberg, AZ 12802",2025-03-25T14:26:20.674750
CUST_001032,Peter,Coleman,PERSON,223-81-3864,1981-08-15,benjamin24@example.org,001-726-725-3814x0307,"USNV Jones, FPO AA 21423",2025-09-12T14:26:20.674898
CUST_001033,Thomas LLC,,BUSINESS,26-7490068,,jake50@example.com,950-293-3280x999,"43109 Taylor Court Apt. 353, Port Molly, NJ 83023",2025-02-11T14:26:20.675041
CUST_001034,"Walker, Graham and Cooper",,BUSINESS,56-3898604,,csanders@example.org,457.835.5481x471,"3939 Catherine Fall, Zimmermanberg, CA 45818",2025-05-22T14:26:20.675261
CUST_001035,Brian,May,PERSON,213-33-3647,1983-12-31,kimthomas@example.net,+1-595-382-4773,"71912 Reed Gardens, Leslieland, LA 24193",2026-08-30T14:26:20.675464
CUST_001036,Christopher,Stevenson,PERSON,432-87-3064,2007-07-23,whitakerjasmin@example.net,001-659-610-0443x6436,"969 Johnny Estate, Lake Brianberg, GA 58360",2026-09-02T14:26:20.675659
CUST_001037,Robbins-Allen,,BUSINESS,37-1668183,,stevenwilliams@example.net,278.257.1093x38530,"632 Robertson Wall, Brewerfort, NV 43847",2026-07-17T14:26:20.675879
CUST_001038,Powell-Arnold,,BUSINESS,74-5806467,,mendozaangela@example.com,803.644.6332x465,"USS Cook, FPO AP 54347",2024-12-12T14:26:20.676056
CUST_001039,"Gonzalez, Martinez and Edwards",,BUSINESS,64-7749095,,leetravis@example.org,251.276.9659x59656,"375 Ian Ville, Doylehaven, KS 84049",2026-06-24T14:26:20.676298
CUST_001040,Donald,Smith,PERSON,164-24-2096,1962-11-19,matthew79@example.net,(437)823-7660x414,"97081 Kristy Drives, New Anita, DE 02616",2025-12-06T14:26:20.676458
CUST_001041,Christine,Gonzalez,PERSON,654-97-2435,1961-11-20,catherinemartin@example.net,(701)549-6284x076,"347 Ellis Road Apt. 078, West Kevin, NE 51898",2025-11-03T14:26:20.676671
CUST_001042,Nicholas,Parker,PERSON,576-29-7069,2003-11-26,frazierannette@example.com,786.482.5085,"97266 Jason Tunnel Apt. 572, Sanchezport, VT 54616",2025-04-11T14:26:20.676882
CUST_001043,Sandra,Wilkins,PERSON,621-92-2714,1972-11-30,lunajoseph@example.org,734.346.6610,"USNV Greene, FPO AP 51138",2026-04-10T14:26:20.677053
CUST_001044,Payne Group,,BUSINESS,60-2109227,,jjackson@example.com,001-388-879-2449x40395,"1344 Melissa Plains Apt. 318, New Anthony, MO 76431",2025-11-03T14:26:20.677202
CUST_001045,"Lee, Harrison and Richards",,BUSINESS,40-1971500,,deannatyler@example.org,579.339.8012x2016,"00239 Michael Forge Apt. 336, Lake Carl, WI 01139",2026-01-09T14:26:20.677437
CUST_001046,Brittney,Thompson,PERSON,172-63-0746,1953-03-12,dunnrose@example.com,(301)929-5903,"9000 Diana Route Apt. 765, Port Katherine, LA 40990",2025-06-29T14:26:20.677632
CUST_001047,Alyssa,Scott,PERSON,224-66-7881,1948-06-11,edwardsjennifer@example.com,(291)617-0870x27282,"808 Justin Station, East Maryburgh, DE 50365",2025-06-09T14:26:20.677826
CUST_001048,Elizabeth,Smith,PERSON,384-77-3518,1952-10-23,paynedominic@example.net,001-852-976-2520x21311,"83267 Craig Throughway Apt. 678, North Lindamouth, WY 97752",2025-11-04T14:26:20.678025
CUST_001049,Amanda,Doyle,PERSON,613-01-2942,1962-06-18,jacob64@example.org,(273)602-2099x41753,"USS Ward, FPO AE 10672",2026-05-17T14:26:20.678173
CUST_001050,Charlene,Campbell,PERSON,077-08-5616,1942-07-31,laura08@example.com,952.984.6770x37846,"307 Nelson Hill, West Sarahbury, MD 43449",2024-09-22T14:26:20.678345
CUST_001051,Jennifer,Smith,PERSON,510-21-7240,1952-01-25,usanchez@example.org,+1-729-301-8320,"34063 Ferguson Cliffs, West Anthonyport, AZ 53090",2024-09-28T14:26:20.678527
CUST_001052,Leroy,Jones,PERSON,481-82-4476,1998-11-29,upham@example.org,506.348.5796x886,"79044 Shelby Plains Apt. 901, Port Stacyview, GU 44445",2026-04-02T14:26:20.678703
CUST_001053,"Russell, Flynn and Morales",,BUSINESS,54-9774573,,ebutler@example.net,624-796-0170x92176,"0223 John Keys Apt. 478, South Steven, DC 42784",2025-04-05T14:26:20.678916
CUST_001054,Chandler Inc,,BUSINESS,31-7238933,,daisy28@example.com,598.773.5872x72993,"40939 Wade Flat, Katieport, ND 37987",2026-05-10T14:26:20.679060
CUST_001055,Taylor-Gibson,,BUSINESS,25-1492516,,luisblake@example.net,(923)591-8867x622,"40620 Robert Fields, West Kimberly, DE 34816",2025-10-08T14:26:20.679260
CUST_001056,"Rich, Davis and Ross",,BUSINESS,44-9788815,,jonathanbarker@example.com,(563)562-8862,"4455 Jody Shoal, Jamesport, FL 11517",2026-07-13T14:26:20.679491
CUST_001057,Garcia LLC,,BUSINESS,83-2293020,,pamela44@example.net,774-321-8842x46381,"64792 Guerrero Heights, New Caitlyn, NY 58455",2025-04-26T14:26:20.679636
CUST_001058,King Ltd,,BUSINESS,75-7041876,,marcuspearson@example.net,+1-387-659-1530x075,"347 Samantha Freeway, West Susanside, GA 34589",2026-07-22T14:26:20.679802
CUST_001059,Singh-Bright,,BUSINESS,82-3799805,,ramseychristopher@example.com,(243)878-6243x0146,"06963 Gentry Rest Apt. 218, Harperton, MS 44825",2025-09-05T14:26:20.680026
CUST_001060,Albert,Jones,PERSON,792-35-7173,1946-05-23,garciarachel@example.com,4239160040,"321 Brian Lock Apt. 498, Donaldton, PR 61068",2025-12-29T14:26:20.680221
CUST_001061,Christine,Hines,PERSON,633-78-7417,1975-01-26,frank01@example.com,944-424-6073,"59528 Singh Station Suite 757, Lewisfort, UT 80298",2025-02-06T14:26:20.680410
CUST_001062,William,Watkins,PERSON,030-44-5151,1974-08-21,mkeller@example.net,+1-236-776-0741,"815 Kelsey Viaduct Apt. 903, Teresachester, WA 03832",2026-01-26T14:26:20.680582
CUST_001063,Nancy,Schmidt,PERSON,786-71-6715,1982-10-20,acoleman@example.net,(635)447-6075x12101,"4418 Nancy Curve, Michaelport, AR 66261",2026-08-02T14:26:20.680753
CUST_001064,Michael,Hartman,PERSON,649-30-5270,1968-04-08,matthewowen@example.net,777.995.0765,"PSC 7485, Box 2512, APO AE 43880",2026-01-09T14:26:20.680895
CUST_001065,Sharon,Garner,PERSON,850-38-6870,1971-11-08,millertravis@example.com,001-822-979-2949x65239,"03854 Samuel Circle, Katherinemouth, OK 94151",2025-05-21T14:26:20.681089
CUST_001066,Pugh LLC,,BUSINESS,59-3518002,,robertsingh@example.com,838-351-3976x35294,"204 William Divide Apt. 633, Nicoleland, CA 69603",2026-03-17T14:26:20.681258
CUST_001067,Carol,Fox,PERSON,194-58-2359,1976-02-28,mwinters@example.org,+1-538-204-1917x16033,"4184 Robert Unions Suite 020, North Jeffrey, PW 73026",2025-02-27T14:26:20.681432
CUST_001068,"Williams, Moore and Kerr",,BUSINESS,38-6398941,,carpentersarah@example.com,001-767-677-7365x7645,"48195 Harris Trail, North Rachelberg, MS 82324",2026-01-05T14:26:20.681677
CUST_001069,Andrews LLC,,BUSINESS,50-5550953,,jimmywilliams@example.net,001-223-933-1351x4855,"0626 Paul Haven Apt. 514, Lisafort, NE 21103",2026-06-29T14:26:20.681846
CUST_001070,Cantu Group,,BUSINESS,25-9422849,,anna34@example.net,(279)873-0294,"52023 Hunter Ford Suite 712, Amyside, KS 70063",2024-10-27T14:26:20.681992
CUST_001071,Valerie,Hansen,PERSON,087-76-9658,2005-07-25,maria51@example.com,+1-459-591-9456x44645,"41524 Tiffany Wells, Simpsonstad, MA 34009",2026-03-17T14:26:20.682163
CUST_001072,Tristan,Smith,PERSON,071-65-9633,1972-08-31,wgeorge@example.org,446-770-9367,"PSC 2800, Box 4177, APO AP 04754",2025-04-06T14:26:20.682282
CUST_001073,Maria,Simpson,PERSON,277-90-6937,1943-08-18,danieldavis@example.net,907-799-2164x5752,"832 Burns Parkway, Samanthastad, TX 07346",2025-08-02T14:26:20.682485
CUST_001074,Rodney,Wilkerson,PERSON,534-66-1151,1964-05-05,urodriguez@example.com,(661)866-8940x93636,"551 Wilson Cliffs Apt. 395, Joyceburgh, DC 34684",2025-05-28T14:26:20.682681
CUST_001075,Velazquez-Dixon,,BUSINESS,49-6491198,,randall61@example.net,(912)669-7486,"319 Spears Centers Suite 270, Jeannefurt, OK 24513",2026-06-20T14:26:20.682859
CUST_001076,Gill PLC,,BUSINESS,11-7189439,,hendersondean@example.org,827-546-9017,"Unit 9198 Box 6370, DPO AP 48056",2026-02-23T14:26:20.682973
CUST_001077,"Reed, Burnett and Smith",,BUSINESS,82-6098752,,glennsmith@example.org,(667)335-7756x942,"03273 Jeffery Crossroad Suite 827, Michellefurt, IL 98562",2024-12-18T14:26:20.683208
CUST_001078,Laura,Anderson,PERSON,743-30-5596,1997-10-07,wilsonzachary@example.org,4383069586,"111 Wayne Common, Washingtontown, AS 27907",2025-05-29T14:26:20.683411
CUST_001079,"Myers, Cruz and Perez",,BUSINESS,85-9277218,,timothy81@example.net,526.559.8450,"Unit 7902 Box 9403, DPO AA 47847",2026-02-28T14:26:20.683558
CUST_001080,Jeffery,Schultz,PERSON,203-86-1764,1985-08-08,jennifersingh@example.org,001-875-967-1950x305,"26524 Pope Rapids Apt. 852, New Wesley, GA 01022",2026-04-15T14:26:20.683765
CUST_001081,Rebecca,Jones,PERSON,124-36-9620,1972-06-15,kgutierrez@example.org,461.465.7652,"95490 Anna Points Suite 943, Joymouth, NH 63449",2025-07-24T14:26:20.683939
CUST_001082,Martha,Hatfield,PERSON,885-51-1259,1989-10-18,samanthaherrera@example.com,550-709-1595x67832,"USNS Reyes, FPO AE 15839",2026-01-21T14:26:20.684112
CUST_001083,"Deleon, Miller and Walsh",,BUSINESS,91-1160974,,perrydaniel@example.com,+1-536-308-7807x20203,"USNS Smith, FPO AP 81477",2025-10-08T14:26:20.684324
CUST_001084,Ronald,Phelps,PERSON,439-29-7257,1951-11-09,gonzalezscott@example.com,001-848-736-5670x71905,"96770 Green Viaduct Suite 393, South Johntown, OR 97847",2024-11-12T14:26:20.684544
CUST_001085,Nelson-Simmons,,BUSINESS,49-2743975,,pfrancis@example.net,+1-405-888-6810x25312,"54780 Anna Path Apt. 401, Paulmouth, PA 61691",2026-02-18T14:26:20.684731
CUST_001086,Kayla,Smith,PERSON,027-10-9502,1986-05-17,hayesapril@example.com,267-634-7436x939,"859 Jimenez Pine, East Daniel, AL 46396",2025-07-14T14:26:20.684936
CUST_001087,Martinez-Keller,,BUSINESS,17-3388630,,diana25@example.net,211-690-3594,"25979 Jessica Forks Apt. 388, Sheltonmouth, MS 56888",2024-09-18T14:26:20.685114
CUST_001088,Chaney Group,,BUSINESS,21-1736524,,mckenziemills@example.com,534-903-9978,"81836 Eugene Throughway, Lake Cindy, TX 59184",2026-01-22T14:26:20.685280
CUST_001089,"Smith, Cruz and Reyes",,BUSINESS,99-7249378,,nataliekennedy@example.com,281-785-1331x1786,"7719 Vanessa Tunnel Apt. 030, New Tara, NV 42390",2025-06-04T14:26:20.685516
CUST_001090,Linda,Nelson,PERSON,367-65-3043,1956-11-28,clarkalexander@example.com,987.319.2497x2655,"9674 Davis Summit Suite 537, Kathystad, NV 94764",2025-01-30T14:26:20.685724
CUST_001091,Kevin,Roman,PERSON,695-67-8714,1950-08-27,donald69@example.net,9185511156,"57646 Kaiser Run Suite 068, New Amyhaven, WA 27963",2025-04-17T14:26:20.685899
CUST_001092,Victoria,Villarreal,PERSON,229-34-7110,1962-09-19,thompsontodd@example.net,(703)445-6333x89234,"0515 Sharp Walk Apt. 638, Port Danielleburgh, KY 89267",2024-12-03T14:26:20.686115
CUST_001093,"Russo, Thomas and Davis",,BUSINESS,19-2044933,,ortegajulie@example.com,001-728-669-7476x23703,"268 Ashley Ways Apt. 192, Lake Ashley, KY 12333",2025-06-28T14:26:20.686351
CUST_001094,Kelsey,Marquez,PERSON,180-90-3653,1950-03-13,camachokathryn@example.com,(753)794-1854,"8831 Cannon Center, West Richard, AK 27111",2026-01-17T14:26:20.686554
CUST_001095,Wagner Group,,BUSINESS,43-6284972,,qlee@example.com,+1-804-479-8657x168,"508 Thompson Plains, Solomonmouth, MS 38796",2025-08-10T14:26:20.686719
CUST_001096,"Clark, Gonzales and Williams",,BUSINESS,50-8596016,,jasonray@example.com,+1-872-589-4673,"08460 Taylor Summit, Ponceberg, NY 02372",2025-12-12T14:26:20.686960
CUST_001097,Joe,Clark,PERSON,415-40-9973,1944-01-19,krista74@example.net,216-334-3031,"6228 Cox Island, Charlestown, ND 83818",2026-07-02T14:26:20.687130
CUST_001098,Mark,Gilbert,PERSON,875-49-2495,1951-10-14,charles10@example.net,886-210-6600x2604,"9538 Regina Stravenue Suite 244, North Robertfort, ND 71849",2026-04-30T14:26:20.687295
CUST_001099,Keith,Hatfield,PERSON,895-29-2417,2002-07-15,lbailey@example.net,323-289-3544x071,"850 John Shoals, West Danielletown, MP 56291",2026-04-10T14:26:20.687467
CUST_001100,Ryan,Davis,PERSON,554-44-3834,2003-12-16,kimberlyporter@example.org,479-455-4129x824,"815 Brandon Radial, Dillonmouth, VI 51943",2026-04-01T14:26:20.687659
CUST_001101,"Smith, Stanton and Moore",,BUSINESS,69-6268604,,cmartin@example.com,001-407-732-4913x94303,"4962 Ann Parkways, Kennethbury, NJ 84696",2025-07-27T14:26:20.687870
CUST_001102,Phillip,Scott,PERSON,611-75-9698,1958-10-20,jo03@example.org,4862414863,"0487 Matthew Burgs, Davidberg, PW 28210",2025-03-17T14:26:20.688029
CUST_001103,Freeman-Garcia,,BUSINESS,36-8581910,,webbkeith@example.com,001-239-211-7174,"6884 Rivera Oval Apt. 744, Sullivantown, NV 18208",2025-11-05T14:26:20.688251
CUST_001104,Long Ltd,,BUSINESS,43-3011815,,saundersmelissa@example.com,512-408-1803x689,"940 Robinson Gateway, Daryltown, DC 52395",2026-06-16T14:26:20.688427
CUST_001105,Cathy,Erickson,PERSON,495-57-6119,1949-09-18,sbarnes@example.net,9317636781,"53764 Chelsea Passage, Port Christina, AL 27920",2024-10-14T14:26:20.688597
CUST_001106,"Hines, Howard and Greene",,BUSINESS,99-1676621,,joykhan@example.com,5886532987,"14997 Gibson Isle, Jessicaborough, TX 86248",2026-02-08T14:26:20.688838
CUST_001107,Chase-Johnson,,BUSINESS,28-2530298,,johnstonrobert@example.net,594-856-5977,"340 Harrison Locks, North Apriltown, LA 14854",2024-09-18T14:26:20.689048
CUST_001108,Janice,Crawford,PERSON,322-55-4554,2001-04-05,wellsjennifer@example.org,388-877-1699,"36341 Antonio Plain Suite 786, Fitzpatrickville, FL 50968",2025-09-17T14:26:20.689254
CUST_001109,Lamb-Benson,,BUSINESS,75-1821255,,trandouglas@example.net,627-389-8852,"84158 Liu Fields Suite 304, South Rachel, IL 16751",2024-10-23T14:26:20.689465
CUST_001110,"Flores, Cunningham and Maddox",,BUSINESS,43-3917016,,snyderdavid@example.net,748-814-4000x407,"06407 Moore Loop, East Jessica, NY 87234",2026-08-16T14:26:20.689707
CUST_001111,Curry-Torres,,BUSINESS,67-5191831,,vbradshaw@example.com,897-799-2519x736,"Unit 7587 Box 8371, DPO AE 92363",2026-06-12T14:26:20.689832
CUST_001112,Lopez-Matthews,,BUSINESS,23-3345338,,michaelklein@example.org,(677)218-5360x17430,"USNS Bell, FPO AE 06627",2026-05-15T14:26:20.690010
CUST_001113,Kelly,Harris,PERSON,102-53-6502,1998-04-16,ebell@example.org,812.679.7176x350,"99043 Tony Stravenue Suite 762, Port Nicole, AZ 19353",2026-07-15T14:26:20.690184
CUST_001114,Joanna,Collins,PERSON,074-51-3804,1979-10-13,william64@example.com,(256)504-6782,"1550 Philip Circles, West Anthony, RI 62270",2026-05-06T14:26:20.690343
CUST_001115,Jeremy,Grimes,PERSON,159-99-0909,1996-03-02,breyes@example.com,540-453-2421x69435,"USCGC Mcintyre, FPO AA 72610",2025-08-02T14:26:20.690493
CUST_001116,"Smith, Spencer and Jones",,BUSINESS,97-2409947,,mckayshawn@example.org,736-778-8645,"1070 Wade Parks, West Tamaraburgh, RI 49453",2025-01-28T14:26:20.690733
CUST_001117,Hart PLC,,BUSINESS,19-1365746,,rpreston@example.com,423-759-9896,"3560 Patrick Ferry, Elizabethland, MN 11955",2026-07-12T14:26:20.690875
CUST_001118,Timothy,Juarez,PERSON,602-97-7320,1987-12-16,charles93@example.com,349.953.1273x44580,"34616 Vega Club, Edgarchester, WI 44460",2024-11-24T14:26:20.691046
CUST_001119,Hernandez and Sons,,BUSINESS,26-2543145,,melaniegibbs@example.com,9813014812,"89437 Spencer Track Apt. 268, South Karenbury, AL 95898",2025-10-12T14:26:20.691226
CUST_001120,Alexis,Christian,PERSON,332-66-8878,1995-07-20,riveradestiny@example.net,7812403340,"056 Matthew Row, Patrickshire, OR 05486",2026-08-04T14:26:20.691428
CUST_001121,"Lopez, Garcia and Young",,BUSINESS,16-3818391,,davisjacqueline@example.net,360-421-2467x6428,"836 Brett Viaduct Suite 988, Brendamouth, PA 10311",2025-02-06T14:26:20.691663
CUST_001122,Price PLC,,BUSINESS,60-9323619,,aaronwalker@example.net,365-565-7166x578,"43896 Banks Locks Suite 508, Thomasshire, FM 42832",2026-08-17T14:26:20.691854
CUST_001123,Bauer and Sons,,BUSINESS,97-8158234,,melaniejohnson@example.org,787-964-1261x395,"80583 Larry Camp Apt. 544, Lake Danielle, NY 70021",2026-03-24T14:26:20.692024
CUST_001124,Cunningham-Reilly,,BUSINESS,37-4139874,,lawrencealexis@example.net,(456)593-2596x2762,"27534 Amanda Ridge, Tammyfort, MP 74035",2025-12-09T14:26:20.692223
CUST_001125,"Maxwell, Johnson and Stein",,BUSINESS,67-3493621,,patriciasmith@example.com,610.962.9450x2694,"341 Horton Road Apt. 032, Lake Isabella, GU 69784",2026-08-12T14:26:20.692468
CUST_001126,Ryan,Alvarado,PERSON,438-60-9390,1984-01-14,fhenderson@example.net,677-520-1104x083,"0187 Dawson Turnpike, Dawnborough, VI 98408",2024-11-23T14:26:20.692649
CUST_001127,Thomas-Nguyen,,BUSINESS,73-7912082,,shelleyanderson@example.com,(757)977-2774,"18852 Cory Haven, Ryanton, IN 93689",2025-03-02T14:26:20.692845
CUST_001128,Lopez-Hall,,BUSINESS,17-2471723,,idawson@example.com,+1-584-720-4759,"7069 Felicia Fall Suite 320, West Lance, CO 55510",2025-12-04T14:26:20.693023
CUST_001129,"Ortega, Brewer and Vargas",,BUSINESS,27-8033593,,robert77@example.net,+1-718-498-6361x39594,"85723 Ali Center, New Juanborough, NM 64387",2026-02-24T14:26:20.693234
CUST_001130,Ashley,Taylor,PERSON,691-26-8277,2002-12-13,wware@example.com,001-399-277-9178x22008,"428 Contreras Ranch, South Ianland, MD 64522",2024-12-10T14:26:20.693417
CUST_001131,Marcus,Peterson,PERSON,260-75-0701,1979-02-19,ogriffin@example.net,+1-608-800-4587x24227,"483 Stephanie Key, South Davidmouth, FL 97879",2025-08-21T14:26:20.693591
CUST_001132,Brown-Delgado,,BUSINESS,71-9131572,,jamie35@example.org,(775)277-7734x26587,"49791 Smith Neck, Lake Paulaburgh, VI 67348",2025-09-29T14:26:20.693768
CUST_001133,Sosa Group,,BUSINESS,59-5537157,,bentleyvickie@example.net,9744666974,"1243 Price Parkway, Port Veronica, AR 29077",2026-03-16T14:26:20.693945
CUST_001134,Eric,Sherman,PERSON,397-74-6091,1989-05-04,mark76@example.com,550.678.1072,"6126 Jorge Square Apt. 631, Thompsonmouth, MA 52204",2025-10-25T14:26:20.694124
CUST_001135,Helen,Scott,PERSON,595-98-0627,1980-05-11,sotomary@example.com,(630)206-3621x0516,"048 Christopher Streets Suite 373, Diazburgh, NJ 82893",2026-08-17T14:26:20.694331
CUST_001136,Cannon PLC,,BUSINESS,17-8913550,,beverly86@example.com,470.855.4899x071,"4827 Brandon Crossroad, East Kimberly, GU 14246",2025-03-23T14:26:20.694465
CUST_001137,Hooper Group,,BUSINESS,84-4905100,,thomasgreen@example.org,(913)968-8415,"918 Thompson Road, Bryanshire, MI 54722",2026-04-06T14:26:20.694642
CUST_001138,Karen,Kennedy,PERSON,683-47-5505,1978-08-27,ericschwartz@example.com,(485)487-0630,"335 Amy Mill, Garciaborough, MI 78964",2026-01-06T14:26:20.694846
CUST_001139,Deborah,Evans,PERSON,161-53-8623,1985-11-16,radams@example.net,(250)272-8310x185,"USCGC Stewart, FPO AP 41198",2025-12-18T14:26:20.694997
CUST_001140,Lori,Mcmahon,PERSON,769-04-5545,1977-08-18,floresalex@example.org,+1-886-379-7447,"866 Maria Turnpike Suite 653, East Kevin, NV 58524",2026-02-04T14:26:20.695192
CUST_001141,Manning-Ortiz,,BUSINESS,55-3914404,,jamesmendoza@example.org,(462)581-9150,"734 Williams Expressway, New Keithmouth, PW 83521",2026-03-20T14:26:20.695401
CUST_001142,Adam,Kennedy,PERSON,770-54-0433,1983-03-02,emartin@example.com,(397)373-6609x859,"3665 Christina Rue Suite 874, Rebeccastad, NV 15766",2025-01-18T14:26:20.695573
CUST_001143,Wilson Ltd,,BUSINESS,99-7019382,,susan49@example.com,963-995-2574,"2123 Robertson Mills, Patrickland, WY 81876",2025-01-19T14:26:20.695717
CUST_001144,Christopher,Kelley,PERSON,577-67-7686,1963-04-18,qwatkins@example.net,222.790.0059,"3658 Mitchell Islands, New Jeffreyport, HI 38570",2024-09-26T14:26:20.695898
CUST_001145,Martinez-Sandoval,,BUSINESS,82-3384080,,igarcia@example.org,+1-933-706-5335x359,"USS Hudson, FPO AE 66531",2025-02-17T14:26:20.696053
CUST_001146,Jacob,Padilla,PERSON,609-52-0002,1976-06-08,ugallagher@example.net,588.527.3763x0977,"0979 Gordon Islands Suite 004, Wendyton, NV 92809",2025-04-30T14:26:20.696244
CUST_001147,Burke and Sons,,BUSINESS,32-9228157,,parksandre@example.com,+1-832-526-5278x254,"156 Martinez Mount Suite 539, Martinmouth, OH 12370",2026-08-09T14:26:20.696434
CUST_001148,Jennifer,Garza,PERSON,867-71-7543,1986-04-24,adrian55@example.org,001-580-753-6597x268,"051 Melissa Lodge Suite 721, New Daniel, MS 72264",2026-07-21T14:26:20.696597
CUST_001149,John,Cole,PERSON,029-24-7922,1999-07-15,jeffrey98@example.org,949-524-1371,"390 Schmidt Bypass Suite 848, Port Ronald, WV 68119",2025-01-08T14:26:20.696769
CUST_001150,Sarah,Henderson,PERSON,166-26-8778,1967-07-20,elizabeth06@example.com,955.495.7354x1057,"0258 Anthony Plains, Lindahaven, NV 20325",2026-08-27T14:26:20.696929
CUST_001151,Cooper PLC,,BUSINESS,10-6565572,,katelyn72@example.org,302.841.0415x07493,"1155 Costa Corners, Lake Justin, VT 36610",2024-12-27T14:26:20.697073
CUST_001152,Scott,Pena,PERSON,047-06-0679,1999-12-26,matthew40@example.net,+1-292-827-0699,"356 Stevenson Walk Apt. 363, South Kelly, DC 22094",2026-05-06T14:26:20.697246
CUST_001153,Cox-Wise,,BUSINESS,32-6428919,,washingtonalexandria@example.org,851.542.4496,"04539 Joshua Well, Simpsonburgh, MP 41943",2026-07-18T14:26:20.697455
CUST_001154,Dan,Smith,PERSON,590-49-1794,1990-12-12,cunninghamwayne@example.com,317.509.8166,"PSC 3846, Box 9128, APO AE 48320",2026-04-18T14:26:20.697597
CUST_001155,Brian,James,PERSON,334-34-6699,1966-11-23,mikehall@example.org,(436)712-7698x762,"PSC 9474, Box 5080, APO AP 74434",2026-05-26T14:26:20.697739
CUST_001156,"Wagner, Bowers and Wilson",,BUSINESS,19-7267813,,denisedavis@example.com,001-771-260-4261x44716,"52644 Fleming Parkway Apt. 969, Jessicastad, KS 11813",2024-09-25T14:26:20.697987
CUST_001157,"Nunez, Berry and Stephenson",,BUSINESS,85-2695038,,sarahmeyers@example.net,5495876209,"2427 Smith Unions Suite 414, Greenview, AL 22830",2025-10-07T14:26:20.698241
CUST_001158,Benson-Lee,,BUSINESS,51-3289279,,justinnguyen@example.com,(718)332-6213x8415,"2527 Smith Locks Apt. 848, Lake Alexander, GA 62211",2026-04-08T14:26:20.698452
CUST_001159,Hernandez and Sons,,BUSINESS,91-9173859,,kurtschwartz@example.org,+1-493-878-1326x72733,"674 Macias Isle Apt. 946, Bowmanmouth, WV 39065",2024-11-21T14:26:20.698643
CUST_001160,"Parks, Cantrell and Roberts",,BUSINESS,32-6986539,,kristinharris@example.com,(872)966-8490x536,"03161 Nancy Orchard, Carlsonmouth, IA 40138",2026-01-31T14:26:20.698885
CUST_001161,Blake,Clark,PERSON,697-69-3631,1953-08-04,penalaura@example.net,001-418-201-6648x0236,"895 Charles Knoll, Kimberlybury, OK 63943",2025-08-25T14:26:20.699077
CUST_001162,"Stout, Ward and Sanchez",,BUSINESS,98-5941179,,daltonbethany@example.org,7662086236,"62247 Duane Junction, Lake Kimberlyberg, VI 56371",2026-05-09T14:26:20.699310
CUST_001163,Suzanne,Garcia,PERSON,812-32-5528,1943-08-23,dmartinez@example.net,301-257-9970x6298,"526 Barnes Landing Apt. 836, Port Peterburgh, DE 38631",2026-09-15T14:26:20.699495
CUST_001164,Ramos and Sons,,BUSINESS,82-1543292,,dduke@example.net,+1-771-843-9039x09200,"0247 Palmer Islands, Hansonside, MP 69923",2026-03-14T14:26:20.699660
CUST_001165,"Jackson, Hall and Murray",,BUSINESS,88-4706007,,prestonsheila@example.org,+1-532-629-7254x014,"3188 Cobb Lake Suite 780, South Lisashire, HI 97028",2024-12-01T14:26:20.699907
CUST_001166,Toni,Molina,PERSON,222-52-6736,2007-10-29,timothybell@example.net,+1-950-245-8387x5007,"317 Cody Wells, Port Jeremystad, OR 93118",2025-04-26T14:26:20.700101
CUST_001167,Vincent,Campbell,PERSON,215-31-1803,1995-07-14,emily96@example.com,5105146019,"2260 Chris Loaf, Davidfurt, MO 30217",2025-10-12T14:26:20.700260
CUST_001168,Jerry,Gray,PERSON,300-07-9007,2005-07-18,danielbrown@example.org,001-771-299-4574x051,"56735 Leah Fork, Carlyland, NJ 57150",2026-01-16T14:26:20.700453
CUST_001169,Ward LLC,,BUSINESS,50-3816683,,allensierra@example.org,001-428-667-1066x560,"7774 Elizabeth Prairie, West Thomasfort, MA 25620",2024-12-04T14:26:20.700620
CUST_001170,Edward,Reeves,PERSON,885-88-8081,1987-11-29,frank15@example.net,789.389.1683x171,"41248 Mcknight Inlet Suite 731, South Charles, WA 62099",2024-09-21T14:26:20.700798
CUST_001171,"Baker, Berry and Weeks",,BUSINESS,67-1191186,,umorales@example.com,908-257-0340x11761,"011 Shannon Place, Port Christopher, NC 83268",2025-12-19T14:26:20.701020
CUST_001172,Maria,Miller,PERSON,167-04-4005,2006-04-26,wmatthews@example.com,400-619-1542x607,"3424 Mary Glen Suite 546, Thomashaven, FL 17137",2026-01-04T14:26:20.701214
CUST_001173,Jeremy,Cameron,PERSON,660-55-4815,1949-04-19,hoganroberto@example.net,660-838-9515x923,"74645 Kathleen Fort, South Karenview, OR 41719",2025-09-23T14:26:20.701413
CUST_001174,Jordan LLC,,BUSINESS,23-1021494,,dale37@example.net,234-963-1078,"6018 Tracey Harbor Apt. 544, Torresfort, IA 31711",2026-07-29T14:26:20.701571
CUST_001175,Park-Watson,,BUSINESS,66-8040612,,wwright@example.net,601.268.5253x1750,"0118 Howell Point, Adamstown, WA 81785",2026-03-30T14:26:20.701769
CUST_001176,Jackson-Smith,,BUSINESS,73-7353742,,antonio57@example.net,(281)884-7266,"USNS Roberts, FPO AA 83790",2025-09-22T14:26:20.701921
CUST_001177,Davis LLC,,BUSINESS,22-9044494,,austin62@example.net,389.908.8068x3112,"USNV Morrison, FPO AP 19967",2025-02-02T14:26:20.702045
CUST_001178,Kimberly,Gilmore,PERSON,215-31-1333,1953-04-26,itucker@example.com,3386561627,"77323 Santos Fort Suite 421, Jennifertown, PA 33613",2026-04-03T14:26:20.702238
CUST_001179,Johnson PLC,,BUSINESS,19-1560573,,peggygreen@example.com,+1-787-519-9425x0592,"USS Boyer, FPO AP 48229",2025-11-19T14:26:20.702391
CUST_001180,Michael,Allison,PERSON,701-71-8056,1974-04-30,randallpowers@example.org,437.395.7238x1612,"13301 Thomas Field, Soniaton, HI 34597",2025-10-25T14:26:20.702595
CUST_001181,Mccann-Ramirez,,BUSINESS,23-2244876,,jennifer12@example.org,(722)932-0873,"91370 Hoffman Mill Apt. 792, East Stephanieville, NE 97573",2025-10-01T14:26:20.702782
CUST_001182,Angela,Taylor,PERSON,667-07-8452,1941-02-26,seanwatson@example.net,517.284.4988,"738 Cody Underpass Apt. 704, Randallport, MP 48505",2025-08-28T14:26:20.703067
CUST_001183,Lawrence,Johnson,PERSON,877-63-0250,1941-10-07,samanthamorris@example.net,723.248.1180x82938,"847 Vargas Plaza, West Zachary, WA 46914",2026-07-02T14:26:20.703291
CUST_001184,Jeffrey,Jones,PERSON,381-55-4830,1947-07-14,javierjohnson@example.org,(366)370-6331x1916,"Unit 9553 Box 0937, DPO AE 95711",2025-10-05T14:26:20.703446
CUST_001185,Randall LLC,,BUSINESS,13-8236404,,halltrevor@example.org,203.279.3061x892,"207 Lindsay Lock Apt. 474, West Ryan, KY 63177",2024-11-16T14:26:20.703627
CUST_001186,John,Ward,PERSON,809-42-0994,1992-12-02,mary99@example.org,236-579-1207x20957,"81996 Ramirez Mews Suite 781, Bakerburgh, AZ 41735",2025-01-03T14:26:20.703817
CUST_001187,Brown-Rosario,,BUSINESS,30-1898516,,rebecca55@example.com,240.292.0167x5993,"140 Rojas Plain Apt. 670, Port Jonathanview, NE 47601",2026-06-05T14:26:20.704002
CUST_001188,Stone-Smith,,BUSINESS,36-4187406,,smithpamela@example.org,5466454976,"2560 Holder Plaza Apt. 466, West Scott, AR 11400",2025-07-24T14:26:20.704222
CUST_001189,Moreno Ltd,,BUSINESS,94-5723173,,vmorrison@example.org,281-321-6525,"043 Matthew Brooks Suite 174, Lake Ryanview, NJ 63965",2025-11-16T14:26:20.704376
CUST_001190,Melissa,Arellano,PERSON,678-50-3092,1996-05-16,garretthannah@example.org,001-823-619-7670x25461,"PSC 4696, Box 4589, APO AE 33438",2026-06-10T14:26:20.704661
CUST_001191,Felicia,Miller,PERSON,681-70-3735,1953-04-22,delacruzmelissa@example.org,624.647.9297x591,"Unit 9400 Box 9465, DPO AP 33933",2025-08-10T14:26:20.704870
CUST_001192,Young-Waller,,BUSINESS,29-1914439,,dawnroberts@example.net,978.207.3767x64973,"51918 Martinez Crossroad Suite 476, Reynoldsfurt, WV 08020",2025-09-12T14:26:20.705280
CUST_001193,Heather,Miller,PERSON,124-77-3109,2001-07-06,oscarking@example.com,001-793-817-6970,"9105 Gross Forest Suite 704, Kristenfort, NJ 15047",2025-07-06T14:26:20.706066
CUST_001194,Joseph,Kelly,PERSON,462-60-0908,1949-11-16,wendy01@example.com,(444)794-0998x575,"4484 Rogers Junction, Myerschester, IL 32223",2025-11-19T14:26:20.706285
CUST_001195,Vaughn-Mata,,BUSINESS,35-2627170,,ericksontonya@example.org,001-453-907-2772,"887 Stacey Point Suite 266, East Robertchester, AS 80471",2026-08-21T14:26:20.706498
CUST_001196,Amber,French,PERSON,192-60-7130,1987-01-16,joseph29@example.com,750.507.9616,"842 Henry Manor Suite 919, South Jameschester, OR 44236",2026-03-26T14:26:20.706735
CUST_001197,Bond Ltd,,BUSINESS,20-8945197,,vlang@example.net,(950)216-9156,"07008 James Throughway, Malloryshire, AK 19037",2026-05-21T14:26:20.707153
CUST_001198,Arroyo Group,,BUSINESS,60-8901136,,jesse69@example.net,(749)341-8016,"464 John Coves, New Steven, PA 12878",2025-05-04T14:26:20.707307
CUST_001199,Hamilton-Howard,,BUSINESS,21-7501626,,cody12@example.org,639.405.9666,"83754 Alyssa Hills Suite 377, West Courtney, SC 43034",2026-03-11T14:26:20.707485
CUST_001200,Moss Inc,,BUSINESS,58-7197531,,morganwells@example.org,+1-817-993-1625x05532,"4837 Ralph Point, Farmerfort, OR 32035",2026-03-09T14:26:20.707694
CUST_001201,"Dixon, Wade and Hudson",,BUSINESS,15-5417373,,michelle12@example.net,(272)987-7478x69104,"696 White Summit, Craigmouth, NM 29389",2025-06-23T14:26:20.709885
CUST_001202,Wade Inc,,BUSINESS,43-4795715,,andrewsmith@example.org,001-207-419-1294x337,"149 Walker Knolls Suite 019, West Jason, CA 87234",2025-12-15T14:26:20.710097
CUST_001203,Christopher,Khan,PERSON,737-42-8375,1961-04-04,oramos@example.org,370.901.7493,"3021 Lewis Forest, Port Caitlin, AS 83550",2026-04-15T14:26:20.710436
CUST_001204,Donna,Miller,PERSON,896-01-1601,1985-08-17,ariel62@example.org,+1-592-824-0061,"0251 Wright Plains Apt. 471, Port Angelatown, WY 04766",2026-06-21T14:26:20.710672
CUST_001205,Morgan-Miller,,BUSINESS,79-7945543,,julie11@example.net,896-202-7693x47796,"562 Kennedy Branch Suite 224, Hancockton, MS 77920",2025-01-21T14:26:20.711753
CUST_001206,Nancy,Alvarado,PERSON,709-65-6800,1992-03-06,qmorgan@example.org,001-782-277-1148x8160,"USCGC Lambert, FPO AA 46916",2025-02-27T14:26:20.712586
CUST_001207,Renee,Williams,PERSON,175-52-8060,1990-11-24,ujefferson@example.org,244-214-4294x267,"51378 Krause Fall, Hicksmouth, AZ 38946",2025-08-16T14:26:20.713184
CUST_001208,Scott Group,,BUSINESS,78-8966231,,phillipsmorgan@example.org,868.717.0068x143,"397 Jenkins Cove, West Johnmouth, WY 11450",2025-02-07T14:26:20.713842
CUST_001209,Marcus,Johnson,PERSON,507-56-0228,1946-03-05,hbailey@example.net,001-980-807-7842x8455,"7066 Anderson Course Apt. 283, Brendaville, KS 27410",2025-05-17T14:26:20.714755
CUST_001210,Sampson PLC,,BUSINESS,20-7623718,,danielmoore@example.org,001-359-478-3367x4089,"9944 Burton Trail, Garzaside, VI 71214",2026-08-12T14:26:20.716282
CUST_001211,Anthony,Thompson,PERSON,793-22-5608,1992-01-28,brucerobinson@example.org,001-808-580-2570x1620,"5959 Louis Lock, Nolanland, NE 92943",2026-05-16T14:26:20.717332
CUST_001212,Hernandez-Armstrong,,BUSINESS,32-3804559,,amber63@example.com,2254368732,"0806 Smith Mill Suite 387, Port Maryborough, SC 38185",2026-02-12T14:26:20.717973
CUST_001213,Patricia,Fischer,PERSON,053-82-0074,1970-06-06,amber84@example.org,001-993-200-4603x560,"5904 Mcdonald Ridge, Lake Mariamouth, WA 73173",2026-05-10T14:26:20.718216
CUST_001214,Lori,Brown,PERSON,482-02-2073,1973-12-07,moorestanley@example.com,(713)600-5019x857,"427 Johnson Estate, New Mark, AL 58751",2025-07-10T14:26:20.718436
CUST_001215,Frank,Edwards,PERSON,189-02-6070,1987-11-13,charles50@example.org,952.747.1178,"39184 William Knolls Apt. 412, Lake Sharontown, NM 34355",2024-10-17T14:26:20.718612
CUST_001216,"Buckley, Madden and Moss",,BUSINESS,35-3480985,,carlos69@example.net,632.976.9268,"309 Emily Fall Apt. 906, West Robertchester, AS 06447",2025-01-15T14:26:20.718828
CUST_001217,Miller-Turner,,BUSINESS,50-2124274,,harrisjamie@example.com,+1-512-858-1936x694,"3145 Watson Manor Apt. 508, Victoriaport, MS 92413",2026-06-19T14:26:20.719096
CUST_001218,Clarke Inc,,BUSINESS,81-7666510,,lwilliamson@example.com,(533)302-3042x33388,"25092 Smith Avenue Apt. 438, Hickmanchester, NY 40243",2025-02-28T14:26:20.719278
CUST_001219,Williams-Porter,,BUSINESS,45-9718920,,paulrojas@example.com,278-496-6368x05373,"701 Kenneth Parks, Lake Gracestad, CT 69135",2025-06-04T14:26:20.719488
CUST_001220,Heather,Foster,PERSON,107-01-9232,1975-03-10,zfranco@example.com,328.416.8960x06688,"2528 Bennett Parkway, South Amyland, TX 59429",2024-09-29T14:26:20.719685
CUST_001221,"Anderson, Welch and Garcia",,BUSINESS,24-7953189,,cholder@example.org,210.780.8348,"8789 Sherry Union Suite 833, Robertmouth, ND 49934",2026-04-16T14:26:20.719905
CUST_001222,Samantha,Ellis,PERSON,754-82-2220,1967-01-08,craigjones@example.net,001-506-266-4059x974,"378 Sandra Row, Janicebury, NV 14514",2025-02-13T14:26:20.720110
CUST_001223,David,Moss,PERSON,896-68-8643,1974-06-22,victoria15@example.com,481.637.3142x1756,"433 Tyler Plains Apt. 730, Debrafort, MT 57478",2026-05-31T14:26:20.720285
CUST_001224,Dennis,Rice,PERSON,845-02-7218,1976-02-17,aking@example.org,777-446-6219x97856,"424 Hart Manors Suite 729, New Catherine, NH 21736",2025-11-28T14:26:20.720483
CUST_001225,Mcgrath Group,,BUSINESS,62-5431477,,cgilbert@example.com,+1-501-554-1382x73868,"986 Eric Rue, Rodneyhaven, WA 55717",2025-08-20T14:26:20.720636
CUST_001226,Hart Group,,BUSINESS,83-8936405,,brownmichael@example.com,448.908.4371x4926,"60012 Gutierrez Heights Suite 096, West Cassidyton, OK 11456",2026-08-09T14:26:20.720829
CUST_001227,Adam,Harper,PERSON,441-51-5827,1997-06-17,kyle43@example.org,4172846274,"PSC 5225, Box 8987, APO AP 26388",2025-12-08T14:26:20.720946
CUST_001228,Porter and Sons,,BUSINESS,28-7739741,,danielbraun@example.com,001-669-210-7086x11713,"06422 Mcknight Turnpike Suite 349, Kathrynchester, MA 18870",2026-08-08T14:26:20.721138
CUST_001229,Nunez-Rocha,,BUSINESS,52-4985919,,booneteresa@example.com,974.711.6028x5953,"9204 Emily Islands Apt. 823, Port Michellefurt, KY 95991",2026-07-28T14:26:20.721353
CUST_001230,Smith Ltd,,BUSINESS,44-7248518,,courtneydavies@example.net,874.944.3329x4578,"047 Anderson Roads Suite 497, Port Miranda, WA 67339",2026-08-27T14:26:20.721708
CUST_001231,Stanley LLC,,BUSINESS,48-6216863,,hartalejandro@example.com,+1-410-509-9784x4298,"12826 Hunter Rapids Suite 024, North Matthewstad, NJ 74393",2025-12-03T14:26:20.721912
CUST_001232,"Bradley, Ward and Allison",,BUSINESS,99-2647814,,jeremy56@example.com,223-243-4407,"39594 Marcus Mission, Melodytown, WA 62443",2026-01-26T14:26:20.722121
CUST_001233,Jason,Vazquez,PERSON,853-16-2557,1976-04-11,walshlaura@example.org,(542)918-1544x7889,"70507 Christy Rue Apt. 626, East Scott, HI 33972",2025-11-13T14:26:20.722332
CUST_001234,"Douglas, Hines and Mcneil",,BUSINESS,51-5520117,,ronaldchavez@example.org,001-979-980-4707x89379,"399 Houston Fields, Knightville, AS 68550",2025-07-17T14:26:20.722592
CUST_001235,Kevin,Hill,PERSON,111-87-9605,1977-10-17,tinarocha@example.com,001-392-782-6290x165,"74787 Michael Isle Apt. 331, Andrewsbury, CA 87682",2026-03-08T14:26:20.722806
CUST_001236,Davidson Group,,BUSINESS,37-7831185,,peggy19@example.com,001-817-665-0210x0027,"700 Martinez Crossroad Suite 380, Leetown, MA 28781",2025-05-08T14:26:20.722970
CUST_001237,Davenport-Reyes,,BUSINESS,17-9644791,,georgehawkins@example.net,001-927-746-2268,"524 Amber Dale, South Markborough, VA 13218",2026-04-07T14:26:20.723177
CUST_001238,Lance,Curtis,PERSON,258-84-9974,1958-11-29,wheeleranne@example.net,959-962-4384x092,"USS Anthony, FPO AA 30453",2025-11-02T14:26:20.723352
CUST_001239,"Fields, Rice and Smith",,BUSINESS,27-9796063,,rbrown@example.org,+1-825-911-0318,"5914 Poole Landing, Jordanland, RI 54002",2025-02-11T14:26:20.723593
CUST_001240,Linda,Chandler,PERSON,703-49-0157,2006-07-30,brian43@example.com,6109265576,"7329 Castillo Hollow Apt. 050, Stonetown, WY 99108",2026-03-23T14:26:20.723787
CUST_001241,Laurie,Hernandez,PERSON,250-07-4866,2001-04-24,lhodges@example.org,670-461-6537x3053,"8162 Bryan Ports, Rodriguezton, NJ 15122",2026-02-23T14:26:20.723977
CUST_001242,Michele,Williams,PERSON,408-16-6510,1981-10-11,ryanberg@example.org,690-841-1797x79631,"087 Gilbert Views Apt. 229, North William, WV 64737",2026-01-04T14:26:20.724194
CUST_001243,Amber,Collins,PERSON,481-58-9228,1977-05-17,jonathanrobinson@example.com,+1-268-268-6274x823,"54759 Smith Valleys Apt. 367, Lake Diane, CA 43430",2025-06-06T14:26:20.724410
CUST_001244,Patrick,Hubbard,PERSON,535-09-4539,1941-12-02,rebeccawhite@example.com,001-564-391-3716x50942,"378 Laura Crest Apt. 518, Lake Johnshire, AS 03572",2025-09-12T14:26:20.724667
CUST_001245,Anthony,Orr,PERSON,609-07-4979,1970-02-06,juan40@example.com,+1-381-451-9394x27891,"98606 Patricia Village, Kyleland, NE 84214",2025-12-10T14:26:20.724864
CUST_001246,Pitts-Price,,BUSINESS,69-9474614,,woodssteven@example.org,+1-442-606-7080x585,"Unit 0497 Box 7957, DPO AE 37839",2025-08-06T14:26:20.725027
CUST_001247,Yolanda,Johnson,PERSON,061-26-1369,1965-07-25,wdavis@example.net,+1-896-622-4947,"495 Howard Lake, New Ashleyland, AL 18364",2024-10-19T14:26:20.725210
CUST_001248,Michelle,Pacheco,PERSON,238-28-4299,2004-02-08,tonyaramos@example.com,001-770-785-9426x823,"8213 David Island Suite 769, Kimberlystad, VI 13956",2026-01-12T14:26:20.725416
CUST_001249,Dean LLC,,BUSINESS,72-8484373,,linda32@example.org,450.583.9731x7525,"2139 Salinas Orchard, Nguyenchester, GA 72814",2026-03-19T14:26:20.725577
CUST_001250,Henry and Sons,,BUSINESS,85-6867997,,andrew64@example.net,858-404-8294x07828,"729 Michelle Summit Suite 062, Mistymouth, VA 29020",2025-09-29T14:26:20.725719
CUST_001251,Oscar,Mills,PERSON,377-46-8823,1949-10-02,robertcampos@example.net,+1-616-375-0115x32703,"7568 Lewis Oval Apt. 379, Smithtown, VI 90979",2025-12-26T14:26:20.725979
CUST_001252,Tasha,Cook,PERSON,519-24-8842,2004-04-17,yatesjanet@example.net,001-439-765-7537x64451,"PSC 2220, Box 8346, APO AA 89185",2025-11-29T14:26:20.726132
CUST_001253,Joseph,Haas,PERSON,603-73-6335,1949-01-03,westangelica@example.com,3692939945,"USNS Stone, FPO AE 81287",2025-08-17T14:26:20.726296
CUST_001254,Donald,James,PERSON,597-67-6189,1941-09-17,toddbrooks@example.com,703-863-0569,"PSC 5096, Box 9412, APO AE 42326",2026-04-03T14:26:20.726428
CUST_001255,Gary,Rice,PERSON,630-75-0028,1986-10-09,hfarmer@example.org,207-514-9236,"085 Green Trail Suite 372, Port Jameschester, PR 94080",2026-02-02T14:26:20.726628
CUST_001256,Jennifer,Chaney,PERSON,875-54-3481,1999-06-18,kimberlyjones@example.net,980-943-8430,"421 Angela Bypass Apt. 874, Martinland, VT 91268",2024-10-23T14:26:20.726819
CUST_001257,Patricia,Garcia,PERSON,164-50-5846,1982-10-24,aparker@example.org,9232121781,"75888 Monique Place, Cherylburgh, AK 54831",2025-12-15T14:26:20.726979
CUST_001258,Johnson LLC,,BUSINESS,75-1336422,,jamesdavid@example.com,(561)389-1095,"USS Beltran, FPO AE 60752",2024-10-18T14:26:20.727110
CUST_001259,Carolyn,Combs,PERSON,776-42-1056,1956-01-17,ericdaniels@example.org,637-202-0981,"9613 Johnson Mountain Suite 272, Lake Juliastad, AR 91741",2025-05-19T14:26:20.727300
CUST_001260,Jennifer,Blanchard,PERSON,008-56-3354,1987-08-16,jeremy35@example.org,662-862-5104,"USCGC Sanchez, FPO AA 87734",2024-11-23T14:26:20.727426
CUST_001261,Charles,Daniel,PERSON,347-13-3391,1955-10-06,anthonyfoster@example.org,7928407413,"90363 Castillo Flats, New Craig, MD 66609",2025-01-09T14:26:20.727614
CUST_001262,Andrew,Smith,PERSON,815-71-4890,1947-08-24,erinfreeman@example.org,246-283-1465,"558 Price Summit Suite 201, Port Debbietown, DC 28499",2026-01-30T14:26:20.727808
CUST_001263,Smith Group,,BUSINESS,87-6124763,,daniel88@example.net,7603917507,"PSC 9267, Box 7504, APO AA 12840",2024-09-17T14:26:20.727897
CUST_001264,Holland-Stanley,,BUSINESS,64-7316209,,victoria96@example.com,(888)772-0204x87103,"4144 Jennifer Station Suite 197, Matthewland, VI 39376",2025-09-24T14:26:20.728053
CUST_001265,Carpenter-Kelly,,BUSINESS,42-4660940,,williamscourtney@example.org,(595)847-3564x27294,"098 Jose Centers, West Jennaport, NV 05901",2025-05-27T14:26:20.728920
CUST_001266,Huff Group,,BUSINESS,96-9734854,,gonzalesdaniel@example.org,(802)425-2553x13417,"Unit 8095 Box 4175, DPO AA 89494",2024-12-17T14:26:20.729047
CUST_001267,Davis and Sons,,BUSINESS,84-2716512,,wmendez@example.net,382-281-7393x396,"656 Derrick Circle, Mitchellview, VA 54082",2026-09-09T14:26:20.729206
CUST_001268,Bennett-Ford,,BUSINESS,81-5742531,,patrick50@example.net,250-414-3999x257,"28551 Allen Springs, West Frances, FL 01969",2025-11-15T14:26:20.729371
CUST_001269,John,Mcmillan,PERSON,689-93-8873,1992-06-22,marissa18@example.org,001-780-552-8390,"3083 Jeremy Pine Suite 016, Marshallfurt, OR 19155",2025-05-11T14:26:20.729540
CUST_001270,Heather,Pitts,PERSON,596-83-2016,1990-08-27,alexander71@example.net,309.657.4454x069,"7384 Darren Square Suite 567, Franklinmouth, RI 21931",2025-10-07T14:26:20.729702
CUST_001271,"Bennett, Doyle and Perez",,BUSINESS,91-6454894,,qrobinson@example.org,303.591.9056x6514,"6832 Cruz Square, Lake Cynthiachester, AZ 46929",2025-12-07T14:26:20.729906
CUST_001272,"Burton, Aguilar and Ruiz",,BUSINESS,93-6012883,,moorejoseph@example.org,(537)643-7380x13184,"716 Robert Circles Apt. 476, North Sean, KS 60959",2026-03-08T14:26:20.730126
CUST_001273,Amanda,Blackwell,PERSON,769-30-5633,1961-12-06,mallory55@example.com,573-911-6885x9266,"88943 Brandon Hills, Thomasville, MO 49459",2025-04-05T14:26:20.730292
CUST_001274,Rachel,Smith,PERSON,543-07-4336,2001-09-17,potteremily@example.com,962-588-2617x3460,"14931 James Dale Apt. 938, West Matthewbury, AL 84673",2026-07-20T14:26:20.730792
CUST_001275,"Cobb, Hall and Bradley",,BUSINESS,94-6361758,,moralestracy@example.com,001-527-938-6813,"781 Michael Fords, West Haley, ND 33147",2024-10-19T14:26:20.731326
CUST_001276,Austin,Thompson,PERSON,205-51-7974,1945-01-10,pearsonjohn@example.com,678-276-0287,"488 Adam Square Apt. 391, Castilloland, HI 70111",2026-08-21T14:26:20.731564
CUST_001277,"Caldwell, Wallace and Schultz",,BUSINESS,47-5352450,,rebecca93@example.org,001-582-827-8146x95395,"20724 Garcia Springs, West Ryanburgh, IN 07314",2025-07-15T14:26:20.731797
CUST_001278,"Price, Tran and Brown",,BUSINESS,59-1592554,,paul01@example.com,001-512-880-4471x208,"8562 Lisa Plains Suite 173, Port Shannon, MT 03821",2025-01-27T14:26:20.732010
CUST_001279,Jade,Mccann,PERSON,193-79-5437,1984-04-10,rickeycarroll@example.net,6655741698,"USCGC Sullivan, FPO AP 32441",2025-09-30T14:26:20.732917
CUST_001280,Emma,Alvarez,PERSON,855-48-6824,1993-10-28,michael57@example.com,578.959.2945x8361,"96042 Adams Avenue, West Marissa, MS 65582",2024-10-14T14:26:20.734308
CUST_001281,"Brown, Martinez and Mendoza",,BUSINESS,95-7014583,,christineclarke@example.net,+1-581-461-0376,"80437 Davis Estate, Carrside, AL 67676",2025-04-15T14:26:20.734735
CUST_001282,"Bennett, Flores and Wilson",,BUSINESS,31-4038955,,gfrank@example.net,001-570-478-3931,"75942 Winters Circles, Brooksstad, MN 42357",2025-11-20T14:26:20.735093
CUST_001283,Thomas,Boyd,PERSON,218-82-2433,1978-06-20,jenningselizabeth@example.net,001-805-260-5573x8410,"1615 Tonya Mill Suite 602, Kellystad, MS 79252",2025-05-22T14:26:20.735507
CUST_001284,Steven,Lawrence,PERSON,523-11-4807,1955-03-11,cdelacruz@example.com,255.746.0683x426,"499 Chapman Lane, New Janetville, NY 61613",2025-12-26T14:26:20.735737
CUST_001285,Katherine,Holmes,PERSON,038-37-1770,1960-05-16,leetina@example.com,474.551.2619x37902,"3121 Joshua Vista Suite 579, North Thomasmouth, MO 51273",2024-10-20T14:26:20.735998
CUST_001286,"Washington, Mays and Brown",,BUSINESS,93-2498202,,shelleybailey@example.net,871.951.0413,"9593 Jennifer Curve Suite 967, South Christopher, MT 62321",2026-02-01T14:26:20.736249
CUST_001287,Murphy-Hayes,,BUSINESS,38-6152035,,lambanthony@example.net,854-902-8944x3882,"36674 Randall Rapids Suite 908, Holmesbury, OK 10818",2025-07-13T14:26:20.736489
CUST_001288,Martinez-Schwartz,,BUSINESS,57-5371458,,breanna94@example.net,9444474270,"2786 Bruce Isle Suite 728, Ramirezton, NH 42130",2025-01-25T14:26:20.736694
CUST_001289,Wiggins and Sons,,BUSINESS,69-2976045,,huynhpatrick@example.org,378.228.0356,"777 Pamela Mountains Suite 013, Port Leah, SC 23221",2025-05-23T14:26:20.736875
CUST_001290,Tracie,Long,PERSON,463-79-7834,1987-09-28,kerri63@example.org,001-577-518-6266x78616,"81303 Julie Lodge Apt. 498, Turnerview, MO 52471",2024-12-06T14:26:20.737063
CUST_001291,Michael,Bryan,PERSON,581-63-7414,1942-10-09,jeffrey44@example.org,295-341-2176x208,"8280 Kristy Radial, Port Andrew, IA 51005",2025-05-21T14:26:20.737239
CUST_001292,Manuel,Roberts,PERSON,364-52-8596,1969-09-13,cgeorge@example.org,+1-923-731-5240x415,"276 Cherry Course Apt. 779, Port John, IA 43587",2025-04-22T14:26:20.737456
CUST_001293,Ryan,Skinner,PERSON,319-20-0327,1947-01-30,jonathan57@example.com,(616)329-5064x1031,"26523 Walters Meadow Suite 546, East Lorettaton, IN 71495",2024-10-19T14:26:20.737668
CUST_001294,Mclaughlin-Jenkins,,BUSINESS,77-6005578,,ryanturner@example.org,598-792-8914,"Unit 5425 Box 6286, DPO AP 85241",2025-07-20T14:26:20.737829
CUST_001295,Aaron,Steele,PERSON,524-11-4065,1993-11-24,tanya75@example.org,240.774.9185,"405 Mack Mall, Christianton, MO 81349",2026-04-15T14:26:20.738008
CUST_001296,Andrew,Burton,PERSON,442-14-1569,1983-02-28,kelsey73@example.net,525.630.3158x464,"054 Bruce Expressway, North Bailey, AR 62389",2026-02-23T14:26:20.738206
CUST_001297,"Crawford, Smith and Christian",,BUSINESS,62-8676774,,bonniesweeney@example.org,001-443-629-2620x55556,"5783 Brooke Rapids Suite 310, Christopherside, NY 67146",2026-04-23T14:26:20.738486
CUST_001298,Gill-Payne,,BUSINESS,33-2355791,,kristenmoreno@example.org,+1-895-772-8397x83018,"0745 Moore Island Suite 703, South Cory, ND 84238",2025-05-05T14:26:20.738730
CUST_001299,"West, Meyer and Carson",,BUSINESS,90-3966618,,nortonandrea@example.org,+1-220-875-2046x90743,"7392 Edward Roads Suite 407, Lake Craig, NJ 11079",2025-10-31T14:26:20.739014
CUST_001300,Regina,Delgado,PERSON,767-87-0007,1948-12-04,briangonzalez@example.com,629.916.9426x1666,"9352 Peterson Lakes, Lake Jasmine, ND 33002",2026-09-12T14:26:20.739235
CUST_001301,Mckay and Sons,,BUSINESS,45-4512853,,curtischarles@example.com,283-921-5290,"4308 Johnson Hill Apt. 831, Henryborough, DC 39914",2026-03-28T14:26:20.739444
CUST_001302,Patrick,Stevenson,PERSON,288-61-1896,1943-04-22,gibbsbryan@example.com,+1-237-278-8921x4181,"479 Jessica Shoal, South Brucestad, WI 51711",2025-05-03T14:26:20.739649
CUST_001303,Joseph,Little,PERSON,695-55-5424,1977-05-21,shawn57@example.net,3332675947,"784 Edwards Forge, New Adammouth, MP 28551",2026-05-07T14:26:20.739830
CUST_001304,Baker and Sons,,BUSINESS,91-8204299,,bakerlisa@example.org,7706002675,"964 Stacy Fords, West Christopher, NJ 18990",2025-07-30T14:26:20.740003
CUST_001305,"Harris, Lee and Lamb",,BUSINESS,71-7430982,,christophersolis@example.org,(333)408-0480x8861,"4306 Maldonado Tunnel, Livingstonberg, CO 13598",2026-09-12T14:26:20.740270
CUST_001306,Dennis,Rodriguez,PERSON,415-67-1732,1940-10-06,oconnellmelissa@example.com,(263)952-1526x73711,"686 Barnes Street Suite 147, West Nancy, MP 41246",2025-03-19T14:26:20.740542
CUST_001307,Ronald,Hudson,PERSON,197-82-7645,1960-07-21,matthewstewart@example.com,(589)497-7395x1660,"Unit 3701 Box 4095, DPO AP 85236",2025-08-30T14:26:20.740699
CUST_001308,Tammy,Shelton,PERSON,816-83-1257,1964-08-03,oliversonya@example.net,+1-732-730-4772x59611,"84162 Ryan Plaza, West Jenniferchester, MO 07522",2025-10-22T14:26:20.740891
CUST_001309,Dorothy,Moody,PERSON,198-04-9433,1977-02-06,shelly83@example.com,249.936.3568,"7244 Jane Mountain, Thomasside, NM 98174",2026-08-29T14:26:20.741072
CUST_001310,Kelly,Smith,PERSON,417-37-8189,1961-03-17,donaldrice@example.net,287-609-2951x6289,"2773 Curtis Ferry, Adrianaberg, TN 73953",2024-12-14T14:26:20.741264
CUST_001311,Rhonda,Long,PERSON,413-29-4358,1941-03-10,deantheresa@example.net,747-365-2246x968,"75171 Nathan Shoals, Lake Angela, MD 34651",2026-01-28T14:26:20.741478
CUST_001312,"Gibson, Joseph and Flowers",,BUSINESS,49-3163099,,garrettmichael@example.com,358-507-6648x784,"27607 James Rest, Amberberg, PW 34071",2026-06-03T14:26:20.741722
CUST_001313,Martinez-Mckenzie,,BUSINESS,74-6135759,,hughesalexis@example.org,(334)317-6546x141,"7391 Maria Parkways, Port Lawrence, KS 37428",2026-03-29T14:26:20.741970
CUST_001314,Ann,Woodard,PERSON,009-87-1623,1949-11-13,cjones@example.com,001-615-668-5390x917,"80308 Garrett Roads Apt. 641, Nguyenport, AZ 20758",2026-08-01T14:26:20.742167
CUST_001315,"Cunningham, Marshall and King",,BUSINESS,47-8649174,,loribowman@example.net,228.202.3865x626,"801 Adam Gateway Apt. 053, Medinaside, MO 69168",2025-04-02T14:26:20.742423
CUST_001316,"Mendoza, Martin and Hardy",,BUSINESS,65-3244614,,brentcampos@example.org,4715081692,"6215 Jones Vista Apt. 980, Smithberg, NH 96688",2025-10-01T14:26:20.742679
CUST_001317,Harvey and Sons,,BUSINESS,55-4161264,,melinda28@example.com,958.634.9263,"109 Kelsey Summit Apt. 355, Stanleyberg, MH 68063",2026-04-01T14:26:20.742824
CUST_001318,"Walker, Ross and Lewis",,BUSINESS,12-4832222,,claychristopher@example.net,8553875302,"941 Mcdonald Islands, Lake Bobby, NH 78593",2026-01-30T14:26:20.743074
CUST_001319,Kimberly,Romero,PERSON,699-94-1571,1959-05-27,sandra11@example.net,+1-617-228-4584x874,"2886 Moss Ville, South Dianetown, MP 07815",2026-02-12T14:26:20.743262
CUST_001320,Angela,Stanley,PERSON,365-59-0339,1946-03-05,nmitchell@example.net,+1-657-852-9255x56808,"15812 Omar Drives, Janeport, RI 85110",2025-01-21T14:26:20.743445
CUST_001321,Tina,Mitchell,PERSON,496-87-0610,1941-01-10,darren06@example.net,924.946.0957x724,"08357 Elizabeth Rapids Apt. 910, Lake Hannahchester, IA 35501",2026-05-13T14:26:20.743617
CUST_001322,"Stevens, Burton and Leonard",,BUSINESS,93-1626854,,wilkinspamela@example.org,9225305975,"287 Cooper Mission Suite 552, Williamside, MD 50855",2025-08-28T14:26:20.743868
CUST_001323,"Ward, Hardy and Simmons",,BUSINESS,78-1815153,,gadams@example.com,626.848.7130x00255,"34798 Taylor Greens Suite 470, Lorettaport, MN 05118",2025-01-16T14:26:20.744099
CUST_001324,Mark,Mcgee,PERSON,218-98-3209,1973-07-06,vmorrison@example.net,918-719-6138,"9422 Elizabeth Gateway Apt. 419, Boonemouth, VA 11920",2024-11-08T14:26:20.744307
CUST_001325,Christopher,Smith,PERSON,111-92-6184,1970-09-25,mphillips@example.com,4489909859,"69474 Tanya Inlet Suite 688, Lake William, CO 51745",2024-11-16T14:26:20.744499
CUST_001326,Crystal,Davis,PERSON,540-86-7873,1995-06-19,uparker@example.com,208.743.1965x21790,"60557 Brown Road, Sarastad, ND 58411",2026-07-29T14:26:20.744723
CUST_001327,Rodney,Morris,PERSON,579-13-2795,1968-12-25,pereztyler@example.org,731.483.5941x234,"802 Bailey Villages Suite 116, Port Holly, KY 27719",2025-07-17T14:26:20.744966
CUST_001328,Garcia-Logan,,BUSINESS,58-3073581,,williejenkins@example.org,202.931.7402x8106,"3346 Howard Summit Suite 335, Ramirezfurt, SC 23992",2025-03-05T14:26:20.745177
CUST_001329,"Ballard, Beck and Simpson",,BUSINESS,70-3569046,,markdavis@example.net,001-614-635-1723x6850,"0235 Rios Drives, West Austin, MD 95433",2026-02-18T14:26:20.745432
CUST_001330,Sarah,Lang,PERSON,243-06-6646,2001-07-24,holderchloe@example.org,958-292-7523x408,"335 Dodson Locks Apt. 859, New Kaylaside, KS 28012",2025-11-12T14:26:20.745659
CUST_001331,"Elliott, Gonzales and Moreno",,BUSINESS,94-2694160,,criley@example.org,(257)633-8079x266,"5017 Smith Loop Suite 558, Lake Raymondside, MO 77931",2024-11-07T14:26:20.745912
CUST_001332,Grimes-Goodman,,BUSINESS,89-3301222,,frankjackson@example.org,3432006319,"36359 Kathleen Union Apt. 420, New Raymond, DC 19429",2025-07-15T14:26:20.746127
CUST_001333,Javier,Spencer,PERSON,696-98-1977,1959-01-16,cynthiaspears@example.com,(424)592-2430,"01327 Amy Spring, West Eileen, MA 08545",2025-04-11T14:26:20.746358
CUST_001334,Danielle,Huff,PERSON,581-13-3823,1963-07-15,cassandramcpherson@example.org,+1-976-929-4846x7640,"61408 Aaron Mountain Apt. 906, East Nicholas, DC 64091",2025-12-01T14:26:20.746630
CUST_001335,Stacy,Browning,PERSON,739-43-6932,1972-08-30,robertburns@example.org,(429)624-5989x77738,"46292 Jacob Estates, East Alexa, WY 11342",2026-05-31T14:26:20.746837
CUST_001336,Porter LLC,,BUSINESS,35-4351238,,jenniferrobinson@example.net,6626709401,"2292 Shepherd Loaf Suite 089, New Jasmin, MH 91902",2025-12-21T14:26:20.747029
CUST_001337,Dawn,Johnson,PERSON,425-21-3100,1954-01-30,wramirez@example.org,583-238-7895x91905,"8759 Brown Squares Apt. 572, East Joyce, TX 25547",2025-09-15T14:26:20.747226
CUST_001338,Smith Inc,,BUSINESS,47-3690622,,esawyer@example.net,(594)784-6747x52914,"USCGC Booth, FPO AE 73376",2026-08-07T14:26:20.747356
CUST_001339,"Wise, Duncan and Beck",,BUSINESS,36-9064202,,stephenmcmillan@example.net,7257254110,"412 Keller Mission, Kemphaven, AK 85352",2025-10-13T14:26:20.747620
CUST_001340,Sarah,Wilcox,PERSON,051-95-5130,1979-05-13,timothy33@example.com,824-353-2065x432,"0371 Hernandez Ville, Jamesville, AZ 80284",2026-09-14T14:26:20.747800
CUST_001341,Calvin,Lowe,PERSON,422-69-4055,1984-12-12,harveypatricia@example.com,912.625.2649,"67644 William Road Apt. 070, Warrenton, VA 09569",2024-10-29T14:26:20.748016
CUST_001342,Jessica,Rodriguez,PERSON,302-38-8581,1993-03-01,peter42@example.org,387-249-0044,"2314 Yvette Haven, North Jennifer, MT 38402",2026-05-26T14:26:20.748179
CUST_001343,Beasley Inc,,BUSINESS,29-2511336,,charlesellis@example.net,931-705-5031x588,"67514 Joseph Forks Suite 156, New Michaelview, VA 17748",2025-04-11T14:26:20.748361
CUST_001344,Sarah,Wells,PERSON,702-20-1066,1964-01-08,amberwilson@example.com,711-562-7143,"1650 Mckay Well, Lopezmouth, MI 28740",2026-06-05T14:26:20.748583
CUST_001345,Atkinson Inc,,BUSINESS,92-4878226,,egonzalez@example.org,(407)625-0845,"PSC 8860, Box 9692, APO AA 30678",2025-06-06T14:26:20.748682
CUST_001346,Russell Inc,,BUSINESS,43-8789281,,livingstonbrandi@example.net,+1-393-419-1400x998,"192 Zachary Mission Suite 159, Cindystad, KS 83852",2026-07-27T14:26:20.748975
CUST_001347,James,Zimmerman,PERSON,841-06-2436,1968-04-06,deanna73@example.net,001-469-466-4811x051,"43067 Jimenez Path Apt. 677, North Trevorhaven, UT 18163",2026-03-22T14:26:20.749169
CUST_001348,John,Brown,PERSON,625-29-5874,1946-05-16,jamesgill@example.com,292.308.2366x162,"512 Newman Well, Brownside, PW 55351",2025-11-23T14:26:20.749391
CUST_001349,"Henderson, Rodriguez and Miller",,BUSINESS,96-6246354,,spenceraaron@example.org,+1-509-527-6736x086,"66676 Laura Junctions Suite 080, West Marieton, TX 80247",2025-07-07T14:26:20.749638
CUST_001350,Brian,Robinson,PERSON,427-81-3061,1965-03-28,belltheresa@example.com,(244)719-9412x43616,"990 Ross Prairie, Port Crystalville, WA 41198",2026-06-11T14:26:20.749854
CUST_001351,Cheryl,Herrera,PERSON,423-64-8551,1958-08-19,youngmary@example.org,274.691.1767x550,"3157 Newman Shores Apt. 295, Lake Amandaside, MO 05190",2026-09-07T14:26:20.750073
CUST_001352,Rebecca,Arroyo,PERSON,061-28-6956,1974-06-02,xramos@example.com,953.251.5347x4392,"78003 Fernandez Walks, North Aaronberg, AS 01224",2024-11-06T14:26:20.750266
CUST_001353,Wesley,Boone,PERSON,264-13-6636,1941-05-14,raymichael@example.net,285.616.6190x76444,"616 David Extension Suite 726, North Matthewton, GA 95419",2025-10-15T14:26:20.750477
CUST_001354,Smith-Sweeney,,BUSINESS,66-5501484,,melissa65@example.net,592-518-9568x86499,"5391 Gregory Plains Suite 876, Port Danielleport, KS 29842",2026-06-13T14:26:20.750657
CUST_001355,"Moran, Walker and Lowe",,BUSINESS,53-4068039,,ymckee@example.net,+1-809-508-5753x7947,"429 Alexander Heights, Lake Tony, WY 45313",2026-05-23T14:26:20.750876
CUST_001356,Bradford LLC,,BUSINESS,61-8659448,,qramsey@example.org,812-816-7608x96010,"242 Abbott Lake Apt. 938, Johnton, SC 86881",2025-12-12T14:26:20.751043
CUST_001357,Bowen-Garrett,,BUSINESS,98-9023619,,norrisnicole@example.net,(838)234-6690x8144,"3283 Melvin Flats Apt. 707, New Bradport, VT 69557",2025-07-12T14:26:20.751254
CUST_001358,Heather,Black,PERSON,024-10-5881,1944-12-07,rhondaallen@example.com,912-398-2945x41833,"425 Stephen Inlet Apt. 820, New Michael, TX 08308",2026-05-24T14:26:20.751494
CUST_001359,Debra,Lang,PERSON,454-66-7010,1971-02-15,matthew05@example.org,001-457-660-3673x3614,"1632 Kim Station, Lake Joshuaburgh, UT 35159",2024-10-04T14:26:20.751685
CUST_001360,Denise,Butler,PERSON,559-44-1232,1970-11-17,heathermaldonado@example.net,873.606.1460x1741,"92568 Rebecca Springs, Sarachester, MP 17069",2026-04-06T14:26:20.751888
CUST_001361,Sean,Wright,PERSON,827-72-7764,1973-03-09,amurphy@example.org,647.214.5137,"5652 Robin Lane, Coxburgh, NH 48975",2025-07-17T14:26:20.752077
CUST_001362,Peterson-Bryan,,BUSINESS,82-8351152,,youngkevin@example.net,293.697.5955x36422,"4765 Cheryl Trafficway Apt. 187, Bartonburgh, MP 58995",2026-03-15T14:26:20.752301
CUST_001363,Nelson and Sons,,BUSINESS,55-1483456,,rebecca28@example.com,958-534-4302,"2402 Wilkins Plain Apt. 468, Parkside, SC 82003",2024-10-16T14:26:20.752465
CUST_001364,Brandon,Joseph,PERSON,411-26-4177,2004-07-02,tonyparker@example.com,315-778-7378,"2173 Randolph Vista, East Judyfort, ID 08765",2025-05-10T14:26:20.752678
CUST_001365,Smith-Bowman,,BUSINESS,24-7900204,,rebeccacarroll@example.org,(966)816-2469x8896,"224 Hudson Roads, East Jonathan, MO 85993",2025-06-22T14:26:20.752895
CUST_001366,Theresa,Hebert,PERSON,434-57-0695,2007-10-27,cgarcia@example.org,+1-548-795-7925x7852,"Unit 9800 Box 9341, DPO AE 58366",2026-07-14T14:26:20.753022
CUST_001367,King LLC,,BUSINESS,93-6272037,,wendymendoza@example.org,755-382-2181,"0677 Hester Rest, Port Monica, IL 13240",2026-09-04T14:26:20.753206
CUST_001368,Laura,Myers,PERSON,885-39-5124,1957-04-15,jamespreston@example.org,(750)635-3321x012,"9149 Sweeney Track Suite 703, Lake Lindatown, MN 56677",2024-10-31T14:26:20.753427
CUST_001369,"Barrett, Martinez and Arnold",,BUSINESS,76-9776214,,blakenolan@example.org,545-863-6798x83686,"449 Anthony Lodge Apt. 267, New Donald, AK 49916",2024-10-12T14:26:20.753672
CUST_001370,Lori,Mueller,PERSON,282-18-9512,1960-09-27,katelyndavis@example.org,574-935-0697x820,"20382 Briana View, North Migueltown, WI 87856",2025-06-30T14:26:20.753876
CUST_001371,Stephanie,Byrd,PERSON,377-80-5725,2004-08-24,fjoyce@example.com,+1-206-780-3040,"8013 Lori Harbor Apt. 360, Tristanborough, HI 13917",2025-05-11T14:26:20.754061
CUST_001372,"Khan, Wilson and Odom",,BUSINESS,94-7457158,,autumn99@example.org,001-317-591-9690,"6592 Regina Views, Tiffanyport, ND 83663",2026-04-17T14:26:20.754269
CUST_001373,James,Sanders,PERSON,584-04-1222,1969-04-23,rodriguezchristopher@example.net,760.596.4394,"20096 Sonya Landing Apt. 530, Jeffreystad, NE 98152",2026-09-05T14:26:20.754474
CUST_001374,Gerald,Parker,PERSON,575-70-9202,1984-09-12,linkevin@example.net,404.664.8555x1693,"741 Rhonda Port Apt. 539, Lake Aaronhaven, SD 76412",2025-04-17T14:26:20.754680
CUST_001375,Steele Group,,BUSINESS,73-3775016,,balexander@example.net,+1-452-218-5868x04394,"8578 Chelsea Viaduct, East Timothyborough, NV 62300",2026-07-02T14:26:20.754834
CUST_001376,Walton and Sons,,BUSINESS,51-5041494,,richardsonandrea@example.net,(694)285-3074x87813,"140 Brown Cliffs Apt. 361, Johnstown, AZ 36696",2025-10-13T14:26:20.755034
CUST_001377,"Weiss, Torres and Sandoval",,BUSINESS,16-9504862,,evelynortega@example.net,809-445-2553,"1441 Elizabeth Stravenue Suite 010, Lake David, MA 19591",2026-01-31T14:26:20.755278
CUST_001378,"Scott, Crawford and Reynolds",,BUSINESS,61-4942645,,davismelissa@example.net,324.409.6526,"948 Sabrina Vista Apt. 011, Lake Jamie, UT 03506",2026-06-28T14:26:20.755521
CUST_001379,Barnes PLC,,BUSINESS,66-8517846,,xrogers@example.net,(673)623-8368x4143,"80749 Lee Flats, West Jessicastad, AL 81078",2026-06-18T14:26:20.755674
CUST_001380,"Cordova, Martin and Davidson",,BUSINESS,67-6302632,,zdaniels@example.org,377-721-0872x74105,"5518 Watkins Stravenue, Garychester, KS 32851",2026-05-18T14:26:20.755904
CUST_001381,"Stewart, Taylor and Webb",,BUSINESS,93-1298116,,andreathomas@example.net,729.380.2029x1726,"420 Garrett Ville, Blackville, IA 14485",2026-06-03T14:26:20.756262
CUST_001382,Cox-Gill,,BUSINESS,62-1601160,,xtaylor@example.org,3303241300,"4421 Wright Row Suite 805, Elizabethberg, WA 17951",2025-02-23T14:26:20.756476
CUST_001383,Patricia,Church,PERSON,025-85-2079,1969-10-10,anna69@example.net,599.787.2569x6411,"649 Hayes Squares Suite 633, Hunterton, NV 15336",2026-06-15T14:26:20.756692
CUST_001384,Gilbert LLC,,BUSINESS,75-4470388,,qedwards@example.com,+1-522-501-1270x4225,"81433 Richard Club, Mercerfort, ME 89395",2024-11-15T14:26:20.756855
CUST_001385,Pruitt-Gutierrez,,BUSINESS,53-7095875,,hwilliams@example.org,+1-589-251-1157x872,"PSC 7155, Box 8602, APO AA 40009",2026-07-23T14:26:20.756985
CUST_001386,David,Powell,PERSON,183-93-4954,1963-10-04,jennifer93@example.com,747-987-5080,"8444 Bruce Street, Bryanhaven, PA 33988",2025-06-08T14:26:20.757201
CUST_001387,Hill and Sons,,BUSINESS,81-8937865,,nlawson@example.com,(860)344-8671x1881,"734 Ford Radial Suite 784, Isabellamouth, MH 31310",2024-11-13T14:26:20.757372
CUST_001388,"Huerta, May and Bowman",,BUSINESS,67-2912994,,stewarttyler@example.com,235-945-5797,"7045 Novak Burg, North Toddville, WI 34866",2026-06-09T14:26:20.757628
CUST_001389,Damon,Ruiz,PERSON,360-76-2874,1948-02-01,autumnspencer@example.com,624.705.5525x177,"642 Robinson Inlet, New Julie, WY 20676",2026-09-14T14:26:20.757847
CUST_001390,Lopez Inc,,BUSINESS,55-5898671,,charles64@example.net,(207)826-5201x4876,"2500 Vickie Crest, Peterborough, WY 24011",2025-03-05T14:26:20.757989
CUST_001391,Brooks Inc,,BUSINESS,99-2783791,,cchandler@example.com,001-461-558-8445,"10020 Vasquez Summit Apt. 406, East Sonya, CT 48024",2026-08-01T14:26:20.758170
CUST_001392,David,Richmond,PERSON,478-41-2042,1981-09-01,lgarza@example.net,(905)286-5314x34220,"PSC 3107, Box 7222, APO AP 61683",2025-04-30T14:26:20.758300
CUST_001393,Jon,Velazquez,PERSON,612-43-8302,1979-03-24,stucker@example.org,+1-560-217-6787,"05292 Alyssa Lakes, East Jason, NM 44465",2025-07-24T14:26:20.758483
CUST_001394,Bradley,Mitchell,PERSON,537-04-6514,1985-02-11,josephpierce@example.net,(684)460-4126x1655,"99702 Pamela Hills, Jonesfurt, RI 98053",2025-12-30T14:26:20.758700
CUST_001395,Katherine,Collins,PERSON,686-49-1194,1944-02-22,pstanley@example.net,(844)919-0437x702,"PSC 0503, Box 5623, APO AA 24991",2026-03-08T14:26:20.758826
CUST_001396,Tina,Hill,PERSON,684-35-5333,2007-07-01,ismith@example.com,419-490-6563,"111 Romero Crescent Apt. 592, Whiteshire, CA 53640",2025-08-10T14:26:20.759032
CUST_001397,Candice,Raymond,PERSON,782-19-2143,2000-07-28,sandrawright@example.com,787-957-6176,"8836 Smith Prairie Apt. 340, Lake Lisa, ID 62354",2025-06-05T14:26:20.759249
CUST_001398,William,Long,PERSON,651-15-5762,1997-05-15,melissaperry@example.com,(280)480-7956x5300,"0936 Juan Well Apt. 928, East Patriciamouth, AS 11903",2025-10-05T14:26:20.759458
CUST_001399,Joseph,Fleming,PERSON,222-61-4730,1971-04-14,victorcarroll@example.net,(426)989-4954,"336 Donald Inlet, Lake Thomashaven, CO 81380",2025-07-19T14:26:20.759665
CUST_001400,Maria,Carr,PERSON,108-81-6824,2003-04-14,lawrencewilliam@example.org,+1-488-604-0933x627,"27594 Peter Fort Apt. 722, North Lauren, MI 31710",2024-12-07T14:26:20.759871
CUST_001401,Dustin,Williams,PERSON,099-51-9478,1953-06-20,ashleyvelez@example.com,(711)365-1608x624,"0575 Darlene Lodge Suite 471, New Christopherberg, TN 01001",2025-06-12T14:26:20.760077
CUST_001402,Moore-Doyle,,BUSINESS,94-9459031,,aguilarchristopher@example.com,(855)706-3698x5167,"669 Sullivan Streets, East James, KY 40654",2026-05-02T14:26:20.760310
CUST_001403,"Fletcher, Mcguire and Bailey",,BUSINESS,10-9898037,,abbottjimmy@example.net,4438424916,"7442 Dustin Walks Apt. 421, Leehaven, CO 88077",2026-07-29T14:26:20.760560
CUST_001404,"Russo, Fleming and Johnson",,BUSINESS,84-9102253,,jonathanharris@example.com,410-929-5838x50833,"3513 Santos Street Apt. 431, Mccartyland, MH 50402",2025-04-14T14:26:20.760828
CUST_001405,Jerry,Drake,PERSON,778-45-4280,1971-01-21,milesmonica@example.org,482.454.1768,"945 Glenn Passage, Michaelville, TX 73463",2024-10-08T14:26:20.761147
CUST_001406,Robert,Finley,PERSON,103-97-9244,1985-11-07,simmonsgregory@example.com,+1-893-314-5365x133,"4616 Ruben Branch Suite 433, Flemingfort, WV 88082",2026-05-08T14:26:20.761394
CUST_001407,Laura,Guerra,PERSON,392-61-1282,1949-05-08,timothy69@example.com,812.917.8940,"2041 Jackson Flat Apt. 916, Arnoldmouth, MD 97938",2025-08-16T14:26:20.761587
CUST_001408,"Boyle, Cruz and Scott",,BUSINESS,74-7453568,,alexis19@example.org,+1-355-631-7550x4616,"39726 Rogers Key Suite 690, Christopherberg, MI 87018",2025-07-15T14:26:20.761809
CUST_001409,Karen,Jensen,PERSON,402-26-6696,1986-10-06,robinsonmark@example.com,(888)923-1329,"58599 Monica Mountain Suite 638, Williamfurt, VT 86683",2025-12-10T14:26:20.762022
CUST_001410,"Hernandez, Cook and Holland",,BUSINESS,53-5935413,,jeremy63@example.com,(728)771-1716x5359,"Unit 9450 Box 6989, DPO AA 66371",2025-06-10T14:26:20.762179
CUST_001411,Kimberly,Anderson,PERSON,270-69-6767,1956-09-21,lawsonjessica@example.net,(685)554-1793,"2154 Bowen Well, New Richardfurt, FL 41301",2026-04-28T14:26:20.762394
CUST_001412,Pierce LLC,,BUSINESS,87-9594877,,tgreen@example.org,001-952-977-0354x76630,"1090 Padilla Knoll Apt. 940, Jacksonbury, KY 53996",2025-11-14T14:26:20.762572
CUST_001413,Cox Inc,,BUSINESS,80-4646403,,david17@example.org,429.722.0925x13900,"7472 Jeanette Land, Davidfort, NY 25114",2026-02-23T14:26:20.762709
CUST_001414,Heather,Johnson,PERSON,628-64-5652,1973-05-10,lawrence84@example.com,(863)733-3884,"48308 Kenneth Fords, North Robertton, MO 87247",2024-12-16T14:26:20.762873
CUST_001415,Stanley-Stevenson,,BUSINESS,97-6793064,,harrisdanielle@example.net,241.977.3343,"82160 Ortega Port, East Carl, MS 60965",2024-10-28T14:26:20.763072
CUST_001416,Victoria,Wade,PERSON,117-87-1392,1985-09-08,stephensstacy@example.org,(438)783-6970,"56441 Catherine Springs Apt. 547, New Peter, OR 74630",2024-09-19T14:26:20.763277
CUST_001417,Jacqueline,Martin,PERSON,827-03-2570,1956-06-15,tammy20@example.org,275-291-4509,"2869 Christina Freeway Apt. 067, East Jason, NC 24659",2025-04-19T14:26:20.763445
CUST_001418,Cruz-Downs,,BUSINESS,24-6909569,,stacyphillips@example.net,4245966899,"USNV Kelley, FPO AP 43912",2025-02-18T14:26:20.763621
CUST_001419,"White, Jones and Frazier",,BUSINESS,84-8004117,,hendrixholly@example.net,+1-754-344-8479x20740,"32217 Murphy Ridge Apt. 254, New Charles, IL 23562",2024-10-26T14:26:20.763875
CUST_001420,Vazquez Inc,,BUSINESS,64-1214253,,halltommy@example.net,001-810-529-7295x75512,"9633 Laura Estate, Dalefurt, NE 57767",2025-03-30T14:26:20.764051
CUST_001421,Mary,Dean,PERSON,179-16-2691,1973-12-20,nmartin@example.org,459-758-2956x5621,"944 Karen Parks, Samanthamouth, NE 26187",2026-08-22T14:26:20.764229
CUST_001422,Hodges-Meadows,,BUSINESS,28-1890282,,michaelbutler@example.com,001-285-786-4766x95577,"0679 Mclean Way Suite 115, West Christinamouth, MT 66440",2024-10-30T14:26:20.764452
CUST_001423,Stephen,Collins,PERSON,170-55-4299,1966-05-30,cwilliamson@example.net,+1-404-766-0638,"62750 Anthony Ridges Apt. 252, East Katiebury, OH 02140",2026-02-24T14:26:20.764712
CUST_001424,Carpenter Ltd,,BUSINESS,30-5808610,,joseph62@example.com,(435)714-8749x7151,"853 Martin Way, Ashleyland, NE 77884",2024-10-17T14:26:20.764876
CUST_001425,Walker-Bailey,,BUSINESS,28-2040738,,douglas87@example.net,+1-551-320-9018x17497,"633 Jefferson Port Apt. 050, Emilymouth, PA 99056",2024-10-09T14:26:20.765072
CUST_001426,Reid-Garcia,,BUSINESS,36-1542011,,ryoder@example.org,7596758344,"420 Cervantes Wells, New Courtney, MT 42514",2025-09-14T14:26:20.765270
CUST_001427,Hudson-Whitaker,,BUSINESS,23-4763253,,vthompson@example.org,001-954-915-1909x375,"Unit 7960 Box 6169, DPO AA 15278",2024-11-23T14:26:20.765404
CUST_001428,Hodges Inc,,BUSINESS,40-9571853,,lisabaker@example.net,969.955.9582,"922 George Shoals Apt. 569, Carlychester, FM 03233",2024-10-04T14:26:20.765595
CUST_001429,"Newman, Crawford and Martinez",,BUSINESS,98-1788191,,jacksonjeremiah@example.org,+1-620-594-5969x15734,"37598 Vargas Corner Apt. 878, Harrellville, OH 68116",2025-08-22T14:26:20.765866
CUST_001430,Soto Ltd,,BUSINESS,63-6245463,,wilsonjerry@example.com,+1-252-933-1432x417,"78796 John Pass, Maloneton, MP 67697",2025-02-28T14:26:20.766053
CUST_001431,Jenny,Lee,PERSON,177-23-0828,1997-03-10,herbertbrown@example.com,943.351.9788x16495,"2599 Alexis Tunnel, New Kenneth, DC 36544",2026-09-03T14:26:20.766283
CUST_001432,Jimenez Ltd,,BUSINESS,35-8433377,,ryankimberly@example.org,+1-413-777-4340x3057,"3335 Jesse Parkway, Port Francis, CO 82836",2026-01-29T14:26:20.766461
CUST_001433,Gates-Austin,,BUSINESS,85-4296204,,jjensen@example.com,462-311-6700x6208,"76645 Paul Village Apt. 135, Lake Melissaville, IA 36003",2026-03-02T14:26:20.766689
CUST_001434,Bradshaw-Bennett,,BUSINESS,67-3976712,,anthony29@example.org,648.999.4549x49725,"7442 Seth Lake, Hallview, OR 00749",2024-10-17T14:26:20.766879
CUST_001435,Shelly,Li,PERSON,334-13-4645,1961-03-08,robert57@example.com,214.552.5288x86465,"PSC 4317, Box 8421, APO AE 78613",2026-03-09T14:26:20.767002
CUST_001436,Corey,Frank,PERSON,720-78-8180,1963-11-06,christinafreeman@example.com,(471)754-2241,"Unit 0383 Box 4124, DPO AA 18516",2025-04-08T14:26:20.767154
CUST_001437,Henry,Villegas,PERSON,877-59-2396,1943-09-04,robin97@example.com,970.906.3239,"10858 Tammy Mount Suite 582, Raymondburgh, CO 69634",2025-08-26T14:26:20.767324
CUST_001438,Cassandra,Mcbride,PERSON,790-99-6055,2000-06-26,hawkinsmichael@example.net,001-698-418-1199,"834 Kimberly Alley Suite 433, Matthewport, ID 25088",2025-07-05T14:26:20.767514
CUST_001439,Elliott-Chavez,,BUSINESS,81-5433204,,macksean@example.net,5402932424,"731 Lee Dale, Deborahtown, TN 68104",2026-05-06T14:26:20.767725
CUST_001440,Diana,Ortega,PERSON,784-22-5010,1958-01-06,marydoyle@example.com,821-325-7989,"98272 Carter Road Suite 207, Duncanland, MI 19289",2025-01-26T14:26:20.767954
CUST_001441,"Clark, Davis and Schroeder",,BUSINESS,10-6545923,,ksnyder@example.com,766-650-1800,"77601 Jeffrey Loaf, West Megan, MN 12573",2025-05-27T14:26:20.768171
CUST_001442,Angel,Johnson,PERSON,221-50-6734,1991-09-27,thomas43@example.net,001-273-484-7184x58163,"236 Toni Mountains, West Marcia, CO 18765",2026-08-07T14:26:20.768341
CUST_001443,Caitlin,Boyd,PERSON,033-96-3369,2005-08-27,brownoscar@example.org,405.706.7482x522,"4763 Ryan Course Suite 559, East Paulbury, MI 98526",2025-10-21T14:26:20.768548
CUST_001444,Sara,Preston,PERSON,163-27-7225,1951-07-16,samuel76@example.net,(226)676-1747,"24205 Green Drive Suite 497, South Josephfort, CO 81422",2024-12-15T14:26:20.768739
CUST_001445,"Mcintosh, Williams and Lucas",,BUSINESS,72-7007679,,melissa89@example.com,511.760.1565,"54240 Michael Springs, Jasonmouth, RI 08470",2026-07-04T14:26:20.768941
CUST_001446,"Warren, Monroe and Johnson",,BUSINESS,77-4690350,,matthewhiggins@example.com,(983)664-5487x597,"90436 Laura Islands Suite 849, Mercadohaven, MD 08592",2026-03-12T14:26:20.769191
CUST_001447,Lindsay,Wu,PERSON,464-67-7064,2002-06-01,whouse@example.com,908.615.8086,"324 Olson Rue, South Matthew, IL 58055",2025-04-17T14:26:20.769379
CUST_001448,Rachel,Smith,PERSON,009-93-2407,1990-03-24,miranda63@example.com,287-557-0532,"014 Roman Harbor, New Susanburgh, VT 74476",2025-07-18T14:26:20.769554
CUST_001449,"Roberts, Barrett and Lewis",,BUSINESS,21-6862008,,amurphy@example.com,001-932-389-4011,"70971 Jenkins Mount, New Stevenbury, NJ 28831",2026-02-02T14:26:20.769786
CUST_001450,Tasha,Garcia,PERSON,427-74-2347,1971-02-19,tracygutierrez@example.org,200-969-7740,"56618 Nicholas Alley, Kristinmouth, AZ 01349",2024-11-06T14:26:20.769993
CUST_001451,Brown-Smith,,BUSINESS,52-7053183,,calhounkaren@example.org,001-312-868-3905x1011,"910 Moon Mews Suite 101, Christinaland, CO 56278",2025-11-20T14:26:20.770218
CUST_001452,Jerome,White,PERSON,154-96-2488,1965-05-19,iscott@example.net,686-816-7211x70254,"42182 Bass Greens, West Heatherstad, RI 43582",2024-12-22T14:26:20.770406
CUST_001453,Mcgrath and Sons,,BUSINESS,81-1147701,,donald42@example.com,935.923.1754,"USNS Hernandez, FPO AE 02681",2026-05-22T14:26:20.770526
CUST_001454,Davis-Clark,,BUSINESS,67-5032368,,alexisrodriguez@example.net,(576)274-4822x87807,"630 Butler Way Suite 629, Johnsonburgh, WY 93438",2024-11-28T14:26:20.770757
CUST_001455,Charlotte,Hamilton,PERSON,667-40-9994,1981-05-22,scottjennifer@example.org,(549)954-5844x65771,"2789 Cynthia Extensions, Carrilloberg, WY 23245",2026-08-07T14:26:20.770971
CUST_001456,Saunders-Simmons,,BUSINESS,58-2902100,,jonathan84@example.org,349.646.4540x3002,"9453 Tonya Forge Apt. 345, East Michael, MT 67963",2025-08-17T14:26:20.771144
CUST_001457,Odom PLC,,BUSINESS,79-5745083,,xcabrera@example.com,+1-854-392-0398x01337,"7701 Mcdowell Crescent, West Kaitlynhaven, CT 83955",2026-08-22T14:26:20.771304
CUST_001458,Monroe-Lewis,,BUSINESS,75-9535166,,john42@example.net,315-887-6509,"505 Wilkins Rest Apt. 151, Lake Sheenaside, MP 12622",2025-06-17T14:26:20.771491
CUST_001459,Johnson PLC,,BUSINESS,15-5973336,,kenneth00@example.org,873.520.6569x427,"3267 Doyle Square, North Kyleland, WA 08549",2024-11-18T14:26:20.771673
CUST_001460,Stephen,Perez,PERSON,612-65-7795,2008-03-14,daniel26@example.net,329-830-6461x4383,"895 Wiggins Knolls, Dianeview, IA 73592",2025-10-23T14:26:20.771856
CUST_001461,Krystal,Carter,PERSON,899-44-2189,1994-11-14,kowen@example.net,659-279-8982x2455,"10014 Wilson Trace Suite 785, Nathanshire, WA 85554",2026-06-10T14:26:20.772049
CUST_001462,Anthony,Reed,PERSON,721-80-8953,1966-07-27,tiffanyjordan@example.org,739.553.0025,"563 Kirby Oval, North Gregory, MI 21225",2025-03-15T14:26:20.772260
CUST_001463,Larry,Schmidt,PERSON,861-63-0524,1949-01-28,rojasdaryl@example.com,(417)333-5836x249,"9443 Blackwell Mountains Apt. 713, Stephanieborough, MI 91767",2024-12-14T14:26:20.772478
CUST_001464,Elizabeth,Becker,PERSON,086-08-5732,1993-12-26,amanda25@example.com,(873)396-4331,"992 Guerrero Shore, Grantberg, TN 91549",2026-02-13T14:26:20.772665
CUST_001465,Thomas,Rivera,PERSON,323-29-6505,1985-05-29,brandonlawrence@example.net,(706)669-9128x568,"9331 Christopher Light Suite 402, Goodmanberg, CT 68382",2024-10-15T14:26:20.772937
CUST_001466,Long Ltd,,BUSINESS,23-4449052,,baldwinkaren@example.com,323.851.8522,"30739 Miller Skyway Suite 845, Kyleborough, AK 01022",2025-03-15T14:26:20.773135
CUST_001467,Brewer-Patton,,BUSINESS,92-2209981,,erojas@example.com,546-551-8316,"36305 Navarro Mountain Suite 607, East Margaretmouth, AK 60333",2024-10-14T14:26:20.773511
CUST_001468,Jennifer,James,PERSON,437-06-6334,1979-11-07,andrew52@example.com,406-889-6553,"4141 Emily Bridge Suite 396, Zacharyborough, MD 76924",2026-08-23T14:26:20.774098
CUST_001469,Williams-Smith,,BUSINESS,52-1635626,,arnoldgina@example.org,371.563.8819x39271,"879 Cole Isle, North Melanieland, NH 97103",2026-06-19T14:26:20.774575
CUST_001470,Michael,Fisher,PERSON,009-14-8380,1942-11-20,rmarquez@example.com,001-422-362-4915x2893,"PSC 6651, Box 7731, APO AE 11438",2026-07-23T14:26:20.775603
CUST_001471,Megan,Saunders,PERSON,472-38-9329,1957-06-09,markreeves@example.net,462.755.9376x5118,"516 Caitlyn Motorway Apt. 715, Amandaborough, MT 23065",2026-01-02T14:26:20.776098
CUST_001472,Amanda,Oneill,PERSON,200-37-1991,1956-08-22,andrew34@example.com,6746968757,"4821 Robinson Point Apt. 125, Williamfort, NJ 37135",2025-02-05T14:26:20.776443
CUST_001473,Lori,Yoder,PERSON,360-08-3571,1993-01-14,carl46@example.com,9866569963,"34125 Danielle Path Apt. 410, Woodmouth, GU 18240",2025-12-26T14:26:20.776864
CUST_001474,"Cross, Madden and Oliver",,BUSINESS,59-8568632,,yfisher@example.com,(620)667-0393x36777,"843 Winters Summit, New Jacobton, MH 02105",2024-12-10T14:26:20.777129
CUST_001475,Lambert LLC,,BUSINESS,65-6308382,,deanjohn@example.net,001-882-671-7320x31066,"PSC 5184, Box 7887, APO AP 84714",2026-08-30T14:26:20.777271
CUST_001476,"Owens, Dunn and Travis",,BUSINESS,96-2984841,,melissa79@example.net,(879)371-1491x794,"9239 Davis Plain, East Kathleen, TN 68231",2025-03-18T14:26:20.777497
CUST_001477,Suzanne,Long,PERSON,878-55-8881,2006-10-01,dustin03@example.org,(950)830-5241x1420,"35294 Alvarez Center, Lake Veronica, WV 75174",2024-11-29T14:26:20.777689
CUST_001478,Robert,Norris,PERSON,032-70-4432,1994-03-13,karinagarza@example.org,953-886-8761x2976,"4561 Griffith Vista, West Joycehaven, SC 25557",2025-01-25T14:26:20.777908
CUST_001479,Gabriella,Torres,PERSON,843-83-9444,1999-09-21,john12@example.org,6853904002,"Unit 7036 Box 4237, DPO AP 33039",2024-09-29T14:26:20.778026
CUST_001480,Jeff,Harris,PERSON,837-82-2443,1961-11-18,nicole71@example.net,001-476-421-7794,"2748 Christopher Junctions, South Katietown, VA 64770",2025-09-15T14:26:20.778181
CUST_001481,Gabriela,Fisher,PERSON,083-29-2356,1959-05-02,batesjessica@example.com,001-861-496-5196,"7065 Maxwell Mews Apt. 378, Heathermouth, NH 13153",2025-11-24T14:26:20.778379
CUST_001482,"Henson, Ford and Thompson",,BUSINESS,87-2451316,,melissarios@example.net,476-970-7002,"44527 Rush Alley Apt. 398, Masonton, MT 38097",2025-12-02T14:26:20.778622
CUST_001483,Villanueva-Peterson,,BUSINESS,58-7628900,,joan18@example.com,+1-249-587-4932,"68687 Deborah Ford, Richardsonfort, ND 48740",2024-11-09T14:26:20.778790
CUST_001484,Kristi,Mitchell,PERSON,496-91-6333,2001-01-06,adamthomas@example.net,(643)308-1322x25750,"4350 Massey Island Suite 731, Kaylaberg, TN 56068",2025-05-19T14:26:20.779000
CUST_001485,Robert,Thomas,PERSON,674-33-8050,1970-07-10,harrisangela@example.net,907.510.0245x88641,"793 Katelyn Ridge Apt. 383, New Sean, NE 73103",2025-03-19T14:26:20.779199
CUST_001486,William,Arnold,PERSON,816-52-8553,1980-03-17,michaelmartinez@example.com,586.781.6522,"8735 Daniel Rapids, South Sheriview, PW 78728",2026-04-30T14:26:20.779396
CUST_001487,Johnson-Gonzalez,,BUSINESS,79-5948917,,sarahthompson@example.net,001-250-986-7226x6281,"786 Lambert Forks Suite 181, West Denisemouth, KS 56888",2024-12-06T14:26:20.779613
CUST_001488,Walter,Cobb,PERSON,583-30-3559,1942-12-15,heatherramirez@example.net,(524)826-1033x24877,"198 Webster Common Apt. 294, South Johnstad, NJ 24419",2025-11-15T14:26:20.779833
CUST_001489,Mcdonald-Allison,,BUSINESS,11-3371859,,thomas26@example.net,001-285-200-7284x385,"9245 Sarah Circles Suite 904, Adkinsstad, VA 80108",2026-05-13T14:26:20.780025
CUST_001490,Tony,Nelson,PERSON,857-37-5269,1956-09-05,nrandall@example.net,(810)677-9977x2222,"153 Stephanie Branch Apt. 702, Roweton, PR 62924",2026-09-11T14:26:20.780219
CUST_001491,Ballard-Terrell,,BUSINESS,78-2428191,,sgallagher@example.com,001-293-380-5145x386,"USS Moore, FPO AE 65769",2025-11-08T14:26:20.780381
CUST_001492,Matthew,Smith,PERSON,026-52-1326,2005-05-17,alyssa59@example.org,001-422-544-5565,"8944 Jake Unions, Dianamouth, MO 74426",2025-09-29T14:26:20.780545
CUST_001493,Carol,Clark,PERSON,054-31-9038,1946-02-03,lsilva@example.org,405.969.5106x3611,"73069 Marissa Drive, West Leeside, NV 68585",2025-07-21T14:26:20.780725
CUST_001494,Brandy,Todd,PERSON,579-51-2212,1975-01-27,adrianmay@example.net,305-321-8505x6083,"48589 Nguyen Ridge Apt. 844, New Morganside, MP 56582",2026-04-05T14:26:20.780945
CUST_001495,Michael,Parker,PERSON,072-80-3060,2002-03-20,mcdanielnathan@example.net,748.870.5662x300,"Unit 9446 Box 1501, DPO AE 88684",2026-02-02T14:26:20.781096
CUST_001496,"Walker, Cook and Butler",,BUSINESS,34-2923047,,michele60@example.com,7599085576,"9391 Freeman Fork, Hernandezshire, MP 78302",2026-03-15T14:26:20.781325
CUST_001497,Bobby,Lee,PERSON,891-20-1355,1987-11-24,bmorton@example.net,402-676-4714,"11190 Samuel Mall, East Todd, ID 83391",2025-03-03T14:26:20.781505
CUST_001498,"Rodriguez, Robinson and Chase",,BUSINESS,92-2227162,,adrianescobar@example.net,514.652.3780,"287 Schultz Unions, Robertfurt, MH 72913",2025-11-23T14:26:20.781842
CUST_001499,Philip,Hodges,PERSON,035-96-5467,2003-04-14,johnsonjennifer@example.net,001-353-781-5750,"8180 Gibson Station Suite 914, West Elizabethville, LA 36034",2026-01-03T14:26:20.782106
CUST_001500,Ronald,Davis,PERSON,611-85-9731,1963-11-28,gibsonaustin@example.com,(562)866-6885x455,"6599 Montgomery Cape Apt. 344, East Patricia, OH 13907",2026-02-26T14:26:20.782335
CUST_001501,White-James,,BUSINESS,52-6991787,,william49@example.net,586-814-6288,"053 Christopher Lake Apt. 313, Ryanville, NV 01132",2026-05-08T14:26:20.782563
CUST_001502,Frank,Hunter,PERSON,487-25-4868,1961-07-26,seangoodman@example.org,001-791-676-1968x22588,"57408 Parker Harbor, Port Shannonfort, FL 75828",2026-06-06T14:26:20.782794
CUST_001503,"Barnes, Reese and Reed",,BUSINESS,89-2171198,,scott99@example.org,(718)634-4251x1809,"241 Weeks Passage, Youngside, KS 01295",2026-03-02T14:26:20.783025
CUST_001504,Estes Inc,,BUSINESS,72-8560584,,pwilliams@example.net,(349)714-4533x7520,"6164 Michael Mountains, East Thomas, MH 68357",2025-10-15T14:26:20.783167
CUST_001505,Smith-Harvey,,BUSINESS,98-3556763,,josephsoto@example.net,309-607-1957,"PSC 1495, Box 1495, APO AA 70259",2025-02-14T14:26:20.783307
CUST_001506,Daniels and Sons,,BUSINESS,50-8185805,,ddunn@example.org,+1-866-618-0843x881,"230 Stanley Brook Suite 644, Aarontown, TN 01399",2026-03-28T14:26:20.783460
CUST_001507,Nicholas,Smith,PERSON,367-92-2038,1986-07-19,huntmary@example.com,930.402.7632,"69504 Dustin Run Suite 059, West Stevenstad, IL 43410",2025-10-31T14:26:20.783651
CUST_001508,Megan,Martin,PERSON,776-85-5998,1958-05-27,brianleon@example.com,897.634.5135,"600 Moore Glens, Lake Leonview, SD 92148",2026-02-02T14:26:20.783846
CUST_001509,Wilson Group,,BUSINESS,45-7031174,,christopher19@example.net,636-456-4025,"2892 Jaime Green, West Melissa, PA 81243",2026-05-02T14:26:20.783984
CUST_001510,Medina PLC,,BUSINESS,71-8765307,,sandra45@example.net,001-422-651-7475,"6551 Zachary Trail Suite 638, South Tracy, NE 45990",2025-06-17T14:26:20.784126
CUST_001511,Brown-Miller,,BUSINESS,49-9170024,,millerdavid@example.org,638.675.3421,"4574 Christine Pike, New Heather, MN 20252",2025-03-01T14:26:20.784328
CUST_001512,Nathan,Mitchell,PERSON,037-80-3151,2004-07-05,sarahmorgan@example.org,(417)634-6606x899,"5610 Elizabeth Club Apt. 302, North Jennifer, IL 76801",2026-03-21T14:26:20.784541
CUST_001513,Matthew,Cox,PERSON,184-13-6841,1981-04-05,derekhernandez@example.com,614-722-6326x214,"50451 Freeman Wall Suite 788, Port Marialand, TX 16840",2025-12-03T14:26:20.784768
CUST_001514,Danielle,Juarez,PERSON,103-27-2927,1969-06-16,jacob26@example.org,954-369-0336x93105,"38154 Morgan Motorway, Kimburgh, SC 50433",2025-03-14T14:26:20.784958
CUST_001515,Adam,White,PERSON,221-43-7037,1960-01-14,alexissalazar@example.net,+1-868-991-9507,"USCGC Hudson, FPO AP 74715",2025-12-21T14:26:20.785133
CUST_001516,Jeff,Warren,PERSON,111-73-2021,2001-01-08,anna74@example.com,323-719-0024,"8637 Mathew Flats Apt. 702, Ortizchester, NY 57223",2026-07-01T14:26:20.785316
CUST_001517,Lisa,Mcconnell,PERSON,378-70-4401,1955-03-01,cruzrobin@example.org,001-665-514-9473x965,"7710 Erin Shore Apt. 759, Williamsside, OR 43842",2025-04-15T14:26:20.785541
CUST_001518,Amy,Bishop,PERSON,623-25-5436,1999-09-17,james23@example.org,494-252-1258x606,"040 Logan Union, Julieport, AL 47460",2025-01-29T14:26:20.785708
CUST_001519,Grant Inc,,BUSINESS,85-4569531,,padillaemily@example.com,+1-942-496-3641x2264,"392 Peterson Rapid Suite 042, Anthonyland, NH 37617",2026-08-10T14:26:20.785899
CUST_001520,"Soto, Taylor and Chambers",,BUSINESS,79-8920589,,vrice@example.net,(376)482-0918,"1428 Catherine Oval Apt. 209, Matthewstown, PA 57559",2024-11-16T14:26:20.786133
CUST_001521,Emily,Howard,PERSON,104-88-5213,1983-01-22,harrisondebra@example.org,970-225-3379,"3775 White Land, South Christopher, DC 05151",2025-09-07T14:26:20.786347
CUST_001522,"Wilson, Hall and Perez",,BUSINESS,38-5882155,,gonzalezmisty@example.com,(896)547-4133x1151,"26631 Turner Forest Apt. 990, Lake Sylvia, ME 91126",2026-05-02T14:26:20.786665
CUST_001523,"Wilson, Jones and Nicholson",,BUSINESS,74-9563292,,james66@example.com,736-446-3514,"25348 Hardy View, Farmershire, IL 93828",2026-06-16T14:26:20.786918
CUST_001524,Carlson-Russell,,BUSINESS,56-9424968,,jbryant@example.org,+1-335-421-9706x4064,"4024 Whitney Parkway, North Nicole, NV 44281",2026-09-06T14:26:20.787133
CUST_001525,Alexis,Ross,PERSON,146-64-0343,2005-11-24,ashley41@example.org,+1-852-669-6364x27212,"67687 Mendoza Inlet Suite 726, Fletchertown, MH 12165",2024-12-27T14:26:20.787342
CUST_001526,Hannah,Harris,PERSON,136-63-9191,1990-10-21,lisagallegos@example.org,(667)319-9614,"47561 Stevenson Underpass Apt. 849, Theresaberg, MO 04334",2025-04-08T14:26:20.787563
CUST_001527,Lori,Robertson,PERSON,189-21-8221,1971-11-19,jennifer14@example.org,001-209-766-1592x93257,"9030 Justin Summit, Doyleland, CO 24619",2025-06-17T14:26:20.787730
CUST_001528,Brandon,Harrison,PERSON,026-84-2277,2002-03-07,danielle51@example.net,+1-429-520-7223x03358,"11399 Hines Mountains Apt. 879, South Andrea, NH 51621",2026-03-17T14:26:20.787908
CUST_001529,Tina,Dunlap,PERSON,842-21-4029,1967-05-02,ian96@example.com,214-844-8657x43062,"849 Briana Squares Suite 202, North Jasontown, NC 36111",2025-05-09T14:26:20.788089
CUST_001530,Weeks and Sons,,BUSINESS,15-4671175,,keyrachel@example.net,001-981-617-9633x050,"44327 Margaret Ramp Apt. 980, Lake Abigail, SD 35064",2025-05-05T14:26:20.788271
CUST_001531,Kathleen,Rodriguez,PERSON,803-53-1417,1986-07-22,tiffanynixon@example.org,508-985-1632x381,"4103 Jenkins Estate Apt. 659, Davidmouth, DC 47703",2026-07-14T14:26:20.788490
CUST_001532,"Clark, Bell and Lang",,BUSINESS,57-4926181,,leslieholmes@example.org,(244)466-8471x32901,"8511 Fox Crest, North Justinton, DC 25577",2026-08-04T14:26:20.788736
CUST_001533,Katie,Wood,PERSON,346-82-9701,2006-10-14,williamsmith@example.com,8819235631,"27168 Steven Roads Suite 787, New Chaseborough, PR 70203",2025-04-04T14:26:20.788934
CUST_001534,Parker Ltd,,BUSINESS,59-8879825,,wburgess@example.org,4473308028,"482 Soto Walks, Port Jodibury, AK 36418",2025-06-08T14:26:20.789098
CUST_001535,Kathleen,Parker,PERSON,581-60-8725,1983-05-02,dwayne59@example.com,549.500.1976,"41951 James Cape, North Scott, MS 51644",2026-08-07T14:26:20.789261
CUST_001536,Woods Group,,BUSINESS,23-9747185,,hughesjennifer@example.net,001-346-348-2098x7284,"234 Mosley Centers Suite 572, Vernonmouth, GA 11372",2024-12-07T14:26:20.789446
CUST_001537,Deleon Group,,BUSINESS,43-3916715,,debrapowell@example.org,001-391-260-4941x723,"668 Sanchez Mill, North Heidi, WY 48082",2025-08-27T14:26:20.789628
CUST_001538,"Johnston, Kirby and Palmer",,BUSINESS,56-2305896,,jessica04@example.com,8576126565,"6667 Matthew Trail Apt. 112, South Andrewhaven, UT 86633",2025-04-05T14:26:20.789829
CUST_001539,Schwartz Ltd,,BUSINESS,58-4739628,,kathyhudson@example.com,+1-292-562-5525x7615,"086 William Spring Apt. 043, Stephanieburgh, OR 79526",2025-04-06T14:26:20.790006
CUST_001540,"Randall, Fernandez and Robinson",,BUSINESS,55-6788681,,vazquezaaron@example.net,639.289.3090,"5849 Daniel Hollow Apt. 565, East Marymouth, OH 64522",2025-05-06T14:26:20.790244
CUST_001541,Chambers PLC,,BUSINESS,87-1110690,,bishopcheryl@example.org,+1-579-890-4636x91991,"2696 Robert Fields, Mckayfort, FM 09213",2025-04-21T14:26:20.790431
CUST_001542,Stanley,Fletcher,PERSON,326-24-9794,1968-08-30,sarah26@example.net,654-389-7881,"2770 Johnson Place Suite 550, Russellview, LA 70529",2025-06-23T14:26:20.790613
CUST_001543,Christopher,Newton,PERSON,818-96-8793,1976-12-11,lramos@example.net,(601)339-1938x707,"13498 Lewis Summit, New Elizabeth, CA 41220",2026-01-24T14:26:20.790799
CUST_001544,Allen,Myers,PERSON,320-61-8732,1970-06-17,laurapittman@example.org,262.573.3089,"6843 Mary Summit Apt. 954, Hartville, NM 60859",2025-04-08T14:26:20.791013
CUST_001545,"Ortega, Brown and Orr",,BUSINESS,37-3520615,,berrycharles@example.net,001-298-746-7617,"56257 Anderson Centers, East Alishastad, NH 99867",2026-03-09T14:26:20.791269
CUST_001546,Rose,Garza,PERSON,720-44-6122,1942-04-18,hubbardkenneth@example.org,(466)230-5727x562,"8928 Anne Brooks Suite 370, Lake Jeremyfort, VT 51936",2025-09-11T14:26:20.791524
CUST_001547,Jacqueline,Johnson,PERSON,682-59-3027,1941-01-14,elijahdennis@example.net,+1-832-837-7567x794,"24148 Moore Run Apt. 775, Oneillport, NE 45657",2024-11-09T14:26:20.791761
CUST_001548,Alyssa,Rhodes,PERSON,450-71-6091,1967-07-15,michael92@example.com,(779)334-6829,"87351 Andrea Orchard, Allenland, KY 37810",2025-07-19T14:26:20.791945
CUST_001549,"Barrera, Ortega and Alexander",,BUSINESS,24-9078508,,xeverett@example.org,001-471-903-1887,"68886 Contreras Tunnel Suite 205, Lake Lorimouth, NJ 70622",2024-10-25T14:26:20.792187
CUST_001550,Powell-Thomas,,BUSINESS,71-4535025,,sullivanjose@example.com,418-965-1531x21413,"865 Samantha Glen Suite 601, Smithstad, OK 31555",2025-01-20T14:26:20.792400
CUST_001551,Christina,Ford,PERSON,110-89-5485,1965-11-04,jackparker@example.net,(946)555-2957,"PSC 1683, Box 2022, APO AA 94427",2024-11-23T14:26:20.792549
CUST_001552,Miller Ltd,,BUSINESS,12-5088109,,masonbrian@example.org,001-949-580-0847x5557,"82391 David Shore, New Laurabury, MT 51648",2026-08-03T14:26:20.792709
CUST_001553,Betty,Barber,PERSON,269-80-8480,1957-08-22,warrenpeter@example.net,001-573-929-7584x56271,"4698 Bailey Plains, New Bryanfurt, GU 04183",2025-02-06T14:26:20.792916
CUST_001554,Ashley,Mcdonald,PERSON,204-07-6827,1950-09-17,ucarter@example.com,689.498.7244x46312,"274 Gina Views, New Zacharyland, FL 18639",2026-05-02T14:26:20.793080
CUST_001555,Benjamin,Rosario,PERSON,076-44-1579,2007-11-17,christian68@example.com,2542165237,"7519 Karen Ford Apt. 260, Allenmouth, NY 98406",2025-02-07T14:26:20.793245
CUST_001556,Justin,Martin,PERSON,479-33-8716,1961-10-05,wendy31@example.org,823.938.5437,"582 Christine Summit Suite 599, Gardnerberg, KY 27506",2026-07-21T14:26:20.793419
CUST_001557,Christopher,Taylor,PERSON,682-11-2446,1964-11-24,sheri89@example.net,392.430.7814,"PSC 5706, Box 7077, APO AP 92705",2025-12-26T14:26:20.793521
CUST_001558,Emily,Kaufman,PERSON,668-83-3055,1997-12-11,jon54@example.net,359.271.1315x6873,"4596 Ashley Harbors, Ricestad, NY 28514",2025-04-05T14:26:20.793686
CUST_001559,"Garcia, Smith and Armstrong",,BUSINESS,86-1312392,,melodypeters@example.com,872.663.2750x27192,"38728 Tracy Mews, Peckport, OK 65202",2024-11-08T14:26:20.793938
CUST_001560,Gray PLC,,BUSINESS,20-4633834,,beth90@example.net,001-219-464-3356x2395,"87000 Amanda Dam, East Vanessa, MI 31406",2025-06-14T14:26:20.794075
CUST_001561,Brady Inc,,BUSINESS,71-3861635,,barbarahoward@example.org,498.604.6617x10147,"911 Lee Cape Suite 650, Robertsonhaven, MN 61062",2026-02-04T14:26:20.794255
CUST_001562,"Jordan, Williams and Marshall",,BUSINESS,86-3394312,,davidsmith@example.com,2247506327,"69456 James Mall Suite 764, Mendezville, KY 22235",2025-01-28T14:26:20.794493
CUST_001563,Jennifer,Torres,PERSON,018-01-0222,1997-08-14,lewisshelley@example.com,537-484-7107x382,"76223 Joseph Cape, West Joshuafort, NM 53567",2024-12-17T14:26:20.794673
CUST_001564,Murray-Kidd,,BUSINESS,31-6749069,,smiller@example.net,4006591186,"334 Justin Crossroad, Wallerfurt, PW 30030",2025-06-09T14:26:20.794854
CUST_001565,Christopher,Flores,PERSON,717-45-5751,1986-09-07,wongwesley@example.com,257.651.3183x8237,"501 Crystal Corners Apt. 854, New Shelleyburgh, RI 30093",2026-01-24T14:26:20.795049
CUST_001566,Tapia Ltd,,BUSINESS,59-3218169,,vicki70@example.org,773.637.0106x5360,"27931 Amanda Wells Suite 277, Roberttown, NE 91620",2026-05-28T14:26:20.795184
CUST_001567,Andrew,Wilson,PERSON,445-79-6361,1941-06-09,patrick11@example.net,+1-828-692-1075,"97533 Gonzalez Greens, New Crystal, MT 76374",2026-02-21T14:26:20.795354
CUST_001568,Black Group,,BUSINESS,29-2615622,,hopkinsluis@example.com,+1-463-445-4964,"5830 James Village, Amandaside, WI 60796",2026-03-19T14:26:20.795527
CUST_001569,Sullivan-Odom,,BUSINESS,88-1654924,,jonathanroberts@example.org,001-908-485-3488x3192,"USCGC Hunter, FPO AE 38322",2025-03-21T14:26:20.795703
CUST_001570,Brandon,Aguilar,PERSON,703-81-3079,1950-01-27,mcmillanchristopher@example.net,517.871.1034x0207,"7417 Wayne Route Apt. 000, Port Christopherbury, AR 90580",2026-06-13T14:26:20.795900
CUST_001571,"Jackson, Wilson and Summers",,BUSINESS,94-3186555,,scottalan@example.org,001-639-621-5819x2772,"645 Jones Street Suite 689, West Rebeccaside, WA 26199",2025-01-07T14:26:20.796144
CUST_001572,Jamie,Sanders,PERSON,337-80-7261,1961-10-05,ariascrystal@example.net,548-571-9290,"USNS Cameron, FPO AA 46054",2024-10-22T14:26:20.796312
CUST_001573,Martinez-Harrison,,BUSINESS,76-8057906,,estephens@example.org,(866)899-1699x2770,"659 Ramos Island Suite 767, Lake Elizabeth, AS 82638",2025-09-02T14:26:20.796500
CUST_001574,William,Williams,PERSON,474-41-0557,1990-07-06,mwarren@example.net,001-937-833-9347x4126,"73854 Smith Summit Suite 217, East Carl, IL 00898",2024-10-02T14:26:20.796684
CUST_001575,"Cook, Yates and Becker",,BUSINESS,39-9088689,,laurenromero@example.org,(229)555-7693,"9919 Robert Field, West Joycebury, WI 40682",2025-08-22T14:26:20.796912
CUST_001576,Weber-Hart,,BUSINESS,85-2639417,,dcollins@example.org,+1-784-886-7117x2498,"5094 Robert Divide, Maynardburgh, KY 01921",2025-07-08T14:26:20.797097
CUST_001577,William,Gray,PERSON,574-86-8069,1944-07-28,douglasgarcia@example.com,(470)219-1871x71045,"980 Gerald Gardens, New Brandifurt, AZ 41550",2025-12-30T14:26:20.797290
CUST_001578,Lee LLC,,BUSINESS,39-2406225,,orodriguez@example.org,334.417.4146x5545,"USNS Mahoney, FPO AA 48234",2025-11-30T14:26:20.797417
CUST_001579,"Jones, Leon and Fischer",,BUSINESS,42-4171246,,baileyrobert@example.org,8367338648,"4352 Boone Alley Apt. 916, Jerryview, NH 03080",2026-09-11T14:26:20.797704
CUST_001580,Lindsay,Curtis,PERSON,629-55-7863,1973-09-20,shortjared@example.org,252-244-8649x1535,"1840 Hurley Rapid, New Jennifer, SC 96420",2025-02-02T14:26:20.797931
CUST_001581,Richard,Garcia,PERSON,210-19-7468,1946-07-18,evansdiana@example.org,(364)438-4709,"91633 Donna Viaduct Suite 259, East Monica, NE 47858",2025-04-02T14:26:20.798131
CUST_001582,Tracy,Floyd,PERSON,114-89-9954,1952-03-11,tiffany12@example.net,001-730-306-2381x83924,"7619 Smith River, North Thomasberg, IA 30437",2025-08-28T14:26:20.798301
CUST_001583,Sonya,Warner,PERSON,579-16-4079,1990-06-19,jamie53@example.com,(928)972-4504x09414,"289 Chris Run Apt. 446, Port Samantha, MO 26006",2024-10-12T14:26:20.798455
CUST_001584,Anderson-Freeman,,BUSINESS,62-7077878,,alexandracastaneda@example.com,+1-573-822-3224x2637,"54145 Sarah Tunnel, Pughside, KY 62998",2026-05-30T14:26:20.798651
CUST_001585,Michael,Smith,PERSON,265-60-4638,1988-01-30,ncoleman@example.com,510-457-9406x525,"4483 Acosta Crest, Luistown, WV 72607",2025-07-07T14:26:20.798834
CUST_001586,"Terry, Cole and Flores",,BUSINESS,43-9994347,,troy81@example.net,570-966-2501x62204,"9487 Juan Glen, South Dave, HI 68507",2025-07-10T14:26:20.799034
CUST_001587,"Spence, Young and Morris",,BUSINESS,88-5623138,,udunn@example.org,+1-408-420-7809,"Unit 9252 Box 1094, DPO AE 26129",2024-10-20T14:26:20.799181
CUST_001588,"Reed, Green and Cunningham",,BUSINESS,36-7932818,,brandonmoore@example.net,(499)402-5100,"7998 Mason Ridge, Sarahburgh, NE 04950",2025-02-28T14:26:20.799394
CUST_001589,Thompson and Sons,,BUSINESS,32-7211142,,brandon07@example.com,+1-700-437-8171x5068,"889 Underwood Estates, New Markstad, CO 24983",2025-02-21T14:26:20.799529
CUST_001590,Lucas PLC,,BUSINESS,42-6144785,,chendricks@example.org,001-999-374-9411,"64873 Martinez Key, Port Danielmouth, PA 75973",2025-02-02T14:26:20.799673
CUST_001591,Hunter-Boyd,,BUSINESS,60-3316405,,josephperez@example.org,001-778-767-1542,"477 Bradley Corners, Lake Dawnton, IN 48539",2024-11-10T14:26:20.799864
CUST_001592,Jacob,Morales,PERSON,229-45-2434,1948-06-28,rwhite@example.org,215-858-8663x14387,"2118 Carr Ranch Apt. 926, Emilymouth, DE 62873",2026-01-24T14:26:20.800055
CUST_001593,Hall Ltd,,BUSINESS,99-3714471,,jhenderson@example.org,331-337-4001x980,"82244 Erik Key Suite 951, Lake Bethhaven, SD 87522",2026-06-06T14:26:20.800207
CUST_001594,Mark,Nguyen,PERSON,461-77-1848,1964-04-06,richardgrant@example.org,+1-234-259-4893x0494,"06956 Carrie Squares, East Sarah, MH 25492",2025-04-14T14:26:20.800400
CUST_001595,Sanders PLC,,BUSINESS,53-1873301,,pedrocruz@example.org,001-330-275-0599x90640,"91796 Garcia Unions, Catherinetown, ND 50634",2026-04-05T14:26:20.800578
CUST_001596,Lewis-Porter,,BUSINESS,91-1088762,,michael58@example.org,+1-931-385-6654x934,"881 Taylor Union Suite 320, New Stevenborough, AK 64795",2026-06-15T14:26:20.800747
CUST_001597,Courtney,Fox,PERSON,476-95-6944,1949-06-15,markhardin@example.net,719-312-7761,"442 Price Mews Apt. 042, Charlenechester, MD 65637",2025-05-22T14:26:20.800952
CUST_001598,White LLC,,BUSINESS,21-2075091,,nancy84@example.com,001-251-396-1499,"Unit 4090 Box 5444, DPO AP 55915",2025-12-21T14:26:20.801032
CUST_001599,George,Paul,PERSON,384-19-1795,1969-05-04,andreabryan@example.com,001-239-507-6667x52442,"9970 Morse Key Apt. 124, Katherinefort, NV 72677",2025-09-02T14:26:20.801241
CUST_001600,Jesus,Walker,PERSON,044-87-6907,1990-09-08,baxterashley@example.org,316.962.3935x260,"Unit 7265 Box 5813, DPO AE 57465",2025-01-01T14:26:20.801386
CUST_001601,Corey,Rogers,PERSON,814-34-2238,1996-10-25,millervanessa@example.net,(233)620-0253,"4071 Robinson Creek Apt. 564, West Melissa, HI 97284",2025-08-19T14:26:20.801598
CUST_001602,"Macias, Morgan and Parks",,BUSINESS,88-9741022,,amy33@example.com,892-815-2964x5871,"032 Cody Trace, South Aaronhaven, FL 11469",2025-11-27T14:26:20.801801
CUST_001603,Marie,Colon,PERSON,849-43-5509,1973-12-27,hurststacy@example.com,321-988-3340,"445 Andrade Mews, Reillyfurt, FL 45566",2026-03-21T14:26:20.802029
CUST_001604,Jenkins Inc,,BUSINESS,66-1179690,,washingtonkara@example.org,745.474.1756,"22422 Tammy Mission, South Victoriaport, IN 28970",2026-02-22T14:26:20.802201
CUST_001605,"Cross, Fitzgerald and Phelps",,BUSINESS,34-1563871,,sabrina99@example.net,521.211.5292x709,"4201 Victor Trace Apt. 101, New Mirandatown, TX 34895",2025-01-11T14:26:20.802415
CUST_001606,Philip,Williams,PERSON,340-24-0768,1961-11-18,maria68@example.com,001-951-503-8953x722,"902 Mccormick Falls, Josephside, ND 03413",2024-12-26T14:26:20.802594
CUST_001607,Travis,Osborn,PERSON,613-93-7139,1964-12-24,ubauer@example.com,895.592.8914,"453 Chavez Prairie, North Richardhaven, KS 89504",2024-10-26T14:26:20.802783
CUST_001608,Lindsay,Stephens,PERSON,124-72-2591,1950-07-28,dawnadams@example.com,+1-694-747-4848x5694,"15729 Jonathan Light Apt. 713, Port Beth, KY 31212",2025-09-13T14:26:20.802987
CUST_001609,Rebecca,Anderson,PERSON,413-37-6498,1948-07-19,jasonburke@example.com,952-559-1372x067,"039 Jonathan Points Suite 207, Tanyaborough, OK 15672",2024-11-15T14:26:20.803190
CUST_001610,Lisa,Miller,PERSON,676-82-9539,2005-06-09,zacharysutton@example.org,235.807.3984x85505,"14627 Foster Roads Suite 217, Howemouth, FM 94281",2026-04-08T14:26:20.803418
CUST_001611,Gregory,Hall,PERSON,518-16-4998,1959-01-05,robert51@example.net,599-675-3014x463,"0122 Charles Ridges Suite 813, East Teresastad, FM 80014",2025-12-08T14:26:20.803589
CUST_001612,Brown PLC,,BUSINESS,55-7629401,,andrewknight@example.org,+1-822-502-4176x6970,"266 Roberts Spur, Lake Adrianfort, NM 29518",2025-07-28T14:26:20.803774
CUST_001613,Mark,Phelps,PERSON,595-85-6710,1953-04-23,brittany12@example.org,655.530.1253,"6937 Ronald Roads Suite 644, East Crystalview, NY 23502",2025-04-04T14:26:20.803944
CUST_001614,Isaiah,Jones,PERSON,745-34-5415,2005-06-24,wwhite@example.com,732-216-8555x02694,"607 Eduardo Points, Kimberlyshire, ID 76518",2024-09-26T14:26:20.804122
CUST_001615,Edward,Daniel,PERSON,545-82-9160,1990-05-30,gwalter@example.net,401.506.5285x44305,"41637 Steven Estates Suite 420, Port Tiffanystad, AR 24514",2026-06-16T14:26:20.804305
CUST_001616,"Oliver, Lara and Smith",,BUSINESS,81-6840069,,ohudson@example.net,278.781.0485x915,"8784 Kyle Trafficway, Victorville, KS 01332",2025-09-26T14:26:20.804523
CUST_001617,"Hunt, Todd and Bowers",,BUSINESS,38-4263591,,kfreeman@example.com,556-999-2291,"168 Craig Inlet, Bradfordbury, IN 02003",2025-06-08T14:26:20.804809
CUST_001618,"Holt, Arias and Collins",,BUSINESS,83-1078038,,torresrebecca@example.net,001-628-342-7677,"4667 Wilcox Ford, Garciaport, IA 52545",2025-12-23T14:26:20.805073
CUST_001619,Carlos,Lucero,PERSON,117-13-6633,1995-06-17,briana52@example.com,471-768-7478,"3251 David Common, East Dianeside, NC 27123",2025-07-27T14:26:20.805238
CUST_001620,Heather,Glover,PERSON,586-86-1108,1959-01-23,millerjudith@example.org,874-374-8157,"Unit 4238 Box 0212, DPO AA 42721",2025-02-21T14:26:20.805388
CUST_001621,Linda,Ryan,PERSON,269-62-0144,1975-04-27,currybradley@example.org,685.974.3642x542,"9154 Sullivan Rest, Port Aaron, WI 92121",2025-04-19T14:26:20.805603
CUST_001622,Armstrong and Sons,,BUSINESS,53-2963085,,kristenayala@example.net,687-708-6334,"0829 Haley Passage Suite 698, East Angelaview, AL 20638",2025-04-09T14:26:20.805792
CUST_001623,Holmes-Barnes,,BUSINESS,78-5196677,,donnaarnold@example.net,394-714-7904x475,"926 Mary Meadows Apt. 823, North Susan, AK 02308",2024-10-06T14:26:20.805999
CUST_001624,"Fields, Wheeler and Herrera",,BUSINESS,58-9113963,,ulittle@example.net,(446)455-3092,"USS Anderson, FPO AP 14066",2026-01-10T14:26:20.806198
CUST_001625,Hanson-Harris,,BUSINESS,68-8729606,,lori32@example.net,(632)372-3442,"PSC 6083, Box 8814, APO AP 77061",2025-01-24T14:26:20.806367
CUST_001626,Deborah,Nelson,PERSON,686-22-2689,1955-04-22,davidshaw@example.net,866-519-9971x0818,"37521 Cooper Knolls, Jonathanberg, FL 63163",2025-05-11T14:26:20.806591
CUST_001627,Anthony,Williams,PERSON,271-67-8068,1995-04-04,frederick25@example.net,+1-573-403-7485x08374,"0830 Freeman Mews, Webbstad, NY 47127",2025-12-26T14:26:20.806783
CUST_001628,Bonnie,Alexander,PERSON,499-12-5197,1972-07-09,jeremycook@example.org,637.990.2389x40569,"278 Eric Springs, South Catherinefurt, FL 37183",2025-08-21T14:26:20.806994
CUST_001629,Amber,Suarez,PERSON,817-79-5787,1951-06-23,diane75@example.com,373-372-0170,"6774 Wright Creek Apt. 674, Jorgehaven, OK 06065",2024-10-23T14:26:20.807211
CUST_001630,Kristen,Henry,PERSON,128-90-6531,1973-11-28,vstone@example.net,603.302.4923x00833,"PSC 7155, Box 0393, APO AE 30622",2025-10-28T14:26:20.807361
CUST_001631,"Hahn, Boyle and Lee",,BUSINESS,55-9665502,,joseph13@example.com,001-931-729-5048x8819,"22927 Christy Divide Apt. 986, Port Becky, SC 05611",2025-03-17T14:26:20.807572
CUST_001632,Robert,Johnson,PERSON,440-59-9205,1968-11-29,rebeccatate@example.net,269-919-4867,"4491 Amy Common Apt. 154, South Kimberly, HI 42827",2024-09-29T14:26:20.807768
CUST_001633,Barron-Perez,,BUSINESS,41-5819919,,braunjulie@example.net,725.484.2302x2727,"72311 Walker Cliff Suite 638, South Steven, WV 48393",2026-06-13T14:26:20.807964
CUST_001634,"Gonzales, Marshall and Owens",,BUSINESS,96-6737688,,richard53@example.net,965-374-0968x3486,"2929 Kathryn Neck Apt. 605, Port Margaret, AL 71767",2026-07-01T14:26:20.808154
CUST_001635,Renee,Miller,PERSON,014-03-0524,1973-06-30,hfernandez@example.net,(263)574-1987,"PSC 2508, Box 1933, APO AP 88850",2025-05-17T14:26:20.808267
CUST_001636,Martin LLC,,BUSINESS,55-4666931,,morgan45@example.net,347-927-8792x4477,"8679 Martinez Avenue Suite 137, Lynchside, VI 22167",2025-02-06T14:26:20.808439
CUST_001637,Chavez Inc,,BUSINESS,33-4190481,,loganle@example.org,4873879091,"63581 Hamilton Club, East Susanfurt, GA 22844",2025-04-24T14:26:20.808632
CUST_001638,Jenna,Avila,PERSON,754-14-9959,1954-04-18,robert84@example.com,472.782.8401,"04320 Amber Parkway, East Kellyfurt, TN 55408",2026-01-19T14:26:20.808786
CUST_001639,Ryan,Lindsey,PERSON,478-66-3379,1942-06-24,henrycandice@example.com,8996375137,"196 Elliott Walks Apt. 845, New Erichaven, VA 36128",2025-12-19T14:26:20.808998
CUST_001640,Victoria,Curry,PERSON,359-32-8403,1963-07-23,benjamin68@example.com,001-959-434-0107x52879,"5022 Jensen Stravenue Apt. 227, West Joseph, LA 89295",2026-01-25T14:26:20.809160
CUST_001641,Kimberly,Lamb,PERSON,323-81-0195,1957-07-11,chavezlogan@example.org,246-977-2396x77839,"3806 White Throughway, Howellport, AL 80308",2026-01-04T14:26:20.809356
CUST_001642,"Lane, Gates and Johnson",,BUSINESS,29-2789949,,steventaylor@example.net,001-617-264-8036x1454,"195 Cook Shores, Julieview, OH 39921",2026-05-17T14:26:20.809584
CUST_001643,Chad,Fowler,PERSON,585-23-2078,1977-04-11,jennifer02@example.org,001-535-811-7486,"8460 Smith Underpass, Jeremyville, NM 49598",2024-10-24T14:26:20.809753
CUST_001644,"Lee, Kim and Henderson",,BUSINESS,88-1111126,,beardarthur@example.net,756-231-4796x126,"5853 Garza Shores Suite 881, Dawsonhaven, SC 06156",2025-03-11T14:26:20.809985
CUST_001645,Claire,Rivera,PERSON,108-74-8998,2005-10-31,tmitchell@example.net,932.217.7854x5747,"588 Larry Turnpike Suite 643, Port Steven, MN 40894",2025-05-11T14:26:20.810150
CUST_001646,Mccann Inc,,BUSINESS,89-6291817,,ronald27@example.com,3152626699,"9200 Scott Freeway, South Jenniferview, VT 54117",2025-04-30T14:26:20.810305
CUST_001647,Ross Ltd,,BUSINESS,72-4068080,,kwalters@example.org,(537)555-8388,"9325 Dixon Ports, New Laurie, SC 23288",2025-04-11T14:26:20.810464
CUST_001648,"Smith, Pineda and Long",,BUSINESS,60-4726098,,qmorris@example.com,+1-271-509-0028x100,"PSC 6661, Box 7808, APO AP 67535",2025-02-03T14:26:20.810617
CUST_001649,Mallory,Hogan,PERSON,316-89-9509,2001-06-03,jdudley@example.com,001-476-450-2942x501,"3537 Hatfield Estate, Jonesshire, NH 52291",2026-07-23T14:26:20.810806
CUST_001650,"Foster, Wilson and Jackson",,BUSINESS,71-1546310,,catherinebuchanan@example.org,501.607.0177x44608,"Unit 6491 Box 7507, DPO AP 27004",2025-04-20T14:26:20.810984
CUST_001651,Mcfarland and Sons,,BUSINESS,60-3932663,,dariusflores@example.net,349.276.2174,"5141 Ramirez Street, Nealhaven, TX 76220",2025-06-05T14:26:20.811166
CUST_001652,Anita,Ellison,PERSON,195-79-7437,1986-07-17,stephanieanderson@example.net,(402)384-9635x5501,"9952 Lee Junction, Joeltown, CO 75521",2024-10-01T14:26:20.811367
CUST_001653,Diaz-Hudson,,BUSINESS,50-1141240,,ybrown@example.net,545-999-1452x1020,"36042 Donald Courts Apt. 046, Franklinstad, FL 11099",2026-09-04T14:26:20.811552
CUST_001654,Billy,Brown,PERSON,292-71-7072,1962-01-16,michaeldavid@example.net,(286)722-2905x44171,"USCGC Jimenez, FPO AP 96461",2025-08-24T14:26:20.811725
CUST_001655,Douglas,Robinson,PERSON,889-83-6742,1991-12-27,owensalbert@example.com,987-723-5838x951,"7700 Meyer Square, Lake Stacyfurt, DC 61075",2025-10-18T14:26:20.811926
CUST_001656,Rich LLC,,BUSINESS,88-5357055,,jason27@example.net,538-932-6225x0634,"01464 Webb Tunnel, East Alyssamouth, WA 39185",2026-03-09T14:26:20.812069
CUST_001657,Weaver Ltd,,BUSINESS,40-5519920,,bryanrichards@example.org,2102443305,"0960 Jessica Orchard, Gordonhaven, MO 49461",2025-05-22T14:26:20.812248
CUST_001658,Boyd-Turner,,BUSINESS,56-4085559,,michaelatkinson@example.com,(985)775-5644x2927,"52674 Taylor Ferry, North Roger, AR 80862",2025-04-24T14:26:20.812452
CUST_001659,Thompson-Hicks,,BUSINESS,36-8031212,,cantrellchelsea@example.com,542-303-5777,"9386 Nicholas Throughway, North Samantha, MA 84296",2024-09-29T14:26:20.812645
CUST_001660,Harris-Simon,,BUSINESS,56-7720828,,crystaldurham@example.com,+1-663-806-5858x2765,"8973 Danielle Station, Mullinsmouth, NC 13987",2025-12-04T14:26:20.812849
CUST_001661,Caldwell-Rhodes,,BUSINESS,33-3200150,,dana29@example.net,001-736-887-6190x750,"5107 Drake Road Apt. 886, Blackwellland, MN 73220",2025-02-04T14:26:20.813033
CUST_001662,Allison,Johnson,PERSON,500-10-8238,1970-07-10,brittanymckee@example.org,001-226-783-1562x4206,"69769 Matthew Gateway, Kathrynfurt, FM 72817",2026-06-06T14:26:20.813223
CUST_001663,Navarro Inc,,BUSINESS,40-8251427,,jennifer19@example.net,4237271073,"USNV Hanson, FPO AE 16285",2025-08-22T14:26:20.813332
CUST_001664,Shawna,Allen,PERSON,037-26-4904,1975-04-21,nguyenjennifer@example.org,372-810-4631,"19878 Michael Springs Suite 445, North Amy, IN 12968",2026-04-20T14:26:20.813524
CUST_001665,Edgar,Carter,PERSON,454-01-9460,1980-02-29,jonathangarcia@example.com,+1-605-540-7647x1862,"14539 Tran Branch, Rivastown, GU 58256",2025-05-20T14:26:20.813734
CUST_001666,Kathy,Horn,PERSON,747-45-8488,1959-07-20,brian22@example.com,001-476-902-1806x6725,"4519 Richard Overpass Suite 210, North Robert, VA 36766",2026-03-20T14:26:20.813895
CUST_001667,Gonzalez-Barber,,BUSINESS,73-3256060,,smithellen@example.com,(757)554-2373,"48689 Gabriel Isle Apt. 502, South Sarah, KS 85834",2024-12-10T14:26:20.814090
CUST_001668,Bowman-Smith,,BUSINESS,72-6033738,,aprilvasquez@example.org,470.458.7752,"004 Cynthia Forest, Deanton, ID 30135",2026-01-03T14:26:20.814294
CUST_001669,Erica,Gardner,PERSON,656-27-9061,1961-03-24,michaeljohnson@example.org,(815)663-8366,"5869 Jensen Rest, Weavermouth, PR 91435",2025-08-05T14:26:20.814518
CUST_001670,Danny,Robinson,PERSON,659-40-4813,1995-03-15,john29@example.com,873.375.9428x3188,"3342 Carrie Court Suite 416, West Catherine, NH 60309",2024-10-09T14:26:20.814720
CUST_001671,Adam,Kelly,PERSON,266-86-9403,1948-06-13,nicole65@example.net,776-551-2674x907,"345 Martin Port, East Kevin, PA 43126",2026-07-17T14:26:20.814901
CUST_001672,Robert,Rivera,PERSON,343-89-8715,1951-02-25,meghanwheeler@example.com,560.559.6765x6124,"1467 Perkins Streets Apt. 892, Emilyville, AS 38021",2025-12-30T14:26:20.815117
CUST_001673,"Larson, Frost and Sosa",,BUSINESS,90-2615677,,danielle29@example.org,931.516.8674x47868,"81169 King Crescent Apt. 697, New Jennifermouth, TX 07955",2025-06-13T14:26:20.815328
CUST_001674,"Wilson, Perez and Duncan",,BUSINESS,43-7055937,,badams@example.com,001-941-691-9994x98511,"2274 Kenneth Common, Port Garrett, TX 43632",2025-09-13T14:26:20.815525
CUST_001675,"Knight, Waters and Robinson",,BUSINESS,54-1332781,,hjohnson@example.org,001-435-674-3189x1004,"85499 Santana Locks, North Denise, AR 67608",2025-07-22T14:26:20.815732
CUST_001676,Charles,Spencer,PERSON,448-57-0865,1958-12-22,johoward@example.net,590.735.4064x282,"876 Amanda Union Suite 484, East Christopherbury, LA 75144",2025-09-22T14:26:20.815921
CUST_001677,Noah,Bell,PERSON,659-27-8188,1943-08-04,jthomas@example.org,926-343-6113x88705,"PSC 6298, Box 4754, APO AP 65104",2025-02-03T14:26:20.816035
CUST_001678,Tamara,Rodgers,PERSON,054-73-7056,1958-01-18,adamsashley@example.com,938.756.0166x85867,"9753 Blake Row, Frederickshire, OK 27835",2025-11-29T14:26:20.816238
CUST_001679,Gray Inc,,BUSINESS,51-9563838,,kristenschaefer@example.net,001-261-557-4236x8378,"86588 Stephen Lodge Apt. 204, Morganmouth, MS 42118",2025-05-05T14:26:20.816410
CUST_001680,Price-Vaughn,,BUSINESS,20-7393310,,peterhester@example.net,+1-913-492-2230x42103,"PSC 4879, Box 3701, APO AE 30876",2024-12-27T14:26:20.816579
CUST_001681,Rogers Group,,BUSINESS,69-3430151,,jodysoto@example.net,001-259-301-2929x9292,"45740 Williams Stream Suite 491, East Cassandraside, DC 26230",2026-03-29T14:26:20.816789
CUST_001682,Riley-Goodman,,BUSINESS,63-7790959,,amyhernandez@example.com,+1-531-538-0033,"PSC 7361, Box 4047, APO AP 54771",2026-07-05T14:26:20.816927
CUST_001683,Charles,Roberts,PERSON,374-54-1430,2002-05-02,amanda81@example.net,406-599-4292,"895 Dawn Drive Apt. 108, North Timothybury, FL 95833",2026-04-04T14:26:20.817083
CUST_001684,Valdez Ltd,,BUSINESS,39-6259356,,vevans@example.com,630.419.4410x88344,"2494 Lindsay Parkway Suite 847, Williamsborough, OR 17617",2025-10-27T14:26:20.817244
CUST_001685,"Santiago, Lopez and Brown",,BUSINESS,44-7634639,,brooksroberta@example.net,604-339-7923,"2505 Harris Centers, Farmerchester, MP 73947",2025-12-13T14:26:20.817494
CUST_001686,Campbell-Jones,,BUSINESS,56-9739850,,dmcguire@example.com,+1-689-461-7687x29620,"8101 Brown Stravenue Apt. 825, East Brandon, MI 13173",2025-06-12T14:26:20.817675
CUST_001687,Mendoza PLC,,BUSINESS,31-4085098,,megannguyen@example.org,228-780-0496x05469,"951 Goodman Bridge Suite 204, Clarktown, FM 69145",2026-08-24T14:26:20.817866
CUST_001688,Maria,Hansen,PERSON,842-57-5431,2003-11-10,kwalker@example.net,944.913.3358x02103,"35823 Ballard Wall, South Gordonport, TN 11338",2026-01-19T14:26:20.818055
CUST_001689,"Shepherd, Bowers and Kennedy",,BUSINESS,99-2343263,,englishsheila@example.net,628.560.4161,"49189 Mary Views Suite 574, Simsbury, ID 30723",2026-02-13T14:26:20.818303
CUST_001690,Brian,Velasquez,PERSON,223-06-5553,1977-12-10,masonmichael@example.net,(635)306-2925x809,"Unit 4373 Box 3312, DPO AP 27329",2025-08-06T14:26:20.818501
CUST_001691,Heidi,James,PERSON,881-46-5510,1968-02-11,mikayla02@example.org,4809538479,"24651 Felicia Wells, West Ryanburgh, AZ 15487",2026-06-11T14:26:20.818688
CUST_001692,Jessica,Williams,PERSON,465-76-8298,2003-11-19,andrew77@example.org,+1-560-410-8317x34996,"39753 Troy Islands Apt. 861, Lake Eric, AK 84523",2025-05-20T14:26:20.818858
CUST_001693,Emily,Johnson,PERSON,321-74-3233,1974-04-21,melissa18@example.org,600-422-8740x89757,"PSC 5180, Box 2642, APO AE 83858",2026-08-21T14:26:20.818970
CUST_001694,Richards-Savage,,BUSINESS,77-2396723,,charles34@example.com,779.327.9693x9205,"704 Dillon Field Apt. 043, Cindyside, DE 47905",2026-06-02T14:26:20.819144
CUST_001695,"Hart, Hunt and Thomas",,BUSINESS,89-3605071,,sblack@example.com,237.531.4029,"Unit 0810 Box 3911, DPO AE 84766",2026-06-22T14:26:20.819294
CUST_001696,Smith-Cooper,,BUSINESS,49-4847954,,bmedina@example.org,763-548-4430,"755 Laura Drive Apt. 828, South Christophermouth, SD 11674",2026-01-06T14:26:20.819457
CUST_001697,"Dyer, Sutton and Nichols",,BUSINESS,66-3120836,,henrykylie@example.org,814.563.5542x8468,"03238 Kathy Terrace Apt. 704, Johnberg, NJ 91516",2026-05-05T14:26:20.819671
CUST_001698,Kelly,Moore,PERSON,362-44-9006,1962-09-22,josecastro@example.org,(633)210-8185,"3882 Perez Roads, Rebeccaton, OR 75632",2026-08-18T14:26:20.819867
CUST_001699,Jonathon,Ramirez,PERSON,094-69-1082,1989-10-22,kennethjohnson@example.org,546-513-3547,"5563 Mccoy Crest, Dannystad, NH 60061",2024-11-06T14:26:20.820066
CUST_001700,"Rodriguez, Grant and Burgess",,BUSINESS,51-8988550,,anne23@example.net,(665)728-5141x90827,"6599 Wendy Brook Suite 633, Deckerbury, MT 38311",2025-05-26T14:26:20.820290
CUST_001701,Brooks and Sons,,BUSINESS,80-8463259,,grodriguez@example.com,(830)570-0958x3042,"26557 Woods Springs, Carriefurt, MO 64791",2026-05-01T14:26:20.820446
CUST_001702,Jeremy,Dougherty,PERSON,102-52-0264,1976-02-03,brandon89@example.com,509-739-3496x479,"2154 Janet Mall Apt. 671, South Jessica, AR 12273",2025-01-19T14:26:20.820607
CUST_001703,Reynolds PLC,,BUSINESS,90-8297709,,gutierrezscott@example.org,(617)975-9414,"45337 Chapman Motorway, Lake Ryanmouth, MO 20210",2025-03-29T14:26:20.820782
CUST_001704,Sanchez-Ortiz,,BUSINESS,54-9080774,,mullinsjeffrey@example.org,598.723.3891x787,"211 Spencer Terrace, Lake Patrickfurt, SD 75683",2025-03-13T14:26:20.820988
CUST_001705,Alicia,Kim,PERSON,337-95-1920,2003-11-11,megan97@example.org,446-585-0094x7947,"166 Rebecca Squares Apt. 879, New Phillip, FM 50738",2026-06-17T14:26:20.821148
CUST_001706,Holland Group,,BUSINESS,49-7136825,,bchavez@example.org,+1-766-735-2736x007,"841 Stephanie Fort, North Carlmouth, PW 20055",2025-07-21T14:26:20.821294
CUST_001707,"Brewer, Smith and Duke",,BUSINESS,29-6093108,,fharper@example.com,+1-698-286-1825x6166,"80222 Phillips Loaf, Millerchester, MD 12623",2026-09-06T14:26:20.821533
CUST_001708,Thomas,Carey,PERSON,576-56-6521,1968-07-16,melindakelly@example.com,5436883392,"69176 Johnston Lakes, Wallaceport, GA 58728",2025-03-30T14:26:20.821757
CUST_001709,Jason,Edwards,PERSON,567-34-0906,1986-11-21,ujohnson@example.com,920.692.6465x296,"PSC 1891, Box 6680, APO AA 30949",2025-09-29T14:26:20.821885
CUST_001710,"Wilson, Blackburn and Johnson",,BUSINESS,70-9977469,,loweryashley@example.com,(460)402-2003x6423,"20941 Victoria Junction Suite 212, East Michaeltown, OK 33605",2026-09-08T14:26:20.822124
CUST_001711,Miller and Sons,,BUSINESS,71-6026630,,wcook@example.org,251-476-5698x36495,"7203 Justin Flat Apt. 614, Port Gregory, NY 48499",2026-09-07T14:26:20.822268
CUST_001712,"Ray, Roberts and Williams",,BUSINESS,47-4879150,,perrybarbara@example.net,+1-618-692-3710,"13646 Nancy Lights Suite 858, East Carolberg, SD 60873",2026-09-09T14:26:20.822495
CUST_001713,Williamson-Johnson,,BUSINESS,34-7907781,,suzanneweaver@example.com,918-595-3429x70397,"41432 Daniel Rue, Cynthiaville, WY 01544",2025-02-19T14:26:20.822701
CUST_001714,Cannon-Hahn,,BUSINESS,60-5192561,,sarahjohnson@example.net,+1-586-658-6233x48781,"47467 Hodge Oval, East Jacqueline, CO 93336",2026-04-02T14:26:20.822917
CUST_001715,"Wright, Cook and Barnes",,BUSINESS,58-4700926,,fhickman@example.org,932-619-7924x761,"300 Browning Pike Suite 172, Clarkton, MO 74551",2025-12-21T14:26:20.823145
CUST_001716,Mary,Henry,PERSON,338-34-1916,1956-02-28,patrickhiggins@example.org,+1-415-308-9229x83092,"0450 Deborah Passage, Bonillafort, GA 81689",2025-07-11T14:26:20.823353
CUST_001717,Kenneth,Johnson,PERSON,143-65-7496,1953-06-23,matthew29@example.com,997-528-5586,"278 Gonzalez Stream, Amandamouth, GU 55446",2025-04-05T14:26:20.823548
CUST_001718,Higgins-Davila,,BUSINESS,46-9924543,,andersonmary@example.com,+1-355-721-1095x316,"8597 Jason Cliffs Apt. 292, North Josephborough, OH 83054",2025-12-15T14:26:20.823758
CUST_001719,"Nguyen, White and Hayes",,BUSINESS,34-2148634,,wflores@example.com,(808)255-4885x980,"889 Howell Village Suite 406, East Kristinashire, WV 05081",2026-03-14T14:26:20.823986
CUST_001720,Ashley,Diaz,PERSON,315-07-5659,1986-12-03,danielknight@example.net,+1-702-507-7730x881,"36770 Thomas Park, West Jim, ME 13755",2025-11-24T14:26:20.824196
CUST_001721,Janet,Thomas,PERSON,859-90-7355,1980-09-09,cobbdouglas@example.org,325.888.8404,"21211 Turner Groves Suite 850, Lake Kenneth, MT 92007",2024-12-03T14:26:20.824399
CUST_001722,Smith Ltd,,BUSINESS,89-8596173,,priceamanda@example.org,813.277.9730x9514,"04032 Smith Hollow Apt. 121, Peterschester, VT 84388",2025-12-12T14:26:20.824593
CUST_001723,Yoder LLC,,BUSINESS,34-6379509,,ricardohill@example.com,8128904312,"6469 Patrick Ford Apt. 094, South Williamstad, ID 11693",2026-08-28T14:26:20.824780
CUST_001724,Nicole,Roach,PERSON,676-77-0028,1987-06-25,cpotts@example.org,001-946-518-7027x39246,"2508 John Trail Suite 396, Yorkport, VT 88504",2026-07-28T14:26:20.824994
CUST_001725,Seth,Underwood,PERSON,219-20-4082,1974-03-04,michelle92@example.net,(813)632-4061,"9274 Johnson Lakes Suite 958, South Christopher, PR 56794",2026-03-10T14:26:20.825159
CUST_001726,Jillian,Davis,PERSON,284-29-8558,1986-08-17,moorematthew@example.org,(856)221-9747,"42414 Heather Mall Suite 626, Port Randallview, MO 39415",2025-12-02T14:26:20.825358
CUST_001727,Johnson Ltd,,BUSINESS,26-8355410,,gonzaleskevin@example.com,(805)831-3978x3747,"7724 Patricia Extension, Hicksland, HI 71124",2026-09-08T14:26:20.825531
CUST_001728,Elizabeth,Bowman,PERSON,789-14-2190,1991-12-27,ronaldgarcia@example.com,001-699-287-7999x481,"75610 Durham Points, Kennedyborough, FL 42918",2026-06-16T14:26:20.825744
CUST_001729,Kylie,Zuniga,PERSON,516-35-8531,1945-08-03,rrosales@example.com,365-469-3865,"52807 Gilmore Hills Suite 701, Bautistafurt, DC 02668",2026-09-01T14:26:20.825931
CUST_001730,"Hernandez, Allen and James",,BUSINESS,37-6736345,,zgay@example.com,001-538-713-7895x62354,"90458 Robinson Plaza, Marystad, DC 38527",2025-07-13T14:26:20.826145
CUST_001731,Morgan Inc,,BUSINESS,73-7231009,,ramirezleslie@example.org,001-406-666-0588x0959,"8832 Stacey Views, Brownville, CT 54464",2025-05-30T14:26:20.826317
CUST_001732,Amy,Myers,PERSON,681-06-2634,1996-05-03,aliciaphelps@example.com,+1-689-565-6917x815,"Unit 1153 Box 8336, DPO AA 84299",2025-10-13T14:26:20.826460
CUST_001733,Melinda,Torres,PERSON,605-26-4633,1972-06-03,jeremy34@example.net,(367)784-5661,"USCGC Hart, FPO AE 54117",2026-04-20T14:26:20.826594
CUST_001734,Samantha,Carlson,PERSON,393-40-0943,1965-11-16,aatkinson@example.org,001-217-482-9614x73074,"273 Daniel Radial Suite 994, Larsenberg, CT 62788",2025-12-18T14:26:20.826806
CUST_001735,Baxter-Delgado,,BUSINESS,19-8887754,,angela88@example.com,886.684.4380,"7955 Gonzalez Way Apt. 567, Dayhaven, CO 45559",2026-03-15T14:26:20.827016
CUST_001736,Sarah,Miller,PERSON,665-03-2050,2007-12-19,melissalogan@example.com,991.869.4973,"9647 Amanda Ville Apt. 753, Benjaminchester, CT 83548",2026-01-03T14:26:20.827221
CUST_001737,"Stein, Williamson and Barton",,BUSINESS,11-3046175,,daniel75@example.com,344.806.0210,"9696 Martin Trail, Frenchhaven, UT 31814",2026-01-05T14:26:20.827431
CUST_001738,Thompson and Sons,,BUSINESS,66-5146693,,fnielsen@example.org,396-482-4369,"7897 Robert Crest, Tammyshire, CO 84174",2026-08-13T14:26:20.827567
CUST_001739,Kevin,Reeves,PERSON,826-02-1195,1951-06-08,stephaniesaunders@example.net,001-845-841-6460x71500,"530 Jorge Landing, Nealhaven, FM 52939",2025-06-02T14:26:20.827760
CUST_001740,Amanda,Mcbride,PERSON,634-24-2459,1951-01-06,michellebray@example.org,001-265-597-7414x42018,"PSC 2068, Box 7217, APO AE 37277",2025-04-01T14:26:20.827894
CUST_001741,Mary,Patterson,PERSON,538-61-0451,2005-12-07,lloydcheryl@example.org,816-771-2304,"9980 Richard Mall Suite 813, Lindseyburgh, GA 20570",2025-05-20T14:26:20.828088
CUST_001742,Daniels Inc,,BUSINESS,97-6236326,,taylorjohn@example.org,001-650-396-3994x783,"82474 Vicki Mountain Suite 344, Laurenmouth, GU 48862",2025-10-21T14:26:20.828246
CUST_001743,Nicholas,Abbott,PERSON,092-77-6528,1953-05-07,georgemadden@example.net,(295)501-9761,"5808 Hernandez Skyway, Gregorymouth, TN 10422",2024-12-11T14:26:20.828445
CUST_001744,Jessica,Harvey,PERSON,866-68-8769,1955-04-06,morrisonjoseph@example.net,716.272.9193x04201,"3118 Wiley Keys, Henryburgh, HI 36494",2025-03-03T14:26:20.828660
CUST_001745,Daniel,Dixon,PERSON,344-94-0388,1988-04-10,david19@example.com,001-692-622-4924,"1592 Dennis Wells Suite 648, Jonesborough, WA 74007",2025-12-31T14:26:20.828823
CUST_001746,Bailey LLC,,BUSINESS,91-6013251,,phillipsgregory@example.org,472-245-6051,"617 Alicia Creek, West Jeffrey, NC 94673",2026-02-25T14:26:20.828977
CUST_001747,Ramos-Gonzalez,,BUSINESS,16-4653880,,eric05@example.com,9362595925,"9290 Erickson Summit, Port Chadmouth, FL 11762",2026-05-24T14:26:20.829143
CUST_001748,Debra,Perez,PERSON,053-24-7064,1989-12-10,yburns@example.net,227.502.2410x2621,"09143 Mary Freeway, Meganmouth, AS 32995",2024-12-07T14:26:20.829311
CUST_001749,Byrd Ltd,,BUSINESS,51-1252794,,jerryolson@example.org,439-972-9887,"USS Clark, FPO AP 05854",2026-03-29T14:26:20.829453
CUST_001750,Taylor-Hall,,BUSINESS,84-3007387,,glambert@example.org,001-990-707-7964x2770,"913 York Cliff, North Michelle, NH 82695",2025-08-07T14:26:20.829629
CUST_001751,Deborah,Wright,PERSON,689-83-5491,1995-09-13,popemichael@example.com,(733)744-0258,"PSC 0889, Box 2171, APO AE 69087",2026-09-07T14:26:20.829760
CUST_001752,Elizabeth,Hill,PERSON,333-32-1314,1963-10-20,zmitchell@example.net,7875254777,"USS Garner, FPO AA 70874",2025-01-29T14:26:20.829907
CUST_001753,Richardson and Sons,,BUSINESS,98-3600333,,thomas11@example.org,+1-316-821-9897x44693,"516 Gilbert Station, South Brandonview, MH 36958",2025-09-01T14:26:20.830054
CUST_001754,Matthew,Greene,PERSON,386-37-9436,2000-01-13,karajames@example.com,790-417-4842,"1930 Espinoza Run Suite 739, Port Allisonstad, ID 45089",2026-01-05T14:26:20.830271
CUST_001755,Amanda,Elliott,PERSON,209-21-4477,2006-03-30,elizabeth51@example.org,531.469.5432,"5169 Arnold Turnpike, Lake Sarah, AS 62572",2025-04-23T14:26:20.830446
CUST_001756,Timothy,Moore,PERSON,055-40-3769,2003-07-17,gchase@example.net,+1-842-671-6965,"USNV Gross, FPO AP 21777",2024-10-14T14:26:20.830605
CUST_001757,"Green, Marks and Blackburn",,BUSINESS,90-2007511,,mreynolds@example.com,554-440-6689x9425,"308 Charles Rue Suite 213, Lake Andre, GA 05192",2026-07-17T14:26:20.830816
CUST_001758,"Johnson, Gomez and Patterson",,BUSINESS,92-3582322,,seth23@example.net,(816)701-8619x13640,"USS Casey, FPO AA 98161",2024-09-28T14:26:20.830993
CUST_001759,Rhonda,Hunt,PERSON,318-06-4855,1984-07-04,callen@example.org,588-449-7416,"6336 Petersen Shore Apt. 235, Port Rachel, WY 12657",2026-05-11T14:26:20.831183
CUST_001760,Mccoy-Sandoval,,BUSINESS,39-6314007,,wilsonangela@example.net,001-313-205-1027,"7960 Bennett Gardens, North Brittany, NH 76089",2025-02-22T14:26:20.831403
CUST_001761,"Durham, Levy and Powell",,BUSINESS,66-4237420,,jessica34@example.net,(545)282-9546x3733,"7166 Joe Run, West John, SD 06624",2026-08-26T14:26:20.831607
CUST_001762,Stout Ltd,,BUSINESS,55-3260430,,watkinsalexander@example.org,312-995-2078,"46566 Shannon Park Apt. 437, Port Sara, VT 48653",2026-01-03T14:26:20.831784
CUST_001763,Christopher,Young,PERSON,246-42-5760,1991-03-05,iyang@example.org,+1-384-476-6009x74909,"8151 Davis Turnpike, Cindyport, AR 08063",2025-05-08T14:26:20.831971
CUST_001764,Mckay-Osborn,,BUSINESS,81-5944490,,arogers@example.net,769-754-4956x977,"34001 Anderson Ridge, West Anthonyland, MI 03859",2025-03-10T14:26:20.832162
CUST_001765,Jordan-Watkins,,BUSINESS,34-4131076,,george12@example.net,472-420-9434,"1985 Bryant Passage, Clarkville, TN 94249",2025-03-09T14:26:20.832349
CUST_001766,Horne and Sons,,BUSINESS,51-8858359,,benjaminwarner@example.org,771-536-1877x49789,"58535 Reid River Suite 154, West Johnton, LA 31946",2025-12-09T14:26:20.832534
CUST_001767,Amy,Martinez,PERSON,294-31-0038,2007-09-03,angela60@example.com,914-742-5096x933,"55088 Miranda Flats, Abigailmouth, KY 46010",2026-07-08T14:26:20.832697
CUST_001768,Adam,Flores,PERSON,724-85-2964,2006-08-08,ecooper@example.org,276-780-9856x835,"4027 Cox Roads, Rhodesville, PW 36667",2025-06-13T14:26:20.832892
CUST_001769,Mcclure PLC,,BUSINESS,43-7159129,,andrew36@example.net,268.634.0211,"460 Ward Inlet, North Christine, MT 57782",2025-06-09T14:26:20.833047
CUST_001770,Rhonda,Gonzalez,PERSON,618-16-6804,1966-04-11,brooksmarcus@example.com,490.545.5436,"21081 Evelyn Canyon, New Tracy, ID 95757",2024-12-02T14:26:20.833251
CUST_001771,"Johnson, Johnson and Griffin",,BUSINESS,33-1314067,,jpatton@example.net,519.368.7066x68843,"833 Elizabeth Overpass, Port Kelly, WA 06345",2024-12-21T14:26:20.833479
CUST_001772,Kirk LLC,,BUSINESS,89-5006173,,wardjames@example.net,546.698.9847,"72580 Lori Junction Apt. 584, Hernandeztown, AZ 27301",2025-10-23T14:26:20.833675
CUST_001773,Ian,Walker,PERSON,167-02-1830,2002-10-14,noahherrera@example.com,7172385555,"761 Moore Turnpike, Taylorport, IN 54489",2024-11-11T14:26:20.833892
CUST_001774,Woods-Mccarthy,,BUSINESS,34-9792431,,crystal11@example.org,700.826.4913x59748,"75317 Webster Cliff Apt. 537, West Robert, MS 29860",2024-10-17T14:26:20.834084
CUST_001775,Crawford LLC,,BUSINESS,80-3585897,,melaniepayne@example.net,290-300-0242,"6066 Nathaniel Prairie Suite 787, Kennethville, DC 96430",2024-12-28T14:26:20.834261
CUST_001776,"Collins, Mitchell and Davis",,BUSINESS,51-7875379,,wendytucker@example.net,(319)540-4789,"1684 Cynthia Lights, Lake Amanda, AS 17134",2024-11-29T14:26:20.834494
CUST_001777,Hobbs-Parker,,BUSINESS,24-2614912,,michael50@example.net,633.430.9870x382,"PSC 8527, Box 0497, APO AP 87696",2025-03-30T14:26:20.834610
CUST_001778,Jesse,Torres,PERSON,314-50-3434,1995-07-08,patrick74@example.net,(359)713-1101x52218,"812 Ronald Stream Suite 608, East Eddie, MN 13755",2026-08-03T14:26:20.834780
CUST_001779,Charles,Douglas,PERSON,337-91-2705,1952-06-14,barbara45@example.com,5314768101,"3081 Miller Falls, South Michael, KY 93376",2026-03-18T14:26:20.834954
CUST_001780,Matthew,Hill,PERSON,851-98-6130,1999-06-01,lutzscott@example.org,001-730-316-5487x65781,"1728 King Club Apt. 601, Oneillport, NJ 21491",2026-02-22T14:26:20.835178
CUST_001781,Nichole,Thompson,PERSON,692-17-9951,2006-03-07,mark19@example.com,001-251-764-4180x540,"942 Kimberly Wells, Hodgesfurt, UT 14527",2025-05-07T14:26:20.835364
CUST_001782,Heather,Garza,PERSON,882-81-7587,1980-11-25,kmurphy@example.net,331-718-7087,"916 Jones Islands Suite 709, Jordanside, ND 43736",2026-06-07T14:26:20.835567
CUST_001783,David,Coleman,PERSON,183-03-3299,2006-05-09,dustin85@example.com,+1-740-315-4150x689,"67873 Dixon Centers, Darrylview, RI 53424",2025-02-09T14:26:20.835759
CUST_001784,Chavez-Ellis,,BUSINESS,94-9219319,,dominguezoscar@example.com,702-931-3426x8396,"957 Brandon Manors, Michaelberg, GA 96489",2025-03-27T14:26:20.835972
CUST_001785,Wilkerson-Mcmahon,,BUSINESS,16-7146400,,jeffreywolf@example.net,+1-830-438-1476x040,"92259 Harris Meadow Apt. 109, Jamesmouth, DC 58094",2026-02-02T14:26:20.836199
CUST_001786,Laurie,Salinas,PERSON,042-56-6503,1972-03-12,nicole05@example.net,530.237.5374x5088,"481 Leblanc Center, Sherrychester, NM 20026",2026-09-03T14:26:20.836377
CUST_001787,Brandy,Taylor,PERSON,738-80-1382,2002-08-07,pattersonstacey@example.org,498.500.4720x288,"87701 Contreras Summit Suite 244, North Bradley, DC 81848",2024-11-14T14:26:20.836585
CUST_001788,"Robinson, Thomas and Smith",,BUSINESS,20-8852729,,wendyruiz@example.com,5093254270,"034 Anthony Motorway, West Mackenzieside, SD 28974",2024-12-01T14:26:20.836818
CUST_001789,Nicole,Randolph,PERSON,765-40-5657,1942-05-28,sandrawalsh@example.net,+1-686-885-8197x488,"223 Krystal Locks Suite 250, Rickmouth, CO 91798",2025-09-12T14:26:20.837013
CUST_001790,"Graves, Washington and Taylor",,BUSINESS,57-1978112,,lisa88@example.com,3668124501,"41811 Brown Locks, Lake Craig, OR 52904",2024-12-24T14:26:20.837223
CUST_001791,"Banks, Le and Ortiz",,BUSINESS,77-1682046,,christopherhoffman@example.com,(202)406-3141,"95405 Garrison Squares, Mitchellshire, AS 52119",2026-07-06T14:26:20.837494
CUST_001792,"Martinez, Buckley and Thompson",,BUSINESS,19-4622201,,lacey72@example.com,+1-231-588-9706x04462,"571 Elizabeth Springs Suite 342, West Duaneland, CT 36995",2025-04-03T14:26:20.837696
CUST_001793,Angel,Douglas,PERSON,792-10-3785,2006-05-17,mnicholson@example.org,001-407-903-8394,"424 Brown Shores, Elizabethshire, DC 17304",2026-06-05T14:26:20.837875
CUST_001794,Mariah,Edwards,PERSON,456-98-1594,1969-05-08,brandon04@example.net,001-895-824-1434x564,"80120 Clark Knoll Suite 599, Harveymouth, MD 53553",2025-03-21T14:26:20.838060
CUST_001795,Kelly-Ramirez,,BUSINESS,34-4240006,,zcrawford@example.com,491-634-8169x403,"64532 Griffith Heights, North Kevin, CT 02230",2025-03-27T14:26:20.838246
CUST_001796,Allen,Armstrong,PERSON,197-41-0703,1997-08-08,megan19@example.net,365.514.6905,"97900 Ellis Plain Apt. 410, South Michaelshire, MA 08223",2025-02-10T14:26:20.838420
CUST_001797,Diane,Rubio,PERSON,332-35-6102,1948-05-06,crowland@example.org,001-494-322-0859x5031,"959 Robin Cliff Suite 166, Marcusborough, MS 06539",2025-02-22T14:26:20.838594
CUST_001798,Gardner Inc,,BUSINESS,23-7005628,,nwang@example.org,+1-303-625-3836,"9216 Jones Village, Port Bryanport, MH 54033",2024-10-26T14:26:20.838748
CUST_001799,"Jimenez, Thompson and Wilson",,BUSINESS,99-8165129,,ayoung@example.org,753-884-5035,"PSC 3131, Box 2131, APO AP 24704",2026-06-02T14:26:20.838915
CUST_001800,Kyle,Scott,PERSON,683-49-6219,1988-02-12,mariarodriguez@example.org,001-362-615-3944x060,"205 Carlson Haven, Sarahstad, IN 81645",2026-03-16T14:26:20.839123
CUST_001801,Coleman Inc,,BUSINESS,74-6662526,,mendozazachary@example.org,+1-235-233-3694x17518,"5825 Green Street Apt. 868, Davisborough, MH 89603",2024-11-12T14:26:20.839313
CUST_001802,Matthew,Boyd,PERSON,625-01-5539,1941-01-07,bobbyrojas@example.org,329.548.5636x6673,"286 James Ports Suite 547, North Elizabethburgh, CO 38163",2025-03-19T14:26:20.839516
CUST_001803,Abbott LLC,,BUSINESS,55-6287423,,paulaperez@example.com,(872)782-8815,"40287 Torres Mountain Apt. 648, East Johnfort, NC 21271",2025-03-02T14:26:20.839705
CUST_001804,"Bradford, Bauer and Adams",,BUSINESS,57-7917972,,sarah35@example.org,(488)843-9393x9606,"91929 Harrison Square, Ramirezview, AS 47673",2024-12-07T14:26:20.839928
CUST_001805,Moran-Mckinney,,BUSINESS,51-5038654,,heathelizabeth@example.net,+1-386-486-5927x9948,"5482 Simpson Port Suite 911, Danielbury, MO 39494",2025-02-17T14:26:20.840148
CUST_001806,Kyle,Griffin,PERSON,165-75-1581,1948-10-29,michelle01@example.com,408.623.1961x725,"1804 Nguyen Course, New Michelle, PA 74611",2025-08-28T14:26:20.840323
CUST_001807,Wilson-Rodriguez,,BUSINESS,56-8590070,,worr@example.net,975-263-6518x3704,"1250 Hartman Ferry, Lake Stephanietown, IN 48752",2025-06-15T14:26:20.840514
CUST_001808,"Wilson, Allen and Townsend",,BUSINESS,10-1581546,,ndowns@example.net,919-462-4524x05589,"199 Rowe Knolls Apt. 292, Olsonton, HI 48339",2025-11-29T14:26:20.840750
CUST_001809,Crystal,Mcguire,PERSON,291-46-9181,1995-09-16,megan22@example.org,548-772-9129x89673,"0632 Brett Road, South Christopherstad, MI 63021",2025-04-04T14:26:20.840915
CUST_001810,Laura,Lopez,PERSON,610-48-1957,1967-06-08,wmartinez@example.net,(874)586-3747x03036,"USCGC Contreras, FPO AE 17209",2025-11-11T14:26:20.841068
CUST_001811,Paul,Dixon,PERSON,848-15-7478,1963-05-24,rebecca05@example.org,001-318-986-5852x28876,"0034 Aaron Landing Apt. 870, West Christopher, CO 77685",2025-11-13T14:26:20.841242
CUST_001812,Brianna,Powers,PERSON,710-73-7290,1958-04-03,kirkvanessa@example.net,306.344.0712x5346,"524 Kylie Mill Apt. 015, North Jermainetown, MH 67865",2026-02-09T14:26:20.841452
CUST_001813,"Shannon, Wheeler and Lee",,BUSINESS,12-5629792,,tatedana@example.com,+1-915-322-3450x8960,"PSC 3766, Box 7080, APO AA 01807",2025-02-27T14:26:20.841653
CUST_001814,Ronnie,Noble,PERSON,735-08-6878,1960-05-31,cody83@example.org,+1-240-614-4079,"3173 Michelle Meadows, West Rachelstad, GA 20828",2026-06-12T14:26:20.841817
CUST_001815,Kelly,Fletcher,PERSON,069-32-4269,1946-01-29,taylorjessica@example.net,(565)883-5273,"0694 Campos Pass Suite 709, North Christine, NM 74898",2025-06-02T14:26:20.842030
CUST_001816,"Lawrence, Rivera and Garcia",,BUSINESS,29-3322104,,brookeking@example.com,+1-694-293-0784x5784,"07714 Holloway Spur, Lake Yolandaberg, OH 55802",2025-12-19T14:26:20.842280
CUST_001817,Franco Inc,,BUSINESS,84-5191903,,seanconley@example.org,2813898137,"0844 Scott Walks Apt. 256, Andersonland, OK 89668",2026-01-21T14:26:20.842477
CUST_001818,Jones-Ibarra,,BUSINESS,48-2541912,,carrollmichael@example.net,+1-226-258-2165x51462,"641 Allen Mills Apt. 228, Markchester, WY 76451",2025-02-09T14:26:20.842693
CUST_001819,"Cohen, Miller and Campos",,BUSINESS,82-4647992,,michaelherrera@example.org,001-907-932-7619x9037,"25375 Jared Plains, Dannystad, TN 09417",2026-06-29T14:26:20.842932
CUST_001820,"Phillips, Hill and Beck",,BUSINESS,71-3900822,,bbaker@example.com,(439)379-8811,"6059 Mcclain Plain, Mcknightton, KS 19388",2025-05-05T14:26:20.843166
CUST_001821,Miguel,Schwartz,PERSON,480-53-9720,1989-05-29,pmendoza@example.org,(949)466-0702x873,"7121 Phelps Streets, Whitefurt, TX 51104",2025-01-15T14:26:20.843366
CUST_001822,"Mccoy, Barker and Woods",,BUSINESS,14-7401281,,gary90@example.net,726-585-4460x688,"Unit 1913 Box 3044, DPO AE 12946",2026-06-28T14:26:20.843520
CUST_001823,Timothy,Nguyen,PERSON,216-39-8717,1993-09-05,wking@example.net,3448624044,"USS Coleman, FPO AP 94374",2025-10-09T14:26:20.843688
CUST_001824,"Potter, Tate and Roberts",,BUSINESS,65-7988074,,tuckerbrian@example.org,479.204.7421,"58085 Watkins Avenue Apt. 891, Williamshaven, NY 02030",2026-05-16T14:26:20.843955
CUST_001825,Scott,Taylor,PERSON,154-08-7822,1963-02-12,nixonanna@example.net,772.826.9667x349,"Unit 1500 Box 8585, DPO AA 75909",2024-11-17T14:26:20.844112
CUST_001826,Carlos,Carter,PERSON,399-45-1107,1970-05-28,lfrench@example.org,927-319-5261,"96837 Nicole Cliff Suite 485, Stevenbury, IN 18074",2024-12-06T14:26:20.844292
CUST_001827,"Nguyen, Davis and Richards",,BUSINESS,16-6113416,,jclark@example.org,300.743.6256,"58187 Martin Haven, West Sandrafurt, CO 04134",2025-03-29T14:26:20.844512
CUST_001828,Mary,Johnson,PERSON,703-90-1067,1979-08-27,mcguirechristopher@example.net,329.686.5366,"187 Golden Forks, Turnerborough, MS 85193",2025-10-25T14:26:20.844723
CUST_001829,Charles,Morgan,PERSON,292-22-6344,2000-03-18,andersonbryan@example.net,(512)219-3387,"32897 Valentine Forks Suite 756, Dawntown, OH 77872",2025-10-17T14:26:20.844929
CUST_001830,Meredith,Wood,PERSON,033-62-2071,2006-07-26,chelsea40@example.org,764.494.1330x9845,"5494 Gary Junctions, West Christopherbury, WV 51886",2026-04-13T14:26:20.845091
CUST_001831,Jill,Hernandez,PERSON,323-68-7065,1998-12-21,jasonlopez@example.net,505.961.3111,"679 William Summit, East Judithstad, VA 83349",2024-10-27T14:26:20.845283
CUST_001832,Singh and Sons,,BUSINESS,67-9467953,,cervanteschase@example.net,001-509-583-0879,"89198 Short Brooks, North Michele, GU 67368",2026-06-16T14:26:20.845470
CUST_001833,Eric,Elliott,PERSON,673-85-8298,1983-12-13,adamsjames@example.com,+1-986-928-3588x0588,"076 Carroll Fall Suite 464, Ericborough, SD 45639",2025-07-01T14:26:20.845676
CUST_001834,"Moreno, Mercer and Griffith",,BUSINESS,60-3483236,,willie09@example.org,+1-270-329-0754x22489,"983 Lee Spring Apt. 596, Kathyfurt, MT 89254",2026-05-04T14:26:20.845888
CUST_001835,"Le, Rodriguez and Brown",,BUSINESS,20-8983516,,maryryan@example.com,945-236-7932x63345,"75966 Stephanie Highway, Donnafurt, MN 68583",2025-02-08T14:26:20.846118
CUST_001836,Elizabeth,Michael,PERSON,061-68-9939,1995-03-03,thomas07@example.org,(711)740-2235x9606,"95094 Lewis Brook, Amandaport, ND 86714",2025-03-04T14:26:20.846290
CUST_001837,"Reeves, Foster and Farmer",,BUSINESS,43-2427388,,simpsonmarcus@example.net,576-282-6369x00897,"077 Coleman Valleys Suite 334, New Jasminemouth, AR 42505",2025-08-04T14:26:20.846536
CUST_001838,Rogers-Johnson,,BUSINESS,99-3187332,,jamieochoa@example.com,317.727.4963,"26101 Mcgee Vista Suite 263, East Samantha, AZ 58819",2026-05-01T14:26:20.846749
CUST_001839,"Frye, Meyer and Mccarthy",,BUSINESS,81-4323709,,terry88@example.com,(920)454-2011x86682,"18814 Cochran Mill Suite 181, South Christopher, MI 98571",2025-05-05T14:26:20.846976
CUST_001840,Hampton Inc,,BUSINESS,93-4290000,,alicia88@example.org,863.543.9463x571,"3745 Rodriguez Village Suite 274, Larsonborough, DE 90684",2025-02-19T14:26:20.847133
CUST_001841,Debra,Greene,PERSON,027-57-1215,1949-06-02,rogerhunt@example.net,(915)954-2373,"1458 Miller Locks, Jamesbury, MN 74357",2026-01-11T14:26:20.847335
CUST_001842,Karen,Knapp,PERSON,034-52-3971,1949-05-22,whayes@example.com,784-900-4210x997,"96667 Lynn Port, South Sandra, TX 26018",2025-12-18T14:26:20.847506
CUST_001843,Little-Johnson,,BUSINESS,51-2503148,,mperkins@example.org,001-397-289-2079x833,"2408 Christopher Isle, Lake Tammy, MS 34678",2026-05-24T14:26:20.847682
CUST_001844,Olson-Golden,,BUSINESS,64-7128174,,robert32@example.org,+1-750-754-6788x4880,"00289 Jeffrey Union Apt. 714, Port Jean, ID 89131",2025-09-25T14:26:20.847861
CUST_001845,Wesley,Palmer,PERSON,808-16-4030,2002-08-13,lcline@example.net,992-588-4096x965,"75122 Todd Corner Suite 980, Patrickburgh, PW 24604",2025-10-23T14:26:20.848043
CUST_001846,Adams Ltd,,BUSINESS,86-1406123,,halldanielle@example.net,633-278-0068,"2938 Nguyen Canyon Suite 932, North Haleyhaven, DC 86755",2025-11-08T14:26:20.848223
CUST_001847,David,Stephenson,PERSON,274-88-9708,1948-12-13,burtonmegan@example.org,355.770.4193x64064,"222 Rodriguez Skyway, Lake Jessica, MN 08592",2025-09-23T14:26:20.848435
CUST_001848,Johnson and Sons,,BUSINESS,89-3446428,,jamesstevenson@example.net,001-713-299-2858x14273,"491 Charles Center, New Mackenzieshire, MA 29817",2025-06-22T14:26:20.848616
CUST_001849,Felicia,Maynard,PERSON,001-43-7855,1974-11-16,zoe28@example.org,935-819-4199x7981,"115 Pham Fords, Port Ryanmouth, AR 10771",2026-01-20T14:26:20.848791
CUST_001850,Elizabeth,Rodriguez,PERSON,002-39-9173,1976-03-12,russellelizabeth@example.com,(800)798-3273,"725 Brett Route, Nicholaschester, UT 96246",2024-10-15T14:26:20.848985
CUST_001851,Montgomery-Davis,,BUSINESS,29-2439727,,ewallace@example.org,794.540.1305x972,"9707 Allen Point, Delacruzhaven, NJ 72734",2026-05-24T14:26:20.849175
CUST_001852,Mary,Carey,PERSON,589-24-0996,1989-02-07,lorithomas@example.net,(740)240-2616x684,"225 Holmes Road Apt. 604, Mariaside, HI 93100",2026-01-11T14:26:20.849384
CUST_001853,Scott,Brown,PERSON,486-05-5596,1985-11-05,xturner@example.com,+1-617-729-1269x81533,"09269 Wagner Run Apt. 310, Port Sherri, NY 45176",2025-11-26T14:26:20.849576
CUST_001854,Grace,Williams,PERSON,372-52-4240,1963-09-12,hendrixjonathan@example.org,285-665-9519x74395,"Unit 4492 Box 0954, DPO AA 48376",2025-09-30T14:26:20.849732
CUST_001855,Joseph,Morrison,PERSON,187-97-8623,1955-01-16,drakepamela@example.net,994-642-2832x9958,"304 Colon Junctions Apt. 947, Mckinneyland, FM 57421",2025-11-08T14:26:20.849968
CUST_001856,Payne and Sons,,BUSINESS,70-1381650,,smithjennifer@example.com,001-592-351-2118x9462,"USCGC Good, FPO AA 48891",2025-10-12T14:26:20.850128
CUST_001857,Maria,Massey,PERSON,400-29-6980,1999-09-22,williamserin@example.net,235.990.1564,"6941 Huynh Stream Suite 359, Lake William, VA 89557",2025-03-15T14:26:20.850410
CUST_001858,Mary,Reyes,PERSON,153-48-7776,1999-11-18,isabel61@example.com,(766)757-6406x336,"1106 Stevens Loaf, New Nicole, HI 37292",2026-02-20T14:26:20.850607
CUST_001859,"Day, Hickman and Perez",,BUSINESS,80-9103837,,james92@example.net,915-562-8379x47741,"0107 Woods Trail, West Jasonmouth, AZ 27358",2024-12-18T14:26:20.850997
CUST_001860,Mark,Kelley,PERSON,708-13-7016,1986-06-10,samantha98@example.net,+1-706-918-4648x7608,"PSC 4603, Box 6324, APO AE 70933",2024-10-05T14:26:20.851130
CUST_001861,Kimberly,Sullivan,PERSON,148-64-1614,2002-12-22,christopherwalker@example.com,001-956-467-3906x0727,"PSC 3657, Box 6147, APO AP 57187",2025-08-27T14:26:20.851314
CUST_001862,Robert,Schwartz,PERSON,762-61-1937,1969-01-16,hursteric@example.org,001-323-949-4572x449,"1481 Beth Junctions, Huntland, OH 32516",2025-12-29T14:26:20.851672
CUST_001863,James,Little,PERSON,018-63-0206,1955-09-30,kaitlynbell@example.com,805.233.0851x9838,"249 Butler Ports Apt. 103, New Marieshire, NV 47487",2026-07-17T14:26:20.851928
CUST_001864,"Cruz, Peters and Rios",,BUSINESS,35-5551347,,fitzpatrickbrian@example.com,001-741-561-6613x06354,"04808 Leonard Shoal Suite 498, Wardview, WY 94979",2026-07-24T14:26:20.852302
CUST_001865,Jackson PLC,,BUSINESS,93-1139824,,walterjones@example.org,+1-699-627-9354,"7301 Anderson Club, Isabelmouth, SC 68345",2026-07-10T14:26:20.852529
CUST_001866,Greer LLC,,BUSINESS,94-5551832,,bcoleman@example.org,8515281637,"33856 Preston Track Suite 700, West Ericabury, KY 27273",2024-11-07T14:26:20.852850
CUST_001867,Carney Group,,BUSINESS,23-1320081,,chelseaharris@example.com,(921)634-3357x1205,"86068 Alyssa Mission, Port Elizabeth, NY 59358",2025-11-21T14:26:20.853131
CUST_001868,Thomas LLC,,BUSINESS,39-7387106,,richard53@example.org,+1-807-969-0700x96089,"593 Cox Shoal, Morachester, UT 88698",2025-04-14T14:26:20.853371
CUST_001869,Daniel,Valencia,PERSON,667-83-6975,1954-10-07,rsmith@example.org,5138231230,"473 Amy Loop Apt. 350, Lake Julie, DC 06252",2025-10-28T14:26:20.853599
CUST_001870,Thomas-Ball,,BUSINESS,86-9918107,,jessica04@example.org,685-511-6883x9211,"587 James Unions Suite 667, Randolphfurt, NC 17370",2026-06-18T14:26:20.853803
CUST_001871,Christina,Brown,PERSON,027-95-8000,1954-11-28,allenwilliam@example.com,246.643.8508x8257,"4283 Schultz Plains Suite 421, New Josephside, AZ 46158",2026-02-25T14:26:20.854054
CUST_001872,Parks-Gibson,,BUSINESS,81-1360516,,julie98@example.org,5185608075,"7600 White Canyon Apt. 965, Jillhaven, FM 82895",2026-08-07T14:26:20.854259
CUST_001873,Brenda,Howe,PERSON,648-26-3543,1993-11-26,melendezmichael@example.com,947.216.7804,"5292 Robertson Greens Apt. 480, Greenshire, HI 13177",2025-03-23T14:26:20.854491
CUST_001874,"Hunter, Harris and Hampton",,BUSINESS,52-9219709,,reedpamela@example.com,001-686-394-6184x16571,"1056 Lee Curve Suite 246, North Henry, WI 45081",2025-08-10T14:26:20.854743
CUST_001875,Rebecca,Navarro,PERSON,654-64-8894,1990-10-22,melanie57@example.net,(766)873-6032x1124,"9984 Norris Courts Suite 199, Huntburgh, NJ 97749",2026-08-29T14:26:20.854919
CUST_001876,David-Clarke,,BUSINESS,97-6904121,,dixonruth@example.com,205-696-0233,"72243 Leblanc Plains, North Ronaldstad, OK 51691",2025-09-18T14:26:20.855124
CUST_001877,"Mendez, Garner and Fritz",,BUSINESS,40-9409604,,gordonchad@example.com,+1-877-471-6315x93809,"611 Ashlee Point Apt. 440, South Danielle, GU 06457",2025-12-08T14:26:20.855365
CUST_001878,Elizabeth,Eaton,PERSON,231-43-9097,2001-09-29,ocampbell@example.org,(640)485-8420x495,"5675 Karen Lodge Suite 881, Taraborough, WV 78054",2024-12-15T14:26:20.855548
CUST_001879,Chambers Inc,,BUSINESS,59-1494355,,juliaharris@example.org,626.640.8194,"08427 Michael Prairie, New Stephanieland, MD 62958",2025-02-25T14:26:20.855706
CUST_001880,"Hunter, Montoya and Scott",,BUSINESS,38-3545240,,jennifer29@example.com,320-252-8700,"5212 Michael Drives Suite 437, Marshberg, VA 05489",2025-10-02T14:26:20.855920
CUST_001881,Barnes-Bell,,BUSINESS,94-3302852,,samantha67@example.org,770.970.1095,"88257 Watts Mount Apt. 171, Melissafurt, RI 14512",2026-06-19T14:26:20.856090
CUST_001882,"Brown, Ball and Wilkinson",,BUSINESS,76-4815608,,masontony@example.com,615.289.1862x39378,"95715 Hatfield Wells Apt. 100, West Rebeccaland, WY 75379",2025-07-16T14:26:20.856364
CUST_001883,Kari,Williams,PERSON,672-43-7100,1975-10-17,patrickjames@example.com,2864146391,"423 Flynn Parkways Apt. 762, North Jennifer, MH 36553",2025-02-07T14:26:20.856562
CUST_001884,Thomas,Key,PERSON,150-51-0295,1991-07-19,smckee@example.org,+1-626-469-2362x013,"876 Anthony Squares Suite 281, New Andrewville, OR 51701",2025-07-07T14:26:20.856743
CUST_001885,"Meyer, Rivera and Diaz",,BUSINESS,87-6524481,,leemichael@example.net,(463)674-7888,"878 Jennifer Forest, Port Travisborough, WV 17556",2025-06-14T14:26:20.856990
CUST_001886,Angela,Moore,PERSON,781-29-3000,1988-07-22,fflores@example.org,470.655.4405x47553,"Unit 3690 Box 7024, DPO AP 80986",2026-02-17T14:26:20.857124
CUST_001887,Stacy,Ramirez,PERSON,108-02-7697,1999-07-12,dcardenas@example.net,001-767-653-6004,"75373 Clark Locks Suite 372, Larryshire, NJ 95348",2025-01-30T14:26:20.857322
CUST_001888,Stephanie,Martin,PERSON,163-49-9693,1962-02-04,robertspam@example.org,(492)900-9125x85340,"PSC 8953, Box 8970, APO AA 87467",2026-04-28T14:26:20.857471
CUST_001889,Johnson-Harris,,BUSINESS,98-9787997,,kadams@example.com,782.563.7692x4610,"4794 Mark Union, Kristenmouth, OR 36310",2026-05-01T14:26:20.857660
CUST_001890,"Smith, Juarez and Sanchez",,BUSINESS,28-3651604,,robert27@example.org,(910)450-0917x1953,"7408 Wells Mills, Dianeland, WY 89699",2025-10-26T14:26:20.857893
CUST_001891,Jennifer,Cox,PERSON,880-38-5282,2004-12-07,fisherjason@example.org,001-998-628-8367x009,"287 Burns Court Suite 230, Petersonstad, MP 62545",2025-02-23T14:26:20.858125
CUST_001892,Maria,Russell,PERSON,667-13-6219,1962-03-30,craig30@example.org,001-993-422-0646x2066,"1941 Hunter Parkway, New Richard, VA 98927",2026-03-12T14:26:20.858301
CUST_001893,"Mcdaniel, Thompson and Collins",,BUSINESS,28-1494648,,marthacannon@example.org,315.912.2658,"7836 Tiffany Pines, East Jeffreymouth, UT 29361",2025-10-25T14:26:20.858549
CUST_001894,Wilkinson and Sons,,BUSINESS,62-6089336,,ewilliams@example.net,281-323-0738,"24365 Stephanie Court, North Anthonyview, MA 23893",2025-06-20T14:26:20.858708
CUST_001895,Swanson Ltd,,BUSINESS,29-4153002,,johnsonsamantha@example.org,397-315-8085,"Unit 1504 Box 1225, DPO AE 10437",2026-05-30T14:26:20.858828
CUST_001896,Daniel,Jackson,PERSON,516-59-5432,1944-10-15,randallpham@example.org,001-309-673-8079,"1910 Wood Hollow, West Patrickside, NY 16346",2026-03-11T14:26:20.859041
CUST_001897,Kristin,Stewart,PERSON,420-09-0691,1979-03-15,lauraphillips@example.net,459.612.7536,"PSC 7990, Box 5233, APO AP 87074",2024-12-29T14:26:20.859201
CUST_001898,"Parker, Morgan and Trujillo",,BUSINESS,87-4874049,,englishandrea@example.com,001-763-764-0585x8811,"0775 Simmons Meadows, South Charles, PR 93522",2025-01-14T14:26:20.859453
CUST_001899,Peter,Dougherty,PERSON,292-23-0541,1957-09-14,tclark@example.net,(238)268-2815x978,"69008 Sanchez Station Suite 550, Evanshaven, CT 34385",2026-01-23T14:26:20.859663
CUST_001900,Kevin,Torres,PERSON,782-76-4296,1959-10-19,ricardothompson@example.org,+1-651-398-1383x349,"99277 Chaney Motorway Apt. 358, Wilsonfurt, AK 08161",2025-09-14T14:26:20.859884
CUST_001901,Christopher,Garcia,PERSON,249-87-8071,1974-10-26,owenamber@example.net,+1-478-792-9309x077,"90625 Brenda Trail, Rickyfurt, TN 52252",2024-10-12T14:26:20.860075
CUST_001902,Cook Inc,,BUSINESS,27-9427608,,bblack@example.org,(952)288-9737x840,"024 Robert Springs, South Sethberg, ID 65825",2025-01-05T14:26:20.860215
CUST_001903,"Schultz, Juarez and Johnson",,BUSINESS,93-7273997,,murphyjeffrey@example.org,001-701-792-5186x47048,"37447 Melissa Lane, Brettfort, CT 42899",2026-03-12T14:26:20.860460
CUST_001904,"Zimmerman, Johnson and Washington",,BUSINESS,72-8949832,,patriciahernandez@example.net,(801)420-2152,"795 Edwards Mountain Apt. 869, Taylortown, AS 04056",2026-04-29T14:26:20.860718
CUST_001905,Ryan,Larson,PERSON,251-55-5616,2004-07-04,plang@example.net,001-249-323-1511,"35719 Brittany Flat, Colemanville, NJ 54175",2026-03-03T14:26:20.860909
CUST_001906,Michael,Madden,PERSON,088-68-8358,2000-12-24,lindaflowers@example.org,(317)912-5507x58493,"USNS Huff, FPO AA 35371",2026-08-14T14:26:20.861113
CUST_001907,Mueller and Sons,,BUSINESS,11-5527477,,sarah44@example.org,902-988-5599x108,"6357 Megan Village Apt. 868, East Bruce, NH 96255",2025-07-21T14:26:20.861255
CUST_001908,James,Gross,PERSON,403-43-4750,1956-07-30,garciadavid@example.com,+1-392-589-7224x976,"6013 Andrew Road Suite 245, North Samantha, PW 41661",2024-10-29T14:26:20.861458
CUST_001909,Karen,Rodriguez,PERSON,143-99-6399,1963-07-14,michellewilson@example.org,(484)366-6565x8404,"4973 Evans Mall, Cherryburgh, GU 10816",2026-02-19T14:26:20.861672
CUST_001910,Jacqueline,Evans,PERSON,566-94-7304,1970-02-16,charles57@example.net,+1-421-431-9139x68390,"2207 Kayla Row Apt. 350, East Richard, NC 98983",2026-03-19T14:26:20.861832
CUST_001911,"Mitchell, Franklin and Jacobs",,BUSINESS,88-9219877,,bcastro@example.com,644.873.2457x1955,"76041 Rachel Course Suite 717, South Tinashire, MP 38071",2024-10-12T14:26:20.862029
CUST_001912,Collins-Lucas,,BUSINESS,68-5140345,,brandilewis@example.org,470-204-2955x471,"68080 Conner Falls, Donaldfort, SC 57891",2025-07-06T14:26:20.862221
CUST_001913,Steele-Ponce,,BUSINESS,15-7381619,,davidhanson@example.net,+1-239-718-7599,"94824 Mckenzie Springs Apt. 188, Port Jesseview, MO 59723",2025-10-31T14:26:20.862415
CUST_001914,Park Group,,BUSINESS,88-9995261,,pottercarolyn@example.net,373-781-0637x072,"61634 Matthew Loaf, Cherylmouth, RI 03159",2025-03-28T14:26:20.862567
CUST_001915,Karina,Alvarez,PERSON,175-40-1004,1988-03-13,jonesmichael@example.org,393-757-8141x2770,"283 Brooke Drives Apt. 811, Ramirezton, AR 65478",2025-04-01T14:26:20.862756
CUST_001916,Johnathan,Molina,PERSON,396-22-8792,2002-01-19,jason37@example.com,4356672944,"26472 Darlene Forges, Julieburgh, SC 50147",2025-06-11T14:26:20.862905
CUST_001917,Mejia Ltd,,BUSINESS,15-5122525,,henryhernandez@example.com,361-375-8344x17309,"2412 Zavala Knolls, Woodberg, NY 91730",2025-04-03T14:26:20.863090
CUST_001918,"Perez, Johnson and Harvey",,BUSINESS,15-7499457,,ntate@example.net,7093293677,"4944 Quinn Divide Suite 372, Hartburgh, WY 30796",2025-04-06T14:26:20.863301
CUST_001919,James,Owen,PERSON,546-28-3323,1973-09-14,nathan73@example.com,+1-751-539-3116,"5696 Lozano Villages Suite 057, Port Mikaylaland, MN 82038",2026-03-06T14:26:20.863465
CUST_001920,"Miller, Fernandez and Odonnell",,BUSINESS,66-7678001,,jessefoster@example.net,+1-355-301-3584x1034,"PSC 7320, Box 2201, APO AA 30452",2025-11-09T14:26:20.863637
CUST_001921,"Murillo, Horn and Mccoy",,BUSINESS,69-3793181,,nixonrandy@example.com,+1-886-563-0709x9648,"PSC 9875, Box 6819, APO AE 82419",2025-07-11T14:26:20.863814
CUST_001922,"Juarez, Andrews and Nixon",,BUSINESS,88-1915141,,cordovadavid@example.net,493-883-5093x2753,"20130 Hood Tunnel Apt. 323, Mcintyreland, GU 13311",2024-10-10T14:26:20.864068
CUST_001923,Doris,Bennett,PERSON,317-88-1817,2007-05-29,christopher64@example.net,001-846-259-2396x59782,"47032 Robert Summit, Port Allisonside, ME 87021",2025-05-30T14:26:20.864238
CUST_001924,Durham Inc,,BUSINESS,21-9399643,,heatheradams@example.com,510.353.8889,"4282 Joan Crossing, Johnsonland, AK 87507",2026-05-24T14:26:20.864416
CUST_001925,Tara,Knox,PERSON,152-96-9154,1983-02-17,jenniferjackson@example.org,001-910-215-1060x9784,"097 Bass Lodge, Lambertbury, CT 04846",2025-01-25T14:26:20.864660
CUST_001926,Brent,Friedman,PERSON,343-26-1258,1981-04-18,donald36@example.com,001-532-571-4725x0762,"0944 Robertson Corner Suite 493, Smithland, MO 11211",2025-08-10T14:26:20.864862
CUST_001927,Espinoza-Wells,,BUSINESS,51-8564609,,bwalker@example.com,572.825.7584,"0138 Adam Port, Madisonside, NC 17082",2026-08-22T14:26:20.865049
CUST_001928,Glen,Chambers,PERSON,238-87-5517,1976-09-26,jasonjarvis@example.org,+1-523-242-2641x01442,"7760 Rodriguez Route Apt. 517, Johnburgh, DE 04175",2025-06-09T14:26:20.865271
CUST_001929,Amber,Young,PERSON,632-69-8388,2004-01-31,helenbradley@example.org,001-916-696-4668x026,"17661 Juan Unions Suite 859, Grayport, WY 56577",2025-06-08T14:26:20.865490
CUST_001930,Anne,Gillespie,PERSON,377-77-0658,1953-02-25,thomaseverett@example.net,669-948-2545x7634,"01376 Michael Way, Lake Joyce, NC 10637",2026-01-03T14:26:20.865695
CUST_001931,Washington Ltd,,BUSINESS,98-3751363,,gerald04@example.com,001-953-552-1705x7267,"03043 Brandon Turnpike, Fordtown, VA 04163",2026-05-13T14:26:20.865848
CUST_001932,Dana,Anderson,PERSON,092-47-3197,1952-12-25,bryan99@example.com,(350)762-7181x063,"6764 Taylor Ridge, Lake Mollychester, MD 08732",2026-05-23T14:26:20.866029
CUST_001933,Bailey-Anderson,,BUSINESS,91-7089179,,qflores@example.com,470.542.1415,"700 Ashley Junctions Suite 506, Port Matthew, NJ 52729",2026-06-21T14:26:20.866216
CUST_001934,Barnett PLC,,BUSINESS,75-3682671,,lopezpaige@example.com,+1-233-960-6203x7602,"3668 John Mews, Grahammouth, VT 79962",2025-08-25T14:26:20.866401
CUST_001935,Adams Group,,BUSINESS,15-3866974,,vjohnson@example.com,001-631-399-4934,"59028 Lynch Points Apt. 622, Matthewmouth, NV 40431",2025-10-08T14:26:20.866568
CUST_001936,Nicole,Rodriguez,PERSON,268-93-5650,2008-07-09,boydstephanie@example.org,(560)336-3409x16169,"63452 Joseph Forges, East Joy, MS 34285",2026-04-03T14:26:20.866773
CUST_001937,Joshua,Olsen,PERSON,803-66-1562,1968-04-07,robert15@example.org,+1-986-681-5915x6740,"906 Elizabeth Plains Apt. 257, South Anthonyhaven, VA 22216",2026-03-17T14:26:20.866947
CUST_001938,Stephanie,Baker,PERSON,564-75-7175,1945-04-06,awilliams@example.com,(996)850-0021x979,"48601 Peterson Cliff Apt. 466, West Robert, OR 45959",2025-07-14T14:26:20.867146
CUST_001939,Taylor LLC,,BUSINESS,49-8486970,,hendersonlaurie@example.org,902.761.4228x47469,"8194 Danielle Grove, Hallmouth, TX 72617",2025-11-25T14:26:20.867334
CUST_001940,Susan,Cardenas,PERSON,764-82-2197,2004-02-12,iblevins@example.net,271-741-1212,"93626 Christopher Forges Suite 946, South Williamhaven, GA 82274",2026-05-19T14:26:20.867519
CUST_001941,Matthew,Kline,PERSON,132-14-9660,1985-09-27,frank29@example.org,914-923-1154,"9988 Christian Wall, North Nicholas, AZ 41676",2026-02-21T14:26:20.867686
CUST_001942,Margaret,Aguilar,PERSON,893-40-4006,1992-03-20,rebeccahill@example.net,629-593-8788,"9148 Perry Harbors Apt. 730, New Garrettville, ND 74094",2024-12-18T14:26:20.867909
CUST_001943,Brown-Strickland,,BUSINESS,11-8694746,,dylanduncan@example.com,2119628016,"197 Garrett Row, South Travisland, NY 73449",2025-04-25T14:26:20.868149
CUST_001944,"Travis, Jordan and Knox",,BUSINESS,79-1096478,,dawn56@example.com,(434)900-2671x617,"995 Rich Springs, Lake Courtneychester, CT 10143",2025-01-02T14:26:20.868372
CUST_001945,"Russell, Holmes and Stephenson",,BUSINESS,40-4638539,,denisewilson@example.com,001-429-430-0449,"PSC 4689, Box 7616, APO AA 16840",2025-01-22T14:26:20.868565
CUST_001946,Nichols Group,,BUSINESS,68-7881198,,reeseclayton@example.org,001-720-773-7866,"95572 James Cliff Apt. 865, South Paulfort, TX 86898",2025-06-21T14:26:20.868756
CUST_001947,Stacey,Pineda,PERSON,670-84-3770,1984-10-27,laurajackson@example.net,001-206-235-9312x151,"99824 Davis Spur, North Aaronmouth, PW 68640",2025-01-09T14:26:20.868990
CUST_001948,Anthony,Marshall,PERSON,705-11-0929,2001-06-26,martinsharon@example.com,001-659-738-7959x638,"8196 Thompson Fields Apt. 037, South James, WI 89895",2026-01-09T14:26:20.869215
CUST_001949,Mendoza-Mullins,,BUSINESS,89-4483580,,holmesmark@example.net,+1-407-878-3368,"4557 Stafford Cliff Apt. 026, Friedmanmouth, ME 24443",2026-07-28T14:26:20.869490
CUST_001950,Thomas,Wallace,PERSON,073-35-8576,1981-03-12,thompsonnathan@example.org,+1-216-353-9794x474,"668 Frost Via Apt. 725, Markburgh, VI 69935",2026-04-18T14:26:20.869726
CUST_001951,Jaime,Burnett,PERSON,884-20-4496,1942-09-12,jacobcherry@example.net,001-312-729-4397,"Unit 1023 Box 9414, DPO AP 17596",2024-11-17T14:26:20.869876
CUST_001952,"Vaughn, Brown and Mcdowell",,BUSINESS,14-3438977,,billy77@example.net,391-292-8324x951,"702 Dean Cliffs Suite 993, Jenniferside, WI 59876",2026-08-14T14:26:20.870098
CUST_001953,Perry-Franklin,,BUSINESS,52-2471406,,ynelson@example.com,+1-930-272-1782x192,"8464 Amanda Gateway, Michaelmouth, MS 25506",2026-07-28T14:26:20.870331
CUST_001954,Erica,Diaz,PERSON,873-94-7521,1953-10-29,millerjason@example.com,001-392-558-6745x6443,"561 Robert Ferry, East Tiffany, VA 19543",2025-07-17T14:26:20.870538
CUST_001955,Cindy,Johnson,PERSON,299-56-0063,1998-11-04,paul74@example.org,924.280.1879x9971,"152 Hayes Coves Apt. 527, Jacquelinemouth, SC 96562",2026-04-04T14:26:20.870706
CUST_001956,Schmitt Group,,BUSINESS,88-3976601,,yorkmargaret@example.org,4403632236,"911 Jason Mountains Apt. 661, Ellisville, OR 58124",2025-06-07T14:26:20.870876
CUST_001957,"Blanchard, Reynolds and Mata",,BUSINESS,14-2562399,,ywarren@example.org,(267)214-1682x6597,"27121 Martinez River, Prestontown, PA 53336",2025-11-14T14:26:20.871098
CUST_001958,Ellis Inc,,BUSINESS,57-7357547,,qwells@example.net,+1-628-242-6786x178,"120 Rodriguez Street Suite 873, Smithview, KY 81583",2026-07-09T14:26:20.871256
CUST_001959,"York, Huff and Bryant",,BUSINESS,80-2089275,,velezhannah@example.net,+1-392-978-1259x8339,"8642 Leslie Common, Lake Linda, CA 01401",2025-11-21T14:26:20.871483
CUST_001960,"Dennis, Cummings and Rose",,BUSINESS,27-3047210,,timothystewart@example.net,(639)498-3767x326,"7301 Glass Viaduct Apt. 527, Johnton, NH 09991",2024-10-05T14:26:20.871713
CUST_001961,"Harmon, Adkins and Thomas",,BUSINESS,52-9842477,,qmorales@example.com,848.260.5641x31066,"94513 Pitts Avenue Apt. 148, South Angelaton, FM 56745",2025-07-20T14:26:20.871923
CUST_001962,Courtney,Glenn,PERSON,853-96-5972,1987-05-27,darlenemonroe@example.net,(562)437-5054,"USCGC Smith, FPO AE 63643",2024-10-04T14:26:20.872093
CUST_001963,Ann,Hurst,PERSON,719-24-4641,1999-01-07,hsantana@example.org,359.245.8702x307,"0067 Rodriguez Pine Suite 795, West Jessica, SC 70867",2024-12-29T14:26:20.872272
CUST_001964,Tyler,Nelson,PERSON,102-41-6059,2007-12-16,chaveztravis@example.com,849-663-9214x819,"043 Diaz Summit Suite 191, Williamsburgh, VT 18588",2026-05-28T14:26:20.872498
CUST_001965,Edward,Maldonado,PERSON,339-92-6914,1974-03-26,roberttaylor@example.org,817-381-4808x965,"119 Loretta Light, Christensenfort, KY 12323",2025-05-09T14:26:20.872701
CUST_001966,Meadows Ltd,,BUSINESS,64-6309796,,apatterson@example.net,244-671-8694x139,"628 Logan Squares, Cynthiaville, LA 24623",2025-12-25T14:26:20.872855
CUST_001967,Johnson-Robinson,,BUSINESS,26-9328158,,larsonjessica@example.net,625-395-3532,"6206 Myers Tunnel Apt. 902, Lauraland, CA 10612",2025-04-02T14:26:20.873073
CUST_001968,"Wilson, Anderson and Davis",,BUSINESS,73-4018342,,moorenicholas@example.org,954-827-7141x04528,"809 Jean Glen Suite 260, Jadeville, WA 97650",2024-12-31T14:26:20.873308
CUST_001969,Wayne,Wood,PERSON,301-94-6300,1959-07-08,delacruztodd@example.net,812-523-1448,"95548 Campos Port, Murphyburgh, PR 54496",2024-09-21T14:26:20.873525
CUST_001970,Baxter-Hines,,BUSINESS,34-1026523,,morrowmichael@example.org,444.532.9081x16096,"613 Davis Turnpike Apt. 003, Scottshire, TX 19941",2026-05-18T14:26:20.873745
CUST_001971,David,Hernandez,PERSON,010-80-6872,2003-11-08,sjohnson@example.net,975.871.5556x2394,"914 Bryant Underpass Suite 909, Davidside, MP 04294",2025-05-28T14:26:20.873929
CUST_001972,Brenda,Carlson,PERSON,792-08-5870,1966-04-15,loriprice@example.com,001-525-210-3153x08703,"6776 Spencer Point, Dennischester, LA 12267",2026-02-16T14:26:20.874142
CUST_001973,Romero PLC,,BUSINESS,62-1763232,,smithdiana@example.net,+1-267-522-4855x157,"171 Brian Shoal Suite 705, Lake Jeffrey, SD 40878",2025-10-10T14:26:20.874310
CUST_001974,"Davila, Sanchez and Freeman",,BUSINESS,81-4562439,,bbrooks@example.org,(685)339-9286x3693,"Unit 5256 Box 4165, DPO AE 57055",2026-09-05T14:26:20.874468
CUST_001975,Stacy,Phillips,PERSON,723-30-0423,1964-03-10,potterrichard@example.com,(514)582-6827x256,"241 Thomas Crest, Michaelborough, NE 64815",2024-10-10T14:26:20.874663
CUST_001976,Rodriguez Group,,BUSINESS,42-2138100,,sonya11@example.com,(919)226-9360,"1310 Crystal Port Suite 886, West Brooke, CT 18943",2025-11-05T14:26:20.874802
CUST_001977,Smith Group,,BUSINESS,74-6434540,,nicholas74@example.com,777.809.6422,"60312 Kimberly Common Suite 423, West Martinview, AR 32593",2026-09-10T14:26:20.874942
CUST_001978,Devin,Klein,PERSON,106-44-4176,1970-03-02,ericwood@example.org,(371)392-0744,"97832 Morris Pike Apt. 291, Hamiltonton, PR 35826",2024-10-14T14:26:20.875171
CUST_001979,"Smith, Watts and Miranda",,BUSINESS,53-7644605,,rojasangela@example.org,001-968-670-1721x5184,"05431 David Station, Evansburgh, IN 20887",2025-02-11T14:26:20.875415
CUST_001980,Scott,Phillips,PERSON,316-88-5882,2000-02-08,williamvillanueva@example.com,664.499.5232x5377,"1648 Allen Key Apt. 454, Taylorton, MD 45432",2026-03-21T14:26:20.875636
CUST_001981,Jeremy,Clements,PERSON,364-45-8872,1974-09-21,grossmegan@example.net,001-703-747-7449,"13083 Jill Common, North Melissa, WI 56440",2025-10-13T14:26:20.875828
CUST_001982,Orozco Ltd,,BUSINESS,96-9038102,,wbarnes@example.org,001-797-431-0298x33126,"07498 Jones Branch, Jonathanport, AZ 36411",2025-05-19T14:26:20.875988
CUST_001983,Krista,Brennan,PERSON,829-72-0870,1944-08-09,vortiz@example.net,+1-815-639-3622x3393,"9465 Alexis Hills Suite 073, West Steven, CO 54076",2024-11-24T14:26:20.876162
CUST_001984,Jack,Schneider,PERSON,699-08-7880,2001-11-19,robertanderson@example.org,420.799.6627,"12008 Williams Lakes Apt. 227, Lake Larry, MD 78190",2025-05-11T14:26:20.876368
CUST_001985,Christina,Khan,PERSON,507-66-5479,1975-01-21,dharris@example.com,986.576.7703,"2803 Ramos Crossing Suite 650, East Jamesmouth, NJ 69483",2024-12-13T14:26:20.876553
CUST_001986,Bernard and Sons,,BUSINESS,78-6622207,,terri97@example.org,+1-734-506-2629,"48777 Morgan Street Suite 188, South Zachary, VA 01189",2025-05-31T14:26:20.876701
CUST_001987,"Carpenter, Fox and Werner",,BUSINESS,17-9742158,,willisjames@example.org,596.344.8175x525,"2500 Brent Ports Suite 376, Lake Greghaven, NJ 07854",2025-11-14T14:26:20.876942
CUST_001988,Ali and Sons,,BUSINESS,81-9990666,,nicolewilson@example.net,683-563-0392x85867,"USCGC Johnson, FPO AP 90274",2026-08-28T14:26:20.877150
CUST_001989,Christine,Meyer,PERSON,248-51-2252,1990-09-29,randolphscott@example.com,2608947188,"31914 Annette Mission Apt. 074, Mcbrideside, VA 51495",2025-02-02T14:26:20.877372
CUST_001990,"Harris, Villegas and Phillips",,BUSINESS,55-2110870,,browntara@example.com,+1-912-877-9491,"988 Jeffrey Rapid Apt. 627, West Colleenport, SD 16093",2026-04-17T14:26:20.877626
CUST_001991,"Michael, Lara and Butler",,BUSINESS,13-6690033,,johnorr@example.net,+1-231-667-2900x37247,"30745 Thomas Rapid Apt. 035, Lake Andrew, MN 63176",2025-08-28T14:26:20.877892
CUST_001992,Deborah,Salas,PERSON,874-71-3219,1980-03-31,margaretmoore@example.org,001-603-807-8371x6429,"798 Megan Expressway Apt. 316, Port Jamesside, VT 80734",2025-02-09T14:26:20.878116
CUST_001993,"Lopez, Webster and Watson",,BUSINESS,33-2960327,,patriciamiller@example.org,802-315-3080x4027,"128 John Forges Suite 542, Port Jessica, TN 87028",2025-11-05T14:26:20.878348
CUST_001994,Adkins Ltd,,BUSINESS,14-5554970,,yblack@example.org,242-976-5657,"416 Michelle Centers, North Justin, CO 03492",2025-07-20T14:26:20.878483
CUST_001995,Nicholas,Martinez,PERSON,873-34-1135,2007-06-05,umullen@example.com,620.809.4124x45161,"92387 Linda Falls Apt. 236, Gonzalestown, PA 72755",2025-04-26T14:26:20.878656
CUST_001996,Ashley,Wood,PERSON,888-39-2402,1964-10-15,crawforddavid@example.net,588-212-1555x24899,"30161 Kyle Throughway Apt. 121, South David, OR 88380",2025-09-01T14:26:20.878841
CUST_001997,"Fowler, Coleman and Wilson",,BUSINESS,48-4626225,,jessicawaters@example.com,846.597.7803x4931,"483 Cox Inlet, New Matthewport, FM 64412",2025-03-28T14:26:20.879065
CUST_001998,Henry Inc,,BUSINESS,32-2882928,,matthew48@example.net,001-364-732-2469x631,"PSC 9960, Box 9932, APO AA 27004",2025-08-29T14:26:20.879142
CUST_001999,John,Williams,PERSON,154-56-2581,1942-01-14,william40@example.org,(521)573-8101x897,"7152 Hawkins Way, Saundersbury, RI 08416",2026-02-22T14:26:20.879316
CUST_002000,James,Fischer,PERSON,583-58-2889,1997-10-03,landrykim@example.net,(784)907-3431x908,"9867 Cohen Via Suite 015, Sandraberg, TN 82842",2025-06-19T14:26:20.879529
CUST_002001,Trevor,Oliver,PERSON,740-48-6132,1973-01-19,austinhodge@example.org,001-753-568-8908x9643,"18776 Horton Estates, Sandraview, VA 10598",2025-05-10T14:26:20.879720
CUST_002002,Patricia,Wood,PERSON,647-01-1765,1950-11-22,zhardy@example.com,666.620.6272,"967 Diaz Motorway, South Dustinshire, FL 47244",2026-03-06T14:26:20.879888
CUST_002003,Graham LLC,,BUSINESS,71-9785019,,marvin75@example.com,(681)212-0056x55530,"93872 Hodge Mountains Suite 933, Christineburgh, LA 22419",2025-11-03T14:26:20.880026
CUST_002004,Hansen LLC,,BUSINESS,28-2648387,,johnhernandez@example.net,3173106378,"395 Lee Road, Shellyfort, UT 90952",2025-04-06T14:26:20.880187
CUST_002005,Christian,Davenport,PERSON,292-08-3574,1992-04-01,karen58@example.net,504.591.9318x732,"96233 Nelson Spring Suite 938, East Tammy, IL 58927",2026-02-18T14:26:20.880369
CUST_002006,Erin,Tucker,PERSON,685-85-3765,1962-11-29,nguyenrebecca@example.org,+1-798-795-9814x880,"7464 Megan Wells Apt. 730, South Johnport, NH 05502",2025-06-03T14:26:20.880583
CUST_002007,Ballard-Mendoza,,BUSINESS,76-2943405,,mary80@example.com,+1-989-519-2944x76337,"0130 Veronica Meadows Apt. 491, Lake Trevorshire, NH 03298",2026-09-12T14:26:20.880752
CUST_002008,Gibson-Jacobson,,BUSINESS,15-2460891,,brobinson@example.net,7279136225,"032 Dennis Crescent, Port Heidi, NY 56411",2025-10-10T14:26:20.880926
CUST_002009,"Davidson, Reese and Peters",,BUSINESS,15-2729778,,egrimes@example.org,+1-641-795-7241x685,"698 Connie Keys, Lake Monica, AL 48166",2025-04-01T14:26:20.881143
CUST_002010,Carter LLC,,BUSINESS,12-6236888,,phyllisbowman@example.org,7818079934,"072 Gibson Hills, Meganbury, RI 49708",2024-12-01T14:26:20.881338
CUST_002011,David,Luna,PERSON,608-73-1282,1970-09-06,valdezrachel@example.com,852-527-3722,"PSC 8617, Box 1681, APO AE 99691",2025-10-23T14:26:20.881479
CUST_002012,Tracey,Flowers,PERSON,348-68-1700,1994-03-11,johnsonmichael@example.com,+1-550-735-7835x4211,"44400 Ellis Port Suite 984, North Nicole, GA 21825",2026-03-03T14:26:20.881697
CUST_002013,Page-Howell,,BUSINESS,45-9930106,,smithsteven@example.com,(850)765-3020x068,"04204 Earl Harbors, Lestertown, KS 21016",2025-10-25T14:26:20.881910
CUST_002014,"Hurley, Mcknight and Mason",,BUSINESS,95-2973853,,brandon13@example.com,924.750.8932x0085,"69446 Robinson Brooks, New Darren, FM 18150",2025-12-11T14:26:20.882126
CUST_002015,Anthony,Burns,PERSON,669-44-8514,1955-04-08,trevor78@example.com,(508)692-7997,"480 Baker Locks, North Sethton, CT 61592",2026-04-08T14:26:20.882303
CUST_002016,Bailey-Hayes,,BUSINESS,24-1255965,,antonio16@example.net,001-281-357-3664x096,"90819 Daniel Skyway, Scottmouth, RI 44050",2024-12-18T14:26:20.882480
CUST_002017,Kenneth,Farley,PERSON,039-72-8853,1978-07-17,nicole37@example.org,693-404-1808,"46208 Hall Plaza Suite 322, West Kathybury, WY 39372",2026-02-17T14:26:20.882656
CUST_002018,Hendrix Ltd,,BUSINESS,80-6343290,,gfisher@example.org,+1-752-738-1547x4329,"3835 Ryan Key Suite 139, South Danielleview, VI 33437",2025-12-13T14:26:20.882815
CUST_002019,John,Duncan,PERSON,583-17-0044,1953-05-05,sharimartinez@example.org,970.232.2888,"05206 Anthony Villages Suite 106, Wellsmouth, MA 25159",2024-09-25T14:26:20.883029
CUST_002020,Allen Group,,BUSINESS,83-5107483,,elizabethwashington@example.org,(542)817-8572x2804,"423 Katherine Run Suite 919, New Brianside, CT 62700",2026-03-25T14:26:20.883214
CUST_002021,Kevin,Murphy,PERSON,135-92-7365,1993-03-19,tylersmith@example.org,310-823-3628x641,"7038 Erica Cliffs, Lake Donna, NE 86470",2025-11-02T14:26:20.883418
CUST_002022,Perkins-Trujillo,,BUSINESS,79-8443172,,cjoseph@example.org,(788)797-2931x90101,"4487 Nicole Point Apt. 717, Timothytown, WY 62655",2026-07-27T14:26:20.883599
CUST_002023,Cheyenne,Sanchez,PERSON,539-48-3324,1956-09-02,jwright@example.org,8575620726,"521 Thomas Forges Suite 639, Shellyside, NM 37456",2026-08-18T14:26:20.883788
CUST_002024,Anderson and Sons,,BUSINESS,96-1846511,,brenda93@example.com,(569)226-3444,"4589 Smith Ranch, Lake Shawn, WY 22662",2026-05-31T14:26:20.883935
CUST_002025,"Price, Porter and May",,BUSINESS,16-2444846,,ipowell@example.org,734.757.1071x7806,"4722 Chase Loop, Kristyton, FL 02166",2025-07-07T14:26:20.884153
CUST_002026,Foster-Mayo,,BUSINESS,32-8479891,,wrosario@example.com,(581)834-3447x762,"3786 Hunter Avenue Suite 597, Ayalafort, PR 95065",2024-12-24T14:26:20.884345
CUST_002027,"Montes, King and King",,BUSINESS,49-6575607,,robyn06@example.net,+1-425-919-1155x652,"362 Maldonado Branch, Ryanfort, PW 80270",2026-02-26T14:26:20.884559
CUST_002028,Jeffery,Gonzalez,PERSON,243-75-5566,1994-04-09,hernandezstacy@example.net,(726)331-4135x0397,"01190 Snyder Oval, Port Robert, MD 23425",2025-05-28T14:26:20.884773
CUST_002029,Erica,Gibson,PERSON,788-83-5081,2003-10-12,hperry@example.com,784-497-3840x08110,"76678 Miles Courts Suite 645, East Zachary, NH 30260",2026-06-13T14:26:20.884967
CUST_002030,Martinez Group,,BUSINESS,22-8643434,,samuel03@example.org,8776735339,"27579 Gregory Terrace Apt. 099, West Frank, MN 09916",2025-11-03T14:26:20.885114
CUST_002031,Smith PLC,,BUSINESS,70-4887183,,wbenitez@example.com,267-900-4758x7012,"16386 Austin Branch Apt. 015, West Karen, TX 83694",2026-01-30T14:26:20.885268
CUST_002032,Devin,Buchanan,PERSON,570-03-0743,1995-07-23,ricky08@example.net,(938)641-9628x41944,"579 John Shore, Port Amyshire, MD 63529",2024-12-24T14:26:20.885438
CUST_002033,Padilla-Beasley,,BUSINESS,56-7577959,,james93@example.org,462-941-9517x86318,"8796 Miles Mountain Suite 688, Lake Sherrimouth, WA 90686",2026-03-13T14:26:20.885671
CUST_002034,"Hopkins, Russell and Bailey",,BUSINESS,51-8604827,,pinedamelissa@example.org,001-348-378-6480x105,"641 Eric Valleys, West Amandamouth, OR 42849",2025-05-05T14:26:20.885925
CUST_002035,Cynthia,Ingram,PERSON,536-03-8732,1955-11-25,nicholasthompson@example.com,882.476.0670,"179 Monica Courts, New Stephanieside, VT 08515",2026-07-12T14:26:20.886165
CUST_002036,"Hogan, Buck and Warner",,BUSINESS,24-6896198,,nwong@example.org,001-923-523-6736x5401,"02722 Preston Cliff, Phillipsville, RI 78375",2025-05-14T14:26:20.886396
CUST_002037,Bolton PLC,,BUSINESS,31-5735492,,donnasanchez@example.com,4955863546,"2429 Levine Lane Apt. 907, Davidfurt, NE 27196",2025-09-25T14:26:20.886566
CUST_002038,Jason,Mcintosh,PERSON,640-11-2858,1950-10-13,smithmadison@example.net,306.409.3141x7336,"81894 Bright Harbors, Bellland, UT 89840",2025-04-14T14:26:20.886768
CUST_002039,Natalie,Moore,PERSON,792-68-5593,1978-11-06,bhernandez@example.com,513.622.3709x031,"USNV Carter, FPO AE 79619",2025-07-28T14:26:20.886910
CUST_002040,Alejandro,Miller,PERSON,693-30-3631,1980-01-09,ann32@example.net,(850)690-1281x84893,"00679 Denise Flats, Rickyton, MS 82801",2025-10-18T14:26:20.887083
CUST_002041,Lauren,Cruz,PERSON,406-09-2372,1948-05-05,eskinner@example.org,(572)834-0688x77275,"073 Lucas Crossroad Apt. 808, North Ray, PW 79812",2025-11-11T14:26:20.887258
CUST_002042,"Taylor, Rich and Patton",,BUSINESS,61-7936404,,xray@example.net,001-753-442-0566x8073,"5298 Nicholas Run Apt. 361, Port Allenview, SC 57495",2026-01-15T14:26:20.887490
CUST_002043,Sheila,Huynh,PERSON,846-94-5445,1948-02-15,davisanne@example.net,900-798-7264x62716,"9354 Mike Parks, East Beth, KS 24757",2025-03-04T14:26:20.887706
CUST_002044,Johnathan,Ford,PERSON,290-20-5331,1977-06-27,weberbianca@example.com,+1-574-365-1984x656,"28889 Lambert Ports, Grantport, CT 91462",2025-05-11T14:26:20.888100
CUST_002045,Martinez-Hubbard,,BUSINESS,18-6716235,,dennis82@example.net,7824314302,"890 Martin Mall, New Timothyburgh, FM 41911",2026-02-15T14:26:20.888311
CUST_002046,Green Group,,BUSINESS,65-6741177,,willisstephanie@example.net,350.861.6131x21788,"6987 Avila Dam Apt. 338, Kevinport, MO 09468",2025-03-08T14:26:20.888505
CUST_002047,Christopher,Bradley,PERSON,777-41-4947,1981-02-04,sandra71@example.net,570-849-4415,"Unit 4518 Box 3132, DPO AE 90290",2026-03-23T14:26:20.888613
CUST_002048,Alisha,Lyons,PERSON,823-61-0651,1961-03-24,melendezphillip@example.org,7073260768,"064 Whitney Center Suite 844, Dakotaberg, NY 22958",2024-09-18T14:26:20.888818
CUST_002049,Harrington-Taylor,,BUSINESS,24-8766314,,laura89@example.net,516-464-9724,"4859 Karen Forges Apt. 759, East Jonathan, WY 72858",2025-10-18T14:26:20.888978
CUST_002050,Jacob,Mcpherson,PERSON,562-69-1449,1974-11-09,sandersjohnny@example.net,256.989.2924x768,"975 James Islands Suite 636, Riosberg, CT 28952",2025-06-18T14:26:20.889206
CUST_002051,Gina,Velasquez,PERSON,444-19-4672,1996-07-17,savannah72@example.com,(945)757-6999,"933 Raymond Ways Apt. 996, North Larryview, NM 15350",2025-11-05T14:26:20.889379
CUST_002052,Ashley-Singh,,BUSINESS,18-2824432,,esimpson@example.net,945-695-9614x097,"26405 Tamara Dale Apt. 227, Matthewsfort, ID 91695",2024-10-15T14:26:20.889597
CUST_002053,"Brown, Floyd and White",,BUSINESS,51-9292896,,rramirez@example.org,(561)669-1749,"79180 Edwards Greens, Williamschester, MP 99560",2024-11-25T14:26:20.889851
CUST_002054,Angelica,Washington,PERSON,243-92-0075,1983-03-24,bdelgado@example.com,001-963-336-4097x6282,"PSC 2882, Box 6310, APO AP 74987",2026-06-16T14:26:20.889981
CUST_002055,Richard,Payne,PERSON,177-48-4912,1943-11-16,qcarrillo@example.net,516.382.0432x81277,"2789 Lopez Plains Suite 242, Baileyland, KY 03779",2026-04-27T14:26:20.890188
CUST_002056,Heather,Murphy,PERSON,059-93-5432,1977-11-03,jason64@example.com,6592488753,"84568 Douglas Ville, Lake Reginaland, MP 05140",2026-04-19T14:26:20.890358
CUST_002057,Amy,Thomas,PERSON,850-70-1962,1979-02-28,lewisjonathan@example.net,675.793.3678x3588,"867 Jason Spring, Port Jesse, UT 14211",2025-06-10T14:26:20.890558
CUST_002058,"Luna, Salazar and Lamb",,BUSINESS,59-8502096,,zfrank@example.net,475-483-3566x388,"9777 Young Place, Tiffanyshire, WY 66786",2026-02-28T14:26:20.890788
CUST_002059,Lawrence,Brown,PERSON,851-57-0639,1983-12-26,ryandavis@example.org,001-446-336-3201x5461,"228 Rhodes Field, Lake Brittanyville, MP 84460",2024-10-19T14:26:20.891001
CUST_002060,"Ray, Scott and Andrews",,BUSINESS,48-6109503,,deannamccall@example.net,311-285-8020x23152,"24920 Andrea Via Suite 359, Bowerstown, WI 81818",2025-06-28T14:26:20.891258
CUST_002061,"Brown, Flores and Thomas",,BUSINESS,21-1136218,,aprilgarcia@example.net,284-856-3245x40536,"4098 Sutton Court, Warnerburgh, SC 74699",2024-12-29T14:26:20.891523
CUST_002062,Anderson-Hernandez,,BUSINESS,26-5935599,,jeremyrhodes@example.net,(271)984-4617x32743,"4001 Marshall Skyway Suite 699, Jamesshire, MS 03578",2026-07-15T14:26:20.891741
CUST_002063,Yu-Thomas,,BUSINESS,80-1891328,,piercejohn@example.com,(552)305-6224x7180,"371 Rachel Stravenue Suite 826, New Richardton, FM 03929",2026-09-16T14:26:20.891969
CUST_002064,"Gibson, Brown and Holt",,BUSINESS,24-5734685,,jrogers@example.org,378-506-6774,"3684 Molly Manors, East Samuel, OH 77356",2026-08-16T14:26:20.892180
CUST_002065,Cody,Young,PERSON,349-77-7136,1965-06-14,stevenpierce@example.net,284-414-7623,"94618 Ford Orchard Apt. 641, West Samanthaton, KS 87266",2025-07-01T14:26:20.892390
CUST_002066,"Johnston, Miller and Willis",,BUSINESS,90-6337290,,rubengonzalez@example.org,(380)529-7980,"09673 Hughes Key Apt. 965, South Lisa, NH 03797",2024-09-18T14:26:20.892628
CUST_002067,Salas Ltd,,BUSINESS,61-7401599,,timothyoliver@example.net,743-583-9750,"60146 Hull Keys, North Susanside, TX 74027",2025-06-28T14:26:20.892805
CUST_002068,Zachary,Orozco,PERSON,189-63-0860,1957-02-01,kennethwagner@example.org,960.843.7455,"408 Ashley Curve, Riverahaven, WY 36424",2024-11-07T14:26:20.893011
CUST_002069,Jenna,Moon,PERSON,501-57-6044,1981-01-09,kmunoz@example.com,+1-501-592-4675x95796,"351 Johnson Plaza, Blankenshipchester, MD 07429",2025-05-18T14:26:20.893213
CUST_002070,Allison,Maddox,PERSON,479-07-3340,1995-04-07,nfoster@example.com,(542)681-6945,"72447 Wolf Turnpike Suite 920, West Pamelahaven, FL 80704",2026-03-08T14:26:20.893409
CUST_002071,Gonzalez Group,,BUSINESS,56-8000050,,michaelarmstrong@example.net,+1-768-765-0660x116,"1150 Mario Land Apt. 800, Rosstown, MI 55996",2026-04-12T14:26:20.893601
CUST_002072,"Murillo, Webb and Barrett",,BUSINESS,95-3106365,,daniellelopez@example.com,5085438006,"69109 Bates Mission, Port Nancy, OK 13548",2026-05-02T14:26:20.893864
CUST_002073,Lisa,Gonzalez,PERSON,007-89-1805,1970-02-02,barnesbobby@example.com,921.353.5700x9358,"00555 Denise Coves, Bendershire, AL 07967",2026-07-05T14:26:20.894083
CUST_002074,Denise,Arias,PERSON,604-78-4318,1950-07-16,michaelbeck@example.org,+1-734-592-3212x4302,"61322 English Street, West Lynnfort, SD 35057",2026-04-22T14:26:20.894301
CUST_002075,Crawford-Pena,,BUSINESS,94-8327199,,alexanderchen@example.net,810-978-0876,"34335 Hunt Forges Suite 011, East Jamesfurt, VI 11446",2026-04-30T14:26:20.894558
CUST_002076,James,Lewis,PERSON,723-42-0394,1969-05-18,brian35@example.org,863-478-4573,"34260 Scott Freeway, East Richard, RI 80306",2026-04-29T14:26:20.894738
CUST_002077,Hahn Group,,BUSINESS,68-8142130,,danamarshall@example.org,(394)200-9751,"409 Bell Mountain, Crystalview, MH 97535",2024-12-17T14:26:20.894921
CUST_002078,Michael,Compton,PERSON,537-85-1499,1992-04-19,cbrown@example.org,(592)684-4221,"13300 Keith Expressway, Nicholasborough, AK 99074",2025-06-08T14:26:20.895097
CUST_002079,Carlson Ltd,,BUSINESS,80-8550515,,perkinsmonica@example.com,+1-820-520-7520x0255,"62314 Alison Haven Suite 373, West Jeremystad, RI 55517",2025-08-19T14:26:20.895263
CUST_002080,Acevedo Group,,BUSINESS,38-4117056,,alexisfitzgerald@example.com,(332)552-7397x6748,"USS Hill, FPO AE 30778",2025-07-09T14:26:20.895401
CUST_002081,Teresa,Cox,PERSON,403-79-5081,1944-12-20,john40@example.org,798.587.8429,"718 Barron Terrace, New Olivia, AL 70868",2025-02-02T14:26:20.895560
CUST_002082,"Burton, Hines and Hodge",,BUSINESS,40-9417612,,robert38@example.org,(385)821-2004,"155 Green Neck Apt. 321, Smithstad, VA 05858",2025-12-15T14:26:20.895766
CUST_002083,"Estrada, Harrington and Pierce",,BUSINESS,79-7156735,,fred35@example.net,702-816-9806x813,"24462 Cook Loop Apt. 577, Port Lisa, IN 44804",2026-08-13T14:26:20.895965
CUST_002084,Donna,Rosales,PERSON,492-17-7560,1959-10-16,stanley92@example.com,5597944617,"8447 Robert Square, Parkerland, TX 21063",2025-02-12T14:26:20.896124
CUST_002085,Johnson-Reid,,BUSINESS,57-2898583,,drangel@example.org,001-871-210-6480x2325,"8489 Hughes Village, Joseland, HI 36848",2025-01-30T14:26:20.896305
CUST_002086,"Thompson, Thomas and Jenkins",,BUSINESS,98-2343236,,colemanchristine@example.org,+1-821-872-9521,"96756 Jenkins Land, Gailside, MO 29880",2026-04-24T14:26:20.896554
CUST_002087,Hawkins-Colon,,BUSINESS,69-9672974,,matthew71@example.org,001-989-972-4818x70633,"67326 Jimmy Circles Suite 936, Brandonfurt, DC 06521",2026-06-28T14:26:20.896713
CUST_002088,Holly,Soto,PERSON,181-87-8825,1951-03-24,olsoncrystal@example.net,396-624-1324x59123,"2158 Matthew Walk, Susanmouth, WA 90306",2026-01-08T14:26:20.896906
CUST_002089,King LLC,,BUSINESS,90-2309997,,amberhernandez@example.org,2865992051,"9492 Justin Haven, New John, MP 18255",2024-10-16T14:26:20.897071
CUST_002090,Brown-Smith,,BUSINESS,88-1885405,,pholland@example.org,597-464-2369x170,"41779 Kathryn Summit, Lake Danielton, AZ 48360",2025-09-30T14:26:20.897266
CUST_002091,Francisco,Edwards,PERSON,637-51-0219,1982-12-15,moorethomas@example.org,320.798.4027x0943,"971 Joyce Via, Griffithstad, MH 86020",2025-05-24T14:26:20.897479
CUST_002092,Neal-Davis,,BUSINESS,75-8872413,,jallen@example.net,(746)550-4569x6062,"9281 Oconnell Valleys Apt. 363, Kaylaborough, DE 30966",2025-02-06T14:26:20.897677
CUST_002093,Herring Inc,,BUSINESS,63-6920923,,gloriaburns@example.org,(345)247-8399x04979,"79916 Teresa Isle, East Christinafurt, NV 07362",2025-11-19T14:26:20.897855
CUST_002094,Scott-Bradford,,BUSINESS,31-1592675,,katherinemiles@example.com,676.414.0692x6005,"7408 Rodriguez Inlet, Kennethland, IA 69583",2024-10-05T14:26:20.898077
CUST_002095,"Roberson, Stewart and Banks",,BUSINESS,82-5369510,,kimberlybell@example.org,(237)633-8061x7799,"100 Lewis Alley, Sherrystad, AK 60999",2026-07-16T14:26:20.898325
CUST_002096,Martinez-Smith,,BUSINESS,84-3836678,,xavier87@example.org,+1-269-307-3382x10920,"68509 Ford Fields, Lake Paul, KS 51738",2025-02-07T14:26:20.898505
CUST_002097,Carolyn,Fuller,PERSON,432-82-1851,1941-08-30,ojohnson@example.net,001-922-438-2235x3755,"9250 Stacy Walk, Hernandezchester, RI 53117",2024-11-13T14:26:20.898690
CUST_002098,Glenn-Carey,,BUSINESS,89-1457985,,fcrawford@example.net,001-478-287-1308x48397,"PSC 6632, Box 9568, APO AP 71389",2025-11-27T14:26:20.898819
CUST_002099,Gomez-Collins,,BUSINESS,20-3127708,,richardbond@example.net,3616975003,"88015 Chad Avenue Apt. 583, Ellenport, UT 71519",2025-04-17T14:26:20.899022
CUST_002100,Manuel,Mcclain,PERSON,301-24-5414,1963-01-15,hillsabrina@example.org,001-978-343-7601x8325,"Unit 6953 Box 5246, DPO AP 25423",2025-12-06T14:26:20.899167
CUST_002101,"Patterson, Green and Baldwin",,BUSINESS,26-5713926,,ashley90@example.com,001-501-493-9589x8184,"7434 Leslie Knoll Apt. 228, Blakemouth, FL 77082",2025-12-09T14:26:20.899382
CUST_002102,"Walker, Rojas and Mosley",,BUSINESS,11-2871488,,dakotawilliams@example.org,+1-568-752-1007,"25704 Yates Corner, Williamberg, KY 99533",2025-01-06T14:26:20.899631
CUST_002103,Jason,Holden,PERSON,188-44-5313,1975-01-02,nicole57@example.org,+1-439-874-2608x550,"914 Megan Island Apt. 959, Richardville, NH 21686",2025-01-19T14:26:20.899810
CUST_002104,Stacy,Ruiz,PERSON,254-56-7962,1982-10-03,thomasprice@example.org,352-377-3748,"789 Michael Ports Apt. 844, New Andrewburgh, MA 42641",2024-11-11T14:26:20.900021
CUST_002105,"Bryant, Hernandez and Camacho",,BUSINESS,57-3942713,,theresamercer@example.org,(720)537-3540,"16478 Beck Viaduct Suite 093, South Cesar, ND 50375",2025-12-23T14:26:20.900272
CUST_002106,Michael,Mccall,PERSON,073-03-2141,1988-12-29,likeith@example.com,781-293-2206x152,"7987 Smith Hills, Bowmanton, AL 52980",2025-05-08T14:26:20.900489
CUST_002107,Isaac,Morris,PERSON,859-06-1245,2004-06-10,ecook@example.com,+1-948-290-9239x36044,"6057 Huang Crossroad, Harrisside, IA 09754",2025-03-25T14:26:20.900690
CUST_002108,Jessica,Moore,PERSON,867-42-9710,1974-12-14,donaldvelasquez@example.net,001-398-870-1624x445,"37034 Marcia Skyway Suite 978, Jeffreymouth, VT 06317",2025-09-30T14:26:20.900892
CUST_002109,Lauren,Taylor,PERSON,641-59-4774,1957-03-03,sharonklein@example.org,001-216-854-5948,"79586 Shane Knoll Apt. 933, Port Stephanie, FL 07081",2026-04-21T14:26:20.901098
CUST_002110,Lisa,Townsend,PERSON,191-19-0219,1962-07-22,matthew28@example.org,549.478.5752,"38211 Thompson Track, Lauraton, TX 17304",2025-04-27T14:26:20.901279
CUST_002111,Mcguire-Flores,,BUSINESS,59-4992095,,brandonelliott@example.net,001-996-929-4264,"45621 Howard Dale, Mosleyberg, PR 14925",2024-11-09T14:26:20.901506
CUST_002112,Hudson-Garcia,,BUSINESS,91-3806547,,katherine59@example.com,790-645-4906,"292 Brown Ridges Suite 661, Port Allisonmouth, VI 08036",2026-02-13T14:26:20.901692
CUST_002113,Gonzales PLC,,BUSINESS,16-5435820,,smithchristopher@example.org,(703)415-5677,"59244 Booker Knoll Apt. 765, Stephenhaven, OK 13273",2026-05-21T14:26:20.901880
CUST_002114,Lauren,Mcguire,PERSON,639-31-8772,1980-06-25,rraymond@example.net,442-358-0742,"3600 Kevin Ferry, East John, WV 82201",2026-03-29T14:26:20.902058
CUST_002115,Blake and Sons,,BUSINESS,61-8989846,,bakercraig@example.net,395.638.4307,"035 Debra Ranch, Lake Jaredbury, CT 32891",2025-11-12T14:26:20.902283
CUST_002116,"Lee, James and Johnson",,BUSINESS,78-4920186,,heidi20@example.net,731.415.6762x386,"61803 Tiffany Skyway, New Samuel, OR 36480",2025-08-24T14:26:20.902506
CUST_002117,Sanders Ltd,,BUSINESS,70-5406118,,adrian54@example.com,(351)356-9832x299,"191 Harrison Burgs, New Meganhaven, HI 64395",2026-04-21T14:26:20.902657
CUST_002118,Lucas-Kramer,,BUSINESS,11-5845129,,zgarza@example.com,358.776.6121x77444,"4375 Kelly Place Apt. 328, New Tabithaville, HI 81233",2025-06-14T14:26:20.902849
CUST_002119,"Diaz, Shaw and Contreras",,BUSINESS,96-6296376,,seth35@example.org,(740)471-4913x1046,"456 Morris Underpass, North Cynthia, OK 07861",2025-03-23T14:26:20.903043
CUST_002120,John,Cervantes,PERSON,433-41-1626,1951-02-14,shannon99@example.org,(433)470-0951x1391,"58425 Christopher Plains Suite 422, North Ann, NY 28792",2026-06-09T14:26:20.903200
CUST_002121,Dougherty and Sons,,BUSINESS,65-5573311,,cindybell@example.org,740.697.1814,"74818 Lopez Neck Suite 297, Robertshaven, KS 86385",2025-10-08T14:26:20.903379
CUST_002122,Pierce-Martinez,,BUSINESS,44-2648810,,richardfreeman@example.net,001-358-869-2742x90039,"111 Tracy Hills, West Jenniferfort, ND 86463",2025-12-29T14:26:20.903563
CUST_002123,"Kaiser, Harrison and Alvarez",,BUSINESS,69-5056679,,brooksdavid@example.net,302.807.3970x163,"107 Rodriguez Locks Suite 674, Lake Richardton, MO 35429",2024-10-28T14:26:20.903792
CUST_002124,Amy,Russo,PERSON,697-96-8579,1977-07-01,kristie44@example.net,(645)704-9886,"451 Robert Fall Suite 667, North Matthew, HI 41921",2025-04-02T14:26:20.903954
CUST_002125,Davis-Owens,,BUSINESS,96-4018500,,reneedavis@example.org,(781)886-8506x3458,"1045 Wagner Villages Apt. 634, Port Kevin, IL 47629",2025-10-31T14:26:20.904154
CUST_002126,Christina,Moreno,PERSON,533-82-7775,1941-07-01,riveramichael@example.org,(227)625-8618x2114,"Unit 8742 Box 6154, DPO AA 15810",2024-10-28T14:26:20.904286
CUST_002127,Laurie,Jones,PERSON,747-49-2057,1972-10-27,pmccoy@example.net,(700)461-1936,"8023 Cynthia Knolls Apt. 358, Erinchester, IA 73706",2026-07-09T14:26:20.904446
CUST_002128,Jason,Wade,PERSON,529-40-6411,1944-12-13,brandy16@example.net,+1-681-955-5613x960,"042 Sparks Islands, Philliphaven, OR 76674",2025-07-22T14:26:20.904602
CUST_002129,Jason,Sanchez,PERSON,819-44-7813,1946-12-30,tpayne@example.com,984.999.4084,"Unit 7972 Box 8092, DPO AA 60405",2025-03-28T14:26:20.904715
CUST_002130,Julie,Jones,PERSON,001-04-4669,1994-09-13,brian79@example.net,773-461-8857,"16420 Daniel Path Apt. 829, Johnathanside, SD 42264",2024-10-15T14:26:20.904874
CUST_002131,Miller Inc,,BUSINESS,54-4681195,,danieldrake@example.com,001-646-433-3817,"017 Johnson Lane Apt. 533, Brownville, PA 83572",2025-11-30T14:26:20.905064
CUST_002132,Gray PLC,,BUSINESS,34-1571126,,enavarro@example.com,+1-436-346-2969x0545,"7125 Smith Union, Perryton, NY 86654",2026-08-23T14:26:20.905226
CUST_002133,John,Doyle,PERSON,449-32-5404,2002-02-08,vwilliams@example.com,001-674-607-6856,"5933 Patel Parkway, Bradleyport, MT 72136",2026-07-20T14:26:20.905413
CUST_002134,Bruce,Martinez,PERSON,016-86-7263,1969-05-27,ecox@example.net,001-675-395-9627x4233,"PSC 2834, Box 3703, APO AA 45148",2025-01-11T14:26:20.905541
CUST_002135,Jacob,Dillon,PERSON,829-54-8400,1966-03-04,jeremy91@example.com,+1-891-839-4689x3327,"USS Bennett, FPO AE 82104",2024-09-21T14:26:20.905678
CUST_002136,Wayne,Mills,PERSON,806-16-7513,1951-01-09,matthewthompson@example.com,348.215.3246x0639,"2060 Chelsey Road Suite 007, Barbaraborough, MA 01361",2026-06-20T14:26:20.905870
CUST_002137,Richard,Dyer,PERSON,465-24-3357,2001-08-28,anthonybell@example.org,348.265.7968,"24017 Erika Points, West Chloemouth, WV 91766",2025-08-28T14:26:20.906062
CUST_002138,Kyle,Crosby,PERSON,147-34-6687,1973-12-06,gravesmichelle@example.com,7439781411,"0634 Nathan Valley, East Benjaminstad, NH 24899",2026-05-26T14:26:20.906269
CUST_002139,Jesse,Brooks,PERSON,192-58-9261,1948-06-20,jeremyfuentes@example.com,316.629.9681x7548,"335 Elizabeth Island, Williamsborough, TN 83575",2025-12-31T14:26:20.906472
CUST_002140,Turner Group,,BUSINESS,69-2270273,,samantha87@example.net,(271)585-5137,"780 Hunter Wells Suite 178, Ferrellfort, RI 85634",2024-12-01T14:26:20.906634
CUST_002141,Gilbert and Sons,,BUSINESS,45-8163592,,kcarlson@example.com,001-299-657-2020x3521,"46813 John Forest, Gonzalezport, OK 18282",2024-10-08T14:26:20.906793
CUST_002142,Sparks Ltd,,BUSINESS,42-3717339,,julielawson@example.com,001-210-341-7628x5103,"403 Molina Shoals, Andersonville, NC 73351",2026-07-03T14:26:20.906985
CUST_002143,Kim Inc,,BUSINESS,17-7422301,,john89@example.org,248-821-9912,"1850 Elizabeth Mall Suite 415, New Cheyennefort, WA 43770",2025-08-15T14:26:20.907124
CUST_002144,Rose-Miller,,BUSINESS,17-5332524,,johnnyjones@example.org,(493)414-9392,"47262 Hood Cove Apt. 916, Patriciaburgh, NV 88841",2025-12-19T14:26:20.907339
CUST_002145,Patricia,Davila,PERSON,878-96-3264,1941-01-30,rmiles@example.com,6362480025,"676 Shah Overpass Apt. 775, East Belinda, DC 27131",2025-06-22T14:26:20.907526
CUST_002146,Daisy,Nguyen,PERSON,341-56-4796,1958-04-16,brenda00@example.org,001-459-503-8240x3092,"4456 Gonzalez Ramp, South Ronaldmouth, OH 07457",2025-05-01T14:26:20.907700
CUST_002147,Sarah,Mitchell,PERSON,627-35-0310,2003-07-03,tmassey@example.com,(551)657-1792x30028,"445 Fischer Wells, South Kyleburgh, GU 81497",2024-12-31T14:26:20.907883
CUST_002148,"Robertson, Wiggins and Smith",,BUSINESS,32-9255351,,rfaulkner@example.com,200-501-0568x977,"USCGC Guerra, FPO AP 49866",2026-05-28T14:26:20.908075
CUST_002149,Kevin,Taylor,PERSON,686-20-1885,1996-09-14,hgreer@example.net,(686)797-9793,"7223 Leslie Trail, Johnsonmouth, OR 37952",2025-03-12T14:26:20.908259
CUST_002150,"Jones, Bryant and Moreno",,BUSINESS,37-2782574,,johnsonjulie@example.com,275-212-4573x7984,"328 York Trace, South Staceyshire, PR 50884",2025-06-21T14:26:20.908505
CUST_002151,"Jones, Rose and Sawyer",,BUSINESS,23-1584868,,lauraalvarado@example.org,(509)415-5732x222,"75426 Gary Ridges, East Josephborough, ME 72896",2026-07-04T14:26:20.908740
CUST_002152,Jacob,Oliver,PERSON,776-05-6852,1946-01-21,kayla67@example.org,985.973.0239x484,"3390 David Summit Suite 018, Port Eric, KS 01960",2025-02-08T14:26:20.908906
CUST_002153,Hester Group,,BUSINESS,67-1314820,,danielle74@example.org,418-381-5765x150,"9821 Wilson Corner Suite 638, Davistown, OH 46384",2025-04-25T14:26:20.909066
CUST_002154,Kevin,Smith,PERSON,815-29-1010,1953-12-14,jeffrey55@example.net,+1-653-497-2056x006,"59739 Ford Causeway, Prattland, AZ 51508",2024-11-17T14:26:20.909251
CUST_002155,Jasmin,Johnson,PERSON,103-96-1400,1988-07-13,walkerfrancis@example.net,(535)843-3745,"0267 Khan Walk Apt. 163, West Leon, PW 50668",2026-08-09T14:26:20.909460
CUST_002156,Jackson and Sons,,BUSINESS,44-3543551,,sthomas@example.net,339-260-9960x793,"0710 Robert Views, Jamesmouth, OK 92994",2024-09-30T14:26:20.909610
CUST_002157,"Patel, Simon and Brown",,BUSINESS,60-1062138,,dawn32@example.org,001-292-383-5342x495,"800 Baker Pine, Martinezmouth, NV 86750",2025-04-07T14:26:20.909836
CUST_002158,Bauer-Perkins,,BUSINESS,71-8315833,,josephfletcher@example.net,(249)328-9638x9996,"9930 Luke Mission Suite 424, Kurtside, HI 71296",2025-07-30T14:26:20.910041
CUST_002159,Christopher,Robertson,PERSON,197-20-5527,1965-06-06,nicholasgibbs@example.net,+1-817-282-7297x213,"22963 Robert Vista Apt. 124, West Tiffanytown, WA 89386",2025-03-12T14:26:20.910243
CUST_002160,Jason,Pollard,PERSON,100-62-6844,1940-12-26,fwilson@example.com,893.886.4047x0420,"863 Hale Spur Suite 301, East Paul, ME 15949",2026-09-13T14:26:20.910431
CUST_002161,Sanchez-Morris,,BUSINESS,98-9087731,,davidruiz@example.org,+1-450-498-2216x2593,"074 Alyssa Greens Apt. 623, West Deborah, DC 67330",2026-05-15T14:26:20.910639
CUST_002162,Hill-Mcmillan,,BUSINESS,52-6080612,,taylordaniel@example.org,322.376.0392,"Unit 6580 Box 6438, DPO AA 43973",2025-08-02T14:26:20.910790
CUST_002163,Joy,Taylor,PERSON,596-65-6952,1968-02-25,melissablack@example.org,983-909-7690x46350,"859 Michelle Mount, Johnstad, PA 88200",2024-12-08T14:26:20.911046
CUST_002164,Heather,Walsh,PERSON,584-41-3998,2008-07-12,reneenewman@example.net,+1-233-450-6984x4338,"1278 Maria Lock Suite 448, Veronicachester, AS 63781",2025-09-07T14:26:20.911258
CUST_002165,"Norris, Bennett and Harper",,BUSINESS,20-8711468,,gcurry@example.com,001-851-527-0118x360,"55456 Garcia Groves Apt. 423, Jonesport, MD 03313",2025-11-24T14:26:20.911525
CUST_002166,Cathy,Martinez,PERSON,654-84-9094,1952-04-12,kelsey14@example.net,6106119050,"4580 Austin Street, Gravesmouth, MI 13746",2026-03-20T14:26:20.911693
CUST_002167,Beth,Casey,PERSON,409-25-4780,1988-12-01,lucas58@example.org,276-782-5845x9722,"0026 Craig Mews, Ellisfort, NE 97636",2025-08-19T14:26:20.911862
CUST_002168,David,Thompson,PERSON,136-75-7635,1968-01-12,wgriffin@example.com,+1-479-743-1936x67116,"93862 Amanda Route, Lake Judy, TX 61702",2025-11-14T14:26:20.912023
CUST_002169,Obrien-Wright,,BUSINESS,23-7027401,,ewalters@example.com,331-558-6207,"7854 Scott Green Suite 393, Christopherburgh, IL 53976",2025-05-06T14:26:20.912199
CUST_002170,Kevin,Russell,PERSON,186-83-8900,1962-10-04,dberry@example.net,(206)547-4055,"60557 Joshua Neck, Barnettberg, IN 63365",2024-12-08T14:26:20.912368
CUST_002171,"Garner, Peters and Zimmerman",,BUSINESS,34-3347853,,tracy85@example.com,629-965-3999x095,"1686 Campbell Harbors Suite 151, Smithside, AL 33885",2026-08-11T14:26:20.912587
CUST_002172,Justin,Harris,PERSON,755-69-3737,1999-05-28,smithrobert@example.com,2769034530,"52742 Vanessa Plain Apt. 330, Johnhaven, AR 16198",2026-08-22T14:26:20.912785
CUST_002173,Karen,Glenn,PERSON,554-63-5764,1993-02-12,gdudley@example.org,001-660-402-6745x8618,"48878 Paige Burgs Apt. 825, Port Karen, MI 42176",2025-05-04T14:26:20.912956
CUST_002174,Moore LLC,,BUSINESS,18-6162867,,lisamitchell@example.net,8303251571,"7239 Kathleen Heights Suite 185, South Chadland, IL 66420",2025-04-23T14:26:20.913114
CUST_002175,Combs Ltd,,BUSINESS,12-1621473,,carl63@example.com,276-858-4885x4762,"Unit 3486 Box 7370, DPO AP 24752",2025-10-04T14:26:20.913192
CUST_002176,Daniel,Carlson,PERSON,402-16-7840,1996-12-15,dillonfisher@example.net,772-225-5145,"990 Alejandro Coves, East Nicholasshire, TX 05676",2025-10-06T14:26:20.913372
CUST_002177,Alexander,Livingston,PERSON,105-78-9545,1942-10-05,ashleynelson@example.net,940.339.0607,"PSC 7297, Box 0345, APO AE 89126",2025-07-28T14:26:20.913503
CUST_002178,Nathan,Bautista,PERSON,784-81-8256,1990-11-14,jacksonjohnny@example.com,+1-594-239-7422x57798,"45382 John Course, Lake Nicole, CA 78312",2026-02-12T14:26:20.913689
CUST_002179,Dunn Group,,BUSINESS,96-3499027,,derrickowens@example.org,356.611.9436,"2978 John Junction Apt. 184, Morganfurt, PA 06047",2025-01-31T14:26:20.913847
CUST_002180,Kent,Fox,PERSON,344-51-3266,2005-03-16,bgarcia@example.net,+1-680-217-7108x6965,"23564 Kent Bypass, Chavezview, PR 19282",2026-07-05T14:26:20.914033
CUST_002181,Christopher,Esparza,PERSON,326-40-4014,1963-03-20,leecraig@example.org,001-249-979-9229x108,"859 Erika Extensions Apt. 176, Yatesbury, ND 31412",2026-04-25T14:26:20.914249
CUST_002182,Henry-Decker,,BUSINESS,93-1319824,,rhernandez@example.com,761-250-1860,"907 Jones Vista, Lake Susanview, AK 90311",2025-05-22T14:26:20.914436
CUST_002183,Steven,Hayes,PERSON,237-39-7616,1942-02-09,randalllee@example.com,+1-564-562-2507x47621,"301 Hunter Glens Suite 071, West Timothy, DE 14048",2026-01-11T14:26:20.914664
CUST_002184,Stephen,King,PERSON,878-89-0411,2000-02-07,gregory75@example.net,(373)411-0176x6027,"Unit 1540 Box 9856, DPO AP 11373",2026-09-02T14:26:20.914783
CUST_002185,Adam,Lawrence,PERSON,207-39-9167,1948-12-31,sanchezlarry@example.com,893.717.4221,"Unit 8115 Box 7913, DPO AA 88931",2024-12-08T14:26:20.914923
CUST_002186,Scott,Irwin,PERSON,670-77-5598,1957-07-09,ilawson@example.org,(339)568-2481x7297,"825 Amber Union Apt. 421, East Codyside, VI 96377",2025-11-06T14:26:20.915111
CUST_002187,Isaac,Warren,PERSON,803-22-9622,1947-02-20,lance70@example.net,+1-654-633-2125x95432,"07810 Cummings Burgs, Jessicaton, WA 71358",2025-06-06T14:26:20.915286
CUST_002188,Hailey,Miller,PERSON,644-60-2633,1957-04-22,richardsanchez@example.org,001-907-638-5153x4356,"094 Davis Harbor Suite 563, Peterston, DE 68697",2025-01-19T14:26:20.915506
CUST_002189,Todd,Davis,PERSON,334-12-3720,1995-11-20,smithjacob@example.org,001-561-829-9262,"7977 Dunlap Curve, South Alyssa, NY 41964",2026-05-31T14:26:20.915711
CUST_002190,Benjamin,Sloan,PERSON,724-04-5040,1972-01-18,eric03@example.org,001-450-612-3290x011,"58221 Michelle Terrace Suite 110, Lake Cassandrashire, MA 06962",2025-04-25T14:26:20.915883
CUST_002191,Paul,Pham,PERSON,616-91-3712,1963-12-19,pagemichelle@example.org,+1-414-352-8606,"7074 Thompson Hill Suite 989, Rossbury, OK 16341",2026-07-14T14:26:20.916107
CUST_002192,Nicholas,Williams,PERSON,405-73-4735,1946-04-26,jnguyen@example.com,7156295063,"8530 Torres Loaf Suite 598, New Shelleyfurt, IA 18322",2025-07-07T14:26:20.916299
CUST_002193,"Turner, Cortez and Baird",,BUSINESS,96-7744585,,alan85@example.org,727-448-1626,"PSC 0566, Box 0599, APO AP 96411",2025-10-19T14:26:20.916458
CUST_002194,Joan,Thomas,PERSON,660-09-9442,1972-02-15,richard63@example.net,325.569.0287x61976,"20874 Gregory Place, Port Robert, SD 95441",2024-10-16T14:26:20.916633
CUST_002195,Andrew,Doyle,PERSON,256-09-0345,1976-11-20,jhawkins@example.org,884-222-0865x20774,"78116 Gabrielle Mill Apt. 732, Nathanfort, WV 61015",2025-10-22T14:26:20.916810
CUST_002196,Brittany,Alvarez,PERSON,570-33-0012,1976-03-23,karenwhite@example.com,798-927-2606,"996 Thomas Fall, Danmouth, NY 96029",2026-08-01T14:26:20.917019
CUST_002197,Loretta,Hunter,PERSON,045-34-2761,1976-07-14,mdixon@example.org,398-967-2419x54157,"672 Michael Meadow Suite 551, Ryanstad, PA 77529",2025-10-08T14:26:20.917200
CUST_002198,William,Brown,PERSON,205-08-9744,2003-08-05,jeremy18@example.net,615.530.5865,"7191 Mitchell Lakes, New Michelechester, RI 61617",2026-05-16T14:26:20.917372
CUST_002199,"Murphy, Jenkins and Barnett",,BUSINESS,28-7965133,,xgarcia@example.com,+1-552-640-9758x6139,"PSC 4950, Box 0441, APO AP 47423",2026-03-28T14:26:20.917533
CUST_002200,"Brown, Stevenson and Patterson",,BUSINESS,80-3768343,,alanjimenez@example.net,001-898-743-6348x615,"340 Spencer Rapids Apt. 841, South Allen, NC 62187",2025-06-24T14:26:20.917787
CUST_002201,Anthony,Lin,PERSON,195-07-1433,1959-09-23,hunterrenee@example.net,9608682179,"0574 Aaron Bypass Apt. 800, North Allisonberg, MT 01019",2025-01-29T14:26:20.917994
CUST_002202,Hannah,Lopez,PERSON,121-16-9885,1941-03-30,jwall@example.com,8908904232,"6450 Schroeder Squares Suite 942, Melanieberg, DC 02512",2026-05-03T14:26:20.918187
CUST_002203,Garrett,Benjamin,PERSON,640-83-5354,1993-12-20,kennedyrobert@example.com,+1-735-993-2561x83701,"4166 Dave Squares Suite 984, Timothyland, NE 84458",2024-12-08T14:26:20.918393
CUST_002204,"Armstrong, Walker and Stuart",,BUSINESS,30-1262233,,snydermarc@example.net,(368)614-1550,"04017 Danielle Mount Suite 911, New Connie, UT 10685",2025-05-06T14:26:20.918651
CUST_002205,Jeremy,Gill,PERSON,535-67-3444,1982-03-30,seth16@example.org,761-599-5942,"3709 Moore Village, Howardshire, OR 42973",2026-09-10T14:26:20.918835
CUST_002206,Denise,Ramirez,PERSON,282-01-8999,2008-03-04,anita28@example.org,954-996-3083,"88338 Sanchez Viaduct Apt. 026, New Amy, MT 38225",2026-03-17T14:26:20.919016
CUST_002207,Brittany,Richardson,PERSON,265-76-7953,1941-07-16,michelle45@example.org,+1-982-223-4091,"4382 Crawford Drive Apt. 759, Bennettton, NH 75884",2024-09-23T14:26:20.919235
CUST_002208,"Farmer, Williams and Kelly",,BUSINESS,63-8986164,,danielkim@example.org,001-993-438-6345,"628 Curry Parkway, Patriciashire, ND 10192",2024-10-08T14:26:20.919483
CUST_002209,Daniel,Bowman,PERSON,864-48-7980,1965-04-06,iwalker@example.com,+1-380-750-7451,"87100 Katherine Alley Apt. 352, Nguyenville, NH 83761",2026-02-17T14:26:20.919674
CUST_002210,Gerald,Long,PERSON,132-36-5012,1994-12-18,shumphrey@example.net,760.402.9845,"6172 Johnson Point, East Williefort, WI 16906",2024-11-30T14:26:20.919861
CUST_002211,Washington and Sons,,BUSINESS,76-8556779,,richardhamilton@example.com,(588)444-8794x93173,"48072 Mitchell Isle Suite 693, New Tammy, WA 35314",2025-07-22T14:26:20.920043
CUST_002212,Stephanie,Sanchez,PERSON,785-38-2243,1999-11-26,sanfordmark@example.org,509-705-0834x5037,"692 Terry Spur, South Carlos, MN 11463",2026-03-22T14:26:20.920245
CUST_002213,Michael,Scott,PERSON,536-70-2228,2000-11-25,sarahhunter@example.org,4215361399,"874 Murphy Walks, East Tanner, SD 90530",2025-01-14T14:26:20.920448
CUST_002214,Donna,Hanna,PERSON,858-58-8753,1969-03-14,doughertysarah@example.com,442-507-0771x3599,"PSC 1289, Box 9851, APO AE 67095",2025-04-23T14:26:20.920589
CUST_002215,Jodi,Moss,PERSON,894-01-5689,1958-12-29,wendyrich@example.net,(862)857-4894,"5505 Edwards Circles Suite 342, Joshuaberg, SC 42300",2024-12-13T14:26:20.920808
CUST_002216,"Smith, Nichols and Harmon",,BUSINESS,54-8026061,,millerkirk@example.net,475-404-6534x254,"326 George Neck, Kimtown, GU 42795",2026-09-12T14:26:20.921044
CUST_002217,Stephen,Coleman,PERSON,844-82-9086,1971-04-15,sarahblake@example.org,2189897611,"28665 Michael Squares, New Marilynshire, GU 72540",2026-03-04T14:26:20.921235
CUST_002218,Michael,Bradford,PERSON,476-80-1750,1985-06-11,christophermeyer@example.net,+1-223-585-5151,"PSC 6673, Box 0880, APO AA 71668",2025-03-23T14:26:20.921382
CUST_002219,Elizabeth,Rice,PERSON,177-94-7938,1993-03-02,melindahorton@example.com,3013115663,"557 Michelle Spur Apt. 812, Andrewport, NM 53701",2024-12-22T14:26:20.921575
CUST_002220,Aguilar-Sanders,,BUSINESS,79-9515120,,ryan59@example.org,5142529717,"38750 Charles Alley, Kleinville, NJ 30082",2026-02-04T14:26:20.921749
CUST_002221,Park-Ortega,,BUSINESS,90-4491484,,emartinez@example.com,721.566.4016x259,"USNV Adams, FPO AP 98979",2025-12-07T14:26:20.921905
CUST_002222,Thomas,Ferguson,PERSON,766-87-0509,1974-11-03,troyflores@example.com,(216)489-8375x01481,"4657 Jones Roads, West Tiffanyfort, HI 25344",2026-03-02T14:26:20.922118
CUST_002223,Felicia,Porter,PERSON,354-40-3217,2002-02-06,thomas80@example.org,526-907-4869x93588,"9166 Duncan Common Suite 445, Port Kristinburgh, VT 26183",2026-04-17T14:26:20.922293
CUST_002224,Hernandez Ltd,,BUSINESS,73-3958222,,farmermadeline@example.com,425-989-1596x545,"USCGC Miles, FPO AE 34334",2026-04-06T14:26:20.922445
CUST_002225,Danny,Romero,PERSON,601-26-9982,1987-12-19,josephwarren@example.com,9482900606,"2408 Anita Village Apt. 009, South Jeffery, NC 42713",2026-07-23T14:26:20.922640
CUST_002226,Grant PLC,,BUSINESS,46-4516332,,meghansnyder@example.org,001-967-521-8257x157,"3639 Ryan Light Apt. 361, Johnchester, ND 22238",2025-06-28T14:26:20.922833
CUST_002227,Lara PLC,,BUSINESS,52-8602555,,tanyajenkins@example.org,001-557-217-8300,"4158 Kelley Spur Suite 482, Stewartside, WA 27870",2026-08-03T14:26:20.923035
CUST_002228,Rose,Vega,PERSON,774-13-8949,2001-01-04,emilysmith@example.net,(815)373-2083,"228 Lawrence Mountains Apt. 110, North Molly, NC 15154",2026-07-25T14:26:20.923240
CUST_002229,Richard,Brown,PERSON,256-55-2828,1978-08-04,timothy01@example.com,+1-896-571-9652,"66980 Dillon Spring, Cortezborough, OK 98171",2026-04-08T14:26:20.923419
CUST_002230,Jessica,Cunningham,PERSON,417-56-6297,1952-10-22,rayjames@example.com,928-539-1756,"82204 Barrett Spurs Apt. 019, West Barbara, AK 59016",2025-05-08T14:26:20.923627
CUST_002231,Joshua,Hicks,PERSON,544-23-4560,1947-06-11,daniellerobinson@example.com,420.971.9014x734,"89580 Diane Lake, South Maryside, WY 78254",2026-07-06T14:26:20.923824
CUST_002232,William,Anderson,PERSON,020-53-8789,2005-01-12,rsanchez@example.org,+1-489-241-5235x9820,"651 Jones Greens Suite 723, Jasonchester, MO 82512",2025-06-18T14:26:20.924012
CUST_002233,Campbell-Howell,,BUSINESS,63-4334495,,cynthia50@example.org,450.946.8015,"0960 Benjamin Views Suite 856, Port Sabrina, UT 82043",2024-10-23T14:26:20.924182
CUST_002234,"Perry, Hall and Lucero",,BUSINESS,39-2847722,,briannamccarty@example.net,457-563-4339x971,"1937 Brewer Circle, Wilsonhaven, MP 62916",2025-10-18T14:26:20.924443
CUST_002235,Molly,Luna,PERSON,657-11-8994,1972-05-18,jenkinspatrick@example.net,001-434-610-5567,"2078 White Mountain Apt. 713, Anthonyfurt, AS 40533",2026-06-08T14:26:20.924673
CUST_002236,Angela,Barnes,PERSON,452-96-1843,1958-08-22,robertrandolph@example.net,961.275.9088,"1882 Michelle Lock, East Karenbury, IA 34853",2025-07-21T14:26:20.924883
CUST_002237,Kelly,Jefferson,PERSON,792-15-0019,1952-05-21,jonesanna@example.org,(809)522-8937x09972,"00232 Martin Divide, Alanfurt, MP 18582",2025-08-28T14:26:20.925091
CUST_002238,David,Davis,PERSON,311-96-8651,1968-04-04,moraleslauren@example.net,+1-888-224-7690x29027,"0820 Kim Trafficway Suite 927, Port Erin, NM 21632",2026-07-03T14:26:20.925295
CUST_002239,"Kemp, Lewis and Fox",,BUSINESS,84-9127012,,oroberts@example.com,601-526-8490x856,"5931 Vanessa Path, Port Kayla, FM 23684",2026-07-23T14:26:20.925511
CUST_002240,Franklin-Myers,,BUSINESS,28-4626649,,teresa45@example.com,848.854.1323,"USS Butler, FPO AA 24380",2024-12-31T14:26:20.925656
CUST_002241,Johnson Ltd,,BUSINESS,32-7498324,,harpersteven@example.net,001-234-794-5204x5242,"88907 Ramsey Gateway Apt. 876, Lake Kylie, GU 80417",2025-08-30T14:26:20.925840
CUST_002242,Matthew,Love,PERSON,025-22-2254,1941-04-22,nataliekane@example.com,+1-786-995-1270,"3038 Tonya Circle, North Ellenborough, OR 02054",2025-06-05T14:26:20.926038
CUST_002243,Mckenzie,Rodriguez,PERSON,573-07-0829,1979-04-17,lorimercado@example.org,001-403-888-7815x14178,"62429 Nielsen Lakes, Sabrinahaven, NJ 06974",2024-12-08T14:26:20.926248
CUST_002244,"Mendoza, Perkins and Stewart",,BUSINESS,44-4392535,,erik20@example.com,+1-932-783-7158,"24246 Brown Oval Apt. 948, Erictown, MP 81102",2025-10-08T14:26:20.926463
CUST_002245,Andrew,Rodriguez,PERSON,299-29-1605,2005-08-06,hamiltonbruce@example.com,001-706-270-4302x4193,"4233 Porter Club, Davidside, WV 16624",2026-08-15T14:26:20.926669
CUST_002246,Karen,Pineda,PERSON,257-23-8884,1984-02-28,coxdominique@example.com,001-739-990-5379x9915,"8418 Rodney Stream Apt. 613, Thomasbury, SC 38769",2025-12-03T14:26:20.926877
CUST_002247,Elizabeth,Johnston,PERSON,475-86-3263,1988-06-22,annette29@example.com,240-255-4632x1827,"268 Davis Canyon Suite 476, Lake Tracyfort, PA 67177",2026-05-26T14:26:20.927061
CUST_002248,"Waller, Hart and Cohen",,BUSINESS,68-8016631,,abigailjimenez@example.com,733.298.9852,"252 Duarte Islands Apt. 315, New Julie, AS 28720",2026-03-25T14:26:20.927320
CUST_002249,Irwin and Sons,,BUSINESS,38-5951988,,lewismelanie@example.org,485-375-1743x1926,"PSC 7314, Box 5726, APO AP 48662",2025-01-06T14:26:20.927447
CUST_002250,Kevin,Morris,PERSON,527-85-6952,1990-11-07,weissashley@example.net,461-716-0810x745,"50855 Christopher Wall Apt. 306, West Kennethland, AR 42346",2024-12-02T14:26:20.927654
CUST_002251,Steven,Marshall,PERSON,063-32-7563,1947-10-27,daviskathleen@example.com,+1-427-910-0366x6063,"9456 Phillip Roads, Stephanieshire, OK 14597",2025-02-02T14:26:20.927853
CUST_002252,Mark,Mullins,PERSON,273-24-7767,1987-10-09,franklincristian@example.net,453-564-4316,"00452 Alison Estate, West Aaron, MP 81604",2026-06-20T14:26:20.928043
CUST_002253,Hunt-Friedman,,BUSINESS,76-9207638,,carlroberts@example.com,386.476.8444,"0622 Victor Prairie, Davidchester, VA 01004",2026-02-07T14:26:20.928240
CUST_002254,Hernandez Inc,,BUSINESS,69-5683710,,elainesmith@example.net,554-325-9428,"59701 Gabrielle Spring, Pattyborough, MO 01448",2026-09-02T14:26:20.928408
CUST_002255,"Thomas, Perry and Young",,BUSINESS,41-5157921,,heidicarlson@example.com,223-520-9554,"886 Joshua Centers Apt. 066, Michelefurt, TX 76266",2025-10-16T14:26:20.928649
CUST_002256,Smith Inc,,BUSINESS,84-4731363,,wrightemily@example.com,+1-656-676-1342x8233,"471 Jackson Dale, West Christopherborough, PA 47236",2025-01-19T14:26:20.928842
CUST_002257,Justin,Garcia,PERSON,583-15-6968,2008-06-24,millerallison@example.org,561-996-2326x86251,"9055 Burke Ways Suite 831, East Melissaport, MT 78473",2025-02-06T14:26:20.929084
CUST_002258,Joseph,Brown,PERSON,462-37-9745,2004-07-25,brandonsweeney@example.com,001-868-712-7888x90122,"2944 Anthony Extensions, Port Jameschester, WA 44715",2025-07-16T14:26:20.929281
CUST_002259,Nicole,Preston,PERSON,105-19-9173,1974-08-12,jefferybeck@example.com,308.601.3604x94742,"827 Anita Radial Apt. 457, Silvaburgh, OK 56339",2026-08-06T14:26:20.929486
CUST_002260,Kelly PLC,,BUSINESS,74-1564059,,kathleen07@example.net,(217)769-9959,"3197 Bruce Lock Apt. 959, South Zoeton, RI 58754",2025-07-08T14:26:20.929649
CUST_002261,Brown-Suarez,,BUSINESS,71-2644153,,ashleyfreeman@example.com,809-509-3318,"146 Michelle Lane Suite 391, North Brandihaven, UT 00577",2025-06-10T14:26:20.929852
CUST_002262,Young-Martin,,BUSINESS,40-2394044,,stonetammy@example.net,(314)919-7348x607,"4507 Frederick Locks Suite 804, Crawfordshire, AR 94088",2025-02-22T14:26:20.930077
CUST_002263,Brian,Cochran,PERSON,646-25-9176,1994-06-27,barbara87@example.org,001-713-692-1170,"47979 Natalie Prairie Apt. 694, East Elizabethstad, DC 77783",2024-10-07T14:26:20.930249
CUST_002264,"Kelly, Garrison and Ramirez",,BUSINESS,37-3226537,,chenanthony@example.net,353-604-2143x1665,"402 Ryan Oval Apt. 326, North Andrew, IN 88413",2025-09-14T14:26:20.930484
CUST_002265,"Rogers, Mendez and Alvarez",,BUSINESS,40-2522188,,hoodnathan@example.com,+1-821-298-3623x08172,"USCGC Jordan, FPO AE 36704",2026-08-31T14:26:20.930694
CUST_002266,Huerta LLC,,BUSINESS,95-6114309,,charles68@example.net,(607)627-9999,"89892 Coleman Trafficway, Port Katelyn, SD 50469",2026-04-04T14:26:20.930843
CUST_002267,King-Hunter,,BUSINESS,83-1409590,,urichardson@example.org,5227957034,"1760 George Spurs, Longbury, FM 55408",2025-06-08T14:26:20.931038
CUST_002268,"Tran, Bishop and House",,BUSINESS,27-7800818,,jacob98@example.com,(634)677-7415x4633,"USS Salazar, FPO AE 23694",2026-03-11T14:26:20.931227
CUST_002269,"Johnson, Thompson and Jones",,BUSINESS,90-8789590,,mariagreen@example.org,001-807-748-0155x97205,"92680 Watson Camp Apt. 967, New Joelborough, FM 68748",2024-09-26T14:26:20.931503
CUST_002270,Allison,Fletcher,PERSON,540-02-7026,1978-12-28,xhebert@example.org,328.778.9917x23528,"69928 Garcia Squares, North Harryshire, WY 62256",2024-12-13T14:26:20.931694
CUST_002271,Melissa,Davenport,PERSON,276-29-1097,1954-11-01,kristen51@example.com,988.383.2899,"4981 Charles Place Apt. 981, Kimtown, VA 72019",2025-08-18T14:26:20.931870
CUST_002272,"Pierce, Liu and Brandt",,BUSINESS,77-1548852,,baldwineric@example.org,571-543-8401x1540,"USCGC Franco, FPO AE 08451",2025-11-17T14:26:20.932086
CUST_002273,Williams-Edwards,,BUSINESS,44-4475340,,olivernancy@example.net,971.886.9868x3017,"492 Gregory Land, South Carol, WV 85157",2024-10-15T14:26:20.932297
CUST_002274,Richard,Wilcox,PERSON,564-22-6491,1995-08-15,fletchercassandra@example.net,001-204-217-9588x30335,"USCGC Cruz, FPO AE 04926",2024-12-20T14:26:20.932473
CUST_002275,Serrano LLC,,BUSINESS,17-9635845,,bruce84@example.net,910.468.9731x736,"10945 Kelly Cove, North Daniel, AL 65914",2024-10-26T14:26:20.932620
CUST_002276,Johnson PLC,,BUSINESS,16-2861709,,bennetttanya@example.net,910-950-2725,"USNS Hamilton, FPO AP 42212",2025-08-20T14:26:20.932768
CUST_002277,"Dawson, Maxwell and Strong",,BUSINESS,69-1685757,,gravestammy@example.org,(285)782-4348x228,"362 Barbara Lodge, Port Johnmouth, AS 00759",2025-09-07T14:26:20.933009
CUST_002278,Collins Ltd,,BUSINESS,32-2124172,,sherri52@example.com,(487)208-8063x5729,"37282 Gregory Corner Suite 431, Oliverside, AR 08414",2025-02-19T14:26:20.933170
CUST_002279,Kristen,Boyd,PERSON,077-98-1250,1995-06-12,kjohnson@example.net,9124212584,"8489 Kathleen Lodge Apt. 225, New Danielstad, TN 96570",2026-04-28T14:26:20.933351
CUST_002280,Mccarthy-Hoffman,,BUSINESS,40-2905181,,lewisheather@example.org,441-357-0995,"0598 Richard Creek Apt. 447, Caldwellville, UT 37995",2024-11-21T14:26:20.933569
CUST_002281,"Chan, Gonzalez and Smith",,BUSINESS,84-4519758,,millerlisa@example.com,919.445.7545x23558,"0552 Jones Alley Suite 154, Port Marieshire, GA 23118",2026-01-29T14:26:20.933832
CUST_002282,"Frederick, Chambers and Roberts",,BUSINESS,55-5485520,,cjackson@example.org,(848)535-4599x572,"0023 Chelsea Run Suite 296, Roweburgh, ND 52479",2025-04-19T14:26:20.934059
CUST_002283,Miller-Hunter,,BUSINESS,45-1913687,,claire40@example.com,(509)243-4102,"11326 John Plain, Robertsonshire, MT 56347",2026-07-14T14:26:20.934238
CUST_002284,Schmidt-Olson,,BUSINESS,54-8590191,,jill15@example.net,591.822.1904,"9043 Mccormick Squares Suite 446, Kevinland, VT 10471",2025-05-07T14:26:20.934424
CUST_002285,Alexis,Ramos,PERSON,631-79-0734,2005-05-26,cynthiajohnson@example.org,(815)518-7104x04464,"84014 Rojas Ridges, Duncanmouth, SC 65214",2025-05-23T14:26:20.934646
CUST_002286,"Robinson, Hunter and Cook",,BUSINESS,67-7176462,,daniel31@example.net,+1-227-250-0692x153,"USS Zimmerman, FPO AP 63882",2024-10-27T14:26:20.934827
CUST_002287,Jennifer,Vang,PERSON,786-65-2027,1993-05-16,wmendez@example.net,001-390-533-0393x758,"17099 Campbell Islands, Jonesland, IL 33887",2026-03-08T14:26:20.935024
CUST_002288,Brown PLC,,BUSINESS,21-2345036,,grahamrachel@example.net,285-936-1067,"Unit 9670 Box 2589, DPO AE 17448",2025-08-12T14:26:20.935140
CUST_002289,Thomas,Garcia,PERSON,493-32-2591,1967-10-08,jennifer78@example.org,8525894168,"2567 Padilla Plains Suite 905, Sandraville, PW 11122",2025-11-25T14:26:20.935330
CUST_002290,Rodney,Curry,PERSON,390-77-1536,1946-08-03,jared05@example.org,001-242-269-9696x97686,"Unit 8281 Box 6041, DPO AE 65523",2026-05-28T14:26:20.935451
CUST_002291,Brittany,Fletcher,PERSON,435-35-0683,1960-06-07,jwilliams@example.org,510-231-1155x7701,"USCGC Romero, FPO AP 03148",2025-12-08T14:26:20.935660
CUST_002292,William,Christensen,PERSON,355-49-0225,1987-03-19,samantha20@example.org,202.523.9354,"38447 Courtney Plaza, East Laurafurt, PW 85640",2024-10-03T14:26:20.935833
CUST_002293,Jennifer,Edwards,PERSON,656-90-7869,1956-07-01,robin54@example.net,(506)660-7664x7124,"834 Phillips Motorway Suite 157, North Leehaven, IN 19895",2025-04-26T14:26:20.936012
CUST_002294,Robert,Silva,PERSON,652-31-6637,1944-04-18,tarasantana@example.org,598.521.0959x278,"683 Flores Club Suite 106, Christopherville, IL 68027",2026-02-19T14:26:20.936222
CUST_002295,Edward,Hubbard,PERSON,169-54-2518,1982-07-08,nicholasmorgan@example.net,649.496.0520,"7913 Davis Parkway, Rayton, RI 39640",2025-11-20T14:26:20.936436
CUST_002296,"Parrish, Owens and Jones",,BUSINESS,97-3215051,,caitlinmiller@example.com,+1-207-866-1545,"01365 Dylan Branch Apt. 635, Longville, IA 53568",2025-05-19T14:26:20.936663
CUST_002297,Brewer-White,,BUSINESS,63-8446735,,brittany56@example.net,321-622-8985x354,"942 Stephenson Mountain, South James, FL 43235",2024-11-25T14:26:20.936823
CUST_002298,Rachel,Lang,PERSON,363-31-1494,1943-09-11,deborah08@example.org,653-910-0259x0475,"1359 Jones Parkways, Tiffanyshire, UT 14024",2025-11-22T14:26:20.936984
CUST_002299,Thomas,Romero,PERSON,485-11-2358,1971-06-16,tracymccormick@example.org,+1-987-883-3330x655,"2202 Samantha Mills Suite 177, North Christopherburgh, ND 06513",2026-07-14T14:26:20.937164
CUST_002300,Andrea,Maxwell,PERSON,841-44-1113,1971-07-03,amy98@example.org,711.698.9683,"564 Judy Lights, Lake Matthewport, MH 27798",2026-01-22T14:26:20.937319
CUST_002301,Humphrey Inc,,BUSINESS,62-6751103,,dixoncheryl@example.org,001-515-872-7506,"50538 Flores Field, East Jamesside, KY 68521",2024-11-14T14:26:20.937487
CUST_002302,"Baker, Ritter and Armstrong",,BUSINESS,72-9894713,,millskenneth@example.com,001-520-342-4579x727,"118 William Way, Lake Brittany, VI 71634",2025-03-04T14:26:20.937700
CUST_002303,Ellis and Sons,,BUSINESS,68-6101655,,katie72@example.net,8329165155,"6107 Lacey Mountain, Chandlermouth, SD 96912",2025-02-13T14:26:20.937831
CUST_002304,Catherine,Burns,PERSON,156-38-6876,1942-07-16,wwalton@example.org,(802)411-9250x583,"0245 Banks Underpass, South Nicole, PW 34012",2025-11-07T14:26:20.937997
CUST_002305,Ryan,Frazier,PERSON,872-31-4678,2008-03-02,gregoryanderson@example.org,+1-537-421-3027,"4840 Alexander Knoll, West Keith, MO 24748",2025-12-24T14:26:20.938172
CUST_002306,Lori,Porter,PERSON,743-78-2185,1974-09-23,lhernandez@example.com,001-833-447-7204x84437,"5994 Hansen Summit, Baileyfurt, MN 48787",2025-05-09T14:26:20.938348
CUST_002307,"Arnold, Hamilton and Beard",,BUSINESS,46-1793880,,stephanie30@example.org,471.606.2359x16931,"4956 Powers Isle Suite 602, South Ronaldberg, KY 96659",2026-04-18T14:26:20.938549
CUST_002308,Miller-Leach,,BUSINESS,46-8649177,,perkinsdaniel@example.org,634.685.7949x418,"495 Scott Canyon Suite 754, Christopherhaven, NH 40757",2026-03-30T14:26:20.938732
CUST_002309,Joseph,Martinez,PERSON,683-02-2837,1950-04-10,carlos85@example.net,+1-797-268-1165,"9087 Jacobs Crest, Stevenside, WV 04417",2024-09-18T14:26:20.938887
CUST_002310,Turner PLC,,BUSINESS,33-3942041,,kpineda@example.org,402.967.8224x90934,"475 Frank Turnpike Apt. 551, Richardport, RI 81267",2024-09-21T14:26:20.939022
CUST_002311,Jim,Burns,PERSON,607-77-5172,1995-05-04,austinclark@example.org,(604)826-3759x9729,"576 Nathan Shoals Suite 759, Wardborough, WA 81771",2026-04-04T14:26:20.939216
CUST_002312,Tonya,Montoya,PERSON,692-11-8731,1976-08-23,howellbilly@example.com,546.252.9189x35805,"054 Raymond Divide, Joshuaville, CO 63891",2026-05-20T14:26:20.939417
CUST_002313,Jennifer,Christensen,PERSON,516-37-6312,1951-03-08,tbaker@example.net,(784)785-0701x34223,"0571 Madison Shore Suite 208, East Aaronville, MH 07217",2025-10-27T14:26:20.939606
CUST_002314,Jonathan,Thomas,PERSON,371-66-8290,2002-06-24,carterdiana@example.org,(725)709-2011,"2827 David Lane, East Nathanielberg, WI 58170",2025-06-22T14:26:20.939801
CUST_002315,"Vasquez, Sullivan and Smith",,BUSINESS,57-4095339,,whitedaniel@example.net,401.700.8495,"PSC 0035, Box 1889, APO AE 36844",2026-02-18T14:26:20.939990
CUST_002316,Julie,Vasquez,PERSON,856-37-9244,1961-01-16,yoliver@example.net,001-891-516-1646x66326,"829 Gordon Row, Reyesberg, LA 49059",2024-11-04T14:26:20.940182
CUST_002317,"Little, Hunter and Flores",,BUSINESS,54-3482092,,ljordan@example.com,657.254.8452,"68331 Thompson Skyway Suite 723, Port Jamesmouth, AR 43235",2025-08-31T14:26:20.940413
CUST_002318,Evans-Smith,,BUSINESS,79-3727935,,fdougherty@example.org,632-405-8920x790,"36763 Garrett Pike Suite 285, New Vanessa, VI 67810",2025-03-19T14:26:20.940601
CUST_002319,Clark Ltd,,BUSINESS,25-1418175,,spearsanthony@example.org,001-327-996-8559x6521,"PSC 8002, Box 8105, APO AP 28293",2025-07-29T14:26:20.940716
CUST_002320,"Smith, Sanchez and Gray",,BUSINESS,28-8684648,,bennettelizabeth@example.org,(514)692-9078,"7250 David Cape, Brandyton, SC 56882",2025-10-24T14:26:20.940943
CUST_002321,Hailey,Boyer,PERSON,279-26-8322,1983-11-20,sanchezpaula@example.net,001-941-718-7274x29331,"63115 Holland Union, Courtneyport, MH 78400",2026-09-12T14:26:20.941154
CUST_002322,"Jones, Conrad and Pierce",,BUSINESS,92-5958621,,rhonda76@example.org,916-525-3164x023,"457 Davis Crossroad, Smithbury, NJ 63442",2025-05-19T14:26:20.941384
CUST_002323,"Avila, Wyatt and Green",,BUSINESS,83-3467651,,kirsten17@example.net,9274772178,"265 Brandon Road Apt. 123, Monicahaven, WA 30726",2025-02-15T14:26:20.941588
CUST_002324,Fisher-Flores,,BUSINESS,53-2884343,,jhenry@example.org,(739)753-0215,"315 Suzanne Knolls, New Jessicamouth, AZ 86344",2025-05-14T14:26:20.941766
CUST_002325,Timothy,Logan,PERSON,494-17-2686,1975-04-07,williamsangela@example.org,+1-287-208-9850,"32036 Anna Burgs, East Trevor, OK 53007",2026-04-27T14:26:20.941966
CUST_002326,Michelle,Mooney,PERSON,412-75-0030,1971-05-07,schaefercarrie@example.net,546-996-9091x0231,"4600 Rollins Common, Brendaborough, MA 81662",2025-11-05T14:26:20.942169
CUST_002327,Heather,Guerrero,PERSON,062-23-7957,1999-12-12,tylermelissa@example.net,001-397-380-5501x44301,"0512 Brian Island Apt. 535, Faithburgh, WA 32758",2025-08-01T14:26:20.942389
CUST_002328,Ronald,Caldwell,PERSON,786-62-5699,1966-01-16,catherine28@example.org,(642)849-1485x9618,"7398 Deborah Corner Suite 127, West Henry, DC 68042",2025-06-17T14:26:20.942562
CUST_002329,Jones LLC,,BUSINESS,21-6475520,,colerobert@example.net,(932)717-1146,"57055 Mclaughlin Ville, West Johntown, FL 58542",2026-07-22T14:26:20.942753
CUST_002330,Mary,Myers,PERSON,670-80-9351,1949-03-18,joshuahebert@example.org,328-232-4200x954,"USNV Martinez, FPO AP 61858",2025-01-27T14:26:20.942927
CUST_002331,Catherine,Russell,PERSON,402-38-2284,1968-08-26,jenniferarellano@example.org,(656)221-2741,"62977 Chloe Lodge Apt. 693, Barbarachester, CO 60895",2025-12-06T14:26:20.943113
CUST_002332,Natalie,Foster,PERSON,561-58-8251,1953-05-26,lrichard@example.com,001-320-775-7046x4837,"76317 Lamb Cove, Ellisbury, CT 19609",2026-08-24T14:26:20.943292
CUST_002333,David,Weaver,PERSON,471-20-5722,1979-02-03,sgibson@example.net,253.317.8416x4756,"1579 Wilson Green Apt. 823, Devinside, GA 08333",2025-03-14T14:26:20.943463
CUST_002334,"Kim, Shaw and Kaiser",,BUSINESS,96-2465941,,johnnguyen@example.org,522-413-2868x797,"99394 Kelly Landing Apt. 443, Lake Zachary, WI 13552",2025-04-10T14:26:20.943692
CUST_002335,"Scott, Smith and Campbell",,BUSINESS,34-9228643,,gonzalesbrittany@example.net,771-254-8949,"36076 Michelle Forks Suite 406, Ashleyview, MT 48333",2025-10-26T14:26:20.943925
CUST_002336,Lauren,Burnett,PERSON,069-43-7929,2000-07-15,amanda56@example.net,(254)964-3989x9793,"PSC 0466, Box 6052, APO AE 92235",2024-11-03T14:26:20.944028
CUST_002337,Navarro-Decker,,BUSINESS,60-3482120,,lisawashington@example.org,3529064091,"6935 Ferrell Rest, Lake Dianaburgh, WY 93835",2025-07-06T14:26:20.944238
CUST_002338,Sweeney LLC,,BUSINESS,59-7255068,,kochchristopher@example.com,+1-916-273-8339,"835 Jefferson Freeway Apt. 770, South Chad, AS 77143",2026-09-04T14:26:20.944414
CUST_002339,Hernandez PLC,,BUSINESS,54-6894759,,ipeterson@example.com,968.775.2643x797,"17191 Fox Station Suite 982, Robinsonport, UT 77157",2025-11-05T14:26:20.944582
CUST_002340,Delgado-Edwards,,BUSINESS,81-2469661,,nguyenjason@example.com,(249)390-4951x141,"269 Michael River Suite 713, Leeberg, VI 49787",2026-02-08T14:26:20.944807
CUST_002341,"Reyes, Schmitt and Brooks",,BUSINESS,63-8423991,,banksjames@example.com,001-903-294-7312x549,"9767 Brown Drives, Washingtonville, MT 04411",2025-11-25T14:26:20.945057
CUST_002342,Sara,Allen,PERSON,093-75-8569,1965-03-06,peggy78@example.net,(655)266-1282,"727 Ware Camp, Collinston, ND 69449",2025-07-09T14:26:20.945236
CUST_002343,Johnson-Riggs,,BUSINESS,27-2444148,,brewerelizabeth@example.com,001-230-727-5879x432,"436 Harper Summit, Port Nicolemouth, KY 45725",2026-04-22T14:26:20.945449
CUST_002344,Joseph,Fleming,PERSON,178-28-3474,1999-03-12,butlerkatie@example.net,434-772-9693x215,"70885 Daniels Station Apt. 882, Adamstown, TX 77787",2025-11-10T14:26:20.945668
CUST_002345,Miller-White,,BUSINESS,77-6627359,,timothy46@example.org,603.545.8409,"66647 Marvin Spur Suite 199, Wilsonton, NE 78650",2026-07-11T14:26:20.945849
CUST_002346,Castillo-Williams,,BUSINESS,21-1111046,,walkerjulie@example.org,(687)285-2724,"51717 Michelle Plaza Apt. 213, South Dustinfurt, VA 09711",2025-07-24T14:26:20.946049
CUST_002347,Martinez Ltd,,BUSINESS,63-3934217,,smithkathryn@example.net,994-208-7495x03346,"64140 Isaac Rapids Suite 620, Yvetteport, VT 84491",2025-02-24T14:26:20.946219
CUST_002348,Miller-Daniel,,BUSINESS,82-3297254,,hernandezwilliam@example.org,001-388-543-7721,"517 Valdez Bypass, Martintown, KS 66074",2026-02-24T14:26:20.946439
CUST_002349,Jasmine,Sullivan,PERSON,859-69-1608,1977-12-19,wangrenee@example.org,001-892-850-6983x21445,"6870 Newton Common, West Davidchester, OR 44817",2025-08-22T14:26:20.946643
CUST_002350,Gonzalez-Taylor,,BUSINESS,80-9230660,,nicholsmelanie@example.org,+1-924-264-8807x88990,"09839 Sarah Fall Apt. 821, East Davidstad, FL 26180",2026-08-04T14:26:20.946845
CUST_002351,Parks-Fox,,BUSINESS,84-6098837,,ellisjane@example.org,001-332-725-7177,"97732 Jay Bridge Suite 149, Johnsonborough, NV 69886",2025-04-29T14:26:20.947054
CUST_002352,"Baker, Ramirez and Wells",,BUSINESS,38-1450300,,bbeck@example.net,514.413.1929,"478 Madison Canyon, West Anthonychester, NV 15582",2026-09-14T14:26:20.947264
CUST_002353,Michael,Bennett,PERSON,415-27-6302,1976-12-04,russell80@example.org,2996973482,"3266 Brian Mall Apt. 597, East Melissa, IL 63030",2025-12-22T14:26:20.947426
CUST_002354,Carpenter Inc,,BUSINESS,91-8927925,,lance88@example.com,283-916-0496x09133,"292 Bailey Hill Suite 328, Port Maria, MH 71550",2026-05-12T14:26:20.947580
CUST_002355,Morton-Espinoza,,BUSINESS,63-4009367,,taylormark@example.com,+1-298-858-9397x251,"2885 Conway Place, Denisebury, PA 37243",2025-05-01T14:26:20.947799
CUST_002356,Michael,Hill,PERSON,173-27-8600,1991-01-26,danieljenkins@example.org,410-455-9794,"PSC 3413, Box 2426, APO AP 22030",2026-08-18T14:26:20.947951
CUST_002357,William,Gross,PERSON,618-96-3480,1966-04-09,gilbertrobert@example.net,856-603-5661x973,"570 Cole Ranch Suite 912, North Jamesstad, FM 67640",2025-12-07T14:26:20.948157
CUST_002358,"James, Lee and Johnson",,BUSINESS,18-7069317,,jenkinsannette@example.net,509.512.6671x7382,"30271 Davis Well Apt. 269, North Amyborough, WY 55596",2025-01-29T14:26:20.948424
CUST_002359,Jimenez and Sons,,BUSINESS,82-8316015,,ktate@example.org,+1-660-302-1912,"7968 Jonathan Rapid Apt. 231, Cherryview, MP 71193",2025-12-26T14:26:20.948583
CUST_002360,"Turner, Wagner and Le",,BUSINESS,98-3006281,,brookslisa@example.org,347-954-8806,"366 Freeman Passage, West Juan, RI 69911",2025-08-30T14:26:20.948824
CUST_002361,Michael,Mcdowell,PERSON,475-20-5810,1965-09-03,tstewart@example.net,(756)305-9233x892,"06831 Brooke Pine, Austinview, GU 11735",2025-12-25T14:26:20.948998
CUST_002362,James,Murphy,PERSON,038-64-0741,1999-04-07,fmiller@example.com,(958)362-1700,"911 Marisa Tunnel, Lake Krystal, PA 71853",2025-01-29T14:26:20.949169
CUST_002363,Jennifer,Brown,PERSON,663-65-2293,1974-03-02,kathleen99@example.net,(659)789-8920x8582,"16307 Jared Ranch, Shawnstad, CA 17844",2026-04-20T14:26:20.949337
CUST_002364,"Moss, Cortez and Bailey",,BUSINESS,69-3273269,,troymay@example.net,282-382-4104x2071,"Unit 5633 Box 9180, DPO AP 62453",2025-09-16T14:26:20.949534
CUST_002365,Michael,Garrett,PERSON,391-83-4553,1960-04-12,elizabeththomas@example.net,530.374.2328,"9880 Cunningham Groves, South Susanmouth, DC 10644",2026-07-24T14:26:20.949740
CUST_002366,"Lewis, Jordan and Joseph",,BUSINESS,56-8038277,,rojascatherine@example.net,+1-722-849-6382,"9917 Richardson Highway, East Javierhaven, CT 48875",2024-12-04T14:26:20.949989
CUST_002367,"Jones, Wong and Johnson",,BUSINESS,16-5862980,,williamsjulia@example.net,+1-399-711-4434x2494,"54663 Scott Via, Rogersmouth, TX 55405",2025-11-22T14:26:20.950238
CUST_002368,David,Carson,PERSON,578-10-1527,1993-11-04,deborah90@example.com,001-901-527-2419x7502,"4549 Gutierrez Mountain, Scottmouth, TN 61308",2025-04-08T14:26:20.950433
CUST_002369,Angela,Jarvis,PERSON,173-10-8637,1991-04-21,nbarron@example.net,726.356.8372x004,"9151 Arroyo Plains Apt. 733, Brianville, ME 21947",2024-12-12T14:26:20.950634
CUST_002370,Cory,Taylor,PERSON,632-77-8555,2002-08-21,jeffreyhuff@example.org,(242)982-3442,"302 Lewis Bridge, Port Valerieberg, IN 19807",2026-06-12T14:26:20.950839
CUST_002371,Justin,Payne,PERSON,281-35-4223,1959-08-16,craig74@example.net,+1-287-705-5480,"2944 Brian Ports, Port James, MP 96218",2025-03-09T14:26:20.950989
CUST_002372,Wu LLC,,BUSINESS,50-6051155,,rebeccajackson@example.org,001-833-220-1861x62645,"8721 Jeffrey Underpass, Tomton, ME 07626",2025-12-13T14:26:20.951141
CUST_002373,Underwood and Sons,,BUSINESS,22-9966085,,ngreen@example.org,8035829553,"370 Angela Plain Suite 772, Smithborough, IL 25230",2025-01-31T14:26:20.951284
CUST_002374,Villarreal-Johnson,,BUSINESS,28-1216386,,michaelelliott@example.net,+1-306-270-2317x508,"16229 Howard Estate Apt. 198, Edwardsview, NJ 11458",2026-04-29T14:26:20.951487
CUST_002375,Levine LLC,,BUSINESS,57-9135255,,stoneerik@example.org,001-368-660-6253x613,"7711 Monica Wall Apt. 933, North Stacey, NV 82713",2025-07-22T14:26:20.951655
CUST_002376,Chaney-Diaz,,BUSINESS,30-2718286,,ylewis@example.net,(462)285-9169x158,"36675 Cynthia Falls, Hallfort, NH 78534",2026-02-05T14:26:20.951824
CUST_002377,Cheryl,Mccormick,PERSON,798-88-3348,1945-07-02,paige93@example.com,974-685-8685x87325,"87234 Katherine Drive, New Christina, WY 14782",2025-04-19T14:26:20.951974
CUST_002378,Christopher,Klein,PERSON,748-65-6854,1953-05-22,davisrebecca@example.com,(996)448-8720x679,"81826 Chambers Prairie Apt. 010, New Rachel, CT 24024",2026-03-08T14:26:20.952175
CUST_002379,Cody,Lindsey,PERSON,139-33-4750,1968-02-23,jamesjackson@example.com,299.559.9274,"32839 Robert Summit, Lisaton, WV 42255",2025-07-16T14:26:20.952351
CUST_002380,Murphy and Sons,,BUSINESS,19-2955647,,michaelroth@example.org,599.249.2013,"28995 Angela Summit Apt. 432, Sarafurt, MA 02486",2026-05-05T14:26:20.952504
CUST_002381,Jennifer,Mitchell,PERSON,563-38-6708,1988-04-22,laura55@example.com,001-590-333-6545,"3479 Wood Hill Apt. 273, East Lisa, RI 78838",2025-05-13T14:26:20.952664
CUST_002382,Brown-Hodge,,BUSINESS,49-7082891,,brucehenderson@example.org,(717)204-3796,"USNV Gonzalez, FPO AA 17744",2026-04-27T14:26:20.952839
CUST_002383,Bolton-Banks,,BUSINESS,86-9776515,,cparker@example.net,482.276.9817x164,"3751 Aguirre Mountains Suite 842, Davidside, CO 57222",2025-10-01T14:26:20.953011
CUST_002384,Matthew,Gordon,PERSON,495-72-7287,1945-12-04,erich@example.com,+1-777-753-1627x97066,"32892 Hernandez Motorway Suite 366, Castrotown, GA 73466",2024-09-20T14:26:20.953189
CUST_002385,"Parker, Garcia and Roberts",,BUSINESS,13-2989725,,logan51@example.org,001-975-259-5839x8215,"646 Janice Knoll Suite 723, New Markview, SD 39114",2026-02-01T14:26:20.953372
CUST_002386,Jeffrey,Jenkins,PERSON,774-39-4598,1980-05-14,wtorres@example.com,001-608-387-6883,"57628 Hawkins Locks Apt. 351, Thomasfurt, WY 34411",2024-10-06T14:26:20.953553
CUST_002387,Taylor,Burns,PERSON,574-71-0872,1979-10-09,jennifergrimes@example.com,(261)477-2002x3193,"5016 Justin Hills, Aarontown, RI 04658",2024-10-12T14:26:20.953729
CUST_002388,Jeremy,Anderson,PERSON,134-39-7510,1951-09-03,lisawalker@example.com,(996)405-8082x3006,"3955 Reyes Views Apt. 260, Port Sethstad, PA 61043",2025-11-06T14:26:20.953932
CUST_002389,Jacqueline,Oconnell,PERSON,843-85-1509,2005-04-24,wagnermary@example.com,494.790.5158x488,"02725 Dawn Harbor, South Wyattmouth, AZ 53360",2026-02-14T14:26:20.954121
CUST_002390,Michael,Ramos,PERSON,195-14-3762,1952-07-07,christopher52@example.net,542.586.6771x902,"287 Amy Tunnel Suite 079, Traviston, MA 17910",2026-06-28T14:26:20.954279
CUST_002391,"Davis, Snyder and Bell",,BUSINESS,98-2874387,,ryanjerry@example.net,(377)469-8431,"860 Sanchez Mall, Tristanport, DE 14323",2026-06-29T14:26:20.954521
CUST_002392,Zachary,Perez,PERSON,434-33-2059,1956-03-28,qrusso@example.org,001-819-263-4610x875,"81240 Castillo Trafficway Apt. 682, Williamfort, WY 44289",2025-05-09T14:26:20.954710
CUST_002393,Sanders Group,,BUSINESS,15-4294223,,hancockconnie@example.org,+1-735-419-5730x09746,"8311 Wood Locks, Leslieborough, ME 92845",2026-05-29T14:26:20.954883
CUST_002394,Wendy,Bridges,PERSON,737-42-6679,1980-09-16,shirleysmith@example.org,459.486.4684x80852,"3236 Sherri Road Apt. 599, Deannaland, CT 36673",2024-11-10T14:26:20.955078
CUST_002395,Jasmine,Conley,PERSON,386-67-4469,1991-11-10,smitherin@example.com,894.471.9912x0111,"055 Campbell Well, Lake Jacquelinebury, OR 86395",2025-05-24T14:26:20.955276
CUST_002396,Lisa,Lowe,PERSON,467-02-7841,1991-05-14,bernardcheryl@example.org,905-761-2199,"PSC 5470, Box 7883, APO AA 81986",2025-12-31T14:26:20.955420
CUST_002397,Rebecca,Vargas,PERSON,865-38-4460,1971-08-14,corey21@example.org,9862550990,"05847 Richard Harbors Suite 151, South Lauren, AS 91466",2026-07-11T14:26:20.955578
CUST_002398,Bowen LLC,,BUSINESS,95-1172342,,harrissara@example.org,927-882-7091,"26356 Garza Turnpike Suite 529, North Brianfurt, DC 78829",2026-06-10T14:26:20.955760
CUST_002399,Yesenia,Coleman,PERSON,441-62-0684,1976-11-12,vanessadaniels@example.net,(950)283-4001,"0038 Nicholas Lane Apt. 326, Port Jacobview, ID 29830",2025-01-08T14:26:20.955950
CUST_002400,Sheryl,Levy,PERSON,864-73-5671,1969-04-02,kdonovan@example.com,747.907.2462,"620 Massey Isle Apt. 672, East Paul, NC 31454",2025-01-23T14:26:20.956136
CUST_002401,Wendy,Blanchard,PERSON,195-28-9722,1946-04-12,ptaylor@example.net,370.528.7489x2823,"912 Bryan Roads Suite 533, Danielport, OR 49961",2026-03-11T14:26:20.956332
CUST_002402,"Phillips, Price and Parker",,BUSINESS,13-2523024,,vhenry@example.net,271-743-9516x1724,"7231 Jeremy Stravenue Apt. 614, West Dawn, NE 39980",2026-04-20T14:26:20.956548
CUST_002403,"Mclaughlin, Reyes and Jones",,BUSINESS,84-6835728,,petersonbrittany@example.net,230.933.4160x4629,"14275 May Stream Apt. 635, Brianmouth, NM 04292",2025-09-21T14:26:20.956795
CUST_002404,Christopher,Newton,PERSON,779-32-6732,1957-08-11,caroline84@example.net,771-259-6699x14982,"1713 Travis Creek, Laurafort, CT 11666",2025-04-22T14:26:20.956963
CUST_002405,Amy,Price,PERSON,746-02-6871,1978-12-20,russellmary@example.net,(513)712-1298x87466,"23461 Bailey Lock Apt. 393, New Benjaminchester, MH 86232",2025-04-17T14:26:20.957159
CUST_002406,Michael,Meyer,PERSON,145-20-9199,1956-04-23,smithlauren@example.com,848.318.6955,"9088 Bryan Ville, East Juliatown, OH 92867",2026-06-07T14:26:20.957351
CUST_002407,Greg,Stevens,PERSON,746-55-3281,1985-04-29,emorgan@example.net,(469)965-4209x582,"44656 Johnson Square Suite 299, Pamelaport, RI 87956",2025-03-24T14:26:20.957539
CUST_002408,Charles,Haney,PERSON,367-67-4878,1980-12-05,kelly68@example.com,7522573499,"924 Ochoa Prairie, North Carolland, MD 95743",2026-03-04T14:26:20.957714
CUST_002409,Moore-Miller,,BUSINESS,31-1072627,,james23@example.net,2743874534,"490 Jill Landing Suite 359, Simsside, AS 08268",2026-06-07T14:26:20.957900
CUST_002410,Kevin,Foster,PERSON,455-38-6819,1996-05-15,dennisrodriguez@example.com,001-998-474-2701,"798 Yolanda Mews Suite 552, Zacharystad, IN 04698",2025-04-18T14:26:20.958096
CUST_002411,Campbell PLC,,BUSINESS,56-4105895,,croth@example.org,7408009536,"92687 Jones Stravenue Apt. 884, Danielberg, MN 30742",2025-06-23T14:26:20.958254
CUST_002412,Debra,Fisher,PERSON,174-71-7097,1981-09-04,fcastillo@example.net,735.994.4634x2853,"06652 Perez Station Suite 552, Port Brettland, MH 65879",2026-03-15T14:26:20.958443
CUST_002413,"Morales, Pratt and Myers",,BUSINESS,58-8115080,,ovalencia@example.com,001-915-963-0759x257,"8000 Shane Trail Apt. 372, Molinaland, DC 42992",2026-02-09T14:26:20.958667
CUST_002414,Larry,Peterson,PERSON,634-75-2280,2000-06-07,johncrane@example.org,(811)999-0643,"7749 Elizabeth View Apt. 503, New Katherinefort, VI 31433",2025-07-26T14:26:20.958863
CUST_002415,Nicholas,Campos,PERSON,685-23-1736,1982-01-14,norrisjennifer@example.com,001-271-408-6694x793,"8178 Chambers Mountains, Nolanshire, AL 84114",2025-10-30T14:26:20.959077
CUST_002416,James,Schultz,PERSON,319-45-1579,1952-05-12,rdrake@example.net,367-316-1370,"55278 Richardson Crest Apt. 710, Patriciaborough, TN 66115",2025-05-27T14:26:20.959261
CUST_002417,Helen,Harris,PERSON,777-79-8897,1971-01-16,mgardner@example.net,615-967-9780x868,"996 Martin Trail Apt. 346, Lake Taylorshire, CT 64903",2025-04-02T14:26:20.959446
CUST_002418,Thomas,Brown,PERSON,696-83-2573,1944-10-27,qferguson@example.org,589-847-4717,"638 Joseph Ranch Suite 168, Kathyland, VI 29860",2025-04-27T14:26:20.959617
CUST_002419,Martin Ltd,,BUSINESS,46-1681298,,vlewis@example.org,+1-415-390-4361,"639 Peterson Springs, Port Amy, UT 68360",2026-06-24T14:26:20.959769
CUST_002420,"Barajas, Lee and Smith",,BUSINESS,73-2941503,,adkinschristine@example.org,659-587-2483,"USS Anthony, FPO AP 54166",2025-08-18T14:26:20.959977
CUST_002421,Roy-Jones,,BUSINESS,68-6234607,,pwilson@example.net,989.413.9979x68878,"2436 Herman Crossroad, Lake Jessica, WY 54958",2024-10-13T14:26:20.960169
CUST_002422,Shea Inc,,BUSINESS,38-7833061,,beckgrace@example.net,+1-997-333-5613x08524,"3077 Lynn Crest, Rodriguezborough, LA 41554",2025-11-23T14:26:20.960402
CUST_002423,"Glover, Meyers and Mckenzie",,BUSINESS,34-2167847,,william99@example.net,001-974-513-5312x34692,"24710 Brandon Fork, Lake Maria, IN 11455",2025-05-17T14:26:20.960622
CUST_002424,Moore Group,,BUSINESS,32-1214510,,qbrewer@example.com,(476)596-6242,"78831 Benjamin Meadow Suite 712, Lake Tony, MT 73142",2024-10-26T14:26:20.960776
CUST_002425,"King, Waller and Walker",,BUSINESS,96-2764491,,kathleenpatterson@example.net,001-845-348-2739x54816,"108 Jessica Meadows Apt. 924, Carlashire, KY 62037",2025-08-07T14:26:20.961010
CUST_002426,Rodriguez LLC,,BUSINESS,76-2426162,,nicholas25@example.org,(588)385-8212x402,"098 Young Forks Apt. 125, Frankside, AL 77506",2026-05-17T14:26:20.961161
CUST_002427,Patrick,Rios,PERSON,261-65-9912,1956-10-22,barbara45@example.net,001-957-601-7278x539,"736 Martinez Rapid Apt. 864, North Angelicaland, AK 11128",2025-08-08T14:26:20.961332
CUST_002428,"Martin, Johnson and Williams",,BUSINESS,98-2706614,,johnsonashley@example.net,266.590.2051,"25285 White Burg, Port Brenda, NY 10192",2026-03-28T14:26:20.961595
CUST_002429,Krista,Rogers,PERSON,137-71-4087,1957-06-08,amyrogers@example.net,001-878-267-9630x235,"46835 Jennifer Ways, Lake Matthewmouth, MT 47569",2025-09-09T14:26:20.961802
CUST_002430,Erik,Arias,PERSON,820-94-3481,1991-01-25,timothy19@example.org,(250)392-9806x51527,"0129 Bowman Mountain Suite 424, Kevinfort, MT 65114",2025-10-05T14:26:20.961987
CUST_002431,Christopher,Hernandez,PERSON,857-18-4905,1971-08-02,gabrielsimon@example.org,+1-825-788-0761x29270,"661 Kathryn Corner, Port Derrickmouth, MH 78977",2025-01-15T14:26:20.962288
CUST_002432,Shaw Inc,,BUSINESS,25-4906904,,haley80@example.org,(698)635-8747,"0438 Lopez Pines, East Maria, WA 95402",2025-07-09T14:26:20.962435
CUST_002433,"Weiss, Miller and Daniels",,BUSINESS,45-5579723,,thomassmith@example.com,+1-452-385-9234x4633,"0117 Diane Freeway Suite 319, Lake Elizabethton, NH 83435",2024-11-26T14:26:20.962661
CUST_002434,Hernandez-Vasquez,,BUSINESS,55-8983040,,michael71@example.org,301.467.4302,"Unit 6632 Box 6739, DPO AA 68742",2024-11-03T14:26:20.962771
CUST_002435,"Roberts, Sanchez and Moore",,BUSINESS,72-9580111,,aphillips@example.com,526-463-0596,"17773 Newton Terrace, East Leslie, AS 34565",2025-12-05T14:26:20.962987
CUST_002436,Ralph,Miller,PERSON,659-93-5624,1996-10-31,thomas95@example.net,280.966.8660x9685,"86233 Jones Way Apt. 179, Amandatown, UT 36364",2025-06-08T14:26:20.963163
CUST_002437,Catherine,Gould,PERSON,426-86-6856,1944-04-25,ronald23@example.net,+1-902-655-5781,"95146 Collins Centers, East Steven, MH 53179",2026-05-14T14:26:20.963337
CUST_002438,"Nielsen, Harvey and Williams",,BUSINESS,72-9342869,,isaiah46@example.org,001-541-867-4974x8995,"318 Rebecca View Apt. 181, Aprilstad, AZ 55990",2026-01-23T14:26:20.963543
CUST_002439,Daniel,Hoffman,PERSON,593-75-6983,1957-08-12,andrew08@example.net,(547)292-2297,"9229 Jessica Terrace, Lake Pamelastad, WY 98976",2026-08-17T14:26:20.963697
CUST_002440,Michael,Walker,PERSON,491-64-7643,1972-12-04,nathan03@example.com,881-796-2476,"3497 Velazquez Glen, Markton, CT 83222",2026-07-24T14:26:20.963858
CUST_002441,Emily,Hudson,PERSON,258-44-5914,1964-06-01,sarah62@example.org,(817)691-4018,"716 Tyrone Drive Suite 272, Port Vanessaberg, OK 34254",2025-04-24T14:26:20.964015
CUST_002442,Michael,Peterson,PERSON,296-56-9452,1991-08-31,ryanbaker@example.com,883-394-1757x2308,"446 Schaefer Lake Apt. 737, East Justin, TX 31000",2026-03-17T14:26:20.964234
CUST_002443,"Thomas, Gardner and Moore",,BUSINESS,87-6485409,,qpeterson@example.com,(537)968-2874x2594,"PSC 5918, Box 1580, APO AP 33805",2026-04-13T14:26:20.964400
CUST_002444,"Jennings, Ballard and Lawrence",,BUSINESS,89-2616210,,travis62@example.com,787.424.8863,"337 Ortega Route Apt. 614, East Madeline, PA 98208",2026-06-30T14:26:20.964641
CUST_002445,"Wood, Harrison and Henderson",,BUSINESS,69-4387852,,kellybishop@example.net,994-212-2954,"92649 Angela Ports, North Shawn, WI 37934",2025-11-20T14:26:20.964884
CUST_002446,"Baker, Carr and Romero",,BUSINESS,72-9469050,,kwebb@example.org,001-311-221-9618x7200,"1822 Betty Hollow, Parkerfort, MI 03332",2025-12-23T14:26:20.965102
CUST_002447,Diaz-Vang,,BUSINESS,79-1296459,,richard12@example.net,(547)814-1167,"67614 Hubbard Creek Apt. 776, Silvaland, DE 04376",2026-08-15T14:26:20.965369
CUST_002448,"Peters, Walsh and Larson",,BUSINESS,25-7436241,,hannahlynch@example.com,001-639-752-7367x4130,"4424 Alice Ways Suite 390, South Davidborough, MT 91487",2025-06-13T14:26:20.965592
CUST_002449,Ayala-Shelton,,BUSINESS,58-8424860,,fullersusan@example.org,(218)935-5496x94471,"59551 Shawn Isle, Dianastad, NH 01499",2025-06-03T14:26:20.965790
CUST_002450,Garrett,Gregory,PERSON,618-24-9684,1950-07-31,parkeromar@example.org,698.899.2428x03108,"USCGC Bailey, FPO AE 55282",2026-08-14T14:26:20.965967
CUST_002451,Tammy,Edwards,PERSON,602-28-8417,1983-08-30,gbowman@example.net,001-485-988-2818x89667,"81463 Webster Plains Apt. 805, Garzachester, IL 31732",2025-02-23T14:26:20.966158
CUST_002452,"Garza, White and Reid",,BUSINESS,31-9245659,,cheryldavis@example.net,(724)238-0118x0386,"6655 Morgan Plaza, Janiceberg, ID 69409",2025-07-02T14:26:20.966399
CUST_002453,Katie,Flowers,PERSON,315-79-0377,1941-08-29,pmcclain@example.net,(525)981-6022,"0549 Jackson Drives Apt. 498, Hannaport, GA 19043",2025-11-01T14:26:20.966581
CUST_002454,Ward PLC,,BUSINESS,72-2835125,,wanda27@example.com,001-351-630-9373x29729,"268 Amber Heights, Bradybury, MD 43744",2025-02-11T14:26:20.966716
CUST_002455,Ware Ltd,,BUSINESS,94-8882244,,bspears@example.net,+1-354-507-9137x0571,"235 Gillespie Expressway Suite 783, Lake Carlos, WA 50256",2025-05-17T14:26:20.966864
CUST_002456,Allison,Campbell,PERSON,821-51-5339,1962-10-22,bartonjames@example.org,4572371940,"77719 Brian Meadow, Debraton, NC 19092",2025-04-16T14:26:20.967044
CUST_002457,Margaret,Paul,PERSON,551-18-1831,1986-08-10,seanconway@example.com,+1-475-452-9327x67330,"485 Felicia Corners, South Anthonyhaven, WA 68530",2025-08-12T14:26:20.967235
CUST_002458,Brewer-Anderson,,BUSINESS,73-7338393,,hamiltonchelsea@example.org,4276818325,"17268 Stephanie Turnpike Apt. 556, Zhangland, OR 17958",2024-12-24T14:26:20.967525
CUST_002459,Jones LLC,,BUSINESS,46-6376808,,melissa17@example.org,+1-554-343-9618x9078,"9937 Robert Rapid, Coreyshire, TN 16386",2026-07-16T14:26:20.967662
CUST_002460,Pamela,Lopez,PERSON,015-43-8575,1962-10-03,hbaker@example.com,204.382.7642x33693,"00809 Derrick Motorway Apt. 782, North Markmouth, VA 91452",2025-01-20T14:26:20.967846
CUST_002461,Jesse,Vaughan,PERSON,034-54-6300,1963-04-12,robert70@example.com,001-953-343-5356x5026,"557 Smith Glens Apt. 711, Lake Williamborough, NJ 74692",2026-05-08T14:26:20.968023
CUST_002462,Moreno PLC,,BUSINESS,54-1451304,,bakercarl@example.net,(456)773-8564x88001,"3215 Gonzalez Mall, Port Kellyberg, LA 46101",2024-12-15T14:26:20.968205
CUST_002463,"Morrow, Shea and Olson",,BUSINESS,58-2633262,,vargaskenneth@example.com,728-431-5338x96010,"5349 Holloway Skyway, Kellymouth, VI 40985",2025-07-05T14:26:20.968462
CUST_002464,"Atkinson, Bates and Little",,BUSINESS,55-7911031,,krichmond@example.org,803-724-6778x17322,"1873 Goodman Spurs, Odommouth, NY 40727",2025-09-22T14:26:20.968750
CUST_002465,Edward,Edwards,PERSON,473-78-8511,1999-12-11,jeremy20@example.org,411.814.2308x1837,"463 Shawn Ridges, East Johnfort, IA 83373",2024-11-08T14:26:20.968923
CUST_002466,Brittany,Hendricks,PERSON,822-29-7136,1980-02-06,ufranklin@example.com,+1-570-401-7453,"740 William Drive, North Richard, KY 33011",2026-01-06T14:26:20.969100
CUST_002467,Anthony,Bell,PERSON,712-74-0969,1946-01-05,palmertammy@example.org,405-202-5381,"9795 Williamson Square Suite 654, Marcusburgh, WI 09337",2024-11-22T14:26:20.969315
CUST_002468,"Sutton, Montoya and Payne",,BUSINESS,85-2425085,,pamela54@example.com,263.348.7183x29506,"984 Thompson Walks, Perryside, VT 70786",2024-10-12T14:26:20.969543
CUST_002469,Alec,Baker,PERSON,837-20-7907,1958-11-06,christian84@example.org,835-504-8148x539,"249 Joshua Fork Suite 257, Gonzalezchester, IN 72709",2025-11-08T14:26:20.969809
CUST_002470,Nathaniel,Fields,PERSON,391-09-9628,1999-04-23,hughescrystal@example.org,001-858-479-7726x257,"248 Andrea Hills Suite 537, West Kendra, AZ 07778",2025-10-06T14:26:20.970008
CUST_002471,Chelsea,Rubio,PERSON,730-77-9815,2002-07-23,eric07@example.org,571.788.1585x8227,"9165 Lee Ridge Suite 709, Perezborough, SC 75689",2026-08-27T14:26:20.970183
CUST_002472,Barnett and Sons,,BUSINESS,14-8732776,,garciadaniel@example.org,738-905-2063,"44048 Gregory Corners Suite 720, Campbellport, NJ 17602",2024-11-12T14:26:20.970359
CUST_002473,"Rodgers, Taylor and Graham",,BUSINESS,82-9636236,,john11@example.com,(428)937-5198,"595 Alison Parks Suite 261, Escobarfort, WA 10133",2025-07-12T14:26:20.970569
CUST_002474,"Ross, Winters and Park",,BUSINESS,12-8880256,,joseph11@example.net,876-329-7494x9791,"27630 Daniel Tunnel, Tonytown, LA 47501",2025-01-22T14:26:20.970802
CUST_002475,Earl,Velez,PERSON,604-13-3293,1958-02-19,jessicaedwards@example.com,867-666-5420x9866,"0731 Kristopher Stravenue, North Anthony, TX 00555",2025-10-27T14:26:20.970999
CUST_002476,"Navarro, Dudley and Mccoy",,BUSINESS,83-7548160,,tkennedy@example.org,(719)535-3858x2406,"352 Morales Spurs, Scottton, HI 09284",2025-10-21T14:26:20.971209
CUST_002477,Erica,Weiss,PERSON,460-08-2105,1963-03-29,amycobb@example.org,+1-869-777-9109x92208,"517 Howell Grove, Michaelshire, WY 22695",2025-05-04T14:26:20.971410
CUST_002478,Michael,Mclaughlin,PERSON,427-02-5466,1977-07-07,davisbrittany@example.org,461.637.7534,"53685 Cohen Valleys, East Danny, KY 49439",2024-10-09T14:26:20.971602
CUST_002479,Latasha,Munoz,PERSON,224-74-2328,1988-09-16,wangcrystal@example.com,208.639.5406x3516,"4830 Amber Circle Suite 551, New David, CA 69676",2025-10-07T14:26:20.971792
CUST_002480,Brown-Price,,BUSINESS,74-6696526,,kwright@example.org,890-578-2433x6160,"8366 Emily Centers, Hahnborough, WA 68381",2026-03-30T14:26:20.971980
CUST_002481,"Hall, Mitchell and Hamilton",,BUSINESS,56-8314717,,fjones@example.com,+1-653-687-6798x976,"254 Craig Light, New Andrewmouth, RI 29921",2026-02-22T14:26:20.972204
CUST_002482,"Harrison, Jackson and Campbell",,BUSINESS,91-2263679,,rita19@example.net,001-510-725-0785x373,"67238 Samantha Pines, West Robertfurt, WI 64542",2025-03-17T14:26:20.972404
CUST_002483,Nicholas,Miller,PERSON,582-68-4015,1978-03-20,tiffany87@example.net,001-887-238-1294x657,"9124 Knight Brooks, West Carolyn, MS 70597",2025-11-26T14:26:20.972576
CUST_002484,Hamilton LLC,,BUSINESS,16-5988206,,millerjoseph@example.net,5905130287,"7146 Sims Circle, Port Clarence, NY 54323",2025-02-06T14:26:20.972757
CUST_002485,"Pham, Mcdaniel and Francis",,BUSINESS,38-2542796,,ramireztroy@example.com,(452)484-3863,"PSC 1705, Box 0757, APO AP 72954",2025-02-01T14:26:20.972951
CUST_002486,Alan,Webb,PERSON,578-83-9693,1959-02-23,kimberlyadams@example.net,279.370.5326x86679,"181 Mcdonald Light Apt. 221, Kathrynmouth, TX 10835",2025-01-18T14:26:20.973170
CUST_002487,Mclaughlin PLC,,BUSINESS,44-2128599,,david65@example.org,606.977.3954,"8254 Taylor Village Suite 185, Christianside, TN 61686",2025-02-13T14:26:20.973316
CUST_002488,Williams-Brown,,BUSINESS,64-4518839,,amy56@example.com,+1-280-735-6761x1564,"2225 Victoria Lock, Lake Alyssamouth, WI 32799",2025-09-26T14:26:20.973485
CUST_002489,David,Mckee,PERSON,053-80-0573,1990-03-29,villegaswilliam@example.net,369.512.4897,"872 Sims Throughway, Port Devinbury, FL 34192",2024-11-18T14:26:20.973693
CUST_002490,Hutchinson Inc,,BUSINESS,74-6031638,,barbara13@example.net,4816813797,"USS Nolan, FPO AA 24444",2025-06-30T14:26:20.973807
CUST_002491,Beck Group,,BUSINESS,35-7951039,,johnny85@example.org,2109211334,"66327 Knight Greens Suite 553, Elizabethfort, ND 59141",2025-08-01T14:26:20.973959
CUST_002492,"Steele, Perkins and Graham",,BUSINESS,89-9646460,,paulaboyd@example.com,(842)997-4224x41753,"2102 Perez Isle, North Scottshire, AR 20085",2025-06-09T14:26:20.974210
CUST_002493,Kelly,Callahan,PERSON,419-62-0091,2003-04-05,esawyer@example.org,(614)474-5501,"799 David Grove Suite 754, North Shane, NE 65418",2026-08-28T14:26:20.974390
CUST_002494,Kylie,Gonzalez,PERSON,396-63-6971,2000-08-19,harmstrong@example.net,001-279-292-8630x8253,"67040 Garrison Divide, Port Frank, AR 86745",2025-02-03T14:26:20.974579
CUST_002495,Kirk-Graham,,BUSINESS,37-8839914,,zsmith@example.com,206-246-2788x663,"75878 Steven Loaf, Alexanderstad, ND 32067",2025-12-16T14:26:20.974767
CUST_002496,Harris Ltd,,BUSINESS,82-2004647,,thomastracy@example.com,529-764-8939x88611,"0541 Mckenzie Shoals, West Shirley, MN 93557",2025-03-31T14:26:20.974947
CUST_002497,Angela,French,PERSON,525-10-8118,1998-01-26,eharper@example.net,(388)273-6051,"58399 Anderson Parkway Apt. 009, Leehaven, AZ 98876",2025-09-08T14:26:20.975143
CUST_002498,Armstrong Ltd,,BUSINESS,28-5032805,,usanchez@example.org,(265)293-7350x1038,"730 Carrie Views Suite 418, East Joshua, HI 20426",2026-04-15T14:26:20.975291
CUST_002499,Kidd Group,,BUSINESS,65-7883025,,baileywendy@example.net,751-952-8548,"690 David Forges, Danielsland, SC 85122",2025-10-25T14:26:20.975468
CUST_002500,Dakota,Mora,PERSON,713-70-3839,1979-02-15,jdeleon@example.net,812.390.4240x8274,"4433 Harris Rest, North Brittanyfurt, HI 81608",2024-12-06T14:26:20.975653
CUST_002501,Carol,Hardy,PERSON,086-94-3708,1982-02-08,cory40@example.com,231.347.6730,"91585 Patricia Path Suite 746, North Linda, WA 75908",2025-07-21T14:26:20.975822
CUST_002502,Cooper-Moore,,BUSINESS,46-3694157,,jessicaanderson@example.org,+1-303-461-6543x844,"623 Garrett Trafficway, Hintonview, MD 74353",2025-12-28T14:26:20.976044
CUST_002503,Peter,Martin,PERSON,444-27-6071,1998-08-14,marvinmartinez@example.net,(877)248-0766,"PSC 9654, Box 5925, APO AA 37743",2025-07-28T14:26:20.976192
CUST_002504,Barbara,Rojas,PERSON,071-58-7063,1960-11-27,karen32@example.com,284.788.7610,"0690 Delgado Forest, Lake Christinaberg, PW 67346",2026-05-23T14:26:20.976374
CUST_002505,Michael,House,PERSON,156-01-8513,1951-06-28,bcarter@example.org,683.568.5786x01580,"869 Harrison Viaduct, West Kevinview, SC 90642",2026-03-04T14:26:20.976565
CUST_002506,Jason,Williams,PERSON,510-24-0769,2004-12-02,hermanjacob@example.org,001-573-998-0998x895,"693 Keith Tunnel Suite 105, South Andrea, ME 79215",2026-01-08T14:26:20.976799
CUST_002507,"Patterson, Brown and Brooks",,BUSINESS,69-9143364,,donald18@example.net,(789)205-5077x88439,"Unit 9181 Box 4983, DPO AA 06328",2025-02-20T14:26:20.976953
CUST_002508,Coleman LLC,,BUSINESS,64-1620819,,nicolepitts@example.net,3592730777,"05754 Andrew Flats, South Sheenafurt, FL 10585",2026-02-22T14:26:20.977123
CUST_002509,Sandra,Pham,PERSON,210-74-2884,1954-02-04,moraleschristopher@example.org,+1-643-729-4292x8406,"2479 Rodriguez Mountain Apt. 571, New Nathan, IA 18702",2025-12-11T14:26:20.977332
CUST_002510,James,Kramer,PERSON,814-14-9998,1964-05-11,coreyneal@example.com,+1-287-289-7087x4674,"3563 Vanessa Burg, East Ian, VI 09788",2026-08-18T14:26:20.977526
CUST_002511,Martinez LLC,,BUSINESS,45-3952542,,stonejacob@example.com,+1-686-311-4163x55578,"7355 Rice Row Suite 767, South Lisabury, ME 35476",2024-11-26T14:26:20.977712
CUST_002512,Victor,Hart,PERSON,458-31-3271,1946-04-27,berrynicole@example.com,(530)345-3707x471,"692 Miller Shore, New Samantha, GA 89598",2025-05-07T14:26:20.977922
CUST_002513,Donna,Owens,PERSON,618-95-3801,1943-04-10,brandon75@example.com,001-309-774-1417x4501,"85719 Flores Corners, Adamsmouth, ND 43271",2026-07-22T14:26:20.978112
CUST_002514,Monica,Payne,PERSON,311-94-4164,2004-02-05,ysherman@example.org,408-297-4854,"813 Rodriguez Rest Apt. 477, New Ryanfort, IN 01077",2025-10-30T14:26:20.978302
CUST_002515,"Howard, Hendrix and Hughes",,BUSINESS,18-7828441,,nwhite@example.net,(941)651-3401,"36412 Jarvis Valleys Suite 189, Andrewville, TX 94129",2025-09-09T14:26:20.978530
CUST_002516,Raymond,Tran,PERSON,709-61-3307,2000-09-07,ywalsh@example.com,617-893-8525x27470,"737 Walters Springs, West Leahside, SD 58491",2025-08-06T14:26:20.978717
CUST_002517,Gregory,Lowe,PERSON,003-51-0075,1996-04-29,austinandre@example.org,929.263.5532x58788,"PSC 2212, Box 4464, APO AE 96829",2026-01-18T14:26:20.978861
CUST_002518,Roger,Rodriguez,PERSON,390-49-4388,1963-09-11,william07@example.com,439-991-4542,"6296 Charles Trace Suite 139, Williamsside, ID 68294",2025-02-09T14:26:20.979034
CUST_002519,Brittany,Jones,PERSON,439-94-2531,1988-11-14,jennifercampos@example.com,265-767-3868,"2175 Lopez Rapid, East Jeffrey, OH 29232",2025-03-31T14:26:20.979237
CUST_002520,"Duran, Jones and Torres",,BUSINESS,73-2514123,,ychandler@example.com,637.798.8900x8438,"813 Garrett Circles Apt. 495, Jamesburgh, OR 74897",2026-01-16T14:26:20.979451
CUST_002521,Angel,Hernandez,PERSON,219-54-1768,1961-11-28,mckenziecaldwell@example.com,558-695-2778,"665 Justin Mews Apt. 828, East Gary, MT 70804",2025-10-31T14:26:20.979647
CUST_002522,Kelley Group,,BUSINESS,84-7542286,,heatherhoward@example.net,817.876.7466x2035,"6978 Mcbride Causeway Apt. 479, Camachochester, DC 48363",2026-01-18T14:26:20.979839
CUST_002523,Rice-Vaughan,,BUSINESS,37-3420581,,orussell@example.com,+1-282-996-8981x9281,"682 Suzanne Locks Suite 886, East Georgechester, IN 37130",2026-05-30T14:26:20.980019
CUST_002524,Thomas,Rodriguez,PERSON,281-85-1870,1989-10-15,randallmiller@example.com,362.960.1835x784,"14506 Grant Avenue Suite 695, Frystad, MD 23974",2026-02-09T14:26:20.980246
CUST_002525,Dominguez-Graham,,BUSINESS,66-7851404,,heather55@example.com,6997190798,"3881 Johnny Cape Apt. 956, Lake Lauren, SC 74295",2025-12-30T14:26:20.980421
CUST_002526,Kenneth,Green,PERSON,340-29-2463,1985-02-08,schmittmary@example.net,315-516-6175x963,"96219 Gray Center Apt. 932, Schwartzmouth, UT 83771",2025-05-02T14:26:20.980642
CUST_002527,Mueller-Campbell,,BUSINESS,99-2895176,,codyking@example.com,881.468.9655x208,"9421 Johnson Skyway Apt. 188, Stevenstad, NV 74034",2025-10-27T14:26:20.980855
CUST_002528,Martin-Hunter,,BUSINESS,70-5133011,,ricemargaret@example.com,860.820.9628,"0999 Bell Track Suite 061, Colinhaven, NY 82643",2025-12-06T14:26:20.981067
CUST_002529,Lisa,Thompson,PERSON,316-28-7410,1975-09-02,lloydlaurie@example.net,441-708-8265,"078 James Summit Suite 480, Alyssaborough, KY 02032",2025-09-10T14:26:20.981272
CUST_002530,Skinner-Johns,,BUSINESS,57-6170258,,marshalljeanne@example.com,253.494.6343x152,"298 Mark Trail, Fryburgh, ND 11351",2026-08-26T14:26:20.981482
CUST_002531,Michelle,Gibson,PERSON,667-24-7290,1982-11-04,xbuchanan@example.com,400-212-8344,"08370 Matthew Fords, Snydershire, VT 70433",2024-11-07T14:26:20.981665
CUST_002532,Luis,Brown,PERSON,891-51-5880,1951-01-27,kyle40@example.com,497-576-8979x903,"USNV Hansen, FPO AP 43102",2024-10-09T14:26:20.981807
CUST_002533,Monica,Smith,PERSON,102-99-6010,1988-03-01,ncarlson@example.net,(541)898-9320x989,"2366 Richard Green Apt. 771, Stephaniemouth, UT 99459",2025-12-31T14:26:20.981987
CUST_002534,"Chapman, Hall and Horton",,BUSINESS,49-7087698,,meghanwoods@example.com,(617)688-2931,"947 Greene Garden Apt. 572, Williamsport, WI 80480",2024-10-15T14:26:20.982250
CUST_002535,Maria,Weber,PERSON,361-87-2452,1993-10-21,allisonperez@example.net,4985802535,"Unit 8471 Box 2449, DPO AA 63811",2025-03-18T14:26:20.982395
CUST_002536,Amber,Burton,PERSON,181-56-8405,1965-01-23,tanya50@example.com,001-828-643-0443x424,"03948 Susan Gateway, North Denise, WY 70667",2025-06-20T14:26:20.982558
CUST_002537,Phillips-Sanchez,,BUSINESS,11-7593035,,lherrera@example.net,(725)994-5838x52149,"6760 Kayla Trail Suite 401, Port Keithburgh, WV 06823",2025-12-29T14:26:20.982740
CUST_002538,Quinn-Nelson,,BUSINESS,21-4950370,,blackburnpatricia@example.org,778-287-8441,"607 Ferguson Valley, New William, NH 48614",2025-11-16T14:26:20.982951
CUST_002539,Matthew,Thomas,PERSON,707-70-3942,1998-07-06,kylecurry@example.net,+1-508-617-2755x2589,"37411 Mariah Falls Apt. 395, North Richardborough, NV 34775",2026-04-05T14:26:20.983150
CUST_002540,"Hoover, Crawford and Marks",,BUSINESS,90-6321470,,melindawong@example.org,(515)644-2389,"Unit 7584 Box 3740, DPO AE 84546",2024-11-26T14:26:20.983332
CUST_002541,Pena-Stephens,,BUSINESS,14-5597569,,jamesdavid@example.net,7927275158,"45142 Sullivan Mews, South Cody, OR 77201",2026-06-26T14:26:20.983543
CUST_002542,"Morales, Marsh and Jackson",,BUSINESS,70-7928341,,paul88@example.net,991-611-2919,"411 Shannon Dale Apt. 466, East Abigailshire, AK 16536",2025-10-11T14:26:20.983746
CUST_002543,Allison Group,,BUSINESS,22-3690114,,boydtimothy@example.net,4363313479,"28717 William Loaf, South Sharonfort, DE 36479",2024-10-01T14:26:20.983915
CUST_002544,"Marks, Boyer and Hanson",,BUSINESS,74-2113457,,diazshelley@example.org,(501)307-3558,"PSC 0621, Box 2889, APO AP 15244",2025-09-21T14:26:20.984105
CUST_002545,Campos-Evans,,BUSINESS,87-6482263,,ashley63@example.net,(250)388-2903x11860,"5085 Beard Glen Suite 553, Lake Brettton, KY 20604",2025-06-09T14:26:20.984296
CUST_002546,Ashley,Hunter,PERSON,407-41-8996,1965-03-17,nicoledavila@example.net,627.754.5814x3023,"4662 Robert Square, Fergusonstad, MA 99893",2026-07-25T14:26:20.984809
CUST_002547,Sean,Butler,PERSON,338-65-7756,1978-04-26,chavezjason@example.net,6297640821,"4599 Hall Place, Fowlerhaven, PW 62486",2024-12-10T14:26:20.985120
CUST_002548,"Woodward, Dixon and Bentley",,BUSINESS,92-3283248,,jamesbailey@example.net,(909)358-6050x55814,"57538 Rachel Crescent Suite 884, Port Davidshire, PW 13032",2026-09-13T14:26:20.985386
CUST_002549,"Brown, Garcia and Wang",,BUSINESS,35-6126237,,georgechelsea@example.net,(693)262-5840,"73260 William Plain, Peckborough, ND 73430",2025-10-30T14:26:20.985631
CUST_002550,Miguel,Mejia,PERSON,706-43-6616,1969-03-27,emma62@example.org,(263)669-5800,"8584 Shelby Key, North Ryanborough, RI 98648",2026-05-26T14:26:20.985798
CUST_002551,Christine,Garcia,PERSON,476-32-3710,1943-12-26,phicks@example.net,277.504.2519x9529,"9459 Torres Row Apt. 451, Robinsonstad, CT 49449",2026-01-04T14:26:20.985987
CUST_002552,Michelle,Palmer,PERSON,820-37-3908,1960-07-20,alexanderbarrera@example.org,548.520.2463,"87353 Martinez Mills, Port Scott, CA 60958",2025-01-16T14:26:20.986177
CUST_002553,"Torres, Boyd and Foley",,BUSINESS,50-8574743,,jsantos@example.com,243.731.1647x8961,"74339 Christine Mountain Suite 043, North Michael, OK 75699",2025-05-15T14:26:20.986417
CUST_002554,Cindy,Barr,PERSON,667-65-7786,1941-02-14,ianderson@example.org,693-336-8830x11606,"135 Craig Garden Apt. 197, Lake Susan, DE 66494",2025-12-24T14:26:20.986619
CUST_002555,John,Copeland,PERSON,714-53-0616,1975-04-04,zevans@example.org,(918)478-6385x847,"9503 Huynh Passage Apt. 533, West Matthew, MI 80347",2024-10-13T14:26:20.986820
CUST_002556,Beck-Hodges,,BUSINESS,46-4333024,,mcabrera@example.com,2424202445,"24024 Michele Orchard Suite 859, New Victoria, VA 90457",2026-06-22T14:26:20.987007
CUST_002557,Grant-Hamilton,,BUSINESS,57-4051595,,kingautumn@example.com,001-768-301-5988,"184 Michael Ferry, Ramirezmouth, MP 10061",2025-08-10T14:26:20.987218
CUST_002558,Mendez-Holmes,,BUSINESS,83-4766269,,chadgarcia@example.com,(395)921-4620x975,"4007 Anthony Expressway Apt. 585, Woodardberg, VT 70222",2026-08-26T14:26:20.987422
CUST_002559,Eric,Flores,PERSON,631-63-1685,1950-04-18,taylor55@example.org,+1-648-468-0498x7509,"921 Kennedy Lights Suite 977, South Markbury, AZ 89199",2025-02-22T14:26:20.987599
CUST_002560,Anthony,Wilson,PERSON,467-64-8790,1984-08-25,kevin51@example.net,+1-370-730-3687x3391,"01313 Andersen Neck Suite 227, Katieborough, MD 19511",2026-06-17T14:26:20.987770
CUST_002561,Warner-Roberts,,BUSINESS,35-5391992,,andrew04@example.net,+1-380-474-4880,"PSC 6378, Box 6282, APO AA 04319",2024-09-28T14:26:20.987877
CUST_002562,Cynthia,Burton,PERSON,812-39-2245,1959-02-27,torreshunter@example.net,001-299-814-3004,"984 Flores Junctions Apt. 865, Rodrigueztown, MP 99804",2026-07-28T14:26:20.988089
CUST_002563,Ingram LLC,,BUSINESS,89-8195804,,angel60@example.org,332-258-9748x69712,"7739 Merritt Fords, Christophermouth, AR 68685",2025-01-10T14:26:20.988225
CUST_002564,"Sanchez, Gomez and Atkinson",,BUSINESS,29-2494200,,westdan@example.org,429-265-7387x33417,"657 Hughes Viaduct Suite 271, North Derek, LA 06713",2025-09-05T14:26:20.988455
CUST_002565,Daniel,Briggs,PERSON,188-51-5642,1957-05-22,vickiperez@example.net,685.403.7523x355,"5019 James Trail Suite 436, Hannahville, WV 43123",2025-02-13T14:26:20.988649
CUST_002566,Jeffrey,Crawford,PERSON,812-27-5256,1970-06-17,samantha42@example.org,804.885.5131x3843,"58884 Snyder Mountain, Angelburgh, SC 78367",2026-09-02T14:26:20.988836
CUST_002567,Mckenzie-Barnett,,BUSINESS,68-9290445,,osbornebryan@example.org,781-595-0528,"210 Johnston Spur, New Sarafort, OR 72991",2026-05-18T14:26:20.989038
CUST_002568,Sarah,Castro,PERSON,512-39-5514,1968-05-31,taylor37@example.org,001-383-800-9306x3386,"74217 Heather Mills, Port Brianstad, UT 03917",2026-02-20T14:26:20.989209
CUST_002569,Mary,Miller,PERSON,681-72-3782,1952-03-14,christopher13@example.net,+1-883-608-3393x34622,"17425 Juan Greens, Allenborough, WI 29647",2025-12-18T14:26:20.989375
CUST_002570,Ross Inc,,BUSINESS,73-7410129,,usimmons@example.net,909.995.6052x44084,"USS Smith, FPO AE 58783",2026-05-06T14:26:20.989505
CUST_002571,Doyle-Grant,,BUSINESS,36-4616607,,enielsen@example.net,881.816.4902x4838,"763 Sean Station Suite 275, Reidville, WY 73479",2025-12-01T14:26:20.989685
CUST_002572,Michelle,Leonard,PERSON,634-14-3251,1945-10-04,johngray@example.org,692.874.6222x254,"PSC 3963, Box 9266, APO AP 13953",2025-07-15T14:26:20.989828
CUST_002573,Carolyn,Hughes,PERSON,583-51-3228,2006-07-08,whitekeith@example.org,898-944-9679x48471,"485 Torres Points Apt. 098, New Christophermouth, AR 87599",2025-07-25T14:26:20.990045
CUST_002574,Nicolas,Carter,PERSON,836-26-3527,1985-08-17,debra26@example.com,+1-308-859-5514x95722,"Unit 5960 Box 5267, DPO AE 55086",2026-08-18T14:26:20.990160
CUST_002575,"Murray, Arnold and Lindsey",,BUSINESS,43-4950793,,carlsonpeter@example.net,+1-231-448-1247x95605,"1572 Hector Rue Apt. 905, South Edward, ID 78204",2024-12-23T14:26:20.990405
CUST_002576,Wright-Nguyen,,BUSINESS,41-7201492,,xburke@example.net,362.256.6548,"0782 Sheena Neck, Hillshire, OR 57364",2025-01-28T14:26:20.990596
CUST_002577,Foster LLC,,BUSINESS,20-1173144,,josephholt@example.com,9713297258,"754 Denise Wells, North Nathanmouth, ME 09486",2025-05-24T14:26:20.990765
CUST_002578,Melanie,Blevins,PERSON,663-73-4903,1985-11-13,murphyjoshua@example.net,791.973.0086,"41574 Claire Greens Apt. 215, Barnesside, FL 74832",2025-10-20T14:26:20.990974
CUST_002579,Brady and Sons,,BUSINESS,97-4560421,,mccoytara@example.org,001-693-270-7348x5675,"9937 West Port Apt. 708, Michealland, MS 52151",2025-08-20T14:26:20.991165
CUST_002580,Brown-Orr,,BUSINESS,86-5298752,,meagan84@example.com,(311)577-1623x02482,"27257 Martin Lodge, West Levi, NC 29738",2026-07-04T14:26:20.991349
CUST_002581,David,Blackwell,PERSON,178-92-2289,1979-06-02,wigginsdaniel@example.com,+1-368-451-4508x549,"USNV Harmon, FPO AA 57255",2025-02-23T14:26:20.991524
CUST_002582,Ann,Brown,PERSON,060-14-5564,2002-05-22,dariuslewis@example.com,6148389204,"11017 Brian Neck Apt. 577, New Taylor, ID 29246",2026-07-25T14:26:20.991751
CUST_002583,Owen LLC,,BUSINESS,40-8900934,,mdiaz@example.org,001-746-401-2884,"USCGC Haynes, FPO AP 30774",2025-09-19T14:26:20.991888
CUST_002584,Jeremy,Austin,PERSON,511-94-2949,2005-10-19,twilliams@example.org,001-779-208-7333x81697,"886 Gentry Points, Lake Jamiemouth, ME 52685",2026-09-11T14:26:20.992081
CUST_002585,"Powell, Cooper and Hernandez",,BUSINESS,74-7391073,,owalls@example.net,496.788.6010,"976 Schroeder Haven, Blackshire, ND 80471",2025-11-11T14:26:20.992321
CUST_002586,Garrison-Mcpherson,,BUSINESS,95-7222689,,tiffanylucero@example.com,840-455-5083x48403,"4447 Amanda Rapid Suite 092, Boydhaven, DE 19248",2026-05-04T14:26:20.992525
CUST_002587,Ebony,Garcia,PERSON,553-41-9178,1999-07-20,jeffery39@example.net,001-729-857-8650x952,"PSC 0800, Box 0038, APO AE 03825",2025-01-30T14:26:20.992634
CUST_002588,Kaylee,Chavez,PERSON,113-23-7103,1985-01-26,smithchristine@example.org,612.680.7299,"2269 Mitchell Parks Suite 386, Lake Christopher, MO 30321",2025-12-24T14:26:20.992831
CUST_002589,Jonathan,Higgins,PERSON,322-99-4966,1993-11-15,perryaustin@example.com,205.340.7129x89979,"15887 Christopher Islands Apt. 331, Dennisstad, GA 89692",2025-04-19T14:26:20.993025
CUST_002590,"Nguyen, Malone and Hernandez",,BUSINESS,53-8853160,,lopeztyler@example.net,699-239-1900x1128,"34467 Welch Squares Suite 268, New Rebeccaburgh, FM 53391",2026-05-04T14:26:20.993265
CUST_002591,Maria,Hunt,PERSON,829-41-4310,1951-01-16,brandivargas@example.net,380.949.1981x70015,"4347 Christopher Mountain Apt. 891, Michaeltown, MI 54356",2025-10-27T14:26:20.993462
CUST_002592,"Erickson, Davidson and Cohen",,BUSINESS,28-5368887,,allenramirez@example.com,228-259-5252x9242,"432 Jacob Neck Apt. 772, West John, PW 37149",2026-05-20T14:26:20.993685
CUST_002593,Barry-Lopez,,BUSINESS,15-3145327,,tstone@example.net,759-430-5069x9875,"USCGC Choi, FPO AA 78498",2025-04-23T14:26:20.993835
CUST_002594,Mejia PLC,,BUSINESS,56-8215646,,bbutler@example.org,001-969-264-6901x64423,"55105 Vanessa Oval Suite 786, Lake Ericstad, MP 84963",2025-12-01T14:26:20.993984
CUST_002595,"Mason, Cameron and Gray",,BUSINESS,88-5425123,,phillipwilliams@example.net,719-563-2362,"07013 Emily Trail Suite 889, Rosebury, IA 87290",2025-04-05T14:26:20.994225
CUST_002596,"Sherman, Hall and Coleman",,BUSINESS,65-3767969,,amanda49@example.org,205.780.3071x4601,"4111 Stacey Orchard, North Rhonda, FM 28255",2025-10-28T14:26:20.994420
CUST_002597,Aguirre LLC,,BUSINESS,29-8381800,,hartmanpaul@example.net,546-491-0764,"42438 Cynthia Glens, Michelleshire, MA 14285",2026-07-24T14:26:20.994592
CUST_002598,Tara,Brooks,PERSON,560-39-1565,1943-07-21,larryburke@example.com,(360)566-5431,"637 Phillips Trafficway, New Kathleenburgh, GA 67077",2026-04-17T14:26:20.994794
CUST_002599,Michael,Thompson,PERSON,319-26-3828,1988-11-05,hughesglenn@example.org,804-778-2773x45734,"4998 Robin Junction Apt. 991, Ramosbury, NH 56981",2026-01-24T14:26:20.994999
CUST_002600,Richard,Patterson,PERSON,378-77-3358,1993-10-16,umoore@example.com,641-253-9660x8604,"49687 Stephanie Plains Suite 561, Lake Maryport, RI 95995",2026-08-11T14:26:20.995172
CUST_002601,Joseph Ltd,,BUSINESS,43-3743996,,xsawyer@example.com,001-703-810-9388x829,"67898 Sarah Prairie Suite 223, West Davidville, CT 87289",2024-09-24T14:26:20.995319
CUST_002602,Stout and Sons,,BUSINESS,65-2946560,,nicole44@example.com,+1-940-772-1112x5966,"93530 Brandi Turnpike, Rangelborough, IL 76428",2025-04-28T14:26:20.995463
CUST_002603,Matthew,Freeman,PERSON,770-47-7803,1972-12-16,fharrington@example.net,(212)876-5149x2410,"1813 Russell Divide, South Paulchester, CO 01421",2025-06-21T14:26:20.995643
CUST_002604,Sherman Inc,,BUSINESS,81-9140297,,haynesjoshua@example.org,+1-888-293-4773x10110,"859 Walker Cape, Wilsonview, MD 48659",2025-06-05T14:26:20.995828
CUST_002605,Wilson-Richardson,,BUSINESS,24-3483929,,walkerkristie@example.net,(222)366-5098,"569 George Street, West Markside, WI 72755",2026-05-13T14:26:20.996033
CUST_002606,Vasquez-Scott,,BUSINESS,21-4418084,,michaelthompson@example.org,751-858-2843x656,"3027 Christian Stream Suite 561, Calebtown, MN 34837",2025-11-30T14:26:20.996230
CUST_002607,Benjamin,Romero,PERSON,795-40-5736,1984-03-28,wcoleman@example.net,(254)913-2146,"439 Christina Land, Navarroview, NV 54174",2026-03-28T14:26:20.996408
CUST_002608,Smith-Evans,,BUSINESS,82-4563416,,zsimpson@example.com,+1-953-613-8678x2362,"374 Lawrence Course, Thorntonland, WY 58045",2025-01-27T14:26:20.996593
CUST_002609,Michael,Baird,PERSON,873-30-2563,1950-08-30,ryangonzalez@example.org,920-702-8734x0362,"24293 Ruben Green Suite 208, South Erica, AK 63972",2025-03-27T14:26:20.996786
CUST_002610,Michael,Bruce,PERSON,527-96-1736,1971-01-13,charlesgarcia@example.org,224-403-6036,"7584 Kelly Knoll, New Mckenzie, AS 06373",2025-07-17T14:26:20.996986
CUST_002611,Diane,Dawson,PERSON,216-14-9890,1985-04-24,xperez@example.org,713.235.8626,"044 Delgado Coves Apt. 163, New Brian, AR 41330",2026-01-07T14:26:20.997166
CUST_002612,"Cannon, Garcia and Willis",,BUSINESS,96-2582179,,rebekahhughes@example.net,3736312566,"2140 Joseph Ramp, Port Tina, LA 90595",2025-10-15T14:26:20.997392
CUST_002613,David,Sexton,PERSON,847-15-1946,1962-07-04,jameswhite@example.net,001-441-652-7765x59253,"759 Kennedy Extensions Suite 929, Barretthaven, PW 60406",2025-11-29T14:26:20.997611
CUST_002614,Mark,Stone,PERSON,689-24-8469,1949-02-05,martinronald@example.com,685-822-4316x72083,"622 Marsh Village, Chelseaport, AL 98229",2025-08-09T14:26:20.997823
CUST_002615,Barry-Weber,,BUSINESS,85-2779557,,derek05@example.com,(829)475-5933x8419,"155 Angela Passage Suite 697, Margaretbury, NC 38935",2025-10-20T14:26:20.997992
CUST_002616,Steven,Robinson,PERSON,350-73-2808,1974-04-18,ejordan@example.org,001-931-276-1586x504,"PSC 8728, Box 4010, APO AA 61911",2026-08-18T14:26:20.998112
CUST_002617,Jessica,Myers,PERSON,887-81-5749,1985-07-20,howardbradley@example.org,7182732856,"3805 Joseph Isle, Port Rebeccaberg, LA 93621",2025-06-02T14:26:20.998303
CUST_002618,Phelps and Sons,,BUSINESS,68-5518413,,wellsalejandro@example.org,5889542348,"USCGC Wolf, FPO AE 66235",2025-01-16T14:26:20.998447
CUST_002619,Brianna,Chen,PERSON,052-67-8040,1983-06-02,jenniferhubbard@example.com,277-346-0110x8439,"8751 Foster Center, West James, AL 81969",2025-10-14T14:26:20.998657
CUST_002620,Karina,Ward,PERSON,725-82-8446,1984-05-31,allenjennifer@example.com,+1-791-295-4017x749,"4925 Jennifer Island Apt. 355, East Monicachester, WY 87312",2024-11-14T14:26:20.998887
CUST_002621,Smith-Castro,,BUSINESS,51-3169632,,angelairwin@example.com,598-968-0666x43067,"8736 Kathryn Court, Williammouth, NH 34204",2026-02-12T14:26:20.999103
CUST_002622,Marvin,Decker,PERSON,298-72-9637,1948-10-16,egray@example.org,+1-747-242-2199x1431,"71020 Dawn Forge Suite 925, New Tammyfurt, CO 72438",2024-11-26T14:26:20.999299
CUST_002623,Greer and Sons,,BUSINESS,51-1931723,,lthompson@example.net,289-299-3284,"9313 Laura Green, New Lauraton, SC 07283",2026-07-06T14:26:20.999459
CUST_002624,"Suarez, Anderson and Reed",,BUSINESS,21-7691735,,butlerjason@example.net,353-542-1055x891,"52703 Scott Cliff, Kevinton, VT 39886",2025-12-29T14:26:20.999713
CUST_002625,Jason,Padilla,PERSON,509-46-5884,2001-12-02,cookcrystal@example.net,(258)964-4526x465,"34191 Hernandez Points, Joshuabury, MN 64580",2026-01-14T14:26:20.999926
CUST_002626,Robinson-Jones,,BUSINESS,21-1344134,,angela08@example.org,8263233329,"02079 Paul Hill, Clarkmouth, VT 69824",2026-02-15T14:26:21.000102
CUST_002627,Austin,Mclaughlin,PERSON,765-88-1620,1991-02-03,ebaker@example.net,670-872-3089,"819 Dixon Field, Williamview, ID 36611",2025-08-15T14:26:21.000275
CUST_002628,"Davis, Harrison and Juarez",,BUSINESS,46-3585950,,sanchezalexis@example.net,393-205-1271,"USNV Floyd, FPO AA 42086",2026-05-16T14:26:21.000474
CUST_002629,Torres PLC,,BUSINESS,72-8253770,,ronaldtaylor@example.com,704.806.3252,"35241 Campbell Motorway, Lisaland, UT 71644",2025-11-03T14:26:21.000642
CUST_002630,Lucas,Neal,PERSON,007-15-2681,2008-04-29,xaviereverett@example.org,663-347-0165,"93631 Alvarado Rue Apt. 973, North Kevinland, CT 13016",2025-09-14T14:26:21.000840
CUST_002631,Renee,Ochoa,PERSON,302-86-9745,1974-11-16,estradarobert@example.net,001-685-286-4907x9618,"63340 Ryan Gateway, North Jerry, IL 29372",2025-09-05T14:26:21.001024
CUST_002632,Kelli,Lee,PERSON,078-64-9440,1977-11-10,danielle99@example.net,358.474.4853,"5916 Conway Tunnel, Fowlerport, NE 92147",2025-05-03T14:26:21.001196
CUST_002633,Daniel-Chung,,BUSINESS,59-8993331,,wilsonjoan@example.net,833-470-9472,"15776 Michael Heights Apt. 551, South Jonathan, PA 31917",2025-12-16T14:26:21.001386
CUST_002634,"Smith, Garcia and Guerra",,BUSINESS,21-8088983,,kara29@example.net,+1-967-324-3470x1492,"USNS Paul, FPO AP 65954",2025-09-04T14:26:21.001555
CUST_002635,Laura,Beard,PERSON,870-19-8311,1982-09-24,myerswhitney@example.org,863-964-3044x979,"USCGC Lucas, FPO AE 41913",2025-06-29T14:26:21.001718
CUST_002636,Cruz-Russell,,BUSINESS,21-1678438,,smithjoan@example.org,(380)202-4318,"533 Robinson Junction, Sethburgh, OH 16658",2025-04-09T14:26:21.001924
CUST_002637,"Russell, Ortega and Reyes",,BUSINESS,69-4761958,,ronald99@example.com,746-485-7494,"0833 Marshall Canyon, East Meredith, FM 25617",2024-11-22T14:26:21.002153
CUST_002638,Michael,Ryan,PERSON,596-61-7321,1950-08-31,ahernandez@example.net,674.268.6398,"2858 Ashley Shores, East Kevintown, IA 91914",2025-04-27T14:26:21.002334
CUST_002639,Toni,Sanders,PERSON,486-86-3269,1984-06-26,dmiller@example.com,438-206-4900,"304 Kelly Rest, Joannaland, NE 15038",2025-11-23T14:26:21.002511
CUST_002640,Perez LLC,,BUSINESS,65-2328472,,ambergonzalez@example.net,435.775.7445,"2377 Anthony Freeway Apt. 453, East Christinastad, CT 76257",2025-05-15T14:26:21.002684
CUST_002641,Myers-Medina,,BUSINESS,29-3143956,,pbarker@example.net,(303)585-4336x658,"667 Sonya Manors, West Erin, OH 45100",2024-10-16T14:26:21.002862
CUST_002642,Medina-Scott,,BUSINESS,41-9776028,,stephen85@example.org,+1-808-761-0572,"461 Aguilar Islands, Jeremyville, WA 03235",2025-07-06T14:26:21.003040
CUST_002643,Miller-Patterson,,BUSINESS,82-1800747,,hcline@example.net,(573)382-2655x9993,"52300 Kent Manors, Schultzberg, GU 27842",2025-03-01T14:26:21.003239
CUST_002644,Sarah,Morton,PERSON,070-73-4512,1966-05-10,ncarter@example.net,001-681-564-8462x431,"41146 Michael Ports, Karenville, FL 66185",2026-08-01T14:26:21.003414
CUST_002645,Anthony,Oconnell,PERSON,283-79-3223,1941-03-31,jason00@example.net,567-548-0411x4575,"7460 Bryan Mountain, Port Amberland, HI 34134",2025-04-12T14:26:21.003588
CUST_002646,Reilly-Pena,,BUSINESS,62-2585184,,jocelyntucker@example.org,001-629-995-5215x7231,"9684 Jacob Port Apt. 888, Rogersshire, VT 80744",2025-05-29T14:26:21.003803
CUST_002647,"Smith, Spencer and Gallagher",,BUSINESS,55-5275844,,kerri69@example.org,9287352876,"3158 Martinez Courts Suite 796, Christophertown, NH 52633",2025-01-25T14:26:21.004024
CUST_002648,Jennifer,Wilson,PERSON,146-04-3479,1963-01-21,katelynfox@example.org,(478)944-9641x13589,"698 Christopher Drives, East Stephanieport, MD 04485",2025-04-19T14:26:21.004223
CUST_002649,Scott,White,PERSON,545-52-4434,1958-08-07,farrellbrenda@example.com,977-243-4021,"3483 Jeffrey Way, Leeland, MN 21835",2026-05-23T14:26:21.004425
CUST_002650,Clark Ltd,,BUSINESS,32-4056945,,tcastillo@example.org,+1-671-744-8590x7138,"8616 Sandra Vista Suite 388, Lake Jesse, AZ 85902",2025-08-10T14:26:21.004573
CUST_002651,Jennifer,Morton,PERSON,293-73-8946,1945-04-23,mary12@example.org,001-286-973-9796x0086,"903 Francisco Street Suite 312, Stephanieville, WI 88019",2026-06-23T14:26:21.004735
CUST_002652,Kim-Harper,,BUSINESS,48-6267145,,elizabethhuffman@example.net,739-608-8508,"28273 Micheal Drive, Port Davidhaven, ND 61704",2025-01-23T14:26:21.004934
CUST_002653,Sullivan Group,,BUSINESS,95-8548873,,whitesarah@example.com,652-209-8148x185,"98516 Smith Dam, West Victoria, DE 03429",2024-12-17T14:26:21.005110
CUST_002654,Shannon-Walker,,BUSINESS,53-4140556,,briangreer@example.org,(257)846-5448,"6802 Kelly Overpass Apt. 267, Port Diane, AZ 14691",2026-02-12T14:26:21.005309
CUST_002655,Wesley,Villegas,PERSON,779-02-3850,1976-04-26,carterchristine@example.net,307.382.4814x9441,"649 Valdez Prairie Suite 096, Barbaramouth, KS 49442",2026-06-28T14:26:21.005517
CUST_002656,"Brown, Richard and Curtis",,BUSINESS,96-2783932,,burnsmicheal@example.org,534-284-2981x48978,"1702 Gregory Stream, Port Erikabury, GU 32383",2025-06-29T14:26:21.005750
CUST_002657,Megan,Woods,PERSON,016-78-1873,1946-08-23,farrellwilliam@example.org,873.456.7194x955,"9088 Blackwell Burg, New Troy, MD 27782",2026-09-11T14:26:21.005954
CUST_002658,"Cox, Hudson and Bennett",,BUSINESS,24-1223214,,erinkrause@example.com,995.638.3779x295,"9376 Lauren Points Suite 529, North Davidview, AS 52164",2026-03-25T14:26:21.006198
CUST_002659,Roberts and Sons,,BUSINESS,68-7796309,,mariaclements@example.org,984-495-1105x596,"418 Price Tunnel Suite 321, Jacksonshire, DC 55619",2024-11-12T14:26:21.006414
CUST_002660,Newman-Henry,,BUSINESS,48-7052024,,kathleenmcclure@example.com,738-207-7442x149,"Unit 7947 Box 6441, DPO AA 07550",2024-10-09T14:26:21.006564
CUST_002661,"Flowers, Williamson and Rivera",,BUSINESS,48-2470273,,james66@example.org,(928)871-6944x424,"Unit 5784 Box 6113, DPO AP 34578",2026-05-11T14:26:21.006719
CUST_002662,Lawrence,Davis,PERSON,194-01-2182,1981-10-02,youngjames@example.net,001-472-309-5625x0575,"2106 Ramirez Mountain Suite 376, South Petertown, NE 92525",2026-09-02T14:26:21.006931
CUST_002663,Christina,Anderson,PERSON,709-18-2495,1990-12-15,debracooper@example.net,952.638.4164x97984,"6813 Heather Cliff, East Markland, KS 79040",2026-05-25T14:26:21.007134
CUST_002664,Misty,Garrett,PERSON,652-87-4150,1990-04-10,jamesross@example.org,+1-367-974-7731x3341,"72935 Duncan Gardens, Port Grace, WV 52569",2024-10-04T14:26:21.007345
CUST_002665,Ana,Webb,PERSON,484-84-8172,1962-01-04,whitesharon@example.net,799.412.0615,"USNS Chavez, FPO AA 47027",2026-08-20T14:26:21.007525
CUST_002666,Vanessa,Sosa,PERSON,154-25-5705,1966-05-26,christopher51@example.net,(775)541-0675,"8041 Casey Track, Gordonside, AL 24406",2025-05-12T14:26:21.007715
CUST_002667,Kelsey,Wilson,PERSON,337-75-5793,1958-12-03,brendan34@example.com,(262)204-7148,"795 Kenneth Vista Apt. 066, Sullivanview, MA 20294",2024-11-20T14:26:21.007894
CUST_002668,Karen,Hall,PERSON,737-94-9427,1949-11-13,kathyjohnson@example.com,8255802894,"PSC 5378, Box 9409, APO AP 55872",2025-06-27T14:26:21.008037
CUST_002669,Robert,Wilson,PERSON,548-50-4543,1987-11-14,qharrington@example.com,(459)935-2385x71212,"92357 Todd Stravenue, New Jesse, HI 49137",2026-06-20T14:26:21.008209
CUST_002670,"Williams, Rivas and Lynch",,BUSINESS,69-3485807,,thomasdodson@example.net,(470)231-0537x18098,"377 Robinson Drives, Mariahview, IA 29477",2025-05-19T14:26:21.008450
CUST_002671,Diaz Ltd,,BUSINESS,12-2953854,,christopherhamilton@example.net,545-207-4217x878,"2575 Norman Haven Apt. 896, Mcdowellside, CA 01564",2026-03-30T14:26:21.008640
CUST_002672,Melissa,Pena,PERSON,009-03-7879,1995-05-28,colinfarrell@example.com,001-853-653-8218x108,"Unit 9432 Box 1474, DPO AP 30383",2024-09-27T14:26:21.008780
CUST_002673,"Murphy, Berry and Wilson",,BUSINESS,72-8910276,,hnewton@example.com,001-576-798-7960x8709,"6293 Steven Roads, Johnsonmouth, DC 32199",2026-08-27T14:26:21.009006
CUST_002674,"Johnson, Davies and Cortez",,BUSINESS,84-5070650,,sjordan@example.org,(220)731-5915x73143,"0505 John Course, New Jasmine, AZ 38428",2026-02-22T14:26:21.009221
CUST_002675,"Gill, Smith and Rodriguez",,BUSINESS,82-7572195,,frankthomas@example.org,(480)606-5564,"723 Garcia Drive, Garrettberg, SD 94754",2026-07-26T14:26:21.009460
CUST_002676,Kim Group,,BUSINESS,11-2722408,,zyoung@example.com,6532894452,"132 Shannon Knolls Apt. 579, Jerryport, VA 44680",2024-12-10T14:26:21.009604
CUST_002677,"Holden, Munoz and Martinez",,BUSINESS,63-9316519,,ballheather@example.net,554-573-6531,"03546 Donald Branch Suite 439, Port Jamieberg, GA 48908",2025-02-01T14:26:21.009838
CUST_002678,"Cook, Hodges and Gibbs",,BUSINESS,14-9178834,,osborncristian@example.org,854-478-3643x7482,"188 William Street Suite 359, East Lindsaymouth, AL 36879",2025-08-03T14:26:21.010073
CUST_002679,"Lee, Bowman and Scott",,BUSINESS,75-9185628,,andersoncharles@example.org,+1-391-349-2141x710,"0224 Robert Extensions Apt. 488, Leeburgh, AK 89318",2026-01-22T14:26:21.010332
CUST_002680,Bryan,Lopez,PERSON,526-28-9608,1972-02-16,johnsonjames@example.com,001-353-381-0136,"64756 Davis Ridge Suite 110, Richmondview, NH 30165",2025-03-25T14:26:21.010557
CUST_002681,Kelly,Fuller,PERSON,440-13-8602,1958-06-01,udavis@example.net,001-885-746-0081x184,"77261 Reynolds Plains, Christinabury, DE 85469",2025-07-11T14:26:21.010739
CUST_002682,Sloan-Sullivan,,BUSINESS,80-2065530,,kathleen38@example.net,648.663.0188,"252 Walker Drive, Josephville, IN 96670",2025-12-16T14:26:21.010914
CUST_002683,Bentley LLC,,BUSINESS,70-2961940,,kimraymond@example.com,423.690.0672x825,"33113 Shawn Orchard Apt. 421, Hamiltonshire, NH 74525",2025-04-28T14:26:21.011093
CUST_002684,Williams-Blake,,BUSINESS,67-8318725,,michael20@example.com,001-479-988-4554,"8163 William Club, East Paula, DE 47207",2026-08-26T14:26:21.011258
CUST_002685,Ashley,Ellis,PERSON,443-58-7026,1985-12-22,kstrickland@example.net,460.659.1279x728,"58593 Charles Road Suite 565, Pricetown, DE 65668",2025-11-26T14:26:21.011444
CUST_002686,Amanda,David,PERSON,613-82-2809,1969-06-08,christopher51@example.net,(257)681-6917x2314,"4813 Williams Meadow, North Susan, AK 45040",2025-05-24T14:26:21.011616
CUST_002687,"Jackson, Salazar and Glenn",,BUSINESS,66-4894044,,scarter@example.org,614.869.5071x41580,"18728 Harris Isle, Harveyton, ID 49636",2025-04-15T14:26:21.011847
CUST_002688,Patrick,Rodriguez,PERSON,430-77-9866,1974-10-14,snydertroy@example.net,001-240-731-0595x325,"267 Ryan Mall Suite 824, Vanessamouth, KY 49886",2025-01-23T14:26:21.012042
CUST_002689,"White, Jensen and Butler",,BUSINESS,87-8859576,,johnsantos@example.net,903-652-6212x040,"00315 Cheyenne Drive Apt. 408, South Jamesmouth, MO 29469",2026-05-05T14:26:21.012276
CUST_002690,Rogers Group,,BUSINESS,59-7993768,,lutznichole@example.org,529.631.1371,"86370 Eric Meadows, Acostafort, AK 58252",2024-10-27T14:26:21.012452
CUST_002691,"Adams, Hill and Anderson",,BUSINESS,70-3718341,,jonathannichols@example.org,646-282-0401x8079,"659 Walker Glen, Carrollstad, UT 63834",2024-12-19T14:26:21.012702
CUST_002692,Paul,Murphy,PERSON,878-28-9983,1970-06-12,lewisjeremiah@example.org,3704324727,"3948 Miller Hill Suite 935, East Amandastad, AL 13896",2025-12-01T14:26:21.012908
CUST_002693,Jose,Warren,PERSON,468-57-3555,1964-08-08,woneill@example.net,366.369.6170x27759,"8351 Mendoza Avenue, North Johnfort, NH 44062",2024-11-02T14:26:21.013090
CUST_002694,Richardson-Christensen,,BUSINESS,26-3907342,,brianna46@example.com,001-738-252-2197x664,"4570 Ruth Harbors, Hernandezshire, MN 87411",2026-02-24T14:26:21.013266
CUST_002695,Melissa,James,PERSON,519-04-5896,1945-08-17,stephen59@example.net,287-276-1268x5314,"6736 Miguel Mills, East Melissaport, KY 44697",2025-01-04T14:26:21.013428
CUST_002696,"Madden, Francis and Sanchez",,BUSINESS,22-7979059,,lisa97@example.net,001-785-712-4612,"231 Marissa Station Suite 256, East Michaelside, IL 62385",2025-04-29T14:26:21.013629
CUST_002697,Sanchez Inc,,BUSINESS,40-4513701,,debra86@example.org,(215)404-8548x74390,"914 Jessica Mall, Richardview, HI 40528",2025-02-23T14:26:21.013762
CUST_002698,Anna,Ferrell,PERSON,556-22-7806,1962-09-07,haley30@example.com,001-814-617-4715x749,"6117 Jones Park, East Meganview, SD 08653",2026-08-29T14:26:21.013933
CUST_002699,Chapman-Warren,,BUSINESS,43-6990202,,gjones@example.com,(547)689-1465,"PSC 1924, Box 0012, APO AE 20760",2024-10-23T14:26:21.014056
CUST_002700,Beth,Richards,PERSON,359-46-5049,1995-11-13,roblesgregory@example.com,001-331-929-3404x721,"26714 Richard Burg Suite 317, Kingmouth, CT 33584",2026-03-22T14:26:21.014263
CUST_002701,John,Graham,PERSON,788-81-0638,1991-02-11,fryemary@example.com,280.400.1330x349,"08193 Shelby Skyway Suite 405, Jacksonshire, TN 43433",2026-07-13T14:26:21.014474
CUST_002702,"Brooks, Hudson and Murphy",,BUSINESS,65-2912087,,teresa76@example.net,+1-209-541-5863x1959,"2248 John Ports, New Karen, KS 24873",2024-12-23T14:26:21.014672
CUST_002703,Kimberly,Figueroa,PERSON,493-17-8053,1969-02-09,odomsierra@example.net,902-900-7310x6526,"91710 Gregory Glen Apt. 062, Terryfort, SC 79708",2026-05-16T14:26:21.014891
CUST_002704,Gregory,Miller,PERSON,729-96-6303,1946-03-23,bakerjessica@example.net,882.644.8156x42643,"USS Bailey, FPO AP 10150",2025-05-06T14:26:21.015067
CUST_002705,Miller-Garcia,,BUSINESS,53-6959954,,jennifer97@example.net,295-351-4623,"1893 Melissa Locks, Woodberg, VA 54446",2026-07-31T14:26:21.015249
CUST_002706,"Howard, Smith and Haney",,BUSINESS,29-9646766,,jessica40@example.org,001-843-866-4469x024,"502 Jones Parkways Apt. 319, Scottberg, IA 44079",2025-01-06T14:26:21.015460
CUST_002707,Frederick,Blair,PERSON,538-68-0764,1973-03-14,salazarellen@example.com,814.829.1851,"3908 Michael Skyway, Lucasberg, KY 73757",2024-09-23T14:26:21.015663
CUST_002708,Elizabeth,Haney,PERSON,193-88-1835,1982-02-28,brittany42@example.net,(289)945-7299x8726,"097 Taylor Plaza Suite 132, New Triciamouth, DE 31762",2025-06-25T14:26:21.015837
CUST_002709,Goodman-Lewis,,BUSINESS,24-2776570,,cassandra58@example.org,+1-643-758-4972x77913,"326 Ralph Light Suite 568, Mullinsport, MO 72547",2024-12-30T14:26:21.016017
CUST_002710,Nicholas,Price,PERSON,839-90-8367,1989-06-21,josephgomez@example.net,(590)497-0468,"594 Miller Shore, Juliebury, SC 40629",2025-02-18T14:26:21.016218
CUST_002711,Elaine,Rodriguez,PERSON,589-74-9134,1987-05-14,vdelgado@example.com,999.707.3707x434,"29809 Murphy Junction, West Gregoryland, TX 50760",2025-04-15T14:26:21.016400
CUST_002712,Margaret,Hunt,PERSON,086-56-3229,1964-06-11,hmoore@example.net,591.488.3616x456,"99588 Joshua Square, Santosside, WA 09282",2026-03-29T14:26:21.016584
CUST_002713,Megan,Francis,PERSON,550-32-0904,1944-06-16,mendozamichael@example.com,842-427-6903,"3327 Kelly Glens Apt. 627, Grossborough, AK 89287",2026-02-18T14:26:21.016801
CUST_002714,Harris Group,,BUSINESS,30-5901010,,allenrodney@example.org,975.351.7399x20517,"9442 David Path Apt. 140, Dudleyville, GU 82092",2024-09-21T14:26:21.016981
CUST_002715,Padilla Ltd,,BUSINESS,74-9361613,,abell@example.net,632.867.0456x98763,"223 James Throughway Suite 938, Johnsonchester, NM 56961",2026-06-07T14:26:21.017140
CUST_002716,Willie,Moore,PERSON,020-26-4222,1970-11-14,leahsanchez@example.org,(927)280-8108,"8077 Kathleen Squares Apt. 453, Nguyenbury, MD 78078",2024-11-23T14:26:21.017350
CUST_002717,Arnold-Stewart,,BUSINESS,52-3311438,,rwade@example.org,+1-890-850-5268,"6406 Alex Wells Apt. 037, Nicoleton, WA 04367",2026-05-14T14:26:21.017528
CUST_002718,Crystal,Mullins,PERSON,445-83-3664,1982-06-08,carol84@example.org,413.638.3774,"77565 Colon Plain Suite 691, South Markview, GU 57392",2025-06-24T14:26:21.017704
CUST_002719,Bennett Ltd,,BUSINESS,10-5115720,,kellyjonathan@example.com,001-895-717-0649x52761,"266 Thompson Spurs, Chadshire, TX 61921",2025-05-19T14:26:21.017880
CUST_002720,Taylor-Downs,,BUSINESS,46-9472875,,sheilaperry@example.org,605-470-5917x87663,"23835 Martin Streets, South Clayton, OK 11348",2026-03-25T14:26:21.018089
CUST_002721,Margaret,Frazier,PERSON,881-01-6576,1940-11-24,kent09@example.com,001-382-430-1134x82655,"348 Dawn Junction Suite 146, New Thomas, PA 02220",2025-12-18T14:26:21.018252
CUST_002722,Rivera Ltd,,BUSINESS,63-7050592,,lauren29@example.com,9965501772,"97691 Susan Gardens, New Kaylabury, IN 50511",2024-12-11T14:26:21.018385
CUST_002723,Michael,Spencer,PERSON,284-99-2522,1999-02-14,angelamiller@example.com,(937)666-1418x013,"Unit 5871 Box 1671, DPO AA 93637",2026-04-14T14:26:21.018526
CUST_002724,Jackson Group,,BUSINESS,39-3315160,,kevin09@example.com,+1-375-468-5420x667,"3485 Thomas Stravenue Suite 097, Hollyhaven, ID 69278",2025-07-04T14:26:21.018684
CUST_002725,"Lee, Lopez and Torres",,BUSINESS,62-8696599,,millerdiamond@example.net,(329)538-2887x77873,"57433 Ware Burg, Port Brenda, NC 67438",2025-04-06T14:26:21.018929
CUST_002726,Perez-Fry,,BUSINESS,13-8425238,,forddaniel@example.net,588.266.3183x67463,"7027 Hawkins Route Suite 704, East Amandaport, GU 94392",2026-04-20T14:26:21.019148
CUST_002727,Jaime,Francis,PERSON,445-80-0497,1993-12-20,jodi56@example.com,001-316-272-0906x9122,"3101 Valerie Pass, New Feliciaburgh, PA 84567",2025-04-05T14:26:21.019314
CUST_002728,Julie,Bennett,PERSON,419-22-9937,1950-10-28,duncandanielle@example.org,(967)555-5383x7357,"939 Andrea Vista Suite 214, Knightmouth, PA 76245",2026-06-22T14:26:21.019517
CUST_002729,Payne PLC,,BUSINESS,50-7738583,,angelalarsen@example.org,001-338-654-7289x59421,"1978 Lori Hill Apt. 890, New Benjamin, NC 99120",2026-04-01T14:26:21.019687
CUST_002730,Patel LLC,,BUSINESS,17-7597913,,ellisstephanie@example.org,001-248-983-1810,"737 Wright Flats Suite 140, Joneshaven, LA 32503",2026-08-10T14:26:21.019876
CUST_002731,Kathryn,Deleon,PERSON,185-23-0472,1954-03-14,sharon40@example.net,337-727-7631,"6513 Ryan Rapid, Port Jasonside, KS 30332",2025-02-05T14:26:21.020037
CUST_002732,Jean,Acosta,PERSON,232-85-1161,1976-03-13,scott12@example.com,6622937895,"779 Nicole Track Apt. 828, Damonside, OK 36840",2024-12-09T14:26:21.020198
CUST_002733,Riley-Kelley,,BUSINESS,63-7744488,,trevor36@example.net,264.736.8128x11731,"6278 Chad Crossroad, Port Joshua, RI 89986",2024-10-19T14:26:21.020365
CUST_002734,"Franklin, Reyes and Pitts",,BUSINESS,50-6774002,,awong@example.com,5302185077,"977 Joseph Road Suite 917, West Charlotteland, AS 17564",2026-09-08T14:26:21.020576
CUST_002735,Campbell Group,,BUSINESS,77-3463932,,kenneth62@example.com,813-697-4669x934,"752 Shawn Extensions Suite 863, Lake Rebekahbury, KY 26979",2024-09-29T14:26:21.020712
CUST_002736,Roberson PLC,,BUSINESS,67-4441570,,lopezalex@example.org,(607)262-6506x40368,"25723 David Camp Suite 264, South Jacob, CA 52793",2025-03-08T14:26:21.020882
CUST_002737,Townsend PLC,,BUSINESS,99-6792344,,fgreen@example.org,(753)954-3469x9480,"781 Ellis Bypass, Longburgh, RI 95217",2024-11-21T14:26:21.021047
CUST_002738,Clark and Sons,,BUSINESS,35-6058857,,laurenharris@example.org,423-554-4324x0863,"688 Thomas Alley, Blankenshipstad, AZ 96174",2026-06-22T14:26:21.021225
CUST_002739,Francisco,Dennis,PERSON,225-55-0795,1974-10-29,owilliams@example.net,374-827-4489,"484 Stephanie Falls, Jenniferport, CA 16828",2025-03-15T14:26:21.021394
CUST_002740,"Cordova, Aguirre and Atkins",,BUSINESS,59-3114023,,bbailey@example.org,2822883469,"4563 Luke Islands Apt. 615, South Willie, CT 91007",2025-04-02T14:26:21.021604
CUST_002741,Peck Ltd,,BUSINESS,37-2557253,,canderson@example.com,(580)936-0265x1635,"42900 Tammy Glens, Barnesfurt, RI 86225",2025-04-11T14:26:21.021759
CUST_002742,Moses-Guzman,,BUSINESS,76-6716146,,patriciagordon@example.net,001-673-709-0952x33631,"52255 Garcia Prairie Suite 757, Jordanchester, KY 95364",2024-12-05T14:26:21.021986
CUST_002743,Kathryn,Macdonald,PERSON,061-36-2672,1992-11-27,deleonandrew@example.org,(521)382-3586x36387,"4952 Gray Loaf, Michaelton, TN 20352",2026-08-24T14:26:21.022189
CUST_002744,Pamela,Conner,PERSON,675-78-1956,2001-07-05,scottnathan@example.org,(573)734-5056,"6236 Eric Passage Apt. 960, Martinezmouth, GU 62335",2025-03-13T14:26:21.022394
CUST_002745,"Barrett, Reyes and Burke",,BUSINESS,40-6099302,,john69@example.com,001-813-994-7594x349,"371 White Station Suite 330, Port Rebekahberg, VI 63138",2025-07-11T14:26:21.022606
CUST_002746,Sherri,Thomas,PERSON,650-59-1440,1945-01-10,markross@example.com,612.267.3650x7331,"68326 Bradley Fall, Lake Sarahbury, AK 76838",2026-07-17T14:26:21.022803
CUST_002747,Liu Group,,BUSINESS,43-9514426,,moorewilliam@example.com,+1-530-865-6335,"302 Jones Square Suite 572, South Kelly, AL 26483",2025-09-19T14:26:21.023003
CUST_002748,Andrew,Montes,PERSON,504-42-0982,1982-10-23,mooneyregina@example.net,255.754.9047x663,"95263 Wheeler Harbors Apt. 420, Baileyfort, FM 52113",2026-07-30T14:26:21.023218
CUST_002749,Paul,Sanchez,PERSON,231-03-6667,1985-01-08,vargaspaul@example.com,518.284.2247,"055 Beck Path, East Annstad, UT 71542",2025-06-14T14:26:21.023419
CUST_002750,Watkins and Sons,,BUSINESS,83-1087466,,wuisaiah@example.com,726-703-5425,"32644 Lewis Valleys, Timothyfort, SD 37902",2025-06-09T14:26:21.023593
CUST_002751,"Hodges, Odonnell and Soto",,BUSINESS,40-9947098,,jason12@example.net,+1-285-352-7993x66254,"17487 Justin Turnpike, Rochamouth, ND 50465",2025-01-15T14:26:21.023802
CUST_002752,Teresa,Mccormick,PERSON,467-65-1064,1976-05-01,lcooper@example.com,538.514.3597,"55241 Daniel Mission, Lake Mark, SC 93114",2025-09-23T14:26:21.023982
CUST_002753,Robinson-Holloway,,BUSINESS,46-3348331,,franciscobentley@example.com,(782)738-1449x328,"053 Thomas Underpass, Deborahburgh, FL 23069",2025-08-26T14:26:21.024179
CUST_002754,Jessica,Diaz,PERSON,634-28-5488,1984-10-27,robert05@example.com,841-704-8868,"8472 Walker Plains Apt. 219, Colebury, SC 80018",2026-06-01T14:26:21.024362
CUST_002755,Martinez-Marsh,,BUSINESS,76-4230541,,rlewis@example.com,(273)901-4085,"76751 Jones Crossroad Suite 798, Johnshire, NE 12390",2025-09-12T14:26:21.024549
CUST_002756,"Gonzalez, Lindsey and Miller",,BUSINESS,22-3458755,,castillojessica@example.net,767.996.1207,"14181 Perez Trace, Norriston, CT 65222",2024-09-18T14:26:21.024800
CUST_002757,"Campbell, Huber and Sanchez",,BUSINESS,62-2374845,,vdunlap@example.org,242.915.4380,"65798 Justin Points, Ryanview, PA 24734",2026-06-14T14:26:21.025006
CUST_002758,Eric,Huff,PERSON,258-23-1786,1973-07-01,jessica01@example.com,+1-761-527-1390,"77135 Tammy Shoal Apt. 969, Ashleyfurt, PA 51601",2025-07-08T14:26:21.025169
CUST_002759,Edward,Moore,PERSON,309-02-5306,1978-09-14,hoscott@example.com,(361)318-7407x499,"90159 Lee Wall Suite 350, Williamsville, SC 81801",2025-05-17T14:26:21.025384
CUST_002760,Eric,Michael,PERSON,384-01-5800,1998-08-29,yreilly@example.org,2917650493,"18512 John Row Suite 265, East Nicholas, NE 38667",2025-06-17T14:26:21.025556
CUST_002761,John,Knight,PERSON,659-23-0047,2008-07-22,susan25@example.com,(834)293-2415,"85600 Robinson Place Suite 018, Lake Lauraland, AL 99935",2025-09-03T14:26:21.025735
CUST_002762,Wilson-Fuentes,,BUSINESS,85-9706452,,duncanlisa@example.org,445-404-1158,"577 Gary Point Apt. 719, Robertstad, DC 67358",2025-08-08T14:26:21.025933
CUST_002763,Frederick-Thornton,,BUSINESS,84-9368933,,uthomas@example.net,613.766.6188x00972,"2122 Michele Land Suite 314, Elizabethview, MD 89892",2024-12-04T14:26:21.026113
CUST_002764,Shaw-Preston,,BUSINESS,66-9213136,,dmacias@example.com,(926)891-4229x27106,"583 Christopher Place Apt. 234, Port Jacob, MS 38688",2025-07-17T14:26:21.026291
CUST_002765,Danielle,Davis,PERSON,120-70-7085,1962-11-06,owenspaula@example.com,5802794661,"6221 Raven Bridge, Bakerberg, TX 03709",2026-04-22T14:26:21.026492
CUST_002766,Donna,Crosby,PERSON,384-69-7684,1968-03-13,haleroberta@example.net,001-513-530-5715x1959,"1338 Cherry Forest, Baileychester, ND 20542",2025-05-08T14:26:21.026704
CUST_002767,"Lee, Morgan and Gonzalez",,BUSINESS,26-9609823,,miguellewis@example.com,7534399026,"0937 Stephanie Cape Apt. 163, South Tracyberg, AL 11954",2025-03-24T14:26:21.026936
CUST_002768,Alex,Le,PERSON,888-25-2840,1975-10-07,christopherjones@example.org,697.847.2956,"1307 Samantha Manor Apt. 028, West Ashley, SC 00694",2024-10-05T14:26:21.027136
CUST_002769,Laura,Garrett,PERSON,673-14-6362,1991-08-27,darinharris@example.com,212.858.7811x02527,"26061 Dennis Glen, Andreaview, CO 39350",2025-06-07T14:26:21.027339
CUST_002770,Paul-Dixon,,BUSINESS,14-3631333,,bryangolden@example.net,528-673-3307x7375,"6402 Sierra Knoll Suite 412, East Kyleberg, NC 28284",2025-02-21T14:26:21.027540
CUST_002771,Chang-Harper,,BUSINESS,25-7855503,,phillip10@example.net,(701)940-3367x69123,"33167 Woodard Trace, South Gregoryfort, FM 01541",2026-05-27T14:26:21.027717
CUST_002772,Tammy,Crane,PERSON,538-50-7367,1995-05-04,christopher31@example.com,(285)957-7544x816,"15663 White Ranch Suite 493, West Brianchester, WA 37988",2025-09-03T14:26:21.027892
CUST_002773,"Bright, West and Smith",,BUSINESS,15-9770751,,rsingh@example.net,696.641.1774,"1607 Elliott Crescent, Port Stephanieton, VT 92844",2026-04-13T14:26:21.028109
CUST_002774,Andrew,Flynn,PERSON,762-69-3514,1984-11-08,hernandezjessica@example.org,5287356204,"1316 Fox Stravenue Suite 120, Brianberg, FL 87414",2025-09-01T14:26:21.028318
CUST_002775,Hobbs Group,,BUSINESS,57-6087859,,chandleredward@example.net,3463612963,"USCGC Johnston, FPO AA 13739",2025-11-19T14:26:21.028461
CUST_002776,"Ho, Terry and Levy",,BUSINESS,13-3396950,,robertmerritt@example.org,445-867-4750,"618 Jones Ville Apt. 471, Moralesland, TN 26044",2026-04-24T14:26:21.028713
CUST_002777,Barrera-Kelley,,BUSINESS,16-6119801,,dkane@example.com,395-397-3786x265,"91179 Dawn Forge Apt. 402, Williamburgh, MT 28195",2025-11-30T14:26:21.028895
CUST_002778,Amanda,Black,PERSON,390-78-2691,1971-10-03,danielbyrd@example.net,237.974.2443x564,"62793 Maria Mountain Suite 438, Cannonborough, LA 93543",2026-03-13T14:26:21.029100
CUST_002779,Martin-Mitchell,,BUSINESS,10-3052321,,iramirez@example.net,422.631.3040x051,"USCGC Stuart, FPO AE 43641",2025-03-05T14:26:21.029253
CUST_002780,Evans LLC,,BUSINESS,18-1749647,,ryanmitchell@example.org,001-852-570-3203x61362,"424 Edward Alley, Josephland, IN 49267",2025-07-16T14:26:21.029417
CUST_002781,Gutierrez and Sons,,BUSINESS,83-6195935,,smithmichael@example.org,6913976579,"31971 Darryl Motorway Apt. 878, East Melinda, NY 44075",2025-02-14T14:26:21.029584
CUST_002782,Phillips-Farrell,,BUSINESS,53-7330138,,qdouglas@example.com,(675)406-3447x0944,"6644 Wilson Lane, New Gabrielhaven, WY 83700",2025-05-18T14:26:21.029787
CUST_002783,Wendy,Potter,PERSON,722-18-2324,1950-10-08,jessicasnyder@example.com,438.542.9184x612,"5140 Duffy Trafficway, Jimmyton, GA 81679",2026-04-28T14:26:21.029994
CUST_002784,Long Group,,BUSINESS,67-8534223,,natkinson@example.org,(778)650-4374x43197,"80187 Lori Street Apt. 845, Lake Christopher, MI 69852",2026-04-17T14:26:21.030140
CUST_002785,Williams-Greene,,BUSINESS,21-7872422,,andrea13@example.net,529.781.0860x44159,"149 Dominguez Mall, Deannaborough, IA 96364",2025-08-16T14:26:21.030315
CUST_002786,Stanley,Blair,PERSON,603-61-4298,1994-10-21,jeromeevans@example.com,618-225-1486,"483 Heather Drive, North Jill, NC 57896",2025-08-08T14:26:21.030505
CUST_002787,Fox LLC,,BUSINESS,79-1768727,,deniseglass@example.org,001-258-962-1318x418,"098 Davenport Ports Suite 417, East Theresa, LA 85281",2024-10-30T14:26:21.030688
CUST_002788,Cook and Sons,,BUSINESS,45-2485285,,uwilson@example.net,665-517-3942x62061,"05847 Amber Heights Apt. 244, Boydport, IL 07586",2026-03-31T14:26:21.030845
CUST_002789,Andrew,Mcdaniel,PERSON,771-86-5523,1987-12-12,mbowman@example.com,753.924.4492,"PSC 9786, Box 1286, APO AE 07782",2025-02-08T14:26:21.030962
CUST_002790,Scott Ltd,,BUSINESS,81-3076710,,michellejackson@example.com,(846)577-5166,"2116 Grace Street, Georgechester, WA 88822",2024-11-26T14:26:21.031128
CUST_002791,Ashley,Jones,PERSON,454-56-0659,1940-11-19,sotobrian@example.net,001-739-736-6666x2608,"710 Mark Isle, Michaelfort, NM 83015",2026-03-03T14:26:21.031326
CUST_002792,Ashley,Rosario,PERSON,293-16-7631,1961-10-06,tyler59@example.org,001-212-613-5887,"046 Brett Prairie, Nguyenfort, WV 26283",2025-02-10T14:26:21.031496
CUST_002793,James,Nelson,PERSON,667-48-9610,1974-10-16,brad71@example.net,452.247.6938x950,"95642 Curtis Estates Suite 586, East Joshuafurt, CA 41688",2025-05-17T14:26:21.031671
CUST_002794,Kelly,Smith,PERSON,192-65-8408,1940-11-19,john18@example.net,(945)438-8067,"90695 Chen Expressway, North Andrew, CO 23310",2026-05-16T14:26:21.031839
CUST_002795,Sandra,Curry,PERSON,066-17-9022,1955-08-25,tcain@example.com,+1-300-830-2242x793,"1808 Tasha Harbor, Frankside, PR 95625",2026-08-28T14:26:21.032019
CUST_002796,Whitehead-Potts,,BUSINESS,36-5115227,,spencedevin@example.com,982.880.3124x38701,"0278 Lynch Stravenue, New Dwayneborough, IL 63791",2024-09-24T14:26:21.032228
CUST_002797,Ayala PLC,,BUSINESS,20-9951380,,revans@example.net,255.606.2942,"3301 Gary Burg Suite 144, Davidfort, OH 74198",2025-01-03T14:26:21.032374
CUST_002798,Wallace-Johnson,,BUSINESS,61-1754700,,shannonlewis@example.com,+1-764-251-6788,"097 Christopher Roads, West Sherriside, MH 98045",2025-05-01T14:26:21.032569
CUST_002799,Shelly,Johnson,PERSON,436-21-7366,1952-04-18,kturner@example.com,001-982-222-3423x22309,"8213 Joseph Views, South Johnny, VT 29831",2025-10-03T14:26:21.032739
CUST_002800,Ball-Hernandez,,BUSINESS,33-7961478,,jameswillis@example.org,400.466.2943x9724,"6290 Cooper Drives, South Timothy, NC 67160",2026-08-23T14:26:21.032946
CUST_002801,"Hayes, Campbell and Watts",,BUSINESS,58-5314727,,john93@example.com,897.703.2884x044,"367 Rebecca Circle Suite 561, Lake David, AK 62689",2026-06-15T14:26:21.033145
CUST_002802,Vanessa,Mendoza,PERSON,585-09-9111,1977-06-16,hsimmons@example.com,6138635300,"97828 Steven Island, West Mary, WI 88225",2026-06-07T14:26:21.033313
CUST_002803,Carol,Dixon,PERSON,512-10-6234,1978-06-09,bryanperez@example.com,566-631-8498,"7081 Kennedy Springs Apt. 433, Campbellfort, PW 82062",2025-11-28T14:26:21.033532
CUST_002804,Virginia,Douglas,PERSON,593-96-4568,1991-09-18,michael30@example.net,(627)961-3800x563,"288 Mason Rest, Ryanport, MI 45935",2026-03-13T14:26:21.033701
CUST_002805,Smith-Collins,,BUSINESS,21-3587505,,ingramamy@example.com,+1-690-548-0606x7924,"USNS Lee, FPO AP 18095",2025-11-06T14:26:21.033877
CUST_002806,Rivera PLC,,BUSINESS,96-3838554,,evansraymond@example.net,908-994-0943x4747,"624 Mora Path Apt. 140, Lake Danielleville, KY 63807",2026-07-18T14:26:21.034058
CUST_002807,Alexander and Sons,,BUSINESS,33-1455856,,bridgetbaker@example.net,001-883-953-3622,"3793 Jenna Rue, Michealshire, AZ 34158",2026-07-19T14:26:21.034222
CUST_002808,Baldwin Ltd,,BUSINESS,59-2656653,,michael62@example.org,001-613-396-7743,"7170 Sarah Hills Suite 273, Donaldtown, CA 29968",2025-10-24T14:26:21.034357
CUST_002809,Jamie,Page,PERSON,233-93-6306,1980-08-05,kroberts@example.com,450-204-0177x675,"941 Leonard Rest Apt. 644, New Cynthiaville, AK 94796",2025-07-21T14:26:21.034531
CUST_002810,"Brooks, Kennedy and Mitchell",,BUSINESS,43-7300065,,andresvazquez@example.net,365-587-8747x685,"863 Stephen Club, Lake Ericside, GA 84764",2026-05-16T14:26:21.034759
CUST_002811,Ashley,Pierce,PERSON,241-66-0092,1992-09-24,daniel99@example.org,969.770.8632x956,"97436 Tyrone Wells, Port Jonathanville, SC 82596",2026-02-21T14:26:21.034919
CUST_002812,Travis,Thomas,PERSON,154-71-3966,1942-01-14,xcallahan@example.net,(388)653-7838,"34021 Scott Mall Suite 719, West Michele, PW 20143",2025-01-13T14:26:21.035102
CUST_002813,Cassandra,Patel,PERSON,130-39-8722,2008-06-28,isaiahwhitaker@example.com,722.971.1523,"180 Laura Land Suite 058, South Emily, RI 09233",2025-04-30T14:26:21.035298
CUST_002814,Smith-Gould,,BUSINESS,24-5517895,,dbenson@example.com,(838)704-0045x5252,"7926 John Squares, Alishatown, OK 57249",2026-07-16T14:26:21.035475
CUST_002815,"Jensen, Allen and Andrews",,BUSINESS,69-7829609,,xanthony@example.com,5375647891,"4628 Duncan Crossing, West Michellechester, SD 96627",2026-07-11T14:26:21.035693
CUST_002816,"Lewis, Diaz and Vazquez",,BUSINESS,13-7836611,,mcruz@example.org,(319)786-4053x76704,"25206 Lawrence Ranch Apt. 412, Lake Madelineport, NY 97096",2024-12-07T14:26:21.035904
CUST_002817,Amber,Miller,PERSON,348-63-9325,2000-08-20,awilliams@example.org,337.471.1882x4205,"20619 Fleming Coves, Sellersbury, NJ 99209",2026-08-28T14:26:21.036095
CUST_002818,"Garcia, Ellison and Pearson",,BUSINESS,80-2703045,,nancyroberts@example.org,(609)821-0283,"7754 Wendy Motorway Apt. 954, Lake Donnamouth, VA 23512",2026-01-07T14:26:21.036326
CUST_002819,Colton,Miller,PERSON,754-16-6483,1980-05-05,mbaldwin@example.com,(854)608-0043x8652,"053 Stacey Cape Apt. 584, East Robertshire, PR 45791",2025-11-09T14:26:21.036500
CUST_002820,Tate-Winters,,BUSINESS,67-2407748,,sydney66@example.org,508.302.5437,"9875 Jodi Station Suite 646, Lake Melissaburgh, PW 41826",2024-12-04T14:26:21.036666
CUST_002821,Jennifer,Bird,PERSON,033-35-8958,2004-05-17,katherinebrown@example.net,945.546.9662x648,"USS Garcia, FPO AE 08843",2026-04-24T14:26:21.036835
CUST_002822,"Jensen, Tyler and Cox",,BUSINESS,79-3821731,,zhughes@example.net,995.853.6064x9621,"081 Michael Crest Apt. 339, Alvarezfort, AR 75722",2026-01-08T14:26:21.037055
CUST_002823,Jones-Estes,,BUSINESS,81-8578973,,bryan61@example.com,836.235.6190x6283,"16803 Jordan Corners Apt. 759, South David, SD 96510",2026-08-05T14:26:21.037223
CUST_002824,Eric,Baker,PERSON,062-34-0678,1970-08-02,dianefrederick@example.net,(933)315-0679x26420,"87127 Alexa Prairie, Sosaville, VT 84025",2025-05-29T14:26:21.037425
CUST_002825,Mathews-Hubbard,,BUSINESS,93-3808198,,warren71@example.org,708-439-7571x3495,"6500 Ramirez Rest Apt. 422, Lake Joshua, CO 76848",2026-09-16T14:26:21.037603
CUST_002826,Susan,Roy,PERSON,350-60-4147,1948-11-19,nharvey@example.net,(615)344-0987,"99890 Thomas Lodge Apt. 488, Jonestown, MT 77552",2025-05-11T14:26:21.037794
CUST_002827,Mckinney-Myers,,BUSINESS,86-5209218,,mary14@example.com,(389)326-9631x777,"21268 Nicole Estates Apt. 196, Shieldston, AZ 45700",2024-10-20T14:26:21.037971
CUST_002828,"Hicks, Mullins and Turner",,BUSINESS,54-4569422,,michelle31@example.org,2299036684,"773 Nicole Orchard, Medinaland, CA 14278",2025-01-25T14:26:21.038177
CUST_002829,Lopez Group,,BUSINESS,15-3708116,,courtney21@example.org,(426)812-6240x89260,"9872 Chapman View, South Cathystad, IL 01962",2025-03-19T14:26:21.038321
CUST_002830,Donald,Bowman,PERSON,214-09-5543,1961-04-12,ashleyharris@example.com,3377970354,"1404 Torres Isle Apt. 760, South Thomasbury, IL 01270",2025-11-13T14:26:21.038525
CUST_002831,Paul,Diaz,PERSON,353-54-2981,1947-01-05,ddavis@example.org,(240)932-4873x5700,"917 Garcia Mill Suite 148, Simonland, LA 86789",2025-08-08T14:26:21.038717
CUST_002832,Madison,Briggs,PERSON,832-01-1931,1944-01-30,xdiaz@example.org,843-701-7110,"77282 Kramer Junctions Suite 512, Lake Joseph, PA 36957",2026-04-26T14:26:21.038901
CUST_002833,"Watts, Henry and Ramsey",,BUSINESS,65-4537478,,juanjarvis@example.com,+1-448-246-9093x6366,"2787 Juarez Stream, East Rebeccahaven, CA 50323",2024-12-30T14:26:21.039141
CUST_002834,Gonzalez Inc,,BUSINESS,97-6748465,,oshaw@example.net,739-890-1785,"00712 Wesley Cliff Apt. 324, Port Edwardport, OK 56195",2024-12-05T14:26:21.039286
CUST_002835,Booker Ltd,,BUSINESS,67-5580400,,johnparker@example.com,001-836-981-9098x77674,"1250 Samantha Circle Apt. 911, South Jessicaborough, WY 62877",2026-01-08T14:26:21.039458
CUST_002836,Valenzuela-Campbell,,BUSINESS,53-4533682,,angelalutz@example.com,963-728-3967,"98540 Guerrero Hills Apt. 891, Moorestad, MH 20611",2025-06-03T14:26:21.039683
CUST_002837,"Mueller, Warren and Hernandez",,BUSINESS,12-3243545,,collinscaleb@example.org,968-371-5612x2066,"PSC 5565, Box 0467, APO AA 48285",2024-11-24T14:26:21.039862
CUST_002838,Lori,Johnson,PERSON,864-56-0859,1964-01-24,yanderson@example.net,374-683-0929x0767,"35118 Diana Expressway Apt. 488, Kristyside, DE 78436",2025-01-01T14:26:21.040035
CUST_002839,Nunez-Barry,,BUSINESS,10-1160702,,estevens@example.org,551-776-7882,"3275 Jeffrey Common, Bradleyhaven, AR 80546",2024-10-28T14:26:21.040208
CUST_002840,Kayla,Higgins,PERSON,824-72-7586,1975-06-03,barrettdorothy@example.org,+1-888-552-8386x64709,"433 Valdez Junctions Suite 422, North Kevin, OR 05936",2025-07-20T14:26:21.040413
CUST_002841,"Walls, Ford and Taylor",,BUSINESS,60-2361450,,zachary39@example.net,827.381.9623x6495,"401 Jessica Meadow Apt. 206, East Richard, AK 53255",2024-11-21T14:26:21.040613
CUST_002842,Rachel,Johnson,PERSON,486-44-9854,2004-04-13,joseph25@example.org,001-737-998-0530x8169,"PSC 8723, Box 0744, APO AA 86521",2025-03-14T14:26:21.040723
CUST_002843,Elizabeth,Shaw,PERSON,049-89-5750,1947-04-19,henrymorales@example.net,907.981.5921x816,"746 Miller Knolls Suite 480, Reyesland, NE 94531",2024-10-29T14:26:21.040938
CUST_002844,Moreno-Lutz,,BUSINESS,96-3070570,,cheryl35@example.org,(810)238-7487x16445,"53316 Smith Center, Wilkinsfurt, MN 67860",2025-09-20T14:26:21.041122
CUST_002845,"Jones, Elliott and Chung",,BUSINESS,86-7005668,,gina90@example.net,974-799-3837,"470 Carroll Mission, North Kennethberg, AS 46670",2025-08-16T14:26:21.041328
CUST_002846,Emily,Marshall,PERSON,392-80-6125,1980-05-02,jesse41@example.org,344.630.3208x140,"422 Sandy Radial Suite 053, Mejiaburgh, ME 67625",2024-10-03T14:26:21.041499
CUST_002847,Cindy,Forbes,PERSON,294-66-2712,2006-09-17,april71@example.org,(434)826-7243x71408,"USNS Maldonado, FPO AP 78188",2026-05-12T14:26:21.041638
CUST_002848,Aguilar Inc,,BUSINESS,57-4237849,,kimberly40@example.org,001-840-615-2503x0064,"13580 Mccarty Spurs Suite 672, Riceland, UT 13447",2025-06-18T14:26:21.041794
CUST_002849,Raven,Roberts,PERSON,260-44-1274,1971-06-02,brenda64@example.net,(535)511-4019x08485,"7179 Young Junction Suite 323, South Stacey, ID 60452",2026-02-02T14:26:21.041967
CUST_002850,Carol,Schmidt,PERSON,187-44-0731,1983-07-04,jessicanixon@example.com,(652)582-6481x3122,"685 Mcmillan Hills Suite 132, Lake Sydney, FM 63763",2025-12-03T14:26:21.042171
CUST_002851,Williams LLC,,BUSINESS,34-2509387,,michaelhoward@example.net,(884)388-1590,"14264 Holt Spurs, Greenmouth, VI 31363",2024-12-27T14:26:21.042356
CUST_002852,Landry Inc,,BUSINESS,38-4930196,,romeroalisha@example.net,683.746.1884x5243,"68017 Andrea Plains Suite 970, Port Joshuatown, ND 44161",2025-04-29T14:26:21.042525
CUST_002853,White Ltd,,BUSINESS,14-5710310,,wkelly@example.org,669-754-6076x8231,"02251 Phillips Harbors, Micheleland, IN 98178",2025-04-30T14:26:21.042679
CUST_002854,Victoria,Coleman,PERSON,464-83-1026,1973-08-09,geraldryan@example.com,564.827.1570x16394,"12274 Harris Rapids Suite 406, North Michael, TX 65764",2026-09-09T14:26:21.042889
CUST_002855,Susan,Macias,PERSON,769-92-8869,1946-07-30,matthew95@example.com,(971)475-2614x220,"07220 Smith Flats Suite 202, Hoganport, SC 81265",2024-12-02T14:26:21.043072
CUST_002856,Montoya-Burns,,BUSINESS,24-5653119,,corey41@example.org,303-815-5383,"083 Sabrina Valley, East Scott, WI 90631",2025-02-11T14:26:21.043234
CUST_002857,Munoz-Torres,,BUSINESS,31-4250925,,cindymccoy@example.org,(509)723-7170,"1999 David Locks, Brianfurt, AK 10339",2024-11-10T14:26:21.043428
CUST_002858,Luis,Williams,PERSON,314-98-3592,1976-05-05,aprilwillis@example.com,932-570-4391,"31109 William Mountains, Port Henryshire, MN 51557",2026-07-12T14:26:21.043621
CUST_002859,Sandra,Watts,PERSON,208-47-9541,1973-11-14,gabrielleserrano@example.net,868.692.9756,"494 Ramirez Lock, East Marcia, WI 52563",2026-07-12T14:26:21.043826
CUST_002860,Stacey,Ayers,PERSON,025-12-8152,1982-06-21,john33@example.com,+1-504-389-0729,"683 Davis Divide, Lake Jonathanburgh, MN 55775",2025-12-25T14:26:21.043995
CUST_002861,John,Turner,PERSON,799-09-3015,1948-11-07,lhendricks@example.org,001-807-493-9690,"76259 White Coves, Carolinefurt, CO 91326",2025-03-30T14:26:21.044175
CUST_002862,Martin-Brown,,BUSINESS,34-1387847,,debra67@example.com,(483)663-3319x3338,"373 Michelle Plaza, Port Brian, MH 15487",2024-10-07T14:26:21.044338
CUST_002863,Irwin-Vaughn,,BUSINESS,97-8615616,,pporter@example.org,6188603214,"986 Hannah Junctions Apt. 272, West Johnhaven, TN 10516",2026-09-14T14:26:21.044515
CUST_002864,Davis-Jones,,BUSINESS,92-1870113,,matthew64@example.com,001-657-772-0080x5080,"2852 Christopher Plain Apt. 224, New Jonathan, NV 28069",2025-10-21T14:26:21.044683
CUST_002865,"Myers, Sanders and Perry",,BUSINESS,62-5597554,,jonesanthony@example.net,750-898-5499x1579,"572 Kathryn Trail, Mathisview, AL 20907",2026-05-15T14:26:21.044923
CUST_002866,"Bennett, Ross and Strickland",,BUSINESS,73-7064491,,ucohen@example.com,588.653.8053,"8827 Hunter Crossing Suite 088, Brentton, GA 79131",2025-04-05T14:26:21.045141
CUST_002867,Christine,Montgomery,PERSON,497-58-6819,1964-10-14,rhondawilliams@example.com,001-827-335-8674x2805,"91371 Amanda Park, North Andrewfort, ID 95409",2026-01-30T14:26:21.045334
CUST_002868,Nicole,Gallegos,PERSON,804-59-9726,2004-01-27,grace94@example.com,+1-414-437-2598x49419,"502 Leblanc Street, Brettton, MO 59296",2025-12-06T14:26:21.045509
CUST_002869,"Young, Olsen and Williams",,BUSINESS,78-8530646,,kristinacruz@example.net,567.212.2373x9220,"57026 Williams Vista Apt. 298, South Angelaland, GA 96885",2025-10-28T14:26:21.045753
CUST_002870,Morgan,Miller,PERSON,026-40-9560,1943-05-07,stephaniebarnes@example.com,5036991568,"13513 Delacruz Rest Apt. 746, South Edwinberg, NE 68510",2025-08-11T14:26:21.045959
CUST_002871,Wesley,Delacruz,PERSON,724-28-7278,1997-11-22,timothy14@example.org,(792)747-1123x5173,"4937 Brewer Field, Lake Jameston, ND 48943",2025-10-09T14:26:21.046128
CUST_002872,Danielle,Reynolds,PERSON,319-75-9583,1946-07-02,qreed@example.net,+1-741-877-7582x316,"60168 Susan Mountains, Jamesshire, SD 38254",2025-02-08T14:26:21.046298
CUST_002873,Melanie,Reyes,PERSON,574-08-5932,1960-04-02,tperez@example.com,953-905-3863,"929 Emily Mews, Foxland, FL 53272",2026-01-28T14:26:21.046476
CUST_002874,Perez-Smith,,BUSINESS,19-5194038,,pchapman@example.com,+1-238-537-4025x52840,"Unit 5324 Box 4576, DPO AP 70367",2026-02-27T14:26:21.046600
CUST_002875,Sara,Petersen,PERSON,254-27-5259,1947-01-24,ejohnson@example.org,966.373.7886x86719,"92326 Davenport Extensions, South Erika, VI 65697",2025-10-14T14:26:21.046781
CUST_002876,Walker and Sons,,BUSINESS,18-2622794,,melaniesweeney@example.org,956.681.8819x557,"9619 Dakota Rest Apt. 109, Lake Shelby, AR 78743",2026-08-19T14:26:21.046948
CUST_002877,Roberts LLC,,BUSINESS,65-1403047,,weekskyle@example.com,+1-470-489-3616,"26166 Lewis Hills, East Cindy, AR 94496",2025-01-18T14:26:21.047120
CUST_002878,Barrett-Myers,,BUSINESS,42-5146548,,burnettmonica@example.com,866-707-2898,"98366 Ware Street, Port Roberttown, AS 62504",2026-05-29T14:26:21.047327
CUST_002879,"Pineda, Diaz and Castillo",,BUSINESS,40-6717708,,amandaparsons@example.com,(317)214-5224x149,"PSC 0539, Box 0400, APO AA 96243",2026-07-23T14:26:21.047505
CUST_002880,Green-Pitts,,BUSINESS,76-4971899,,bowerssteven@example.net,750.883.7006,"37920 Gonzalez Burg, Patrickshire, MT 82345",2026-07-04T14:26:21.047721
CUST_002881,Moore-Johnson,,BUSINESS,22-8490291,,brooksjohn@example.net,001-984-228-2396x39163,"8373 Baker Path Suite 691, Kimberlymouth, WY 43633",2025-02-01T14:26:21.047936
CUST_002882,Kyle,Nguyen,PERSON,807-42-5662,1986-09-28,latoyagreer@example.net,533-687-6575x82408,"393 Morales Isle Suite 378, Port Tina, CT 43347",2026-06-21T14:26:21.048140
CUST_002883,Ashley,Smith,PERSON,477-96-1650,1969-08-11,xgordon@example.com,742.490.5789x5842,"2696 Carol Courts Apt. 380, Brandonbury, IN 41708",2026-08-13T14:26:21.048312
CUST_002884,Collins LLC,,BUSINESS,50-2090992,,heidi38@example.net,(783)851-1903x5937,"8531 Linda Knoll Suite 429, South Tara, PW 86702",2026-05-09T14:26:21.048447
CUST_002885,Shawn,White,PERSON,411-71-1145,2001-10-05,lindanelson@example.com,(804)624-9397,"PSC 8490, Box 0060, APO AP 25953",2025-06-21T14:26:21.048586
CUST_002886,Dylan,Lopez,PERSON,893-49-9514,1978-09-16,kimsparks@example.org,001-845-666-2528x251,"01938 Leonard Burg Suite 775, West Garymouth, MT 50811",2025-11-12T14:26:21.048810
CUST_002887,Kelley LLC,,BUSINESS,18-2708383,,michaelrobinson@example.org,(816)973-8047,"390 Wesley Squares Suite 403, North Brentport, RI 07295",2024-10-23T14:26:21.048977
CUST_002888,Jacob,Tyler,PERSON,337-43-9813,1944-06-18,hjones@example.net,001-572-423-5303x367,"6126 Daniel Summit, Lake Kurt, UT 95351",2025-02-21T14:26:21.049145
CUST_002889,James,Hernandez,PERSON,763-87-3461,1951-07-28,tina44@example.com,969-935-8354x10326,"611 Aaron Valley Suite 444, North Kristopherside, FM 97808",2025-11-19T14:26:21.049307
CUST_002890,Schmidt-Arias,,BUSINESS,61-2607764,,zwalker@example.com,544-989-0659,"PSC 3013, Box 1057, APO AE 56971",2024-12-23T14:26:21.049430
CUST_002891,"Luna, Turner and Elliott",,BUSINESS,39-1177948,,fletcherkristen@example.com,001-968-767-4847x58621,"657 Jennifer Vista, West Matthew, MI 20636",2025-06-09T14:26:21.049660
CUST_002892,Simpson-Martinez,,BUSINESS,69-8182422,,alexanderbell@example.net,001-476-518-0155x13341,"Unit 1503 Box 3777, DPO AP 90196",2024-12-20T14:26:21.049806
CUST_002893,Mary,Scott,PERSON,750-61-4871,2005-09-21,pkennedy@example.net,996.300.0320x66317,"044 Joshua Crest, Fisherton, WV 64355",2025-10-04T14:26:21.049987
CUST_002894,George,Collier,PERSON,636-66-9656,1964-09-21,kathrynmurphy@example.com,(683)548-2277x8934,"62489 Laura Brooks, New Anthonyborough, OH 62682",2025-06-09T14:26:21.050180
CUST_002895,"Russell, Keller and Miller",,BUSINESS,85-4229300,,steven32@example.net,(606)333-9953,"555 Daniel Junction Apt. 073, North Gregshire, AL 07660",2026-05-29T14:26:21.050380
CUST_002896,Emily,Alexander,PERSON,492-85-7104,1963-01-02,barry44@example.net,(222)403-6999x5753,"202 Eugene Forks, Lake Richard, VT 01408",2026-09-04T14:26:21.050538
CUST_002897,Christopher,Rodriguez,PERSON,428-18-8418,1982-09-25,scottlucas@example.org,001-508-215-5507x861,"01769 Sarah Square Apt. 727, New Jessicahaven, AS 48010",2025-01-17T14:26:21.050739
CUST_002898,Nancy,Peterson,PERSON,794-73-4731,1968-08-20,crosspamela@example.com,469-762-4341x3499,"528 Christopher Stream Suite 223, Anthonyside, NH 77716",2025-02-07T14:26:21.050934
CUST_002899,Donna,Ward,PERSON,195-55-3918,1994-12-18,kedwards@example.com,824.366.8967,"73696 Scott Roads Apt. 568, Christensenberg, RI 10656",2024-12-03T14:26:21.051128
CUST_002900,Perkins and Sons,,BUSINESS,55-8063325,,carterchristopher@example.net,001-430-412-1550x017,"4187 Hernandez Harbor Apt. 640, Stonemouth, ND 01719",2025-05-12T14:26:21.051321
CUST_002901,"Mccoy, Reyes and Steele",,BUSINESS,33-5079421,,joel49@example.com,+1-679-858-2324x711,"2080 Wong Valley Suite 835, Jamesside, CO 02424",2026-04-29T14:26:21.051530
CUST_002902,Randall,Mccullough,PERSON,089-23-9077,1994-06-28,ohill@example.org,001-709-363-5879x212,"USS Huff, FPO AP 78536",2026-07-17T14:26:21.051679
CUST_002903,Sheila,Cervantes,PERSON,682-70-9748,1998-08-29,dawn15@example.org,(874)319-2291x534,"758 Sharon Mission Apt. 562, East Paul, AZ 01784",2025-11-01T14:26:21.051840
CUST_002904,Harrison Inc,,BUSINESS,75-7001942,,davidmercado@example.com,001-925-210-1109x0053,"172 Rebecca Trail Apt. 229, Port Tracy, MT 10667",2025-11-02T14:26:21.052015
CUST_002905,George,Johnson,PERSON,055-58-3356,1945-08-29,ubrown@example.net,562.983.7967x566,"35472 Johnson Pine Apt. 599, North Stephaniemouth, MT 98317",2026-04-19T14:26:21.052199
CUST_002906,"Odonnell, Nichols and Black",,BUSINESS,49-6752912,,riverasarah@example.com,851.835.9207,"427 Goodman Point Suite 662, West Joseph, MO 24384",2025-11-22T14:26:21.052440
CUST_002907,Stevens Group,,BUSINESS,11-9685239,,xvillarreal@example.net,001-670-557-0810x913,"664 Clinton Crescent, Danielberg, CO 97618",2025-01-24T14:26:21.052583
CUST_002908,Diane,Baker,PERSON,151-07-0185,1944-03-15,arellanoamber@example.net,+1-286-397-2809x95781,"3048 Castillo Ramp, Briggsborough, PA 63682",2026-07-20T14:26:21.052796
CUST_002909,David,Crosby,PERSON,299-63-0148,1983-01-25,donald23@example.com,5294139302,"9673 Stephanie Canyon, Johnsonshire, WY 52477",2025-04-15T14:26:21.052965
CUST_002910,Eric,Cox,PERSON,670-82-4446,1992-02-27,floresryan@example.net,+1-291-695-6393x86516,"129 Roy Square Apt. 821, East Michaelville, SC 52715",2025-07-11T14:26:21.053161
CUST_002911,Lee LLC,,BUSINESS,35-4361682,,usmith@example.net,382-892-9847x8350,"USNS Morrison, FPO AE 27013",2024-11-30T14:26:21.053283
CUST_002912,Tara,Wong,PERSON,104-42-9264,1943-11-03,bwhite@example.net,+1-371-862-5626x6578,"8028 Maria Cape Apt. 101, East Jessica, AR 20223",2026-07-08T14:26:21.053456
CUST_002913,Mckay-Armstrong,,BUSINESS,34-8981342,,dillonvanessa@example.org,(572)665-2136x524,"8400 Duran Underpass Suite 861, Mariaview, WI 30684",2024-10-05T14:26:21.053665
CUST_002914,Castro-Delgado,,BUSINESS,86-6555698,,parkersherri@example.net,288-224-3675,"27712 Alex Causeway Suite 432, North Matthewton, VI 16077",2025-02-01T14:26:21.053865
CUST_002915,Garcia-Sawyer,,BUSINESS,88-6026983,,joseph11@example.net,(751)273-8417,"8311 Andrews Drive, West Jessica, PA 96536",2025-07-15T14:26:21.054038
CUST_002916,"Lee, Jackson and Jackson",,BUSINESS,30-2759055,,mayoevan@example.com,7076212187,"20945 Chavez Square Suite 399, Port Susanbury, VA 30170",2025-06-08T14:26:21.054281
CUST_002917,Daniel,Coleman,PERSON,149-04-7490,1970-09-01,frank75@example.org,(906)313-4192,"450 David Highway Suite 311, Ashleyport, RI 62217",2025-04-27T14:26:21.054440
CUST_002918,Angela,Graham,PERSON,705-82-6803,2005-08-15,cheryllewis@example.com,245-550-9254,"29195 Williams Junctions Apt. 636, South Joshua, DC 42772",2026-09-13T14:26:21.054645
CUST_002919,Anna,Lewis,PERSON,427-31-5594,1942-06-13,erinwade@example.com,670-587-4765x28683,"6114 Jose Pass Apt. 350, Warrenfort, TX 86478",2024-10-07T14:26:21.054849
CUST_002920,Juan,Nunez,PERSON,435-72-7498,1949-02-20,catherine95@example.com,(798)507-1796,"091 Troy Mountains Suite 496, Jessicamouth, NC 87333",2025-05-27T14:26:21.055010
CUST_002921,William,Casey,PERSON,310-78-2321,1945-10-16,troy85@example.com,8402992643,"552 Brown Loop Apt. 295, Anthonymouth, PA 92793",2026-01-15T14:26:21.055180
CUST_002922,Cox-Bradley,,BUSINESS,52-7306753,,jonathanlee@example.org,(841)505-2835,"74172 Macias Club, Melissafort, NH 72605",2026-02-18T14:26:21.055385
CUST_002923,Williamson Inc,,BUSINESS,33-1112833,,helenmejia@example.org,(281)228-7047x932,"63632 Jones Path Suite 760, Larsonbury, NM 13918",2025-09-10T14:26:21.055583
CUST_002924,Hannah,Estrada,PERSON,106-71-3615,1998-05-19,amberwilson@example.com,210.663.8151,"77027 Anthony Extensions Apt. 005, New Cathyhaven, VA 22855",2026-07-03T14:26:21.055780
CUST_002925,Paul-Patterson,,BUSINESS,13-2932555,,robert80@example.com,(885)903-8853,"PSC 1765, Box 3473, APO AP 32393",2026-04-24T14:26:21.055893
CUST_002926,Thompson-Rodriguez,,BUSINESS,66-4261548,,cynthia80@example.net,471-988-3031x011,"540 Chen Lock, Williamsburgh, CO 49293",2024-12-09T14:26:21.056076
CUST_002927,King-Combs,,BUSINESS,15-1498041,,michele79@example.com,(418)657-4386x6250,"185 Xavier Shoal, West John, TX 26808",2026-02-25T14:26:21.056246
CUST_002928,Christopher,Garcia,PERSON,110-01-0694,1981-07-26,steven29@example.com,001-419-397-6530x4827,"96801 Robert Drive, New Robertamouth, KS 05255",2025-11-30T14:26:21.056407
CUST_002929,Morgan,Doyle,PERSON,264-73-2530,1989-12-28,hayeskristin@example.net,+1-556-320-2294x9451,"USNV Ortega, FPO AP 69417",2026-02-04T14:26:21.056577
CUST_002930,Fischer-Galvan,,BUSINESS,32-6701191,,manncameron@example.com,602.915.6013,"7621 Desiree Estate Apt. 681, Port Jennifershire, GU 55700",2025-02-26T14:26:21.056776
CUST_002931,Dale,Pierce,PERSON,453-99-3998,1986-09-30,jeffrey71@example.net,902-434-7704,"38813 Sean Port, New Tracybury, GA 20029",2026-03-18T14:26:21.056935
CUST_002932,Rebecca,Delgado,PERSON,877-07-8597,2003-11-14,hodgejessica@example.com,9934069482,"463 Sanders Mission Suite 142, Kevinfurt, TX 32418",2026-08-25T14:26:21.057139
CUST_002933,Jerry,Simpson,PERSON,483-84-3488,2002-08-12,judithpeterson@example.net,001-266-714-6956x14266,"033 Allen Place, New Richard, DE 43881",2025-12-22T14:26:21.057338
CUST_002934,Todd,Roberts,PERSON,759-34-2079,1978-03-24,conwaydeanna@example.org,946.329.8201x07228,"4887 Jeremy Oval, Port Stephanie, AK 24276",2026-08-26T14:26:21.057530
CUST_002935,Michael,Galloway,PERSON,237-79-6797,1962-03-04,adam78@example.com,660-374-1688x11346,"3893 Teresa Valley Suite 500, Rickyland, VI 34345",2025-08-24T14:26:21.057691
CUST_002936,Angelica,Patel,PERSON,680-10-9642,1955-02-17,james93@example.net,001-971-734-4391x5936,"4575 Jade Stream Apt. 133, Bradyfurt, AL 19339",2025-10-05T14:26:21.057864
CUST_002937,Alex,Wilson,PERSON,345-83-8589,1957-08-15,rodriguezcarolyn@example.org,001-364-263-1212x833,"692 Rasmussen Dam, Erintown, OR 23825",2025-11-08T14:26:21.058064
CUST_002938,"Ponce, Jones and Roach",,BUSINESS,40-7201541,,brownanthony@example.org,625.931.1290,"PSC 2700, Box 3185, APO AE 25661",2025-08-31T14:26:21.058241
CUST_002939,Michelle,Cox,PERSON,027-47-3961,1998-08-18,jonathanrogers@example.com,(550)924-3604x110,"86004 Martinez Loaf Suite 497, Kevinbury, NJ 95534",2025-03-26T14:26:21.058457
CUST_002940,Boone-Johnson,,BUSINESS,18-2987988,,michaelbradley@example.com,(328)779-1488x134,"291 Rodney Grove, Gravesfurt, SC 64898",2026-04-22T14:26:21.058662
CUST_002941,Dale,Johnson,PERSON,463-79-9195,1964-11-18,kathybuck@example.org,+1-904-339-9692,"3175 Jeffrey Bypass, Lake Sandra, TN 20624",2026-03-06T14:26:21.058853
CUST_002942,Wendy,Dominguez,PERSON,191-36-8252,1970-01-02,prussell@example.net,(673)346-2321x682,"32840 Suzanne Stream Suite 235, East Jerrychester, MD 53920",2025-03-20T14:26:21.059027
CUST_002943,Davis-Wiggins,,BUSINESS,98-7278962,,cruzeric@example.org,+1-927-407-8689x100,"2999 Nicole Unions, Harrisshire, MP 55493",2025-10-26T14:26:21.059234
CUST_002944,Chavez-George,,BUSINESS,91-5102862,,kristinwalker@example.org,+1-251-312-6833x1743,"65174 Huff Plaza, New Kristafort, ME 11549",2026-07-31T14:26:21.059442
CUST_002945,Pamela,Campbell,PERSON,625-23-7356,1956-02-19,sharon93@example.org,+1-742-960-2181x299,"900 Robert Points Apt. 739, Stacyberg, IN 99625",2025-03-17T14:26:21.059603
CUST_002946,"Davis, Jackson and Harrison",,BUSINESS,29-6497568,,ydaniels@example.org,768-889-7274,"2628 Lopez Haven Suite 621, Port Charles, TX 20215",2026-01-06T14:26:21.059822
CUST_002947,Cory,Randall,PERSON,345-76-0170,1986-01-03,andersonrichard@example.org,(353)624-8405,"265 Nicholas Trail, East Emily, PA 49735",2024-12-11T14:26:21.060011
CUST_002948,Chung Ltd,,BUSINESS,26-9527346,,nathanholmes@example.com,001-818-232-9411x1686,"168 Lisa Hills Apt. 509, Lake Ernest, NM 59690",2025-01-26T14:26:21.060179
CUST_002949,Ferguson Group,,BUSINESS,36-2365794,,meghanfrank@example.com,+1-630-604-7031x9416,"58424 Alexander Centers, Traceymouth, AL 36501",2025-05-23T14:26:21.060362
CUST_002950,Joel,Cochran,PERSON,495-09-2070,1962-12-29,garciajasmine@example.com,+1-948-353-1824x6701,"432 Amanda Trail Apt. 264, West Bradleymouth, RI 43543",2026-03-29T14:26:21.060557
CUST_002951,Burns-Duran,,BUSINESS,92-9542262,,cynthia76@example.net,001-412-801-3583x42298,"95254 Mayer Mill Apt. 813, Andersonberg, NV 56072",2025-08-29T14:26:21.060750
CUST_002952,Ray-West,,BUSINESS,76-8789112,,choimatthew@example.com,533-517-9462,"9050 Robinson Inlet, Joanneberg, AK 38721",2026-03-17T14:26:21.060958
CUST_002953,Evans-Wright,,BUSINESS,57-9816018,,henry46@example.net,+1-563-821-6038x0807,"13327 Baker Mountains Suite 014, Port Christopher, NY 70468",2024-10-05T14:26:21.061136
CUST_002954,Horton PLC,,BUSINESS,73-8948342,,osalazar@example.org,837-535-7400x122,"Unit 0019 Box 2988, DPO AE 82169",2025-12-16T14:26:21.061228
CUST_002955,Pierce Ltd,,BUSINESS,91-1614121,,benjamindavid@example.com,6858691875,"22168 Amanda Spring, South Gregoryfort, IA 94870",2026-02-16T14:26:21.061392
CUST_002956,Andre,Moore,PERSON,072-31-4699,2006-04-16,vanderson@example.org,+1-644-336-6520,"8033 Cynthia Motorway, Ballstad, AZ 02828",2026-02-21T14:26:21.061571
CUST_002957,"Owens, Moran and Harris",,BUSINESS,40-7642099,,damon88@example.org,001-414-831-2228x8198,"USNS Bell, FPO AE 56784",2026-02-05T14:26:21.061747
CUST_002958,Ramirez Ltd,,BUSINESS,64-7326402,,olee@example.net,001-277-515-6510x018,"215 Joshua Ports Apt. 835, South Melody, MO 11137",2025-02-08T14:26:21.061892
CUST_002959,Shannon,Hopkins,PERSON,587-59-6182,1973-12-23,rgriffin@example.org,(556)724-8781,"6370 William Island, East Jamesland, WA 78107",2025-08-29T14:26:21.062061
CUST_002960,Krause-Leon,,BUSINESS,80-2422018,,denisepatterson@example.net,001-738-447-7733x62342,"0647 Mcintosh Drives Suite 573, West Andrew, NV 77863",2026-05-02T14:26:21.062276
CUST_002961,Stephanie,Lee,PERSON,386-43-3052,1992-09-07,teresa50@example.com,001-692-406-3370x67910,"7987 Jennifer Drive Apt. 628, East Anthony, ND 70380",2025-11-18T14:26:21.062438
CUST_002962,"Johnson, Fletcher and Hall",,BUSINESS,76-6898448,,christina87@example.org,621-792-3646x660,"3284 Michael Union Suite 715, Danielfort, AL 85593",2026-01-24T14:26:21.062638
CUST_002963,Michael,Roy,PERSON,796-11-3604,1961-06-20,benjaminball@example.net,435.766.5726,"5859 Stokes Shore, Philipton, NY 12336",2025-05-28T14:26:21.062838
CUST_002964,Hart Group,,BUSINESS,64-8569061,,smithmichael@example.net,589.434.1996x17644,"5824 Moss Ramp Suite 749, Jonathanside, MI 08000",2025-05-26T14:26:21.063016
CUST_002965,Coffey-Santiago,,BUSINESS,62-7165827,,scotttamara@example.com,+1-394-759-9248x59106,"36671 Andrea Stream Apt. 079, North Laurenhaven, KS 67526",2025-04-25T14:26:21.063217
CUST_002966,Turner Group,,BUSINESS,44-7415119,,nicholas52@example.org,(766)329-5230x530,"USNS Thompson, FPO AE 66160",2026-08-22T14:26:21.063328
CUST_002967,Tracy,White,PERSON,694-88-4945,2004-06-10,omoore@example.org,+1-286-915-8925,"95975 Monica Vista, Katherineshire, MS 48677",2025-06-21T14:26:21.063496
CUST_002968,Bonnie,Miller,PERSON,617-12-7552,1944-05-12,dhoward@example.net,909-236-0242x011,"36406 William Ford Suite 057, Thomaston, WI 58209",2025-12-19T14:26:21.063667
CUST_002969,Robert,Kennedy,PERSON,254-11-0645,1943-09-02,david12@example.com,001-776-813-8672x9383,"84855 Patricia Meadows, West Melissa, VT 29952",2025-09-14T14:26:21.063827
CUST_002970,Lisa,Watts,PERSON,453-67-7227,1955-10-24,charles07@example.org,+1-842-594-6411x71393,"259 Christine Divide Apt. 228, South Jillside, GA 87401",2025-11-19T14:26:21.063990
CUST_002971,Jason,Deleon,PERSON,582-33-1867,1979-11-13,theresa00@example.com,+1-251-681-5775,"0783 George Rapids, East Jennifer, OK 56122",2025-12-07T14:26:21.064147
CUST_002972,Robert,David,PERSON,687-17-9531,1954-12-23,karencross@example.com,468.408.8882x39005,"1256 Steve Orchard, Monroechester, MT 09304",2026-06-08T14:26:21.064348
CUST_002973,William,Sharp,PERSON,766-82-8170,1997-02-04,hessamanda@example.com,+1-237-211-6174x13527,"Unit 7803 Box 2409, DPO AA 14820",2026-07-05T14:26:21.064495
CUST_002974,Lopez-Allen,,BUSINESS,14-4360587,,imorgan@example.org,2298146726,"72238 Johnson Underpass Suite 209, Lake Dariusport, RI 07131",2025-10-10T14:26:21.064683
CUST_002975,Morgan,Williams,PERSON,830-12-9007,1971-03-31,browncassandra@example.org,+1-567-361-8182x8310,"35741 Jason Isle, Griffinfort, IN 31206",2024-10-25T14:26:21.064886
CUST_002976,Jones Ltd,,BUSINESS,42-6078724,,andreaburns@example.net,(591)231-0316,"086 Billy Squares Apt. 645, Ronnieborough, KY 34728",2024-10-17T14:26:21.065051
CUST_002977,Gonzales PLC,,BUSINESS,34-3312992,,amanda18@example.net,419.829.3198,"59940 Eric Mews, Port Rogerton, IL 29366",2025-03-09T14:26:21.065184
CUST_002978,Brandt Group,,BUSINESS,11-6024342,,macktiffany@example.net,986.915.6531x23415,"Unit 0144 Box 1699, DPO AE 05570",2025-12-02T14:26:21.065299
CUST_002979,Farmer-Wolfe,,BUSINESS,61-7807497,,jameswilson@example.com,(909)924-4873x722,"5900 Gonzalez Overpass, Wongbury, AZ 96834",2025-01-31T14:26:21.065517
CUST_002980,Holly,Garcia,PERSON,447-57-8016,1985-12-08,taralyons@example.org,001-480-896-4927x167,"0953 Joseph Ferry, North Tanya, NJ 79191",2025-05-21T14:26:21.065708
CUST_002981,Keith,Hanna,PERSON,219-26-1053,1967-04-07,littletamara@example.net,001-384-566-1339x26289,"64925 Wood Falls Suite 241, Jonesfurt, WV 32352",2025-08-05T14:26:21.065925
CUST_002982,Wayne,White,PERSON,241-73-5883,1994-05-10,unorris@example.net,584-581-3267,"8378 Ralph Heights, Zoeburgh, NM 77030",2026-01-27T14:26:21.066092
CUST_002983,Todd,Vega,PERSON,750-26-2841,1942-10-10,vanessawalker@example.org,303-537-3361,"69173 Brenda Place, East Michael, AR 13686",2025-05-19T14:26:21.066282
CUST_002984,Charles,Harrington,PERSON,855-48-2525,1977-10-09,rlevy@example.org,625.530.7760x13268,"060 Gray Union Apt. 236, Smithbury, MT 94121",2025-04-06T14:26:21.066475
CUST_002985,"Rodriguez, Mccann and Smith",,BUSINESS,69-6715319,,daycynthia@example.org,001-834-290-7282x5514,"53399 Nolan Fields Apt. 172, Jamesfort, SC 15569",2026-06-21T14:26:21.066718
CUST_002986,"Leblanc, Callahan and Hernandez",,BUSINESS,34-8193952,,laurenrobinson@example.org,884-560-0603x008,"992 Jensen Greens Apt. 898, New Nathanfurt, GU 07412",2024-10-02T14:26:21.066960
CUST_002987,"Duffy, Garcia and Fleming",,BUSINESS,36-8359842,,jose06@example.net,(256)752-9193,"514 Thompson Manors Suite 890, Jonathanberg, AL 81883",2025-06-13T14:26:21.067173
CUST_002988,Samuel,Sanders,PERSON,574-33-8393,1994-11-06,leecameron@example.net,680-835-1645,"99160 Megan Rue, Lake Daniel, HI 49204",2025-08-29T14:26:21.067364
CUST_002989,Diana,Miller,PERSON,459-27-5213,1954-01-29,zherman@example.net,724-692-0855,"41810 Cardenas Harbor Apt. 870, South Amy, FL 12109",2025-02-02T14:26:21.067550
CUST_002990,Barbara,Fernandez,PERSON,020-03-9937,1956-02-06,williamcantrell@example.net,9332837132,"PSC 3225, Box 3049, APO AE 05031",2025-11-08T14:26:21.067690
CUST_002991,Andrew,Villanueva,PERSON,843-15-4734,1985-11-19,william23@example.org,+1-486-306-4277x25947,"70229 Beck Underpass, Burchberg, MH 71867",2025-04-23T14:26:21.067870
CUST_002992,Cook-Salazar,,BUSINESS,53-4783105,,victoriathornton@example.com,916.485.8084x891,"5518 Justin Ford Apt. 332, New Christopher, VA 82578",2025-07-14T14:26:21.068069
CUST_002993,Sims Inc,,BUSINESS,97-7767404,,westbrian@example.com,354-513-9817x14642,"45888 David Mill Apt. 734, Port Jeremy, NM 89413",2024-10-09T14:26:21.068237
CUST_002994,Anderson Inc,,BUSINESS,51-1389899,,christinabates@example.net,467.225.4491x792,"5862 Ellis Islands, Greenchester, WY 15251",2025-02-12T14:26:21.068423
CUST_002995,Robert,Reyes,PERSON,723-57-7516,1966-01-21,pcampbell@example.com,(682)707-2510x4346,"04274 Davis Route Apt. 708, West Lauraton, KY 48176",2026-04-27T14:26:21.068606
CUST_002996,Samantha,Sullivan,PERSON,493-30-6779,1954-01-11,jennifer20@example.org,(767)914-8201x65762,"381 Kristen Crest Suite 427, South Katrinafort, GU 09938",2025-10-13T14:26:21.068774
CUST_002997,"Lee, Martin and Nichols",,BUSINESS,58-4425984,,kelly82@example.com,+1-459-968-3174,"14982 Dylan Junctions, South Allisonmouth, MT 47282",2025-08-12T14:26:21.068973
CUST_002998,Damon,Hogan,PERSON,826-48-1267,1969-01-08,kristenstanley@example.com,343-694-1705x28730,"24320 Carlos Shoals, Robinsonside, AK 18197",2025-03-18T14:26:21.069175
CUST_002999,"Anderson, Thomas and Crawford",,BUSINESS,34-8965447,,jcunningham@example.net,(430)803-1910,"Unit 5421 Box 4676, DPO AE 50683",2026-05-28T14:26:21.069331
CUST_003000,"Scott, Hernandez and Williamson",,BUSINESS,82-8575505,,christygrant@example.com,(364)900-8879,"5256 Rebecca Flat, Port Jamesland, AK 55752",2024-12-01T14:26:21.069560
CUST_003001,Bryan and Sons,,BUSINESS,21-3876011,,mcmahoncathy@example.net,(562)729-0634x70136,"4264 Ashley Row Suite 132, Morganbury, VA 98204",2026-06-02T14:26:21.069738
CUST_003002,Jerry,Washington,PERSON,695-49-1958,1943-12-06,nicholskevin@example.net,506-784-4351x086,"29906 Williams Corners Suite 958, Lake Andrea, NE 57586",2026-08-15T14:26:21.069952
CUST_003003,"Conley, George and Mcfarland",,BUSINESS,13-4132173,,kjackson@example.net,949.495.6663,"580 Sean Mews, Danielletown, MP 63821",2026-02-25T14:26:21.070170
CUST_003004,William,Gregory,PERSON,250-33-9121,1954-03-22,wendyramirez@example.net,530.937.1258x45431,"02828 Michelle Stream Apt. 884, Port Maria, IA 23494",2025-08-17T14:26:21.070371
CUST_003005,"Cohen, Davis and Mahoney",,BUSINESS,36-4909752,,donaldnielsen@example.net,891-407-5278,"8158 Peters Rest Suite 217, South Jasmine, AZ 67587",2025-11-22T14:26:21.070619
CUST_003006,Eric,Clark,PERSON,328-78-1358,1952-05-13,haleyperez@example.org,484.566.9561x718,"USCGC Clark, FPO AP 17551",2025-06-08T14:26:21.070796
CUST_003007,Diana,Odom,PERSON,724-73-7722,2002-11-09,christopher97@example.org,677-206-7561,"452 Chad River Suite 435, Anthonychester, GA 92981",2025-09-04T14:26:21.070956
CUST_003008,Christopher,Travis,PERSON,510-36-8747,1976-05-22,wheelerlisa@example.com,3768045650,"731 Juarez Tunnel Suite 708, West Gabriellastad, AZ 66830",2026-03-25T14:26:21.071160
CUST_003009,Branch and Sons,,BUSINESS,62-7561657,,preeves@example.net,(526)335-3256x589,"90191 Maria View, Danielstown, AR 89593",2026-04-09T14:26:21.071314
CUST_003010,Jeremy,Hanson,PERSON,094-47-5577,1959-05-13,kimberlybrown@example.com,561.651.8193x3104,"9131 Drake Pass Apt. 288, Nixonview, GU 77344",2026-05-07T14:26:21.071530
CUST_003011,"Smith, Moore and Arnold",,BUSINESS,71-2153651,,sandra45@example.com,699-689-4738x8025,"919 Glover Mill Suite 556, Maloneview, DC 04561",2025-08-14T14:26:21.071751
CUST_003012,Pamela,Hudson,PERSON,025-75-0163,2008-06-11,autumn44@example.com,3569555197,"13007 Joann Lakes, South Sean, ND 64097",2026-05-06T14:26:21.071909
CUST_003013,Kimberly,Jackson,PERSON,389-83-8692,1985-01-03,brian27@example.com,(334)389-0262,"USNS Benton, FPO AA 04100",2025-11-03T14:26:21.072046
CUST_003014,"Alvarez, Fernandez and Church",,BUSINESS,95-8965487,,angelamyers@example.org,(245)889-5496x71608,"42213 Regina Island Suite 090, East Katherine, AL 59680",2026-04-07T14:26:21.072279
CUST_003015,"Gomez, Rocha and Marsh",,BUSINESS,85-4405319,,serranoamy@example.org,(804)608-9975x33659,"49017 Nicholas Junction, Stevenport, AR 69032",2025-04-20T14:26:21.072509
CUST_003016,Russell PLC,,BUSINESS,45-4384010,,elizabethjackson@example.net,(666)646-2129,"USS Alvarez, FPO AP 34852",2026-09-09T14:26:21.072652
CUST_003017,Doris,Mcbride,PERSON,609-01-2207,1990-10-20,fcox@example.com,(812)414-3002x83066,"127 Cooper Inlet, North Sara, NC 68946",2025-06-17T14:26:21.072836
CUST_003018,George,Norton,PERSON,115-36-1699,1956-04-20,qgarza@example.com,(946)643-7381x674,"551 Gibbs Station Apt. 244, Kellytown, NY 56962",2025-08-04T14:26:21.073039
CUST_003019,Amy,Rodriguez,PERSON,641-92-1804,1953-08-08,sarah26@example.com,(959)615-4339,"770 Richard Cliffs, Kayleebury, LA 44951",2025-03-27T14:26:21.073207
CUST_003020,Vasquez Ltd,,BUSINESS,82-9236918,,ashleynichols@example.com,001-429-918-8443x766,"0932 Joe River Apt. 681, East Eric, AS 12267",2025-06-02T14:26:21.073393
CUST_003021,Rosario Ltd,,BUSINESS,83-1655733,,douglaspeterson@example.org,+1-965-662-8408x8764,"9593 Brandon Underpass Suite 887, Port Oliviahaven, DE 14835",2026-06-15T14:26:21.073570
CUST_003022,Moreno LLC,,BUSINESS,92-8655554,,jamespatterson@example.com,001-408-715-3413x0167,"93183 Morris Court Suite 623, Williamsfort, TN 01372",2025-09-26T14:26:21.073759
CUST_003023,Harris PLC,,BUSINESS,60-3938131,,sophialowe@example.com,001-794-272-8650x188,"PSC 3545, Box 2553, APO AA 23606",2025-07-18T14:26:21.073873
CUST_003024,Regina,Warner,PERSON,172-72-0471,1980-08-02,fdiaz@example.com,205-987-2542,"USNS Walker, FPO AP 68251",2026-03-17T14:26:21.074020
CUST_003025,"Fuller, Larson and Pope",,BUSINESS,68-7453607,,deborah23@example.org,001-639-392-0150,"0684 Heather Station, West Bonniestad, DE 25074",2024-11-11T14:26:21.074217
CUST_003026,Brittany,Baker,PERSON,812-92-2906,2002-12-23,kbutler@example.net,+1-419-886-2640x5928,"934 Timothy Crescent, Richardfort, AR 65303",2024-10-01T14:26:21.074386
CUST_003027,Michelle,Thomas,PERSON,155-78-7961,1961-09-27,brian12@example.net,661-206-0655,"422 Amanda Common Apt. 410, Reneefort, AK 70057",2025-08-10T14:26:21.074547
CUST_003028,Allison,Jackson,PERSON,651-53-3038,2008-07-19,michael76@example.org,2655087280,"4729 James Trail, Jamesview, IA 68692",2026-01-14T14:26:21.074706
CUST_003029,Meagan,Miller,PERSON,040-91-3966,1951-10-10,markwebster@example.net,001-336-484-3716x406,"05517 Salinas Trafficway Suite 752, Danielchester, MN 82870",2025-12-10T14:26:21.074921
CUST_003030,Brown-Hernandez,,BUSINESS,95-2119776,,veronicafernandez@example.org,633.867.3339x1222,"81100 Garcia Park Apt. 707, Karabury, VT 56738",2024-10-02T14:26:21.075131
CUST_003031,Ann,Gallagher,PERSON,023-17-8614,1990-02-11,mmarshall@example.com,+1-967-650-5675x3952,"3532 Harris Green, Stephenville, GU 50911",2025-04-29T14:26:21.075312
CUST_003032,Ruiz Inc,,BUSINESS,80-3033912,,autumnbailey@example.net,224.492.3679,"2939 Wilson Hills, Changmouth, MT 06321",2025-09-04T14:26:21.075497
CUST_003033,Gary,Macdonald,PERSON,700-39-3235,2006-03-01,wallerjo@example.org,317.878.1703x14518,"967 Tiffany Forks Apt. 562, Lake Alicia, WY 18005",2026-06-01T14:26:21.075692
CUST_003034,Stanley Inc,,BUSINESS,62-8565450,,longjeffrey@example.net,001-549-425-8391x807,"714 Francis Loop, Johnsonland, AS 21714",2026-04-01T14:26:21.075889
CUST_003035,Mccarthy-Rogers,,BUSINESS,36-9490354,,nbennett@example.com,942.730.6546x3960,"2142 Romero Lakes Apt. 259, North Jessicaville, AZ 78618",2026-08-02T14:26:21.076080
CUST_003036,"Jimenez, Dixon and Scott",,BUSINESS,13-2228016,,jhall@example.net,6538243800,"7196 Rodriguez Mall Suite 043, Port Sheilaberg, AS 38772",2024-12-01T14:26:21.076306
CUST_003037,"Moran, Simmons and Cobb",,BUSINESS,58-6765619,,william79@example.net,589-395-4548x7925,"47887 Ray Pine, Rubioberg, SC 27140",2025-08-04T14:26:21.076532
CUST_003038,Tim,Jones,PERSON,294-09-1653,1946-12-11,robertsonjoshua@example.com,850.787.8687,"5705 James Flat Apt. 936, Butlermouth, ND 99027",2025-08-06T14:26:21.076741
CUST_003039,Joel,Mccann,PERSON,771-23-5014,1942-06-13,richardpadilla@example.net,+1-334-469-1627x3083,"1452 Riddle Curve Suite 194, North Hannahbury, NE 26646",2026-09-06T14:26:21.076949
CUST_003040,Robertson-Park,,BUSINESS,24-3289764,,mark27@example.org,001-462-843-3653x3390,"PSC 1462, Box 1393, APO AA 21502",2025-10-17T14:26:21.077062
CUST_003041,Ballard PLC,,BUSINESS,72-8740286,,alexandra56@example.org,001-703-434-8264,"57357 Jennifer Neck, Davidtown, NH 82099",2026-07-09T14:26:21.077194
CUST_003042,Matthew,Ayers,PERSON,171-88-7620,1943-12-08,crystalallen@example.net,9777358467,"88678 Erika Villages, Riverastad, AL 85903",2025-03-04T14:26:21.077396
CUST_003043,Michael,Romero,PERSON,781-32-5714,1944-09-15,christinafuentes@example.org,647-476-6845,"214 Collins Springs, New Thomas, ME 64865",2025-06-25T14:26:21.077597
CUST_003044,Matthew,Walters,PERSON,400-23-5824,1961-06-24,hannadustin@example.net,728.499.9814,"1960 Martinez Manor Suite 151, Williamstown, AK 55212",2025-05-22T14:26:21.077816
CUST_003045,"Webster, Neal and Simmons",,BUSINESS,30-3862010,,michael84@example.com,801-867-2221,"646 Calhoun Plains Apt. 596, Houstonport, RI 21091",2026-08-29T14:26:21.078035
CUST_003046,Shawn,Wu,PERSON,827-94-6074,1966-11-08,lukeevans@example.org,859.883.5257x890,"9582 Sarah Track, Jamiehaven, WA 57791",2026-03-19T14:26:21.078227
CUST_003047,Bradley-Torres,,BUSINESS,25-9970002,,whill@example.net,(879)479-2519,"USCGC Peters, FPO AE 77377",2025-08-12T14:26:21.078379
CUST_003048,Christopher,Cantrell,PERSON,338-70-1128,1960-05-15,lucas73@example.com,242-275-1310x101,"3131 James Track, Ellisfort, CA 10056",2026-06-29T14:26:21.078548
CUST_003049,Jennifer,Perez,PERSON,677-17-0946,1958-05-04,ksmith@example.com,+1-463-432-6620x5256,"USCGC Cook, FPO AA 31529",2024-10-23T14:26:21.078696
CUST_003050,"Gilbert, Thomas and Brown",,BUSINESS,29-8393014,,bellkaitlyn@example.org,(286)861-2855x0294,"0425 Kirk Oval, Robertview, OK 60122",2025-09-15T14:26:21.078931
CUST_003051,Lawrence,Murphy,PERSON,469-37-9300,2007-12-06,nathananthony@example.net,560-888-4707x11763,"PSC 6181, Box 5159, APO AA 63213",2026-02-07T14:26:21.079072
CUST_003052,Dustin,Baker,PERSON,092-24-9342,2002-10-15,marvin30@example.org,298-736-3760,"5160 Christopher Squares Suite 938, East Eric, OH 59859",2024-10-25T14:26:21.079234
CUST_003053,Sue,Davis,PERSON,622-95-5696,1964-10-20,vrodriguez@example.net,270-619-7881x1090,"61978 Lopez Square Apt. 174, Olsonbury, VT 29587",2025-06-21T14:26:21.079428
CUST_003054,Preston,Pacheco,PERSON,091-15-8190,1980-08-10,twilson@example.net,466.271.5718x718,"5875 Edwards Lane, Lake Anneburgh, GA 65344",2024-12-05T14:26:21.079609
CUST_003055,Sarah,Sanchez,PERSON,723-55-7736,2006-01-08,abigail85@example.org,+1-385-513-6362,"311 Mendoza Flat Suite 556, South Ashley, KS 63531",2025-08-13T14:26:21.079780
CUST_003056,"Spence, Craig and Baker",,BUSINESS,66-1879382,,parkjamie@example.com,402.561.3761x035,"90729 Smith Bypass, Port Elizabeth, VI 67860",2025-01-12T14:26:21.080020
CUST_003057,Ashley,Kelley,PERSON,244-61-3215,1967-12-29,millerbrandon@example.net,001-762-326-0819x598,"6674 Rodriguez Groves Suite 982, Mcbridebury, DC 27739",2026-07-29T14:26:21.080235
CUST_003058,Griffin-Shelton,,BUSINESS,35-5189267,,nicolewatts@example.net,+1-262-819-4611,"82572 Bishop Mountain Suite 456, Emilyshire, OK 54560",2025-08-29T14:26:21.080444
CUST_003059,Karen,Wright,PERSON,756-84-3367,1964-04-26,sheilaking@example.org,695.723.3699x717,"57177 Veronica Lane, South Michellefurt, HI 24065",2026-02-24T14:26:21.080636
CUST_003060,Nicole,Brown,PERSON,644-54-1828,1964-10-24,mayjeffrey@example.com,001-323-903-9311x02643,"825 Hector Trafficway Apt. 184, North Lindsaystad, FL 04624",2026-08-31T14:26:21.080833
CUST_003061,Adams-Lee,,BUSINESS,13-1244275,,ryan81@example.net,(284)725-6379x9738,"96568 Stewart Plains Apt. 247, East Michaela, MH 29207",2025-10-06T14:26:21.081011
CUST_003062,April,Clayton,PERSON,459-55-9415,2008-06-08,longdennis@example.org,(555)317-0915,"USNV Morrison, FPO AE 95455",2024-10-20T14:26:21.081181
CUST_003063,Steven,Brown,PERSON,367-04-7692,1981-08-05,hessdenise@example.net,+1-394-215-7221x9693,"Unit 1025 Box 1858, DPO AE 98171",2026-02-03T14:26:21.081321
CUST_003064,Penny,Alvarez,PERSON,103-71-5999,1978-10-16,rstevens@example.org,001-272-317-9825x07532,"734 David Vista, Lake Jesse, MI 61123",2024-11-05T14:26:21.081491
CUST_003065,Justin,Gutierrez,PERSON,214-54-6049,1951-07-23,kleinpamela@example.org,001-905-204-5804,"59975 Lawrence Track, East Charlesburgh, FM 66099",2026-03-29T14:26:21.081693
CUST_003066,Richard,Barnett,PERSON,559-20-0656,1996-08-22,kelly00@example.org,350-878-0156,"131 Gordon Camp Apt. 282, Lake Justinberg, NM 63997",2025-07-18T14:26:21.081865
CUST_003067,Theresa,Miller,PERSON,513-37-6972,1977-06-03,elizabeth51@example.com,+1-631-408-4656,"545 Miller Valley Apt. 354, Jenniferburgh, HI 58611",2025-10-17T14:26:21.082036
CUST_003068,Morales PLC,,BUSINESS,81-4180079,,douglasparker@example.net,001-335-999-8510,"6726 Noble Mountains, South Gregory, VT 96791",2024-12-16T14:26:21.082210
CUST_003069,Damon,Mclaughlin,PERSON,870-95-7946,1985-01-17,christina08@example.com,001-693-264-6696x017,"2234 Martinez Street Suite 915, Lake Jenniferborough, AK 79598",2025-03-11T14:26:21.082384
CUST_003070,"Jones, Wilkerson and Curry",,BUSINESS,64-3026754,,jwinters@example.net,001-860-309-3916x178,"544 Ronald Ferry Apt. 812, West Donaldville, LA 94116",2026-01-22T14:26:21.082596
CUST_003071,Brian,Mills,PERSON,104-59-5100,2002-02-25,aliciali@example.org,(612)881-3274x80730,"7534 Marc Loop Apt. 540, West Andrewstad, IA 78727",2026-05-31T14:26:21.082792
CUST_003072,Mathews-Francis,,BUSINESS,51-3912886,,kimberlystone@example.net,001-741-394-9563x78074,"573 Steven Radial Suite 147, Thomasburgh, HI 73569",2026-09-01T14:26:21.083003
CUST_003073,Sullivan-Barajas,,BUSINESS,93-6305630,,reynoldsrobert@example.org,293-606-3603,"23689 Amanda Expressway, Nicholsonfort, MI 57862",2026-09-04T14:26:21.083210
CUST_003074,"Smith, Olsen and Reyes",,BUSINESS,37-8696982,,jennysmith@example.net,852-215-9564,"85532 Hector Light, Josephville, KS 13534",2026-02-03T14:26:21.083438
CUST_003075,Angela,Carroll,PERSON,757-34-6596,1969-12-17,kristina08@example.com,284-536-0643,"3508 Kelly Branch Apt. 083, North Katieton, PA 71485",2024-11-12T14:26:21.083600
CUST_003076,"Goodman, Fuentes and Anderson",,BUSINESS,93-7190456,,joseph45@example.com,319.705.5998,"4859 Margaret Mountain Apt. 749, Veronicaland, MT 76442",2026-08-03T14:26:21.083798
CUST_003077,Samuel,Brewer,PERSON,520-40-1650,1945-09-08,joshua07@example.com,3525257259,"37529 Saunders Islands, Alexandriamouth, MD 30639",2026-02-05T14:26:21.083967
CUST_003078,Hammond and Sons,,BUSINESS,48-9381494,,jodiellis@example.org,(775)619-9936,"Unit 6359 Box 6795, DPO AA 10269",2026-06-04T14:26:21.084080
CUST_003079,Michael,Williams,PERSON,014-09-0607,1950-09-07,sandra87@example.net,307.248.3776,"1735 Nguyen Manor Apt. 882, East Matthew, DE 53759",2026-01-02T14:26:21.084253
CUST_003080,Travis,Williams,PERSON,885-21-5857,1984-08-21,owallace@example.com,558.591.6197x2371,"876 Scott Rapid, Bookertown, MS 48814",2025-01-10T14:26:21.084433
CUST_003081,Garrison Group,,BUSINESS,90-7519046,,qgarcia@example.net,001-322-303-9210x16148,"2763 Cheryl Manor Suite 004, North Christopherport, MI 69225",2024-10-22T14:26:21.084583
CUST_003082,Stacy,Mcbride,PERSON,647-94-7397,1996-11-25,davidnelson@example.org,206-512-3142x413,"3126 Johnson Mission Suite 406, North David, FL 43420",2025-10-11T14:26:21.084790
CUST_003083,Michael,Cook,PERSON,828-13-2012,2002-03-07,njackson@example.org,927.520.6551x949,"2026 James Point, Alvarezberg, PW 42964",2024-12-05T14:26:21.084969
CUST_003084,Keller and Sons,,BUSINESS,95-9088805,,oconnorsean@example.net,6459037403,"475 Friedman Ranch, East Jeffrey, FM 57525",2026-07-09T14:26:21.085145
CUST_003085,"Ortiz, Johnson and Perez",,BUSINESS,12-8531486,,donnastewart@example.com,8006867643,"9519 Gina Bridge, Herrerashire, VA 16884",2025-08-21T14:26:21.085384
CUST_003086,Daniel,Shelton,PERSON,587-32-0771,1996-10-01,ohicks@example.net,9166298857,"75584 Hart Ferry, North John, NH 02868",2025-04-19T14:26:21.085563
CUST_003087,Jonathon,Reid,PERSON,187-48-2048,1991-08-15,amanda09@example.com,772.323.5891x40926,"45315 Davidson Track, East Sherribury, FM 76594",2026-01-21T14:26:21.085734
CUST_003088,Heather,Brown,PERSON,412-93-4200,1963-07-28,narnold@example.com,(846)540-3037x276,"984 Hector Row Apt. 689, Shannonton, NC 90148",2024-12-24T14:26:21.085907
CUST_003089,Kelly,Smith,PERSON,324-69-7884,2007-09-07,tclark@example.net,+1-359-812-0210x9149,"7492 David Avenue Suite 416, Nelsonmouth, FM 34618",2025-11-04T14:26:21.086090
CUST_003090,Tiffany,James,PERSON,432-61-2647,1997-08-15,waltonmichael@example.net,628.992.4673x7567,"USNV Johnson, FPO AP 18124",2025-07-05T14:26:21.086262
CUST_003091,Lori,Gray,PERSON,192-15-7113,1963-06-01,ojohnson@example.net,511.383.2722,"1348 Tyler Trail Suite 699, Reneefort, AL 63411",2024-12-21T14:26:21.086434
CUST_003092,Mary,Greene,PERSON,222-76-7391,1968-11-22,burnsdennis@example.net,001-736-267-1340,"4187 Lisa Place, Terrychester, TN 69182",2026-07-17T14:26:21.086636
CUST_003093,Ricky,Cooper,PERSON,615-22-0475,1968-10-25,gary21@example.net,8816166809,"39322 Kevin Tunnel Suite 279, New Kimberlybury, KS 89390",2025-08-29T14:26:21.086799
CUST_003094,Williams-Rose,,BUSINESS,47-4389195,,laura98@example.com,5205349342,"211 Patricia Falls Apt. 103, New Stephaniefurt, PA 09331",2026-04-14T14:26:21.086966
CUST_003095,"Gonzalez, Mitchell and Martinez",,BUSINESS,36-1635969,,kaitlynchristian@example.org,001-422-808-2579x100,"26753 Taylor Pines, Masonview, NY 48314",2026-01-16T14:26:21.087216
CUST_003096,Martinez-Moore,,BUSINESS,52-3252626,,lwilkerson@example.net,676-406-6355,"73899 Christopher Mall, North Brandyshire, WY 67527",2025-12-06T14:26:21.087391
CUST_003097,Armstrong and Sons,,BUSINESS,92-1664503,,gary31@example.com,506.310.8432,"14873 Roberts Views, Thomasmouth, TN 37229",2025-04-01T14:26:21.087544
CUST_003098,Martinez LLC,,BUSINESS,92-5839473,,vasquezdavid@example.net,656.228.2515,"3014 Garcia Greens Suite 674, Dixonmouth, MH 86071",2026-08-23T14:26:21.087732
CUST_003099,Carol,Williams,PERSON,880-99-2146,1966-02-07,cartercaroline@example.net,4913848824,"0288 Robert Stream, Paulborough, IN 91713",2025-10-12T14:26:21.087922
CUST_003100,Adams-Velazquez,,BUSINESS,41-4453043,,christine50@example.net,(643)714-8186,"625 Anthony Circles, East Taylor, NJ 41028",2025-03-13T14:26:21.088084
CUST_003101,Cody,Calderon,PERSON,002-22-2694,1948-08-17,fraziernicole@example.org,219-321-5200,"6854 Oconnor Flat Suite 478, Martinezfort, VI 58226",2024-11-05T14:26:21.088298
CUST_003102,Dawn,Mcdonald,PERSON,489-09-0513,1983-04-27,grobertson@example.com,676.883.6168,"76937 Green Hill, Lake Anthony, OK 87511",2024-10-13T14:26:21.088490
CUST_003103,Rebecca,Thompson,PERSON,681-54-5182,1974-10-25,zdaniels@example.com,+1-469-613-4082,"11360 Matthew Mission, Lake Leah, MH 73443",2025-01-02T14:26:21.088659
CUST_003104,Johnson-Alexander,,BUSINESS,76-6396173,,duncanerin@example.org,+1-272-404-7659,"0964 Abbott Plains Apt. 680, Lake Michelle, WV 96612",2026-03-13T14:26:21.088872
CUST_003105,"Ramirez, Shepherd and Garcia",,BUSINESS,90-1101379,,qwu@example.com,(939)634-5891x433,"728 Gregory Lodge Suite 787, Michellemouth, MS 25512",2026-07-12T14:26:21.089081
CUST_003106,Andrade Ltd,,BUSINESS,18-4229034,,kimberly24@example.com,493-588-2796x3101,"2495 Weber Lodge Suite 694, Paynebury, WY 76862",2026-07-25T14:26:21.089237
CUST_003107,Vincent,Rodriguez,PERSON,105-09-6839,1981-12-28,matthewpierce@example.com,(759)781-8470x71085,"743 Nichols Mount, New Jamesfurt, IA 86025",2026-02-19T14:26:21.089440
CUST_003108,Lisa,King,PERSON,067-52-2459,1998-01-29,ylopez@example.com,001-399-911-6618x9831,"43392 Johnson Lodge, East Robert, NM 71546",2026-06-15T14:26:21.089621
CUST_003109,Alicia,Woods,PERSON,580-04-1988,1989-02-11,transtephanie@example.com,001-236-500-5249x38350,"8625 Brian Crest, East Cody, PW 89524",2025-01-18T14:26:21.089812
CUST_003110,Patricia,Lowery,PERSON,332-61-3229,1949-07-01,cburke@example.net,+1-270-571-4582x2337,"PSC 9095, Box 0807, APO AE 89592",2026-01-18T14:26:21.089931
CUST_003111,Alexander,Petersen,PERSON,363-78-5426,1962-07-02,carpenterkatie@example.com,001-470-737-2140,"0641 Nicole Trail Suite 552, West Nathanburgh, NV 59738",2025-07-07T14:26:21.090126
CUST_003112,Lopez PLC,,BUSINESS,49-3754127,,gjones@example.com,+1-551-534-1306x336,"Unit 6304 Box 4615, DPO AA 82639",2026-02-26T14:26:21.090219
CUST_003113,Nicholas,Jimenez,PERSON,060-22-7534,1974-08-30,markporter@example.org,(328)497-6184x746,"0360 Paul Crescent, East Blake, CA 64395",2025-07-09T14:26:21.090411
CUST_003114,Roberto,Johnson,PERSON,817-23-8664,1983-10-13,dcohen@example.org,721-322-7642,"7390 Harrington Forge, East Derekview, MO 13044",2025-01-04T14:26:21.090590
CUST_003115,Taylor,Griffith,PERSON,747-79-7027,1973-01-27,ssmith@example.com,(696)361-5462x28851,"USNS Obrien, FPO AE 60962",2025-11-10T14:26:21.090739
CUST_003116,James-Ramos,,BUSINESS,83-8520742,,olivercatherine@example.com,+1-879-901-3350,"2359 James Lake Suite 787, Jonesport, DC 61474",2024-12-05T14:26:21.090949
CUST_003117,Caroline,Tucker,PERSON,049-62-1067,1962-05-31,david96@example.net,344.553.6105,"55163 Jones Isle, Markberg, ID 38338",2025-12-12T14:26:21.091117
CUST_003118,Trujillo PLC,,BUSINESS,20-7032783,,ihill@example.net,(916)651-6050,"72389 Rocha Expressway Suite 582, Lake Andrew, TX 91282",2025-08-05T14:26:21.091273
CUST_003119,Horne-Hernandez,,BUSINESS,31-8897261,,jimenezrenee@example.org,5312421065,"9596 Danielle Track, Keithfort, TN 05492",2025-06-22T14:26:21.091468
CUST_003120,"Edwards, Moreno and Stanley",,BUSINESS,74-8271756,,kaitlinjones@example.com,500-445-6166x48734,"238 Monica Knolls Apt. 000, Robertchester, UT 61713",2026-04-10T14:26:21.091701
CUST_003121,Mcdaniel LLC,,BUSINESS,12-7399154,,lromero@example.com,620.367.7150,"9222 Barry Field, Port Cameron, AS 46548",2025-07-06T14:26:21.091853
CUST_003122,Alan,Williams,PERSON,778-81-7723,1988-08-18,klewis@example.org,626-828-5737x568,"51218 Dustin Alley Suite 162, Nicholeberg, NH 99704",2025-11-13T14:26:21.092025
CUST_003123,Craig,Wood,PERSON,201-17-8971,1948-12-16,sloanmaria@example.com,(760)328-7902x3149,"6570 John Locks Apt. 832, North Yolanda, HI 32674",2025-02-27T14:26:21.092220
CUST_003124,Matthew,Arnold,PERSON,366-18-0796,1999-06-01,jonessteven@example.com,407-658-0859x97358,"7298 Jeremy Summit, Benjaminmouth, IN 46691",2025-12-27T14:26:21.092412
CUST_003125,White-Morris,,BUSINESS,69-6131265,,rita36@example.com,(980)755-2041x979,"USCGC Frey, FPO AE 15009",2025-06-09T14:26:21.092561
CUST_003126,Valdez PLC,,BUSINESS,58-9067229,,edward81@example.net,001-946-259-4021x6143,"USS Avery, FPO AA 51066",2026-07-05T14:26:21.092673
CUST_003127,"Santos, Thomas and Edwards",,BUSINESS,27-8872850,,flewis@example.com,(716)474-1483x15781,"4900 Kristy Ridge Apt. 079, Jordanmouth, RI 48204",2026-02-28T14:26:21.092884
CUST_003128,Heather,Graham,PERSON,084-39-8061,2003-06-28,ffernandez@example.net,769-502-3305x2179,"USNS Taylor, FPO AA 84298",2026-03-06T14:26:21.093032
CUST_003129,Michelle,Mcbride,PERSON,750-37-8422,1985-08-19,gregorynicholas@example.net,8265580174,"539 Randall Village Apt. 481, Jenkinsport, VT 20578",2026-09-03T14:26:21.093236
CUST_003130,"Moon, Allen and Wang",,BUSINESS,72-7787310,,georgefrey@example.com,209.875.5979,"617 Jamie Ports, North Lisashire, NY 87929",2025-07-18T14:26:21.093465
CUST_003131,"Gonzalez, Dodson and Thompson",,BUSINESS,57-7443078,,jeffreymolina@example.net,412.288.2983,"344 Roberts Place, Medinachester, OH 30046",2025-05-03T14:26:21.093714
CUST_003132,"Weeks, Jackson and Casey",,BUSINESS,92-2195114,,fhale@example.org,001-634-488-1484x423,"Unit 3893 Box 6700, DPO AE 54884",2025-07-25T14:26:21.093871
CUST_003133,Ashley,King,PERSON,736-22-6210,1944-07-24,richardsongabriel@example.org,(884)747-3146x82570,"03745 Kimberly Spur, Port Joshuashire, WI 07033",2026-05-12T14:26:21.094066
CUST_003134,"Miller, Romero and Welch",,BUSINESS,82-3723988,,laurietaylor@example.org,+1-422-571-7244x223,"9160 Michael Forest, North Joy, MN 45538",2026-03-02T14:26:21.094298
CUST_003135,"Ross, Chambers and White",,BUSINESS,42-6848179,,donna99@example.org,001-201-805-9678,"91877 Joseph View Apt. 037, Mackbury, FL 75637",2025-04-13T14:26:21.094510
CUST_003136,Davis-Chase,,BUSINESS,91-7177044,,cestrada@example.net,759.857.7048x321,"3912 Kline Drive, Walterston, NJ 22531",2024-10-03T14:26:21.094705
CUST_003137,Nicholas,Lopez,PERSON,119-08-6932,1974-10-31,tiffany44@example.net,944-352-3764x6831,"5653 Stokes Glen, Micheleshire, FL 27785",2024-11-19T14:26:21.094875
CUST_003138,Walter and Sons,,BUSINESS,64-5140479,,janemarquez@example.org,993.900.7142x44761,"8659 Jonathan Glen Suite 026, New Melindaborough, AL 35851",2026-01-11T14:26:21.095045
CUST_003139,"Hickman, Miller and Maynard",,BUSINESS,14-7063525,,johnsmith@example.com,948.634.9188x7474,"7132 Alicia Views, Davidstad, NJ 10434",2024-12-09T14:26:21.095274
CUST_003140,Jessica,Palmer,PERSON,227-40-2768,1961-06-13,williamskimberly@example.net,888.928.8724x80656,"093 Charles Street Apt. 660, Lake Williamview, ME 08253",2024-10-02T14:26:21.095470
CUST_003141,Christina,Clayton,PERSON,166-46-1138,1960-01-04,taylorcaroline@example.net,(442)943-1070x141,"81090 Frost Alley Apt. 273, South Johnview, IA 56385",2025-12-23T14:26:21.095677
CUST_003142,Bradley Inc,,BUSINESS,97-3472414,,joycephillips@example.org,412-297-6407,"8533 Natalie Island, Laurashire, KS 38194",2025-12-30T14:26:21.095841
CUST_003143,Ricky,Dunn,PERSON,557-11-3230,1999-08-30,smithlori@example.org,5869899036,"616 Donald Junction, South Lauren, MO 20929",2025-01-08T14:26:21.096031
CUST_003144,Ashley,Hudson,PERSON,627-86-9005,1974-04-23,fieldsamanda@example.org,001-308-952-5456x847,"72419 Richardson Divide, West Ryan, MP 32374",2026-09-04T14:26:21.096234
CUST_003145,Kevin,Miller,PERSON,160-50-7815,1974-06-13,wgarcia@example.org,+1-705-777-3085x82430,"638 Nathaniel Flats, Atkinsshire, NJ 48803",2026-06-14T14:26:21.096414
CUST_003146,Smith LLC,,BUSINESS,60-2348021,,nanderson@example.org,(368)542-0922,"9792 Williams Fort Suite 295, West Maria, IL 91709",2025-04-04T14:26:21.096570
CUST_003147,Ethan,Mclaughlin,PERSON,266-60-6710,1955-09-19,joshua72@example.net,(461)986-7967,"860 Vincent Keys Suite 622, Lake Seanport, NE 65633",2025-07-10T14:26:21.096732
CUST_003148,Jose,Pitts,PERSON,553-70-0383,1962-01-12,amanda89@example.org,762-318-9417x957,"69076 May Ridge Apt. 617, East Judy, NJ 13773",2025-07-06T14:26:21.096910
CUST_003149,Howard-Cobb,,BUSINESS,98-6070402,,ashleymiller@example.net,932.851.4546x060,"79189 Turner Ridges, Johnsontown, ME 44737",2025-04-22T14:26:21.097128
CUST_003150,"Hill, Moody and Thompson",,BUSINESS,85-6167027,,markcontreras@example.net,001-675-899-3538,"555 Jacob Square, Raymondberg, GU 70781",2025-07-22T14:26:21.097357
CUST_003151,Terrance,Gardner,PERSON,893-16-1225,1969-07-01,dana98@example.net,591.435.0832,"166 Brian Wells Suite 644, New Kristin, WI 18699",2026-05-28T14:26:21.097517
CUST_003152,Cameron Group,,BUSINESS,28-5513429,,flynnvanessa@example.com,001-786-257-8295x78775,"025 Holland Canyon, Katherinebury, GA 26452",2026-02-14T14:26:21.097694
CUST_003153,Nelson-Riley,,BUSINESS,99-6169066,,travisbell@example.com,867-207-0916x17084,"7580 Barry Forge Apt. 133, Nicoleton, NH 89269",2026-09-10T14:26:21.097904
CUST_003154,Matthew,Galloway,PERSON,715-94-1406,1945-09-09,ericwilson@example.net,(246)640-6349,"PSC 9025, Box 1190, APO AE 39267",2025-05-01T14:26:21.098043
CUST_003155,Sarah,Mckenzie,PERSON,870-11-3095,2007-12-25,fisherderrick@example.com,377.320.7832x48356,"USS Cole, FPO AE 85472",2026-06-09T14:26:21.098216
CUST_003156,William,Case,PERSON,093-73-1984,1975-10-28,williamowens@example.org,526.287.6377,"1792 Smith Springs, Seanbury, PW 17423",2024-10-03T14:26:21.098417
CUST_003157,Oconnell-Bell,,BUSINESS,77-7993453,,kelseywatkins@example.org,+1-274-999-0580x987,"158 Mary Glens, Ianmouth, KY 53879",2024-11-15T14:26:21.098613
CUST_003158,Barker-Rogers,,BUSINESS,65-3862767,,christopherschmidt@example.org,001-814-938-0208,"916 Rachel Crescent, South Angela, NV 44979",2026-03-20T14:26:21.098814
CUST_003159,Perkins Ltd,,BUSINESS,33-3253718,,jeff27@example.org,001-786-358-2713x3676,"996 Little Crossing, Lake Kristyfort, NM 67839",2026-02-26T14:26:21.098959
CUST_003160,Zuniga LLC,,BUSINESS,33-9432459,,jwatson@example.net,337.950.7007x828,"304 Cooper Summit, Robinsonbury, CO 24239",2026-05-27T14:26:21.099121
CUST_003161,Fernandez-Bates,,BUSINESS,82-4566389,,morantanya@example.net,(606)588-1479,"264 Wilkins Point, Blanchardhaven, NY 01244",2026-03-10T14:26:21.099336
CUST_003162,Ann,Martinez,PERSON,765-87-1467,1976-01-12,stevensbenjamin@example.org,974.885.1017x516,"2690 Michael Corner, North Christopherview, CO 42675",2026-07-18T14:26:21.099529
CUST_003163,Gary,Dalton,PERSON,524-65-2447,1979-06-14,robertramos@example.org,(821)830-4404x8874,"599 Glen Overpass, Harrisonberg, NM 94693",2026-03-04T14:26:21.099730
CUST_003164,Nguyen PLC,,BUSINESS,62-8394229,,sreed@example.org,2548837469,"4059 Kimberly Spurs Suite 408, East Jessica, MS 77169",2024-12-14T14:26:21.099875
CUST_003165,Shelia,Jones,PERSON,860-87-2251,1968-07-09,tsalinas@example.net,662-520-3468,"7716 Jose Burgs Suite 735, Josephview, OH 16722",2024-12-04T14:26:21.100046
CUST_003166,David,Sullivan,PERSON,688-42-7523,1943-10-13,thomasbradley@example.net,001-529-703-1881,"39098 Jennifer Extension, Pamelaburgh, NY 56620",2026-06-27T14:26:21.100238
CUST_003167,"Evans, Fleming and Baker",,BUSINESS,20-7337233,,nicole66@example.net,642-958-5793,"1241 Conner Rest Suite 245, New Donaldbury, AR 11814",2026-05-12T14:26:21.100448
CUST_003168,"Bell, Gibbs and Taylor",,BUSINESS,18-6740356,,zoe24@example.com,952-276-3668,"5083 Serrano Falls, South Robertstad, MH 26684",2026-08-17T14:26:21.100656
CUST_003169,Linda,Ross,PERSON,807-79-2473,1953-05-23,ymills@example.org,(497)703-6758x8135,"5955 Brian Knoll Apt. 984, Smithfort, PW 08639",2025-05-15T14:26:21.100844
CUST_003170,"Walker, Campbell and Cook",,BUSINESS,96-2691296,,cesar14@example.com,+1-892-297-0820,"66213 Jerry Motorway Apt. 695, North Michael, TX 03786",2026-09-07T14:26:21.101046
CUST_003171,Patricia,Bell,PERSON,593-69-7719,1956-05-14,robertrollins@example.net,6143897548,"5633 Chapman View Apt. 235, Gilbertville, VA 99536",2025-12-18T14:26:21.101261
CUST_003172,Brett,Garcia,PERSON,509-20-6710,1957-11-21,mraymond@example.org,001-912-221-0694x37962,"782 Pena Passage Suite 358, Carneystad, UT 72969",2024-11-04T14:26:21.101456
CUST_003173,Sarah,White,PERSON,709-49-3131,1996-05-12,mcleanrobert@example.com,778.892.8388x129,"165 Massey Land, East Davidchester, NM 74487",2026-06-09T14:26:21.101659
CUST_003174,Richard,Fuller,PERSON,602-73-1123,1971-04-20,harringtonjessica@example.com,(894)487-1125x6738,"57659 Ashley Spring Suite 218, West Carrie, PW 19409",2025-03-31T14:26:21.101855
CUST_003175,Jodi,Lane,PERSON,389-88-1721,1966-12-20,lorisanders@example.net,882-639-2457,"292 Mindy Lights, Deanbury, VI 72109",2025-08-28T14:26:21.102054
CUST_003176,Jimenez-Ward,,BUSINESS,72-8939511,,austin39@example.net,+1-665-655-1061x16389,"30249 Steven Dale Suite 128, East Timothy, MD 28308",2025-10-06T14:26:21.102223
CUST_003177,Zimmerman Group,,BUSINESS,53-7220742,,phillipbrown@example.org,8569907647,"5484 Coleman Brooks, Vincentton, TX 91846",2024-10-18T14:26:21.102398
CUST_003178,Gonzalez Inc,,BUSINESS,50-5019771,,dustin33@example.com,537-550-2190x32441,"5778 Jason Oval, South Adam, MO 26436",2025-09-12T14:26:21.102530
CUST_003179,"Figueroa, Richards and Daniels",,BUSINESS,58-1960353,,shelby49@example.com,421.811.3208x154,"01968 Boyer Plains Suite 375, Mckenziechester, VI 73522",2025-09-17T14:26:21.102752
CUST_003180,Parker Ltd,,BUSINESS,22-1051752,,jennifermarshall@example.com,474-801-4052x543,"263 Vargas Villages, South Amy, AR 60209",2025-06-06T14:26:21.102936
CUST_003181,Franco-Mullins,,BUSINESS,27-1430846,,anthonywolfe@example.org,818.243.8327x5070,"760 Jonathan Courts, South Kristinaside, MO 27365",2025-01-08T14:26:21.103133
CUST_003182,Jennifer,Bell,PERSON,345-84-6855,2001-06-16,codygomez@example.net,+1-430-241-8610x767,"48371 Erika Ramp Apt. 631, Danielleshire, CA 41035",2025-03-22T14:26:21.103329
CUST_003183,Riley and Sons,,BUSINESS,99-5169769,,jill77@example.net,(713)682-4442x934,"6575 Smith Mountain, North Catherine, LA 01090",2025-09-04T14:26:21.103472
CUST_003184,Williams Inc,,BUSINESS,89-8972523,,vanessa59@example.com,(514)510-6794,"00652 Elijah Court, East John, AL 37808",2025-04-07T14:26:21.103604
CUST_003185,"Duffy, Torres and Ball",,BUSINESS,94-4153025,,ashley71@example.com,001-723-539-3992,"1920 Robert Point, Dannyton, PW 60653",2026-09-13T14:26:21.103802
CUST_003186,Anderson-Hanson,,BUSINESS,12-7043247,,maykimberly@example.org,(711)371-3223x3168,"27154 Maria Lodge Suite 160, West Anthony, NY 99362",2026-08-01T14:26:21.104001
CUST_003187,"Davenport, Morales and Alvarez",,BUSINESS,96-8454220,,ryan56@example.com,220.938.4354,"4178 Brandon Oval, Lake Chelseaburgh, CA 03400",2026-01-20T14:26:21.104198
CUST_003188,Garcia-Copeland,,BUSINESS,61-2365149,,hinesjulie@example.net,(238)260-4201,"473 Dougherty Circle Suite 164, Port Williamshire, NY 98146",2025-09-25T14:26:21.104413
CUST_003189,Hill-Garcia,,BUSINESS,70-2685367,,ogibson@example.org,285.821.3291,"PSC 9947, Box 5937, APO AA 85643",2025-08-18T14:26:21.104536
CUST_003190,Reed-Lee,,BUSINESS,87-4272848,,beth21@example.net,001-404-977-1672x63324,"8683 Vincent Locks, North Rebeccastad, MI 47747",2024-09-17T14:26:21.104701
CUST_003191,Renee,Davis,PERSON,715-42-3471,1975-05-25,jared93@example.com,364.776.9634x17219,"920 Sarah View Suite 872, Kingview, DE 76376",2025-04-02T14:26:21.104874
CUST_003192,Steve,Parker,PERSON,447-85-2864,2004-07-04,pottercharles@example.com,945-791-9322,"6121 Estrada Radial, North Conniemouth, CT 89741",2026-05-09T14:26:21.105077
CUST_003193,Williamson Group,,BUSINESS,21-6055785,,sbanks@example.com,+1-767-811-9614x004,"7436 Stanton Shoals, West Derekborough, SD 19970",2024-10-27T14:26:21.105231
CUST_003194,Mitchell-Moore,,BUSINESS,31-8487448,,iansnow@example.com,7098141762,"01901 Brittney Harbor, Nicolefurt, NM 51417",2026-05-21T14:26:21.105427
CUST_003195,Aguilar-Mendez,,BUSINESS,94-5041658,,gsullivan@example.com,001-696-339-7684x5749,"73071 Castro Stream Suite 356, East Alexander, NY 93150",2026-01-10T14:26:21.105615
CUST_003196,Madison,Williams,PERSON,191-99-6313,1991-09-12,patricia18@example.org,+1-790-555-8959x635,"47700 Zachary Stream, Mezashire, AL 03448",2026-03-26T14:26:21.105785
CUST_003197,Aaron,Harris,PERSON,842-86-7028,1957-12-18,ryan21@example.org,(979)976-5301,"5746 Jackson Gardens, North Amber, AZ 23794",2026-05-31T14:26:21.105954
CUST_003198,"Bailey, Wilson and Robinson",,BUSINESS,13-3688301,,juliewood@example.com,(510)640-5871x51392,"674 Jonathan Prairie Apt. 564, South Katrinamouth, AR 47841",2025-10-17T14:26:21.106188
CUST_003199,Jones-Evans,,BUSINESS,45-4697296,,wgreen@example.org,(825)645-3800,"0405 Miller Point Suite 689, Lake Roy, NY 79389",2025-12-27T14:26:21.106374
CUST_003200,Davis-Figueroa,,BUSINESS,95-3065243,,dennis02@example.org,(461)891-2286x6988,"237 Clarence Well, East Shawnborough, MS 34463",2024-11-04T14:26:21.106539
CUST_003201,Steven,Moore,PERSON,239-43-3243,1999-01-24,deannaweaver@example.org,383.649.5387x60329,"42395 Walter Light, Berrymouth, WA 49050",2025-03-18T14:26:21.106742
CUST_003202,"Meza, Rodriguez and Hernandez",,BUSINESS,21-6583476,,jeremysteele@example.com,616.373.0327x3317,"0485 Gina Unions, North John, IL 68317",2026-01-30T14:26:21.106972
CUST_003203,Paula,Callahan,PERSON,613-77-6717,1963-02-24,cgutierrez@example.net,206-220-3646,"PSC 9877, Box 7356, APO AA 34314",2024-11-26T14:26:21.107091
CUST_003204,"Baker, Spencer and Holt",,BUSINESS,58-7403032,,warren86@example.org,897.890.6454,"8474 Bray Landing Suite 600, Hesterfort, MD 83153",2024-11-16T14:26:21.107312
CUST_003205,Stevens and Sons,,BUSINESS,39-4750560,,michaelgibbs@example.net,001-857-586-4810x737,"100 Russo Rest Suite 483, Julialand, DE 98829",2025-12-25T14:26:21.107489
CUST_003206,Joshua,Mullins,PERSON,233-31-7744,1970-06-15,tsaunders@example.net,001-916-872-2439,"783 Rachel Cliffs, West Stacyberg, IA 68845",2025-11-23T14:26:21.107658
CUST_003207,Stephanie,Palmer,PERSON,297-90-6235,1971-05-13,john40@example.com,301-612-8507x969,"492 Bennett Oval, West Tiffanybury, PW 27180",2026-05-25T14:26:21.107828
CUST_003208,Thomas,Dickerson,PERSON,566-07-1834,1958-06-30,mark09@example.net,444-654-9952x59864,"922 Renee Mountains, Rebeccachester, KS 72618",2025-10-03T14:26:21.107986
CUST_003209,Jennifer,Watts,PERSON,324-89-0628,1954-02-16,michaelcollins@example.com,8577599559,"80151 Leslie Pines, Katrinafurt, AZ 26520",2026-05-21T14:26:21.108177
CUST_003210,"Phillips, Conner and Kennedy",,BUSINESS,26-6257514,,ohill@example.org,001-324-365-9415,"PSC 2229, Box 0957, APO AA 08393",2025-08-23T14:26:21.108333
CUST_003211,Gary,Mccarty,PERSON,769-10-9900,1993-07-01,kimberly09@example.org,877.432.8647,"28405 Cooper Drives Apt. 272, Smithfort, ND 52777",2025-11-02T14:26:21.108515
CUST_003212,Joseph,Rodriguez,PERSON,676-30-1900,1993-06-22,ehogan@example.net,453-787-4715x5899,"64271 Baker Creek, Rachelstad, IA 99437",2025-01-20T14:26:21.108695
CUST_003213,Tony,Lee,PERSON,448-68-6171,1944-01-13,barkerjohnny@example.net,(651)934-5796,"411 Tamara Course, Luischester, CO 53058",2025-08-15T14:26:21.108890
CUST_003214,"Valdez, Rivera and Jimenez",,BUSINESS,50-7124083,,snowrobert@example.net,(614)649-4822x02775,"935 Moore Mission, Monicaville, MP 53521",2024-10-21T14:26:21.109130
CUST_003215,Johnathan,Webb,PERSON,579-94-9777,1952-09-13,jenniferjones@example.net,957.216.3103x01033,"55795 Hannah Lodge Suite 213, Jensenville, VA 41848",2025-04-02T14:26:21.109336
CUST_003216,Paul,Huber,PERSON,594-78-7364,2003-09-23,sarah08@example.com,5769697917,"80367 James Canyon Suite 915, Nicholastown, MT 86012",2026-05-30T14:26:21.109498
CUST_003217,Davis LLC,,BUSINESS,11-8727632,,shannonpetersen@example.org,2062978784,"6752 Stephen Haven Apt. 014, Port Bianca, MT 75136",2025-10-28T14:26:21.109665
CUST_003218,Brenda,Stephens,PERSON,473-82-9603,2007-04-16,ambertrujillo@example.com,738-613-9140,"59401 Tammy Forest, Port Brianna, DC 27932",2025-11-17T14:26:21.109856
CUST_003219,Robert,Martinez,PERSON,562-43-7448,1997-08-31,lclarke@example.com,524-417-9843,"1922 Hardy Bridge, Scottburgh, IA 83937",2025-04-23T14:26:21.110045
CUST_003220,Martinez-Spencer,,BUSINESS,28-5754542,,jacksoncraig@example.com,850.422.0992x4607,"74925 Martinez Plain, Joebury, IL 15850",2026-04-20T14:26:21.110252
CUST_003221,Craig,Thompson,PERSON,042-72-2140,1943-07-24,amy07@example.com,+1-338-813-6029x196,"6247 Janet Mountains Suite 819, New Heathermouth, WI 38907",2025-01-11T14:26:21.110415
CUST_003222,"Peterson, Logan and Brewer",,BUSINESS,49-9428504,,cherrycharles@example.net,(977)731-6409,"40003 Smith Ranch Suite 884, Jessicashire, SD 99942",2024-10-11T14:26:21.110657
CUST_003223,Jose,Gonzales,PERSON,083-73-7698,1975-10-20,uspencer@example.org,395.968.2371,"3953 Jessica Cove Suite 130, Port Timothy, VA 56153",2025-12-10T14:26:21.110828
CUST_003224,Turner-Duncan,,BUSINESS,90-4618930,,christina56@example.org,375.214.3428x66192,"2293 Rivera Flats Suite 053, Garretthaven, MI 65950",2025-04-28T14:26:21.111017
CUST_003225,Hooper LLC,,BUSINESS,58-1986711,,adamtaylor@example.net,001-438-454-5148x18147,"090 Brian Street, South Tyrone, VT 03459",2025-10-10T14:26:21.111183
CUST_003226,Andrea,Jones,PERSON,279-09-2993,1965-03-14,lisawalton@example.org,001-574-969-5962,"Unit 5822 Box 0434, DPO AE 49690",2026-02-13T14:26:21.111323
CUST_003227,Joseph,Walker,PERSON,674-20-4815,1957-03-14,andrewsjeff@example.com,001-627-534-7918x90224,"7442 Amy Groves, Josephborough, NH 11662",2024-09-29T14:26:21.111523
CUST_003228,Brian,Hull,PERSON,772-29-8150,1979-06-16,courtney71@example.net,001-828-821-7353x45811,"9270 Anthony Hollow Apt. 959, Dalebury, MT 57173",2026-03-17T14:26:21.111692
CUST_003229,"Martin, Tucker and Brown",,BUSINESS,60-6018095,,singhashley@example.com,775-371-5877x00693,"68318 Lisa Garden, Davidburgh, VT 70142",2024-11-10T14:26:21.111922
CUST_003230,Hannah,Barton,PERSON,787-27-1352,1978-09-03,victor51@example.net,447-538-2484x35807,"750 Zuniga Union, Port Emilyberg, NC 06998",2026-08-25T14:26:21.112094
CUST_003231,"Evans, Richards and Duke",,BUSINESS,53-8087324,,melissa05@example.org,+1-777-785-2637x3023,"USNS Lopez, FPO AE 25942",2024-10-22T14:26:21.112271
CUST_003232,Stewart Inc,,BUSINESS,54-7565976,,candacescott@example.com,001-409-212-6113x37399,"40430 King Vista, Bennettberg, IL 95296",2025-08-12T14:26:21.112457
CUST_003233,Heather,Harris,PERSON,163-50-0493,1981-11-14,hallen@example.org,001-680-894-5025x48297,"3741 Jerry Crest Apt. 359, Port Donald, SC 09144",2025-03-25T14:26:21.112630
CUST_003234,Lawson-Freeman,,BUSINESS,46-4273103,,ylawson@example.org,001-254-403-6240x89623,"431 Benjamin Dale, West Michael, HI 94257",2024-09-29T14:26:21.112805
CUST_003235,Huffman-Pham,,BUSINESS,22-3196149,,whiteapril@example.net,384.745.1493,"Unit 1697 Box 1244, DPO AA 31083",2025-10-20T14:26:21.112950
CUST_003236,Jeffrey,Anderson,PERSON,339-37-5961,1977-12-04,elopez@example.com,+1-282-496-1185,"30544 Delgado Heights Apt. 645, East Markville, SC 39871",2024-09-20T14:26:21.113138
CUST_003237,Morgan-Thomas,,BUSINESS,68-3746337,,kruegerjustin@example.org,001-640-711-3499x7622,"781 Luis Burg Suite 789, Courtneyshire, HI 66162",2025-02-02T14:26:21.113338
CUST_003238,Jacob,Hancock,PERSON,136-65-5391,1997-05-06,aliciarich@example.org,275.307.7279,"76263 Melendez River, Lake Alec, CT 89058",2025-06-21T14:26:21.113540
CUST_003239,Randall Inc,,BUSINESS,47-3429724,,andrew36@example.net,613-849-8273x49294,"399 Campbell Ridges Suite 804, Port Alejandroton, MI 56064",2026-02-14T14:26:21.113688
CUST_003240,Max,Gray,PERSON,426-33-1395,1999-09-30,sortiz@example.com,(943)267-1077x017,"234 Nunez Light, Annaland, HI 26832",2026-02-28T14:26:21.113866
CUST_003241,Debbie,Wells,PERSON,085-76-7446,1953-06-09,dtyler@example.com,584.612.3156x1193,"Unit 4637 Box 0044, DPO AP 54728",2025-09-11T14:26:21.113986
CUST_003242,Joseph,Pham,PERSON,856-93-1561,1995-07-31,ricechad@example.com,(343)292-1192x1330,"6803 Thomas Keys Suite 113, Lake Kristenport, WA 08209",2024-10-22T14:26:21.114181
CUST_003243,Robert,Butler,PERSON,500-39-9653,1946-01-11,heather55@example.com,(881)859-5769x62586,"9661 Jeremy Drive, Port Michaelton, MS 40700",2025-08-27T14:26:21.114341
CUST_003244,"Johnson, Cooper and Lyons",,BUSINESS,96-3822312,,fberry@example.com,300.383.0248x87646,"36167 Andrew Mountains, North Joannafort, NV 93195",2026-07-21T14:26:21.114550
CUST_003245,Matthew,Hicks,PERSON,885-21-1714,1977-02-11,josephbeck@example.net,3383069513,"PSC 7693, Box 1103, APO AE 83464",2025-09-17T14:26:21.114689
CUST_003246,Smith Group,,BUSINESS,32-1880336,,mcarlson@example.com,001-570-817-6319x761,"601 Trujillo Trail, Franciscoton, VA 51386",2026-05-19T14:26:21.114842
CUST_003247,Silva Inc,,BUSINESS,85-8278315,,stephanie10@example.com,001-962-254-4908,"014 William Ramp Apt. 250, South Martin, MA 07787",2026-04-17T14:26:21.114976
CUST_003248,Kelley-Barnett,,BUSINESS,41-1570305,,rodriguezmike@example.com,814-590-3479x47764,"74517 Myers Canyon, Catherineland, MH 44633",2026-05-18T14:26:21.115184
CUST_003249,James,Miller,PERSON,107-18-4000,2001-11-05,ruizjason@example.net,564.228.5515,"77318 Nichole Ports, Lake James, VA 20533",2025-08-06T14:26:21.115373
CUST_003250,"Miller, Fuller and Gordon",,BUSINESS,48-3893851,,wanda38@example.org,001-964-925-1179x08757,"6206 Deborah Cape Apt. 009, Amystad, AL 75768",2024-11-17T14:26:21.115575
CUST_003251,Zimmerman LLC,,BUSINESS,98-2503425,,edwardthomas@example.com,+1-403-648-4788x0047,"PSC 5712, Box 6772, APO AP 01424",2025-05-30T14:26:21.115690
CUST_003252,Dennis-Mcintosh,,BUSINESS,45-8467845,,williamscarol@example.org,(746)768-0797x842,"16847 Kyle Knoll Suite 245, Turnerville, PA 52630",2025-09-05T14:26:21.115901
CUST_003253,Crystal,Cook,PERSON,483-41-7996,1954-05-17,derrick66@example.org,5993583305,"1759 Melissa Overpass, Lake Charlesport, NV 77690",2026-05-17T14:26:21.116060
CUST_003254,James,Torres,PERSON,718-27-6429,1990-11-27,jennifer94@example.org,323.661.7896,"6644 Joyce Route Suite 075, East Daniel, MI 05671",2026-06-24T14:26:21.116232
CUST_003255,Autumn,Campos,PERSON,021-49-5458,1966-10-24,davidsontyler@example.com,(214)599-8129x1799,"7672 Williams Loop, North Brenda, NV 89647",2025-05-04T14:26:21.116435
CUST_003256,Diana,Price,PERSON,835-09-0724,1949-05-12,adamsluis@example.net,4513499228,"8415 Daniel Mount Suite 705, New Jacquelinechester, ME 10403",2026-08-24T14:26:21.116628
CUST_003257,Cooper-Johnson,,BUSINESS,45-2586340,,irichardson@example.com,251.942.2021x299,"62657 Jones Vista Apt. 907, North Jacobhaven, FM 46031",2025-01-17T14:26:21.116818
CUST_003258,Kristy,Walsh,PERSON,137-32-2758,1956-03-14,sarah60@example.org,001-803-832-7176,"3423 Courtney Mission, North Sharonview, MI 34586",2025-08-19T14:26:21.116977
CUST_003259,"Nelson, Fernandez and Fernandez",,BUSINESS,92-8275548,,yhall@example.org,(561)726-3983,"7776 Victoria Rest, Thomasberg, NE 20228",2025-11-15T14:26:21.117184
CUST_003260,Riley,Brooks,PERSON,071-35-1926,1978-07-21,jeffreybrown@example.net,619-462-9928,"3971 Antonio Via Apt. 892, South Catherinehaven, KY 16850",2026-06-07T14:26:21.117380
CUST_003261,"Owens, Miller and Higgins",,BUSINESS,18-4101936,,melissaroberts@example.net,819-491-7393x16974,"9091 Sarah Trail Suite 906, Pricemouth, IL 31635",2025-07-28T14:26:21.117629
CUST_003262,Kristin,Walker,PERSON,249-03-1506,1979-07-21,lward@example.com,001-667-346-8850x16261,"80225 Todd Throughway, New Toniburgh, DC 11242",2025-08-09T14:26:21.117801
CUST_003263,Mooney-Smith,,BUSINESS,18-9705716,,rking@example.com,600-298-6191x88025,"9055 Carr Bypass Apt. 559, South Rachel, AZ 47103",2025-01-26T14:26:21.117992
CUST_003264,Mary,Skinner,PERSON,571-63-4300,1993-04-09,rachelcox@example.com,459-848-8475x55413,"435 Christine Gateway Apt. 561, West Gregoryberg, NM 59714",2026-02-16T14:26:21.118189
CUST_003265,Jason,Thompson,PERSON,004-19-6555,1998-04-23,owenslori@example.com,(258)203-9858x720,"41432 Michael Vista, Michaelmouth, MN 46918",2026-03-15T14:26:21.118380
CUST_003266,Daniel,Carter,PERSON,144-92-0269,1993-11-26,amyyoung@example.com,+1-608-746-0936x758,"9415 Villarreal Shoals Suite 511, Lake Tomville, OH 10844",2026-09-11T14:26:21.118587
CUST_003267,Parsons PLC,,BUSINESS,50-3064357,,mjones@example.com,(455)248-1244x322,"5462 Larson Forge Suite 721, Kristinhaven, KY 19844",2026-08-07T14:26:21.118744
CUST_003268,Daniel,Cooper,PERSON,049-99-0582,1981-06-07,marksmith@example.org,(333)538-8700x0790,"USNV Velasquez, FPO AE 37250",2025-02-05T14:26:21.118920
CUST_003269,Nathan,Owen,PERSON,820-45-6743,1947-05-18,smccoy@example.org,+1-651-995-4746,"5098 Roman Skyway, North Larryhaven, TN 69585",2024-11-17T14:26:21.119101
CUST_003270,James,Jackson,PERSON,756-60-4616,1971-12-27,jdorsey@example.org,001-933-848-2899x1182,"24601 Lori Points Suite 470, Nathanberg, GU 43219",2026-06-19T14:26:21.119275
CUST_003271,Cain Inc,,BUSINESS,14-2419525,,troy84@example.org,+1-638-588-3015,"52434 Hendricks Expressway Apt. 786, East Caleb, GU 67777",2026-05-12T14:26:21.119420
CUST_003272,Jones-Cardenas,,BUSINESS,56-3879023,,dawnholland@example.net,798.534.3784,"4834 Andersen Rapid, Davisport, VA 00563",2025-07-10T14:26:21.119636
CUST_003273,John,Kim,PERSON,742-31-0970,1996-02-27,dakotamartin@example.net,001-789-545-0675x50576,"46748 Eric Ferry Apt. 596, West Sydney, CO 39942",2026-01-05T14:26:21.119831
CUST_003274,Long-Le,,BUSINESS,15-9714808,,jshort@example.com,001-582-567-7539,"44647 Crystal Roads, Marissaberg, KY 88812",2025-11-20T14:26:21.120005
CUST_003275,King-Sims,,BUSINESS,27-9228265,,brownkristen@example.com,(816)218-4648x70707,"32962 Jose Centers, North Joseburgh, IL 70853",2024-10-05T14:26:21.120211
CUST_003276,"Richardson, Johnson and Bell",,BUSINESS,76-6907545,,munozjoe@example.org,(804)686-9357x2347,"PSC 9009, Box 4785, APO AP 75743",2025-01-04T14:26:21.120389
CUST_003277,Daniel,Robinson,PERSON,403-75-6925,1968-02-12,lsantiago@example.org,+1-933-617-3612x3778,"872 Danielle Ports, Silvaside, MH 38661",2024-10-12T14:26:21.120569
CUST_003278,Isaiah,Walters,PERSON,813-31-8569,1989-09-30,ronniemathews@example.com,354.430.0536x8545,"2483 Jamie Orchard Suite 975, Jasonview, CO 19696",2024-11-07T14:26:21.120764
CUST_003279,Christopher,Thompson,PERSON,614-11-4262,1999-08-17,lewisgerald@example.net,846-771-5658,"6932 Amy Fort, Gordonbury, TX 51542",2026-01-17T14:26:21.120964
CUST_003280,Marissa,Hernandez,PERSON,527-01-8507,1957-11-10,kelly01@example.com,(363)570-2731,"662 Perez Summit Suite 499, Bethanyfort, NV 96635",2026-03-08T14:26:21.121136
CUST_003281,Danielle,Rodriguez,PERSON,847-56-1517,2006-01-12,clarkveronica@example.net,(821)397-2456x710,"Unit 0892 Box 1789, DPO AE 58462",2025-11-14T14:26:21.121277
CUST_003282,Bobby,Atkinson,PERSON,605-89-1629,1966-10-29,heather44@example.com,861-408-2808x102,"929 Johnson Turnpike Apt. 982, Port Monicaburgh, NC 41342",2026-05-02T14:26:21.121456
CUST_003283,Kelly,Jones,PERSON,701-31-2137,1943-08-01,mwong@example.net,(943)893-6364,"0604 Dawn Lights, East Andrewfort, CO 60578",2025-01-19T14:26:21.121624
CUST_003284,Lynn-Gonzales,,BUSINESS,45-3155739,,harriskaren@example.net,445-340-2372x3972,"94289 Wilcox Extensions, Tapiaside, DE 95829",2024-12-18T14:26:21.121842
CUST_003285,Nicholson-Taylor,,BUSINESS,19-5277642,,mariehill@example.net,676.338.0136x8465,"76419 Victoria Coves, New Scottville, TX 29722",2025-12-24T14:26:21.122040
CUST_003286,Macias-Rodriguez,,BUSINESS,93-3740044,,armstrongjessica@example.net,5518149607,"597 Connor Via Apt. 274, West Jasmine, NH 16403",2025-08-03T14:26:21.122238
CUST_003287,Nichols-Hutchinson,,BUSINESS,20-5264422,,cooklori@example.org,001-944-956-6739x419,"72710 Rivers Ranch, Coreyfort, OH 65233",2024-10-24T14:26:21.122446
CUST_003288,Riggs and Sons,,BUSINESS,98-3403234,,alexa01@example.org,8796145667,"81159 Vega Trafficway Suite 721, North Curtischester, FL 02755",2025-03-17T14:26:21.122593
CUST_003289,Evelyn,Hamilton,PERSON,014-77-8776,1999-04-20,burnettelizabeth@example.net,649.864.0543x15068,"7316 Brandon Lodge, South Kevin, IA 19960",2026-07-06T14:26:21.122784
CUST_003290,"Thomas, Thomas and Jones",,BUSINESS,91-4231751,,michael36@example.com,612-954-3644x48912,"20926 Scott Mountain, Smithville, AL 40307",2025-08-31T14:26:21.123002
CUST_003291,Katherine,Henderson,PERSON,886-33-7989,1994-07-21,jacksontimothy@example.com,001-859-714-9873x2291,"904 Spencer Roads, Crossfort, AK 33723",2025-07-14T14:26:21.123204
CUST_003292,Eric,Hill,PERSON,812-62-0833,1966-03-14,pricejuan@example.org,6217864236,"4226 Carney Stravenue, South Jeffreyport, KS 12732",2025-10-28T14:26:21.123406
CUST_003293,Franco-Owens,,BUSINESS,58-1434695,,aprilperkins@example.com,935-725-6103x69162,"0629 Valdez Prairie Apt. 329, Watsontown, AS 18166",2025-01-06T14:26:21.123627
CUST_003294,Brittany,Conley,PERSON,002-51-9886,1973-11-16,rileystephenson@example.net,(477)331-5968x3240,"51519 Crawford Stream, Port Alicia, WY 16193",2026-06-29T14:26:21.123829
CUST_003295,Frye Inc,,BUSINESS,25-9916589,,owright@example.net,001-592-301-2776x0234,"451 Savannah Groves Apt. 606, South Thomasville, IL 09584",2026-05-27T14:26:21.123976
CUST_003296,Miller and Sons,,BUSINESS,18-6525702,,ihamilton@example.com,(333)772-5926x67503,"07672 Laura Brook, Leefort, HI 31546",2024-11-30T14:26:21.124130
CUST_003297,Jennifer,Martinez,PERSON,755-04-3375,1941-05-19,danielle24@example.com,612-775-4365x426,"3769 Vang Meadow, New Natashaport, NM 35105",2025-09-10T14:26:21.124301
CUST_003298,Rodriguez Inc,,BUSINESS,44-3455003,,hunter02@example.org,785-536-5443x59296,"2234 Emily Overpass Suite 397, North Kathleenland, CT 95451",2026-01-28T14:26:21.124438
CUST_003299,"Reese, Gonzalez and Fletcher",,BUSINESS,11-2643275,,desireeshort@example.net,543.698.3885,"15779 Johnson Trace, West Danachester, PA 02717",2025-08-26T14:26:21.124679
CUST_003300,Jeffrey,Arellano,PERSON,471-09-3475,1990-07-21,ruiznicholas@example.org,+1-541-823-6111,"380 Navarro Villages Apt. 155, West Robert, PA 71982",2025-08-25T14:26:21.124882
CUST_003301,Kaitlyn,Kennedy,PERSON,490-39-8424,1975-09-05,johnny13@example.org,905.889.5366x457,"50305 Brian Summit, North Alexanderburgh, MD 27462",2026-05-13T14:26:21.125042
CUST_003302,Gregory,Herrera,PERSON,241-79-6790,1997-08-03,craigmolina@example.com,531.307.1468,"4483 Paul Station, South Johnburgh, UT 23127",2025-03-26T14:26:21.125233
CUST_003303,Johnson LLC,,BUSINESS,85-9214437,,woodsstephen@example.org,611-970-3848x6817,"5252 Elizabeth Courts, Port Erika, VT 10110",2026-06-11T14:26:21.125398
CUST_003304,Bell PLC,,BUSINESS,99-5731119,,nicholsalyssa@example.net,001-301-676-4717x94405,"55522 Isaiah Mill Suite 253, West Drew, HI 32492",2025-03-01T14:26:21.125567
CUST_003305,Williams PLC,,BUSINESS,87-2662054,,moralesronald@example.org,8854090301,"85428 Christopher Place Suite 269, South Philip, NH 21035",2026-07-29T14:26:21.125734
CUST_003306,Ralph,Hudson,PERSON,301-07-8463,1990-03-23,richardedwards@example.org,771.844.1189,"05233 May Garden, Perezborough, KS 70542",2025-10-26T14:26:21.125947
CUST_003307,Mcdowell LLC,,BUSINESS,33-6791040,,shieldskarina@example.com,950-678-6409x7777,"27244 Christian Point Apt. 623, New Danielbury, MO 47321",2024-10-22T14:26:21.126117
CUST_003308,"Evans, Brock and Stevens",,BUSINESS,71-3140306,,timothy95@example.net,309-527-0514x1716,"069 Timothy Circle Apt. 242, Markhaven, WY 76896",2025-12-25T14:26:21.126318
CUST_003309,Kenneth,Drake,PERSON,671-42-0369,1989-02-08,danielbell@example.com,(385)832-3319,"7769 Carolyn Divide Suite 065, Garyberg, FM 05134",2024-10-13T14:26:21.126512
CUST_003310,Francisco,Edwards,PERSON,221-28-8739,2005-03-28,melanieunderwood@example.net,(944)525-4662,"2245 Ellison Squares Apt. 488, Jodimouth, ND 36879",2024-11-12T14:26:21.126720
CUST_003311,Michelle,Mcdaniel,PERSON,650-86-8816,1974-10-17,stacywilson@example.org,7998295989,"70908 Cline Avenue, West Jennifertown, MH 62868",2026-04-23T14:26:21.126922
CUST_003312,Barton-Simmons,,BUSINESS,82-5485722,,timothyknight@example.net,412-286-9222,"257 Spencer Plains, Lake Erin, GU 63065",2026-07-24T14:26:21.127127
CUST_003313,Welch-Henry,,BUSINESS,41-8016965,,westyolanda@example.org,(481)674-0638x55245,"17705 Jennifer Via Suite 185, Milesburgh, GU 02183",2024-09-23T14:26:21.127339
CUST_003314,Nichols Inc,,BUSINESS,33-8364526,,phillipsluis@example.net,(272)462-6596x1635,"Unit 2314 Box 2235, DPO AA 70478",2025-09-19T14:26:21.127453
CUST_003315,Davidson Inc,,BUSINESS,74-5812035,,christina09@example.org,+1-344-578-5380x57941,"8410 Michelle Trail, New Mariaport, NC 24353",2025-12-08T14:26:21.127587
CUST_003316,Martinez PLC,,BUSINESS,76-4838024,,robert45@example.org,626-625-7034x6282,"21136 David Springs, Port Tyler, MH 25784",2025-11-08T14:26:21.127721
CUST_003317,Emily,Lawrence,PERSON,007-44-4043,1961-05-23,harrisjennifer@example.net,526.379.3468x145,"98396 Randall Walk, New Christopherbury, NC 24119",2025-11-08T14:26:21.127914
CUST_003318,"Luna, Sims and Hill",,BUSINESS,50-2512308,,jenniferramirez@example.com,001-724-891-9846x3637,"121 Robert Drive Apt. 178, Phillipsborough, ME 36367",2024-12-06T14:26:21.128157
CUST_003319,Taylor,Gibson,PERSON,568-81-7648,2006-01-18,courtney28@example.com,563.979.2301,"222 Perez Divide Apt. 644, Haystown, SD 89588",2026-06-30T14:26:21.128340
CUST_003320,Jessica,Jones,PERSON,256-81-2187,2005-10-24,mary02@example.org,251.424.8599,"676 Brock Plain, Pottsport, HI 04866",2026-06-13T14:26:21.128518
CUST_003321,Paul,Yang,PERSON,142-83-8387,1950-04-17,udavis@example.org,3314653933,"88532 William Pike, Wendyfort, RI 37968",2025-02-04T14:26:21.128687
CUST_003322,Tristan,Price,PERSON,005-45-0020,1941-08-27,lterry@example.com,375.520.9064,"9754 Michelle Fields Apt. 940, Murrayview, PA 86691",2026-06-22T14:26:21.128877
CUST_003323,Garza-Meadows,,BUSINESS,80-9268659,,jromero@example.com,+1-734-831-8021x3092,"317 Scott Point Suite 073, East Dannychester, IN 74498",2026-09-06T14:26:21.129066
CUST_003324,Lawrence-Rodriguez,,BUSINESS,96-9534273,,tmiller@example.net,532.279.3078,"3356 Thomas Highway Apt. 839, West Brian, OK 16269",2026-04-30T14:26:21.129253
CUST_003325,Garcia Group,,BUSINESS,73-9640458,,williamsonnicole@example.com,909.796.5431,"7769 Pineda Bypass, Lake Tammymouth, ID 47261",2024-10-15T14:26:21.129428
CUST_003326,Julie,Chan,PERSON,025-04-7733,1961-05-05,walshjeremy@example.com,(349)927-5820x6366,"946 Jackson Wells Apt. 436, Hawkinsberg, AR 52425",2025-07-28T14:26:21.129645
CUST_003327,Christopher,Cameron,PERSON,413-83-9370,1976-09-09,uboyer@example.org,(970)872-4133x4453,"5622 Jason Lakes Apt. 779, Malonemouth, NC 68131",2024-12-24T14:26:21.129828
CUST_003328,Taylor,Hamilton,PERSON,797-40-9885,1945-09-04,fredfloyd@example.net,(837)255-8767,"19821 Stacey Mews Apt. 165, Gateshaven, VA 68148",2026-09-09T14:26:21.130032
CUST_003329,"Holden, Zamora and Reese",,BUSINESS,99-9964482,,erinlang@example.com,(376)711-8210x597,"255 Suzanne Trail, Pattonland, SC 56970",2025-09-28T14:26:21.130272
CUST_003330,Brittany,Johnson,PERSON,347-33-0201,1952-08-15,pamelamercer@example.com,494.874.8163x617,"8454 Christine Squares, Justinmouth, NJ 18555",2024-11-08T14:26:21.130464
CUST_003331,Jonathan,Harris,PERSON,280-33-8473,2001-04-14,karen39@example.org,001-428-679-8526x736,"34033 Salazar Spring Apt. 984, South Michael, NH 14722",2025-01-03T14:26:21.130637
CUST_003332,"Baker, Carr and Khan",,BUSINESS,31-9783147,,bucksusan@example.net,(659)783-4696,"302 Baldwin Plaza, Smithmouth, PR 65393",2026-01-29T14:26:21.130886
CUST_003333,Jacob,Morris,PERSON,439-90-3157,1981-07-02,hendersonbrittany@example.net,9586113379,"43189 Douglas Circle, Port Brandiside, SC 72106",2026-07-02T14:26:21.131078
CUST_003334,Wells LLC,,BUSINESS,27-9618195,,ujohnson@example.com,353.571.7750,"PSC 6377, Box 2486, APO AA 06790",2025-09-20T14:26:21.131170
CUST_003335,Ellen,Walker,PERSON,224-54-1902,1983-10-03,aaron25@example.org,508-724-1699x515,"7413 Davis Run Suite 411, Hectorhaven, AS 60415",2025-07-11T14:26:21.131342
CUST_003336,Solomon-Weaver,,BUSINESS,58-3860246,,allison75@example.org,(309)600-7197,"77349 Derrick Island Apt. 627, South Brent, NC 48053",2025-08-30T14:26:21.131509
CUST_003337,Justin,Cook,PERSON,647-33-5046,1988-04-13,michael73@example.org,932.828.9412,"354 Ramirez Plain Suite 708, North Gloria, NM 62516",2025-10-05T14:26:21.131680
CUST_003338,Robert,Joseph,PERSON,677-62-1445,1965-04-14,alvaradodeborah@example.org,371.307.0957x1462,"796 Christine Curve, New Theresamouth, AK 08917",2025-03-13T14:26:21.131873
CUST_003339,Bradley,Chen,PERSON,419-87-4836,1992-02-08,cooknicole@example.net,(608)770-7977x485,"0759 Kelly Ridge, Michellefurt, WA 68563",2025-11-23T14:26:21.132065
CUST_003340,Riggs Group,,BUSINESS,71-5924868,,qcoffey@example.com,001-918-630-7936x512,"446 Heather Lakes Suite 635, Floresside, FL 37618",2025-12-19T14:26:21.132221
CUST_003341,Jason,Ward,PERSON,179-02-6461,1984-05-14,johncalderon@example.org,788.862.1115,"USS Lang, FPO AE 40021",2026-09-14T14:26:21.132391
CUST_003342,Baker-Beasley,,BUSINESS,37-6114027,,wsmith@example.org,473.505.2225,"50568 Ricky Fields, New David, AR 60678",2024-11-27T14:26:21.132565
CUST_003343,Alexander,Owens,PERSON,190-07-0904,1941-12-25,reyeserin@example.org,+1-409-348-3702x95212,"146 Serrano Pines, South Robert, PA 78507",2025-05-30T14:26:21.132767
CUST_003344,Donovan-Smith,,BUSINESS,17-6968395,,hallkristine@example.net,(339)624-0985,"9134 Smith Rapid Suite 341, Chapmanside, MT 53894",2026-09-10T14:26:21.132987
CUST_003345,Hamilton-Carter,,BUSINESS,52-6005493,,gregory08@example.com,341.724.7687x139,"2946 Ryan Mission Suite 272, New Gregory, TX 35082",2025-09-19T14:26:21.133154
CUST_003346,Christina,Boyd,PERSON,395-67-3496,1941-03-02,jennifer67@example.org,+1-409-601-1913x3743,"10878 Smith Greens, Nicolechester, TN 52226",2026-09-11T14:26:21.133325
CUST_003347,Wright and Sons,,BUSINESS,33-7745583,,mnelson@example.net,493-703-1584,"93831 Leroy Ranch Apt. 470, West Brittanyton, UT 85865",2025-09-18T14:26:21.133471
CUST_003348,Shelley,Lopez,PERSON,349-83-4927,1992-06-22,wmichael@example.net,810-897-7297x1306,"67599 Erica Estate, Laraland, NE 86533",2026-06-05T14:26:21.133651
CUST_003349,"Williams, Murray and Hughes",,BUSINESS,72-4314245,,vkirby@example.net,+1-448-866-2998x18158,"3935 Miller Ramp, New Jamiefort, NM 59673",2026-06-22T14:26:21.133871
CUST_003350,Luis,Huff,PERSON,455-74-3731,1986-01-21,gbird@example.org,809.333.5329,"753 Karen Flats, North Debra, HI 65126",2025-07-23T14:26:21.134039
CUST_003351,Robert,Nelson,PERSON,742-09-3041,1974-07-01,steelediane@example.net,(292)409-8520x279,"25103 Richard Village Apt. 861, South Debramouth, NH 14069",2025-05-05T14:26:21.134237
CUST_003352,Brandi,Walters,PERSON,322-70-8801,1998-12-07,erios@example.com,001-945-650-5955x01765,"997 Tracey Lights Suite 287, Adamsport, WI 32890",2026-04-10T14:26:21.134421
CUST_003353,"Christensen, Dickerson and Burnett",,BUSINESS,38-8897013,,grossashley@example.org,567-764-7719x61513,"7562 Murphy Divide Suite 528, Palmerview, PR 62211",2025-08-08T14:26:21.134676
CUST_003354,Hernandez Group,,BUSINESS,48-7115223,,james34@example.com,637-891-5112,"47042 Elliott Track, North Timothy, ND 08591",2025-07-05T14:26:21.134819
CUST_003355,Aaron,Robinson,PERSON,526-11-5923,1981-12-29,colemanamy@example.com,001-481-917-9172x029,"602 Rush Lake Apt. 389, Jacobmouth, VA 67665",2025-03-16T14:26:21.135024
CUST_003356,Anderson Ltd,,BUSINESS,23-8358018,,jesus35@example.com,4515891579,"2907 Nathan Points, North Donnachester, SC 39757",2024-11-13T14:26:21.135156
CUST_003357,Dennis LLC,,BUSINESS,30-3346703,,simonjulie@example.org,001-332-302-3786x30142,"USCGC Bush, FPO AA 91424",2025-09-19T14:26:21.135300
CUST_003358,"Mccoy, Pearson and Harmon",,BUSINESS,10-7026992,,joseph98@example.org,315.224.1050x4744,"92068 Prince Mission Suite 277, Taylorton, OK 04792",2024-09-20T14:26:21.135523
CUST_003359,Laurie,Sanchez,PERSON,435-70-0881,1953-04-07,danielle64@example.com,001-318-576-2756,"6376 Stephens Terrace Suite 391, East Davidport, NH 60752",2026-05-26T14:26:21.135700
CUST_003360,Miguel,Douglas,PERSON,289-60-4915,1990-03-28,lwilliams@example.com,(664)948-7696,"2641 Good Fall, Ryanfurt, TX 45197",2025-11-29T14:26:21.135879
CUST_003361,Stacey,Reed,PERSON,603-27-8594,1980-12-09,thorntonnathan@example.net,204-637-8942x076,"2674 Tanner Lakes, South John, DE 66653",2026-05-03T14:26:21.136081
CUST_003362,Nunez and Sons,,BUSINESS,63-6556840,,katherine80@example.net,(752)761-1433x972,"0697 Mark Drive, Perezview, MP 04475",2026-08-15T14:26:21.136223
CUST_003363,Brandon,Mccormick,PERSON,377-45-1153,1999-05-14,larsonjeffery@example.org,+1-620-881-3805,"26957 Kim Summit Suite 759, Hillmouth, VT 06049",2024-11-03T14:26:21.136437
CUST_003364,Charles,Nichols,PERSON,793-32-8660,1997-10-21,yharris@example.org,297.958.7352x794,"083 Jackson Well, Richardsonborough, AS 38517",2025-05-14T14:26:21.136626
CUST_003365,Wright-Stevens,,BUSINESS,25-8064807,,seanhowell@example.net,(988)333-7261x946,"3707 Meghan Land Apt. 618, North Margaret, OR 07924",2025-05-04T14:26:21.136826
CUST_003366,"Chapman, King and Hernandez",,BUSINESS,97-3137987,,jford@example.net,517-337-1238,"046 Christine Prairie, West Jenniferton, MI 27777",2025-10-19T14:26:21.137031
CUST_003367,"Hamilton, Collins and Ramos",,BUSINESS,74-7523795,,rhill@example.org,352-829-9572,"11813 Mitchell Parkway, Lake Jason, GU 54201",2026-05-05T14:26:21.137248
CUST_003368,Jennifer,Williams,PERSON,702-13-9394,1967-12-16,meganaustin@example.org,+1-842-477-5637x540,"5456 Poole Common, Russellberg, PA 67312",2026-05-29T14:26:21.137449
CUST_003369,Amy,Rivera,PERSON,544-45-4053,1954-06-10,kenneth12@example.com,279.411.9937x0864,"770 Rogers Avenue Suite 985, Christopherland, KS 93206",2026-05-10T14:26:21.137622
CUST_003370,Manuel,Porter,PERSON,748-10-9088,1953-04-01,james34@example.com,821-516-4468x162,"265 Pratt Junction, West James, DE 21047",2025-09-29T14:26:21.137790
CUST_003371,Kathryn,Smith,PERSON,094-16-8083,1949-01-07,maria87@example.org,+1-827-661-8937x759,"29993 Griffin Loop, Gonzalezfurt, IL 60324",2024-10-16T14:26:21.137970
CUST_003372,Brianna,Green,PERSON,117-23-7171,1975-01-25,johnsonkyle@example.com,595.456.3135x191,"07240 Green Trace Suite 647, Perezville, AS 15950",2026-07-25T14:26:21.138186
CUST_003373,Cobb-Davis,,BUSINESS,64-1134702,,matthewwinters@example.net,319-898-8976,"13872 Kristen Mountains Suite 150, Port Brookeland, CA 02480",2025-06-29T14:26:21.138386
CUST_003374,Raymond and Sons,,BUSINESS,47-5734922,,cheyennewong@example.org,689.967.1425,"6088 Medina Cove Apt. 073, Paulfurt, KY 77311",2025-05-07T14:26:21.138574
CUST_003375,Lori,Moore,PERSON,339-96-6645,1987-08-17,kaylafisher@example.net,395.463.2939x905,"9224 Christine River, Port Melanieshire, SC 36024",2025-07-04T14:26:21.138766
CUST_003376,Kelly,Jackson,PERSON,857-66-4743,1972-02-28,colemanalfred@example.net,(851)474-4463,"2678 Morgan Square Apt. 342, West Jimmy, AR 35499",2024-12-23T14:26:21.138974
CUST_003377,Carlos,Schmidt,PERSON,092-02-5930,1990-01-26,barbara43@example.net,001-847-699-8288,"2980 Gina Way Apt. 372, Lake Eric, AZ 05660",2025-04-11T14:26:21.139145
CUST_003378,Nicole,Castillo,PERSON,107-27-7185,1975-04-03,mjohnson@example.org,798.316.7343,"448 Flowers Crossing, Frazierburgh, AZ 66808",2026-01-04T14:26:21.139333
CUST_003379,"Clark, Arnold and Miller",,BUSINESS,24-5421311,,davidsanders@example.net,+1-880-284-8405,"2348 Kimberly Flat Suite 866, Mitchellborough, DE 37704",2024-09-29T14:26:21.139575
CUST_003380,Charles,Dixon,PERSON,591-42-8968,1981-07-12,yoneill@example.com,+1-564-913-6772x68293,"0655 Lamb Overpass, South Richard, OK 11759",2024-11-03T14:26:21.139755
CUST_003381,"Thompson, Guerra and Garza",,BUSINESS,35-8950602,,jose80@example.net,483.579.7854x55092,"60414 Odom Prairie Apt. 004, Lake Michael, IN 74595",2024-09-23T14:26:21.139974
CUST_003382,Ethan,Rogers,PERSON,717-55-3469,1980-11-04,ericpatterson@example.net,+1-658-353-4948,"96641 James Inlet Apt. 181, Paulside, MO 15199",2024-09-29T14:26:21.140181
CUST_003383,Mark,Harris,PERSON,669-33-2023,1990-05-11,john97@example.org,+1-635-367-6840x371,"073 Gordon Divide Apt. 388, Garrisonport, AR 56937",2026-03-07T14:26:21.140367
CUST_003384,Cameron,Neal,PERSON,884-78-8951,1952-11-29,henrytimothy@example.net,(795)864-4793x97063,"64041 Lewis Knoll Apt. 490, Montgomeryville, MN 40428",2026-01-25T14:26:21.140586
CUST_003385,Eric,Gross,PERSON,066-65-9826,1970-07-14,caroline77@example.net,(399)261-3137,"75624 Tanner Camp, West Tiffany, PW 70893",2026-05-04T14:26:21.140746
CUST_003386,Johnson-Smith,,BUSINESS,14-5594635,,allison27@example.net,346.856.4122,"3095 Mason Glens, East Aprilfort, AZ 27926",2026-03-04T14:26:21.140924
CUST_003387,Bradley,Stewart,PERSON,225-82-3261,2008-03-23,burgessterri@example.net,204-294-0324,"561 Andrew River, Lewisborough, HI 91245",2025-07-07T14:26:21.141133
CUST_003388,Cameron,Bryant,PERSON,278-04-6738,1996-01-05,scott56@example.org,(573)222-7154x8411,"29592 Grant Passage, New Coreymouth, MD 14100",2024-12-24T14:26:21.141314
CUST_003389,Sylvia,Hernandez,PERSON,354-07-9660,2000-04-23,burnsmichael@example.com,001-451-773-5927,"00955 Jason Viaduct, Cherylburgh, NY 00702",2026-06-15T14:26:21.141509
CUST_003390,Caitlyn,Edwards,PERSON,452-26-6969,1951-03-01,fgarcia@example.net,001-831-651-6640,"67972 Vazquez Forge, Stacieland, IN 85716",2025-08-23T14:26:21.141700
CUST_003391,"Martinez, Bradley and Haynes",,BUSINESS,77-6141309,,joshuasmith@example.com,473.981.7837,"7210 Yvette Road Apt. 800, Lake Heatherfurt, GU 54534",2024-09-30T14:26:21.141936
CUST_003392,Aaron,Reynolds,PERSON,361-64-0241,1976-06-11,daniel36@example.org,2593028024,"8919 Harding Mountains, Connerton, MT 27834",2026-02-01T14:26:21.142119
CUST_003393,Rojas-Lawrence,,BUSINESS,64-9039562,,matthewingram@example.com,+1-972-510-6543x624,"41032 Joseph Dam Apt. 355, New Sethside, NJ 31142",2026-07-16T14:26:21.142374
CUST_003394,"Odom, Vaughn and Williams",,BUSINESS,92-1866635,,katherine15@example.com,654.658.7710,"859 Hunter Terrace Suite 532, New Glendafurt, MS 79423",2025-11-09T14:26:21.142590
CUST_003395,Jean,Johnson,PERSON,787-16-2645,1963-01-26,bernardalejandro@example.com,+1-945-974-6558x8679,"349 Bradley Mount Apt. 490, Heatherport, OK 27737",2025-12-15T14:26:21.142796
CUST_003396,Barton-Thompson,,BUSINESS,45-6889214,,lanejorge@example.net,(236)973-7793x54893,"049 Gerald Creek, Lake Alexandria, KY 73687",2024-09-18T14:26:21.142995
CUST_003397,"Figueroa, Murphy and Mcdonald",,BUSINESS,41-6366039,,davidvargas@example.net,+1-222-830-7526x58228,"43362 Curtis Ridge, Benjaminshire, OH 68102",2026-07-30T14:26:21.143232
CUST_003398,Nicole,Reed,PERSON,010-04-7572,1977-10-20,wholmes@example.org,3324143555,"2632 Brown Field Apt. 507, South Charles, AZ 77719",2026-08-06T14:26:21.143421
CUST_003399,Allison,Hood,PERSON,430-84-9815,2001-06-04,mmiddleton@example.net,+1-428-502-5626,"2965 Warren Parks Suite 244, South Michaelhaven, MS 32821",2026-07-25T14:26:21.143596
CUST_003400,"Torres, Reese and Henry",,BUSINESS,37-5786824,,henrypowers@example.com,+1-891-544-3014x387,"7643 Mark Inlet Suite 592, Lake Jason, NE 91609",2025-05-21T14:26:21.143830
CUST_003401,Doyle-Ayers,,BUSINESS,87-2690500,,lawsonstephen@example.org,7503106112,"168 Campbell Dale Apt. 817, East Kara, IL 12620",2025-07-02T14:26:21.144026
CUST_003402,Michael,Gray,PERSON,870-61-4965,1949-04-21,amyanderson@example.org,784-445-6942,"9710 Miller Fall Apt. 718, Port Michaelton, UT 79649",2026-01-01T14:26:21.144219
CUST_003403,Jones-Watts,,BUSINESS,56-6608323,,palmerspencer@example.com,(418)703-5306,"65889 Keller Square, North Brittney, FM 11965",2025-11-09T14:26:21.144412
CUST_003404,David,Martin,PERSON,301-61-7164,2008-08-18,afoster@example.net,001-724-993-2828x990,"PSC 4304, Box 9156, APO AE 67724",2026-06-09T14:26:21.144525
CUST_003405,Scott,Cook,PERSON,379-46-0480,1958-08-30,newmanleah@example.com,(442)778-4819,"3499 Thompson Port Apt. 779, Meganberg, AZ 19326",2024-10-17T14:26:21.144719
CUST_003406,Micheal,Hudson,PERSON,627-45-5842,1972-06-09,johnroach@example.com,6974532424,"57735 Johnny Common Apt. 159, Bennettmouth, KS 57630",2025-10-12T14:26:21.144917
CUST_003407,"Jones, Mullins and Barnes",,BUSINESS,56-9872833,,fgonzalez@example.org,(488)286-2584,"2442 Jade Trail, Port Stephenport, VI 38232",2025-01-05T14:26:21.145128
CUST_003408,Jones LLC,,BUSINESS,40-5629621,,jhernandez@example.org,(349)330-4598,"978 John Lights Apt. 857, Port Justin, PW 57846",2026-02-13T14:26:21.145274
CUST_003409,Robinson PLC,,BUSINESS,21-2784517,,steven94@example.org,2162315991,"816 Stanley Land, New Valerie, NM 63209",2026-05-06T14:26:21.145417
CUST_003410,Thomas,Montgomery,PERSON,293-46-1559,1941-10-09,schang@example.com,464-670-3414,"956 Barbara Mountains, Murphystad, RI 91632",2026-08-05T14:26:21.145598
CUST_003411,Johnathan,Rivera,PERSON,209-29-9380,1941-12-13,adamsjesse@example.net,653.657.0226x782,"67471 Bishop Well Suite 860, South Stevenmouth, AL 64294",2026-03-03T14:26:21.145807
CUST_003412,Green-Kane,,BUSINESS,22-2256271,,paula67@example.org,+1-685-826-0823x007,"4061 Andrade Curve, Edwardview, MO 54538",2025-03-06T14:26:21.145983
CUST_003413,Mccormick-Shaffer,,BUSINESS,48-8955730,,jenniferblair@example.org,(615)376-9604x95225,"408 Gonzalez Divide, Lake Timothy, MD 24970",2026-02-22T14:26:21.146193
CUST_003414,Melissa,Frazier,PERSON,720-98-4044,1945-08-02,victoria31@example.net,+1-921-906-8426x58171,"3043 Victoria Grove, Port Danielmouth, NE 80066",2026-08-03T14:26:21.146357
CUST_003415,Matthew,Rose,PERSON,409-42-2438,1968-11-20,victoria76@example.org,941.266.7201,"017 Joshua Corner Apt. 285, Harrismouth, CT 30875",2026-03-04T14:26:21.146529
CUST_003416,Russell-Thompson,,BUSINESS,80-5236674,,april01@example.net,+1-241-466-7720x5938,"56117 Reed Meadows Apt. 044, New Kayla, NM 03636",2025-02-20T14:26:21.146709
CUST_003417,Rodriguez Ltd,,BUSINESS,56-8524283,,jonathan90@example.net,+1-488-215-5780x0334,"USNV Reynolds, FPO AP 73366",2024-12-11T14:26:21.146821
CUST_003418,Katie,Bautista,PERSON,783-92-0361,2005-04-23,bryan22@example.net,(446)828-8625,"49086 Charles Valleys Suite 428, Williamsland, NC 82178",2025-06-27T14:26:21.146994
CUST_003419,Bethany,Davenport,PERSON,112-73-0436,1970-09-18,gray@example.com,9845364550,"741 Lewis Curve, Phillipsshire, WI 86993",2025-05-10T14:26:21.147185
CUST_003420,"Wilson, Bradford and Lozano",,BUSINESS,77-9453526,,crossbryan@example.org,+1-673-810-1148x842,"30393 Rebecca Summit, West Christopher, AZ 87735",2026-08-25T14:26:21.147415
CUST_003421,Jennifer,King,PERSON,819-13-3181,1995-08-25,abigailadams@example.org,+1-286-842-0095x29692,"5348 Jason Hollow, West Williammouth, WY 35284",2025-01-11T14:26:21.147608
CUST_003422,"Diaz, Combs and Johnson",,BUSINESS,99-3163157,,mitchellmcgee@example.org,860.314.6214x4569,"Unit 9140 Box 4928, DPO AA 84339",2025-11-24T14:26:21.147790
CUST_003423,Steven,Hudson,PERSON,042-08-6219,1951-09-15,matthew53@example.org,(518)431-9964,"81690 Ward Landing, Port Alexander, NY 16120",2025-02-14T14:26:21.147963
CUST_003424,Angela,Adams,PERSON,710-85-7302,1989-09-15,ariel85@example.net,+1-841-207-6860,"666 Norma Canyon Suite 659, Vickifurt, PA 02008",2024-10-06T14:26:21.148123
CUST_003425,Nicholas,Alvarado,PERSON,493-43-3685,1974-11-14,umejia@example.com,001-598-806-6969,"17125 Nicholas Station, South Davidfort, MA 94072",2025-08-05T14:26:21.148293
CUST_003426,Bell-Mitchell,,BUSINESS,97-9933361,,faithharrington@example.com,439-364-1514x256,"4261 Potter Spring, Davidhaven, HI 64915",2025-04-09T14:26:21.148501
CUST_003427,Richard,Rios,PERSON,249-11-7437,1988-01-02,walshfrances@example.net,2804060050,"31322 Preston Motorway Apt. 650, Melissatown, RI 40749",2026-03-31T14:26:21.148706
CUST_003428,"Rose, Peterson and Henry",,BUSINESS,75-7444974,,diamondguerrero@example.com,383-383-0336x1925,"3162 Clay Fall Apt. 824, North Lisa, VA 71733",2025-02-18T14:26:21.148950
CUST_003429,Perry and Sons,,BUSINESS,61-5554916,,justinsavage@example.net,939.293.4925,"3878 Beth Stream, Muellerbury, UT 16183",2026-02-17T14:26:21.149124
CUST_003430,Shannon,Adams,PERSON,712-73-1219,1961-09-02,bduncan@example.org,4718946173,"664 Laura Spur Apt. 604, Johnburgh, SD 45587",2026-09-13T14:26:21.149295
CUST_003431,Robert,Mcclure,PERSON,272-38-7715,1941-10-26,zacharymurray@example.com,+1-380-501-4476x2238,"0848 Kendra River Suite 894, Sarahton, PA 86123",2025-02-08T14:26:21.149491
CUST_003432,Jesus,Reed,PERSON,400-19-2581,1978-08-26,angel78@example.org,(437)735-2734x3347,"302 Amanda Keys, Foxberg, NC 48802",2025-01-18T14:26:21.149661
CUST_003433,Jamie,Henry,PERSON,113-58-4367,1961-06-20,charlotte28@example.com,9403618804,"56344 Kaitlin Station Suite 060, Johnfort, ND 19698",2025-04-09T14:26:21.149824
CUST_003434,"Carrillo, Wu and Cameron",,BUSINESS,74-9809266,,folsen@example.com,001-421-793-0590x6759,"7349 Carolyn Throughway Apt. 047, Lawrenceland, MO 87465",2025-12-25T14:26:21.150046
CUST_003435,"Hale, Roth and Benton",,BUSINESS,38-5972157,,hchavez@example.com,(574)899-7679x76814,"USCGC Allen, FPO AA 32658",2024-09-21T14:26:21.150235
CUST_003436,Perez LLC,,BUSINESS,80-2998223,,keyanna@example.org,+1-314-648-9659x871,"75418 Robinson Place, Mitchellside, KS 90159",2026-03-25T14:26:21.150411
CUST_003437,Ronald,Wong,PERSON,370-22-8477,1966-12-05,murphyjustin@example.org,001-595-251-5172x0135,"31309 Simmons Expressway Suite 962, North Laurenberg, AL 18338",2026-08-01T14:26:21.150619
CUST_003438,Amanda,Hernandez,PERSON,028-15-5559,1986-12-15,edwardscassandra@example.net,(497)937-4206x7351,"86351 Rios Roads, Heatherstad, MI 54246",2025-11-22T14:26:21.150822
CUST_003439,Zachary,Cortez,PERSON,736-22-9273,1966-07-05,aprilbass@example.com,(955)453-5539x697,"641 William Field, Marymouth, AS 90691",2024-12-01T14:26:21.151013
CUST_003440,Benjamin,Ponce,PERSON,129-42-3197,1980-08-15,uspencer@example.net,(496)608-9538x772,"70801 Scott Neck Suite 150, Hernandezhaven, VI 80721",2025-12-06T14:26:21.151207
CUST_003441,Shirley,Snyder,PERSON,304-99-0048,1960-01-28,bridgethenderson@example.net,670-731-1813x091,"91286 Kathy Neck, Gatesville, KS 48680",2025-12-14T14:26:21.151409
CUST_003442,Jeremy,Burke,PERSON,369-83-5493,1993-02-03,hilljoshua@example.net,(917)888-2696x0269,"2374 Brady Path Suite 327, South Victor, AS 15342",2024-11-28T14:26:21.151614
CUST_003443,Stephanie,Howell,PERSON,524-98-9242,2004-01-11,adamwilson@example.net,(754)988-3591x59630,"35055 Alexis Bypass Apt. 005, Ritaborough, UT 06380",2026-02-13T14:26:21.151812
CUST_003444,Jennifer,Patton,PERSON,053-89-5440,1950-04-30,ericharris@example.com,343-636-7101x9514,"43127 Cummings Shoal, Richardsonmouth, UT 92953",2026-09-15T14:26:21.152031
CUST_003445,"Allen, Alexander and Finley",,BUSINESS,90-7192640,,dbartlett@example.com,+1-566-512-9879x87994,"9999 Murphy Mountain Suite 514, Janetchester, WV 70280",2025-10-19T14:26:21.152258
CUST_003446,Benjamin,Davis,PERSON,271-56-7330,1961-07-07,mcrawford@example.org,+1-893-838-3183x4884,"0378 Quinn Plaza, Toddhaven, PW 35441",2024-09-24T14:26:21.152439
CUST_003447,Carter-Garcia,,BUSINESS,27-7850856,,meghan66@example.org,422-274-1762x0819,"542 Tricia Heights Apt. 501, West Christine, NJ 53834",2024-12-29T14:26:21.152608
CUST_003448,"Hale, Moore and Weaver",,BUSINESS,51-1960720,,david41@example.org,001-687-979-5030x51050,"0299 Christina Path Apt. 320, Stephanieport, MA 80302",2024-12-15T14:26:21.152810
CUST_003449,Connor,Taylor,PERSON,460-34-8828,1983-07-23,trichardson@example.org,(516)396-6289x06968,"998 Nichols Mall, Lake Sean, UT 78681",2025-09-17T14:26:21.152991
CUST_003450,David,Gillespie,PERSON,823-09-3122,1942-10-27,langsusan@example.org,473.294.3421,"552 Damon Unions, East Stephen, UT 08594",2025-12-04T14:26:21.153182
CUST_003451,Breanna,Dominguez,PERSON,789-41-5532,1988-06-20,elizabeth91@example.com,937-398-3742,"3033 Bishop Manors, Knappside, NM 48927",2025-12-28T14:26:21.153362
CUST_003452,Ricardo,Maldonado,PERSON,343-45-7079,2004-04-19,taylormarcus@example.net,590.545.9927,"24487 Miller Club Apt. 679, Kellyport, ID 92156",2025-03-15T14:26:21.153577
CUST_003453,Jackson,Morris,PERSON,273-90-3451,1960-05-18,bgonzales@example.org,442.887.2212,"84769 Christopher Shores, Kingshire, IA 23210",2024-10-12T14:26:21.153757
CUST_003454,Clark-Murphy,,BUSINESS,93-5317535,,donnastevenson@example.net,(229)877-3474x9285,"8382 Mark Forest, East Ryan, MH 90348",2024-12-14T14:26:21.153954
CUST_003455,Shannon,Case,PERSON,414-02-7735,2006-08-08,xzamora@example.net,333.649.2913x894,"26865 Henry Ridges Apt. 741, Joneston, KS 47861",2025-06-21T14:26:21.154148
CUST_003456,Blake,Wright,PERSON,465-21-4836,1971-09-13,allison92@example.net,9616253240,"8456 Coleman Union, Abbottland, VA 64177",2025-10-19T14:26:21.154326
CUST_003457,Cruz Group,,BUSINESS,36-7634775,,amathis@example.com,4709393066,"8574 Deanna Well Apt. 208, Millerhaven, IA 27903",2026-04-10T14:26:21.154482
CUST_003458,Duncan Group,,BUSINESS,39-8279693,,nathanielharris@example.org,+1-537-225-7840x9026,"70807 Audrey Villages, Port Crystalton, DE 39131",2025-09-04T14:26:21.154649
CUST_003459,Edward,Camacho,PERSON,873-32-1519,1969-05-02,brandon91@example.net,645.991.8574x4821,"USNV Miller, FPO AE 67909",2025-05-14T14:26:21.154788
CUST_003460,Andre,Andrade,PERSON,754-58-2741,2007-12-27,pottsalex@example.net,+1-514-722-3616x364,"9221 Kim Turnpike, Port Dawn, UT 66750",2025-04-27T14:26:21.154981
CUST_003461,Dawn,Stevens,PERSON,304-66-1351,2005-02-12,kenneth09@example.com,484.951.9844x2584,"Unit 8149 Box 1171, DPO AA 76624",2025-06-03T14:26:21.155091
CUST_003462,Courtney,Perez,PERSON,531-65-6521,1959-04-28,phensley@example.com,+1-962-838-5340x21873,"23717 Christopher Heights Suite 331, Michaelburgh, VA 12115",2026-03-20T14:26:21.155266
CUST_003463,Michael,Williams,PERSON,094-38-8925,2004-08-07,gregoryhernandez@example.net,(397)584-2609x0620,"7501 Roberts Vista Apt. 693, Port Monica, ND 44117",2025-02-10T14:26:21.155471
CUST_003464,"Valdez, Harris and Wright",,BUSINESS,33-5731917,,smithkimberly@example.org,528-707-2716,"971 Jimenez Track, Jasmineport, SD 83084",2026-08-26T14:26:21.155710
CUST_003465,Flynn-Terry,,BUSINESS,30-3981886,,andrew56@example.org,205.864.0682x8670,"356 Cody Gateway Apt. 964, Hayeshaven, NJ 38899",2025-08-09T14:26:21.155888
CUST_003466,Eduardo,Mitchell,PERSON,275-23-5739,2005-04-04,william69@example.net,981.718.7508x167,"24539 Harris Forge, North Franklin, VA 15655",2026-07-07T14:26:21.156060
CUST_003467,Danielle,Booth,PERSON,777-77-8860,1983-06-02,ambertaylor@example.com,916-507-6471,"8515 Robert Ways, North David, KY 81702",2026-07-05T14:26:21.156256
CUST_003468,"Nicholson, Wilson and Thomas",,BUSINESS,41-8634038,,nelsonjoseph@example.com,001-583-685-8059x093,"50908 Martinez Cliff, Lake Mark, VT 87744",2024-11-25T14:26:21.156512
CUST_003469,Henry LLC,,BUSINESS,22-9837877,,johnharris@example.com,325.340.4365,"701 Moran Extensions, Jefferyton, MT 59707",2026-04-29T14:26:21.156685
CUST_003470,Shane,Farmer,PERSON,877-88-1038,1978-07-25,jose81@example.net,650-374-2091,"2369 Young Shoal Suite 763, New Amanda, ND 31307",2025-01-07T14:26:21.156857
CUST_003471,Jacqueline,Smith,PERSON,338-49-6339,1948-06-26,sheliafrazier@example.org,884.332.6003x4292,"175 Cindy Plains, Matthewsland, VA 84325",2025-08-26T14:26:21.157058
CUST_003472,"Maddox, Hardin and Padilla",,BUSINESS,12-2846089,,whitekristen@example.com,4337736365,"PSC 9469, Box 6033, APO AE 34624",2026-09-03T14:26:21.157235
CUST_003473,Brandon,Choi,PERSON,763-81-4442,1983-09-12,allendawn@example.net,941.792.3438x56390,"0377 Ortiz Trail, Ambertown, SD 30449",2026-05-04T14:26:21.157437
CUST_003474,John,Henderson,PERSON,323-27-8726,2006-09-15,joshua62@example.net,354-938-5304,"023 Michele Square Apt. 185, South Heather, AZ 32877",2026-06-23T14:26:21.157598
CUST_003475,Freeman and Sons,,BUSINESS,28-1226440,,rconner@example.net,001-528-480-9680x75938,"0386 Sheila Light, New Johnhaven, FM 01978",2026-09-07T14:26:21.157743
CUST_003476,Jeremy,Perkins,PERSON,513-41-2079,1943-06-05,blee@example.com,271.650.2732x2243,"85858 Michelle Junction, New Joseph, NY 73589",2025-03-10T14:26:21.157912
CUST_003477,Morse LLC,,BUSINESS,20-4394393,,tspencer@example.net,001-493-868-8376,"6493 Mcbride Drives, Port Brittany, AR 21490",2026-04-27T14:26:21.158064
CUST_003478,Smith-Waters,,BUSINESS,82-8454556,,alexandra54@example.net,001-854-514-9116x897,"9558 Michelle Port, New Donald, AS 28337",2026-04-02T14:26:21.158229
CUST_003479,Best PLC,,BUSINESS,52-9034749,,matthew84@example.net,509.342.1659,"900 Mary Shores, North Erinfort, NV 51180",2026-04-11T14:26:21.158361
CUST_003480,Michael,Gonzales,PERSON,725-80-7659,1958-12-25,kmckenzie@example.net,329-521-7590x390,"PSC 4128, Box 4537, APO AE 85987",2026-07-21T14:26:21.158481
CUST_003481,Gutierrez Group,,BUSINESS,90-3064864,,probinson@example.org,001-235-844-4377x55437,"459 Wheeler Street Apt. 144, Alexanderfurt, AL 07419",2026-08-26T14:26:21.158638
CUST_003482,Julia,Oneal,PERSON,130-48-9063,1964-01-29,aadams@example.org,728.477.0564,"782 Weber Trail Suite 348, Port Randyberg, GU 70017",2026-06-03T14:26:21.158820
CUST_003483,Stevens and Sons,,BUSINESS,23-9582257,,rebecca13@example.org,(556)626-0835,"97279 Fisher Tunnel Suite 953, North Rhonda, AR 42923",2025-07-18T14:26:21.158967
CUST_003484,Andrew,Pierce,PERSON,158-51-1903,1967-11-26,catherine22@example.com,377.457.6360x1872,"35799 Ramirez Walks Apt. 633, Nathanside, MN 01669",2026-09-15T14:26:21.159140
CUST_003485,Michelle,Wise,PERSON,592-39-4624,1991-03-31,whitestephanie@example.org,(454)988-5752,"86195 Cherry Creek Suite 147, Leslieport, IN 12863",2026-08-23T14:26:21.159348
CUST_003486,Tiffany,Gonzalez,PERSON,792-18-2361,1948-02-10,andradesusan@example.org,259.724.6812,"Unit 0591 Box 7842, DPO AP 80917",2025-07-06T14:26:21.159500
CUST_003487,"Pena, Gordon and Riley",,BUSINESS,28-6927556,,wendy58@example.com,813.536.1391x1557,"0326 Rita Parkway Apt. 673, Princeshire, IN 24089",2024-11-14T14:26:21.159711
CUST_003488,Downs-Short,,BUSINESS,38-7454929,,karenjohnson@example.org,(629)681-2489,"3604 Pope Vista, Washingtonbury, PA 47872",2024-10-13T14:26:21.159926
CUST_003489,Jeffrey,Chavez,PERSON,775-98-6226,1957-11-13,carrillojames@example.org,+1-473-369-1175x574,"068 Campbell Underpass, West Robert, TN 27630",2025-05-01T14:26:21.160129
CUST_003490,Bradley,Mendoza,PERSON,194-74-2450,2002-08-08,kathleen76@example.com,(353)786-3063,"101 Wright Turnpike, Lanestad, TN 60744",2026-05-27T14:26:21.160313
CUST_003491,Kimberly,Drake,PERSON,659-67-2342,1962-07-28,madisonross@example.net,428.505.2572,"28994 Linda Mills, Martinezfort, NH 92491",2026-06-04T14:26:21.160514
CUST_003492,Jackson Ltd,,BUSINESS,55-2279932,,xvaldez@example.net,(932)932-1678,"10745 Proctor Highway, New Nathan, VA 16671",2024-12-25T14:26:21.160667
CUST_003493,"Ramos, Weeks and Jordan",,BUSINESS,25-7048077,,banderson@example.net,+1-892-401-6582x61056,"73384 Mcgee Pine, Courtneyton, MT 10780",2026-06-22T14:26:21.160885
CUST_003494,Melissa,Anderson,PERSON,143-71-2566,1986-12-02,sheilaparsons@example.org,721.551.8310x44238,"USS Nelson, FPO AA 05212",2025-01-05T14:26:21.161056
CUST_003495,Timothy,Brock,PERSON,655-77-0532,1991-12-11,justin67@example.org,324-989-8790,"USS Roberts, FPO AE 71146",2026-03-18T14:26:21.161192
CUST_003496,Greene-Jones,,BUSINESS,77-6617751,,tduncan@example.net,+1-548-912-0431x9809,"2373 Combs Route Apt. 242, East Tonybury, MP 24053",2025-01-10T14:26:21.161384
CUST_003497,Dalton,Lewis,PERSON,814-12-2000,1990-11-13,valeriematthews@example.net,(952)565-2550x872,"68730 Christian Trace Apt. 922, Joannstad, AS 42146",2024-10-21T14:26:21.161579
CUST_003498,Moon-Moore,,BUSINESS,29-6059400,,pamela97@example.net,985.855.0863,"411 Candace Fork Apt. 813, East Michaelatown, NH 92887",2024-12-16T14:26:21.161745
CUST_003499,Logan-Conrad,,BUSINESS,54-2743531,,edwardchang@example.org,(335)314-9842x289,"20790 Bentley Parkways, West Lindsay, IN 54385",2025-12-13T14:26:21.161952
CUST_003500,Jenkins-Bailey,,BUSINESS,94-7192680,,pmyers@example.net,(422)680-7402,"2681 Lisa Greens Suite 974, Costaview, MP 45593",2025-12-19T14:26:21.162144
