LOAN_ID,CUSTOMER_ID,ACCOUNT_ID,LOAN_TYPE,PRINCIPAL,INTEREST_RATE,CREDIT_GRADE,COLLATERAL_VALUE,LOAN_MEMO,STATUS,ORIGINATION_DATE
LOAN_000001,CUST_001176,ACCT_00003216,AUTO,233517.86,3.84,C,23555.42,Rather government four end well make discussion.,ACTIVE,2023-10-03T14:26:28.610449
LOAN_000002,CUST_001664,ACCT_00002812,PERSONAL,479675.58,4.06,D,188444.59,Company material sit require place.,DEFAULTED,2022-04-17T14:26:28.610680
LOAN_000003,CUST_000911,ACCT_00000525,PERSONAL,277344.56,3.66,B,169490.29,Cold second hour media.,ACTIVE,2025-11-23T14:26:28.610888
LOAN_000004,CUST_000302,ACCT_00002414,AUTO,311298.83,8.6,B,712920.86,Recognize get real thank society than.,PAID_OFF,2023-11-28T14:26:28.611092
LOAN_000005,CUST_003095,ACCT_00000384,AUTO,320661.64,6.36,A,125614.9,Only cover leg seek exist beat activity.,PAID_OFF,2025-03-08T14:26:28.611335
LOAN_000006,CUST_003016,ACCT_00005324,HOME,138664.07,4.4,B,137249.85,Cost natural form research effect knowledge.,DEFAULTED,2024-12-05T14:26:28.611559
LOAN_000007,CUST_000803,ACCT_00003287,PERSONAL,211183.01,4.02,A,29205.29,Lose recent section.,ACTIVE,2025-05-14T14:26:28.611765
LOAN_000008,CUST_002678,ACCT_00005122,PERSONAL,411675.38,4.15,A,249876.56,Per third staff according increase.,ACTIVE,2025-05-08T14:26:28.611970
LOAN_000009,CUST_002837,ACCT_00002797,PERSONAL,90624.69,8.91,C,503572.95,In type role perhaps unit.,PAID_OFF,2026-02-06T14:26:28.612191
LOAN_000010,CUST_000141,ACCT_00005011,HOME,353123.68,5.44,A,405741.87,Environmental spring news themselves similar law.,DEFAULTED,2023-01-11T14:26:28.612435
LOAN_000011,CUST_000548,ACCT_00000128,BUSINESS,493562.94,9.04,C,435585.89,Small operation entire kitchen represent kind picture.,PAID_OFF,2023-12-06T14:26:28.612639
LOAN_000012,CUST_001778,ACCT_00004023,AUTO,418525.78,8.47,A,191177.38,Yeah rock spring me history indicate issue.,DEFAULTED,2023-01-31T14:26:28.612841
LOAN_000013,CUST_002207,ACCT_00004408,AUTO,250253.65,4.3,D,175503.94,North remember join practice.,ACTIVE,2026-04-15T14:26:28.613044
LOAN_000014,CUST_002901,ACCT_00006646,AUTO,162494.77,4.12,B,114379.84,President prevent experience night him couple face environmental.,DEFAULTED,2023-04-12T14:26:28.613247
LOAN_000015,CUST_000361,ACCT_00001550,PERSONAL,454038.41,6.75,D,404964.57,Dream organization fact matter military rule.,DEFAULTED,2021-11-22T14:26:28.613455
LOAN_000016,CUST_001721,ACCT_00005330,AUTO,360971.25,7.44,D,20644.45,Table above present hour.,PAID_OFF,2024-02-24T14:26:28.613672
LOAN_000017,CUST_003102,ACCT_00004820,AUTO,352919.87,4.75,C,721675.42,Alone break sea reflect economic seven cover hospital.,ACTIVE,2022-02-03T14:26:28.613889
LOAN_000018,CUST_003412,ACCT_00001629,HOME,316364.26,7.93,B,623238.9,Part early eye action.,ACTIVE,2025-04-26T14:26:28.614106
LOAN_000019,CUST_003253,ACCT_00000939,HOME,484545.43,3.78,C,302647.02,Rise process agent mouth operation.,DEFAULTED,2023-06-04T14:26:28.614323
LOAN_000020,CUST_001177,ACCT_00001450,PERSONAL,271074.13,7.64,D,451816.06,We husband most field hotel.,PAID_OFF,2025-12-04T14:26:28.614547
LOAN_000021,CUST_001006,ACCT_00003746,AUTO,92551.21,6.59,D,351637.08,Sing report prevent record here civil.,PAID_OFF,2026-05-27T14:26:28.614761
LOAN_000022,CUST_000470,ACCT_00003579,PERSONAL,311882.8,6.91,C,461319.61,Seven million fire hotel apply money I.,ACTIVE,2022-08-23T14:26:28.614980
LOAN_000023,CUST_003212,ACCT_00000540,BUSINESS,67579.25,4.18,C,53743.5,Prepare simply low.,PAID_OFF,2026-05-03T14:26:28.615203
LOAN_000024,CUST_002038,ACCT_00004482,PERSONAL,156172.88,9.3,C,717990.28,Article third myself.,DEFAULTED,2025-06-05T14:26:28.615419
LOAN_000025,CUST_001060,ACCT_00004660,PERSONAL,256504.52,6.36,B,112073.04,Federal wait summer.,ACTIVE,2022-04-14T14:26:28.615633
LOAN_000026,CUST_002952,ACCT_00004920,AUTO,65792.35,7.81,D,712112.18,Remain interview cultural bad environment.,DEFAULTED,2024-11-30T14:26:28.615847
LOAN_000027,CUST_000432,ACCT_00005045,HOME,106424.54,6.82,A,585055.78,Real notice many deep similar.,ACTIVE,2023-12-21T14:26:28.616062
LOAN_000028,CUST_003062,ACCT_00000967,HOME,203219.09,9.23,A,366875.78,Organization thank sure section walk consider.,PAID_OFF,2023-05-29T14:26:28.616276
LOAN_000029,CUST_001584,ACCT_00003588,AUTO,172767.59,8.23,B,421437.7,Give financial defense there action lot.,PAID_OFF,2022-09-08T14:26:28.616490
LOAN_000030,CUST_001951,ACCT_00003259,BUSINESS,194783.28,6.35,A,495788.96,Join southern discuss more treat compare.,DEFAULTED,2025-08-18T14:26:28.616706
LOAN_000031,CUST_000892,ACCT_00000604,BUSINESS,230045.61,4.53,B,433880.74,Hard business bad compare.,ACTIVE,2026-06-17T14:26:28.616921
LOAN_000032,CUST_003337,ACCT_00000300,BUSINESS,170997.3,4.82,D,519272.61,Leader green where base.,DEFAULTED,2025-04-13T14:26:28.617135
LOAN_000033,CUST_002160,ACCT_00002517,HOME,153653.98,7.28,B,52105.18,Fine box exactly air thus last.,DEFAULTED,2025-03-26T14:26:28.617349
LOAN_000034,CUST_003204,ACCT_00002965,HOME,242749.9,3.77,D,574486.89,Left term become eat film some side.,ACTIVE,2023-05-15T14:26:28.617563
LOAN_000035,CUST_001990,ACCT_00002770,BUSINESS,322603.24,3.6,D,581957.36,Loss shoulder car we west main.,ACTIVE,2025-12-11T14:26:28.617777
LOAN_000036,CUST_001467,ACCT_00000498,PERSONAL,349472.71,6.76,C,517519.24,Book network safe full.,ACTIVE,2023-03-14T14:26:28.617999
LOAN_000037,CUST_002743,ACCT_00004801,PERSONAL,449046.38,8.17,B,434061.21,Middle religious out consumer make anyone.,PAID_OFF,2022-11-24T14:26:28.618213
LOAN_000038,CUST_001074,ACCT_00003101,PERSONAL,63984.52,5.9,C,675143.12,Certain fish source leader near.,ACTIVE,2024-04-30T14:26:28.618427
LOAN_000039,CUST_001126,ACCT_00002716,AUTO,222860.36,9.12,C,424916.37,Drug about several man form reason.,DEFAULTED,2023-12-19T14:26:28.618652
LOAN_000040,CUST_002315,ACCT_00006397,BUSINESS,217976.13,3.75,B,728170.76,Thing item threat according.,ACTIVE,2022-10-26T14:26:28.618865
LOAN_000041,CUST_002410,ACCT_00000350,BUSINESS,330338.53,7.15,B,645081.17,Will practice political increase.,PAID_OFF,2022-10-24T14:26:28.619080
LOAN_000042,CUST_001228,ACCT_00006415,HOME,264432.5,3.64,B,428340.99,One certain on president from arm system.,ACTIVE,2024-07-17T14:26:28.619294
LOAN_000043,CUST_000444,ACCT_00005491,PERSONAL,39998.01,5.31,D,313018.03,Happen lay outside start court though.,ACTIVE,2024-12-01T14:26:28.619525
LOAN_000044,CUST_001541,ACCT_00003006,BUSINESS,81009.25,6.67,C,655888.96,Cut girl which represent tell pick current.,PAID_OFF,2026-07-18T14:26:28.619749
LOAN_000045,CUST_002772,ACCT_00003500,BUSINESS,452254.29,5.24,C,201410.78,My give impact practice position exist.,DEFAULTED,2026-04-26T14:26:28.619967
LOAN_000046,CUST_000397,ACCT_00003038,AUTO,70186.66,8.07,A,425157.46,Place call traditional despite create.,DEFAULTED,2025-05-25T14:26:28.620207
LOAN_000047,CUST_000229,ACCT_00006071,HOME,301771.42,6.76,C,577695.36,Authority trade executive management.,PAID_OFF,2022-07-20T14:26:28.620424
LOAN_000048,CUST_000099,ACCT_00006758,AUTO,105899.72,5.02,C,254740.01,Street young language economic.,ACTIVE,2021-12-28T14:26:28.620629
LOAN_000049,CUST_003231,ACCT_00004682,HOME,218390.44,7.26,B,399770.65,Open actually PM itself news no statement likely.,ACTIVE,2025-03-18T14:26:28.620831
LOAN_000050,CUST_000496,ACCT_00004388,AUTO,362983.29,4.82,C,218661.35,Week call in exist site read.,DEFAULTED,2023-12-05T14:26:28.621033
LOAN_000051,CUST_001291,ACCT_00003649,HOME,167451.34,4.18,D,437228.91,Its general safe officer evidence item.,PAID_OFF,2023-12-11T14:26:28.621238
LOAN_000052,CUST_003113,ACCT_00003441,AUTO,79837.5,4.36,C,599774.77,Pick fear daughter address it.,ACTIVE,2022-06-17T14:26:28.621440
LOAN_000053,CUST_001609,ACCT_00006217,HOME,127650.26,8.39,A,96531.4,Property common different relationship.,DEFAULTED,2021-12-08T14:26:28.621643
LOAN_000054,CUST_000177,ACCT_00002846,BUSINESS,17571.64,7.45,B,324723.58,Watch school long against foot.,ACTIVE,2022-08-24T14:26:28.621846
LOAN_000055,CUST_000194,ACCT_00004739,BUSINESS,141624.39,8.9,B,217509.83,Between executive successful three expert reduce great.,DEFAULTED,2024-03-24T14:26:28.622047
LOAN_000056,CUST_000193,ACCT_00007025,PERSONAL,476259.63,8.01,A,711550.01,Allow particular traditional his civil yet.,PAID_OFF,2025-07-18T14:26:28.622248
LOAN_000057,CUST_003221,ACCT_00005477,HOME,363329.2,4.35,D,682417.45,Mother foot democratic.,ACTIVE,2021-10-27T14:26:28.622451
LOAN_000058,CUST_001955,ACCT_00004002,BUSINESS,471009.79,8.68,D,480859.82,Ground make natural.,PAID_OFF,2023-06-04T14:26:28.622668
LOAN_000059,CUST_002813,ACCT_00006390,PERSONAL,105894.53,8.56,A,53094.14,Off range perform again.,PAID_OFF,2026-03-17T14:26:28.622893
LOAN_000060,CUST_000940,ACCT_00003814,PERSONAL,125070.24,4.44,B,61391.95,Current west fear direction future size million.,ACTIVE,2023-05-01T14:26:28.623126
LOAN_000061,CUST_002762,ACCT_00002336,BUSINESS,40702.91,5.65,C,329325.95,Among actually record upon.,DEFAULTED,2023-06-13T14:26:28.623351
LOAN_000062,CUST_002494,ACCT_00000518,PERSONAL,231974.32,7.62,D,60844.25,What allow heart show.,DEFAULTED,2025-11-06T14:26:28.623574
LOAN_000063,CUST_001271,ACCT_00006818,PERSONAL,316003.05,8.19,C,678262.79,Energy yet couple know political.,DEFAULTED,2021-10-17T14:26:28.623791
LOAN_000064,CUST_001783,ACCT_00006900,HOME,42824.48,8.59,A,339613.2,Tell several world box happy federal toward down.,DEFAULTED,2025-11-14T14:26:28.624007
LOAN_000065,CUST_000252,ACCT_00006496,HOME,270835.51,4.89,B,734597.04,Card medical region board fund.,DEFAULTED,2025-09-29T14:26:28.624223
LOAN_000066,CUST_000897,ACCT_00002459,BUSINESS,31314.95,5.97,C,675992.79,Former number worker away.,ACTIVE,2025-02-14T14:26:28.624439
LOAN_000067,CUST_001195,ACCT_00000449,HOME,150287.38,5.61,B,255116.78,Middle standard attack loss.,PAID_OFF,2023-12-15T14:26:28.624655
LOAN_000068,CUST_002626,ACCT_00005804,BUSINESS,345213.84,5.17,A,290287.86,Watch mean she.,PAID_OFF,2026-06-15T14:26:28.624870
LOAN_000069,CUST_002715,ACCT_00000717,AUTO,97668.17,4.07,A,141745.26,Ever short identify.,DEFAULTED,2023-09-01T14:26:28.625087
LOAN_000070,CUST_001142,ACCT_00004440,AUTO,426647.78,4.7,A,338978.02,Line police financial born must apply.,PAID_OFF,2022-10-15T14:26:28.625303
LOAN_000071,CUST_001598,ACCT_00002287,AUTO,403208.48,5.68,D,351550.51,Class ahead television home mother concern human hotel.,PAID_OFF,2025-04-10T14:26:28.625520
LOAN_000072,CUST_000881,ACCT_00005331,AUTO,381125.52,5.52,D,534936.5,Check human notice camera everybody onto.,ACTIVE,2024-11-03T14:26:28.625736
LOAN_000073,CUST_001028,ACCT_00000487,HOME,429563.57,6.93,B,487388.09,Visit those knowledge pull.,ACTIVE,2025-05-20T14:26:28.625953
LOAN_000074,CUST_001277,ACCT_00000749,AUTO,384618.29,8.1,A,265332.6,Agency threat pay.,PAID_OFF,2024-12-06T14:26:28.626169
LOAN_000075,CUST_000168,ACCT_00005463,AUTO,84194.72,5.82,D,353208.08,Fire Democrat for movie.,PAID_OFF,2026-06-22T14:26:28.626396
LOAN_000076,CUST_001265,ACCT_00002685,BUSINESS,449222.66,8.42,C,548747.28,By way early type forward office.,ACTIVE,2025-01-02T14:26:28.626612
LOAN_000077,CUST_003448,ACCT_00002804,AUTO,148129.62,4.01,D,72589.46,Threat middle environment method gun material follow.,DEFAULTED,2026-03-03T14:26:28.626829
LOAN_000078,CUST_001006,ACCT_00005675,PERSONAL,171026.6,6.0,A,480292.97,Form while book maybe white certainly threat.,PAID_OFF,2022-12-02T14:26:28.627056
LOAN_000079,CUST_001092,ACCT_00004426,PERSONAL,459130.04,9.04,C,719642.06,Pattern middle by suddenly data answer usually.,ACTIVE,2025-11-15T14:26:28.627273
LOAN_000080,CUST_001084,ACCT_00006294,AUTO,5480.4,8.33,A,741610.98,Region likely think method wish see material step.,PAID_OFF,2023-04-16T14:26:28.627491
LOAN_000081,CUST_000258,ACCT_00005414,AUTO,192378.23,5.95,B,120476.0,President kitchen but drug.,DEFAULTED,2024-05-10T14:26:28.627707
LOAN_000082,CUST_000476,ACCT_00003336,HOME,266608.9,8.31,C,347618.1,Gas day career idea brother.,DEFAULTED,2023-03-29T14:26:28.627951
LOAN_000083,CUST_002496,ACCT_00003822,BUSINESS,382917.28,7.4,A,418695.7,Success certainly remember glass.,ACTIVE,2026-08-09T14:26:28.628194
LOAN_000084,CUST_001583,ACCT_00003962,BUSINESS,122910.1,6.39,B,622205.15,Home past list.,DEFAULTED,2024-04-04T14:26:28.628414
LOAN_000085,CUST_002260,ACCT_00005830,AUTO,164101.88,8.63,C,222323.32,But water while military write spring.,DEFAULTED,2025-04-05T14:26:28.628622
LOAN_000086,CUST_001285,ACCT_00005031,BUSINESS,81442.26,7.46,D,8905.51,Short group benefit conference Congress national base.,ACTIVE,2023-02-18T14:26:28.628823
LOAN_000087,CUST_000192,ACCT_00003906,BUSINESS,438612.23,8.48,D,113099.07,Pull same on west become should ten.,DEFAULTED,2022-12-19T14:26:28.629023
LOAN_000088,CUST_000786,ACCT_00001751,AUTO,321037.98,7.56,C,550259.64,Against clearly natural.,ACTIVE,2022-02-13T14:26:28.629223
LOAN_000089,CUST_003077,ACCT_00006849,HOME,41881.04,8.4,D,488827.35,Explain party writer.,ACTIVE,2023-06-25T14:26:28.629423
LOAN_000090,CUST_000311,ACCT_00003180,AUTO,78666.95,7.77,B,315632.43,Bit sense point wife into PM difference.,ACTIVE,2022-01-19T14:26:28.629623
LOAN_000091,CUST_001396,ACCT_00003535,AUTO,342602.53,3.87,B,613279.65,Cut little art investment color information.,ACTIVE,2021-11-06T14:26:28.629823
LOAN_000092,CUST_003480,ACCT_00003962,BUSINESS,112771.56,6.28,D,50812.1,Figure who step task lot south deal.,DEFAULTED,2024-11-13T14:26:28.630023
LOAN_000093,CUST_002174,ACCT_00005068,PERSONAL,31118.35,6.81,D,399102.81,Product statement occur state knowledge once lot.,PAID_OFF,2026-04-11T14:26:28.630223
LOAN_000094,CUST_002203,ACCT_00000851,HOME,316519.69,8.29,B,381601.73,Make key people treat kid.,PAID_OFF,2026-01-19T14:26:28.630424
LOAN_000095,CUST_002628,ACCT_00006876,AUTO,280126.54,5.39,C,74591.94,History student tonight character.,DEFAULTED,2024-09-25T14:26:28.630624
LOAN_000096,CUST_001872,ACCT_00006157,PERSONAL,243403.34,3.68,B,744235.65,Official most consider prevent care real.,DEFAULTED,2026-01-16T14:26:28.630824
LOAN_000097,CUST_002743,ACCT_00001034,AUTO,421886.5,3.55,B,139787.88,Sell forget movie.,PAID_OFF,2022-05-01T14:26:28.631025
LOAN_000098,CUST_002906,ACCT_00003597,AUTO,103837.54,3.98,C,480152.83,Win treatment behind author car improve.,PAID_OFF,2026-05-14T14:26:28.631228
LOAN_000099,CUST_003079,ACCT_00005580,HOME,365953.24,8.53,C,519775.08,Thousand politics sea now exactly then miss shake.,PAID_OFF,2022-05-16T14:26:28.631432
LOAN_000100,CUST_000922,ACCT_00005044,AUTO,163430.45,5.24,D,199963.81,Many Mrs group hot.,PAID_OFF,2022-12-10T14:26:28.631646
LOAN_000101,CUST_000739,ACCT_00001007,BUSINESS,341757.79,8.57,B,506632.02,Into field hit scene public media sport after.,DEFAULTED,2022-07-25T14:26:28.631861
LOAN_000102,CUST_003201,ACCT_00003574,HOME,72820.22,8.77,A,25887.53,Business third look although stuff.,ACTIVE,2022-08-04T14:26:28.632075
LOAN_000103,CUST_000921,ACCT_00002436,AUTO,290807.4,8.14,B,19517.96,Trial newspaper mission west phone now.,DEFAULTED,2025-07-11T14:26:28.632289
LOAN_000104,CUST_001443,ACCT_00004119,AUTO,185286.89,5.98,C,678914.22,Laugh character head step now rather.,DEFAULTED,2025-08-30T14:26:28.632503
LOAN_000105,CUST_000970,ACCT_00000607,BUSINESS,471077.65,4.0,D,170157.74,Candidate ahead point gun newspaper.,PAID_OFF,2025-05-19T14:26:28.632718
LOAN_000106,CUST_000380,ACCT_00006908,PERSONAL,483026.9,4.2,C,560560.96,Reach two rock.,ACTIVE,2025-08-11T14:26:28.632932
LOAN_000107,CUST_001197,ACCT_00002477,AUTO,60423.93,5.45,C,43326.52,Worry case hand cell computer third health.,PAID_OFF,2025-03-31T14:26:28.633158
LOAN_000108,CUST_001009,ACCT_00000269,AUTO,425413.29,4.71,B,339604.92,Place walk produce spend event rich expect century.,ACTIVE,2024-06-23T14:26:28.633373
LOAN_000109,CUST_002894,ACCT_00006221,HOME,259211.11,3.5,C,720807.61,Think soldier short word member.,PAID_OFF,2023-11-27T14:26:28.633588
LOAN_000110,CUST_003227,ACCT_00002334,HOME,35054.25,4.3,C,75222.32,Sometimes clear responsibility.,ACTIVE,2026-08-15T14:26:28.633802
LOAN_000111,CUST_000556,ACCT_00006705,BUSINESS,76556.43,7.15,B,82346.9,Last long seat.,ACTIVE,2026-07-20T14:26:28.634016
LOAN_000112,CUST_001609,ACCT_00006703,HOME,157483.38,5.03,A,126160.62,Character school decide these hundred letter.,DEFAULTED,2025-06-23T14:26:28.634236
LOAN_000113,CUST_002398,ACCT_00000962,PERSONAL,101110.62,6.59,C,605565.42,Sound fill treatment child.,ACTIVE,2022-07-25T14:26:28.634465
LOAN_000114,CUST_002378,ACCT_00006933,PERSONAL,408597.92,4.89,B,170082.96,Theory decade rest federal test feeling.,PAID_OFF,2023-02-10T14:26:28.634679
LOAN_000115,CUST_001228,ACCT_00005126,BUSINESS,413822.74,8.65,D,687875.48,Air bring outside think.,ACTIVE,2023-02-16T14:26:28.634893
LOAN_000116,CUST_000292,ACCT_00000288,BUSINESS,96382.35,6.56,D,519394.66,So participant home note model.,PAID_OFF,2024-05-03T14:26:28.635107
LOAN_000117,CUST_000023,ACCT_00002298,PERSONAL,450488.98,4.91,D,100031.34,Hand forget sister government left form.,ACTIVE,2025-10-31T14:26:28.635332
LOAN_000118,CUST_000240,ACCT_00002059,BUSINESS,129523.37,8.59,A,115087.32,Mention dog economy since million.,DEFAULTED,2022-03-30T14:26:28.635547
LOAN_000119,CUST_001343,ACCT_00003645,HOME,113147.22,5.67,B,352727.32,Nor collection spring color price foot foot appear.,DEFAULTED,2026-02-13T14:26:28.635761
LOAN_000120,CUST_001616,ACCT_00005569,HOME,431191.09,7.76,A,49989.58,Open season available research need understand.,ACTIVE,2023-10-13T14:26:28.635975
LOAN_000121,CUST_001704,ACCT_00004818,HOME,313732.86,5.64,C,250582.59,Season leader ground daughter seem suddenly order recently.,DEFAULTED,2021-12-30T14:26:28.636206
LOAN_000122,CUST_002206,ACCT_00004650,AUTO,311186.49,5.47,A,87430.58,Benefit compare staff chair.,PAID_OFF,2025-10-10T14:26:28.636425
LOAN_000123,CUST_000987,ACCT_00003400,AUTO,283758.47,5.95,C,146075.75,Sound add learn Democrat check.,ACTIVE,2025-03-26T14:26:28.636639
LOAN_000124,CUST_000942,ACCT_00005806,BUSINESS,251804.91,4.91,B,560735.61,Usually skill throughout civil provide during.,DEFAULTED,2024-12-10T14:26:28.636853
LOAN_000125,CUST_000445,ACCT_00004826,BUSINESS,134170.87,6.77,B,630502.55,Radio lay heart purpose indicate.,ACTIVE,2023-03-15T14:26:28.637067
LOAN_000126,CUST_001761,ACCT_00003655,PERSONAL,364754.53,8.44,D,388365.07,Cell despite live wrong sort impact opportunity.,PAID_OFF,2025-12-14T14:26:28.637285
LOAN_000127,CUST_002749,ACCT_00001515,BUSINESS,176170.14,4.97,D,746491.81,Activity memory government as compare.,ACTIVE,2023-03-24T14:26:28.637503
LOAN_000128,CUST_002856,ACCT_00004391,BUSINESS,332622.56,5.73,C,384149.36,Reason now child analysis.,ACTIVE,2024-08-27T14:26:28.637717
LOAN_000129,CUST_002298,ACCT_00002800,PERSONAL,92461.73,7.95,B,234740.89,Structure sit around seven.,PAID_OFF,2026-07-13T14:26:28.637933
LOAN_000130,CUST_000676,ACCT_00004209,AUTO,134635.03,4.47,D,257374.81,Quickly theory build bit data.,DEFAULTED,2023-05-10T14:26:28.638147
LOAN_000131,CUST_000913,ACCT_00000714,HOME,370872.32,6.63,D,666613.93,Level low huge skill relationship.,DEFAULTED,2022-10-23T14:26:28.638361
LOAN_000132,CUST_002983,ACCT_00003396,PERSONAL,458342.35,6.52,B,583255.9,Common dream pay spring kind.,DEFAULTED,2022-06-06T14:26:28.638575
LOAN_000133,CUST_000935,ACCT_00005899,AUTO,272134.14,7.43,C,627941.7,Clearly pattern picture hospital production rise prevent.,PAID_OFF,2021-11-25T14:26:28.638788
LOAN_000134,CUST_002418,ACCT_00000760,AUTO,263679.32,6.65,A,664860.75,Member image pass table easy subject how.,DEFAULTED,2025-10-22T14:26:28.639002
LOAN_000135,CUST_001026,ACCT_00000197,BUSINESS,143857.65,6.24,D,143444.59,School many set fund reduce.,PAID_OFF,2022-09-14T14:26:28.639216
LOAN_000136,CUST_000519,ACCT_00004546,HOME,44474.56,7.55,A,238884.59,Indicate open third require they long.,DEFAULTED,2026-08-05T14:26:28.639441
LOAN_000137,CUST_002106,ACCT_00005651,AUTO,380614.88,6.8,C,487682.56,Scene care section fund above let not.,ACTIVE,2022-02-23T14:26:28.639655
LOAN_000138,CUST_000056,ACCT_00001323,HOME,384326.62,8.65,D,365526.89,Organization everyone rest memory store positive.,PAID_OFF,2026-01-04T14:26:28.639870
LOAN_000139,CUST_002081,ACCT_00005081,BUSINESS,47235.58,3.63,D,431496.65,Would good near can create.,DEFAULTED,2025-09-03T14:26:28.640084
LOAN_000140,CUST_002516,ACCT_00001496,PERSONAL,255912.86,8.56,B,388193.01,Consider relationship person hotel together within company peace.,ACTIVE,2022-07-29T14:26:28.640298
LOAN_000141,CUST_001357,ACCT_00000440,BUSINESS,332258.11,8.88,D,595425.32,Remember effort next determine.,DEFAULTED,2023-10-09T14:26:28.640512
LOAN_000142,CUST_001241,ACCT_00001907,BUSINESS,476343.39,5.7,A,470207.21,Suddenly trial play wear do there.,PAID_OFF,2026-01-15T14:26:28.640726
LOAN_000143,CUST_002149,ACCT_00005036,PERSONAL,270654.22,8.58,D,463372.24,Produce most least various.,ACTIVE,2023-01-28T14:26:28.640940
LOAN_000144,CUST_003303,ACCT_00000462,PERSONAL,295464.25,5.38,A,143050.99,Beat thing race manage people nature beyond.,DEFAULTED,2023-07-16T14:26:28.641154
LOAN_000145,CUST_002246,ACCT_00002573,HOME,318844.62,7.07,D,650607.67,Kitchen some sound.,PAID_OFF,2022-08-05T14:26:28.641368
LOAN_000146,CUST_000041,ACCT_00003659,AUTO,345148.85,9.24,D,493802.68,Force oil because respond.,DEFAULTED,2025-11-09T14:26:28.641582
LOAN_000147,CUST_003487,ACCT_00001786,BUSINESS,102099.61,9.31,A,718355.94,Deep property training project floor bank.,ACTIVE,2024-08-07T14:26:28.641796
LOAN_000148,CUST_001261,ACCT_00002236,BUSINESS,164305.59,3.56,D,508787.45,Message increase claim difference describe.,ACTIVE,2022-04-25T14:26:28.642011
LOAN_000149,CUST_003057,ACCT_00002421,AUTO,160683.91,5.86,C,173883.37,Among money style region special know off.,PAID_OFF,2025-03-02T14:26:28.642225
LOAN_000150,CUST_002597,ACCT_00001164,HOME,30073.97,9.1,A,536680.51,Although side money short carry.,DEFAULTED,2025-11-29T14:26:28.642440
LOAN_000151,CUST_001119,ACCT_00005159,AUTO,272723.97,5.66,B,724674.45,Piece term or condition buy whatever.,DEFAULTED,2022-08-02T14:26:28.642654
LOAN_000152,CUST_003267,ACCT_00003047,AUTO,113598.86,6.52,B,215949.25,Amount young start important.,PAID_OFF,2023-03-24T14:26:28.642868
LOAN_000153,CUST_002598,ACCT_00005125,BUSINESS,263434.08,5.47,B,87983.12,Movie determine world.,DEFAULTED,2024-04-28T14:26:28.643084
LOAN_000154,CUST_000635,ACCT_00002054,BUSINESS,308709.98,5.68,A,278157.89,Specific past option morning financial drop true.,ACTIVE,2022-03-01T14:26:28.643298
LOAN_000155,CUST_001320,ACCT_00006551,BUSINESS,428172.0,7.6,A,599959.36,Peace administration upon bad set watch nation.,PAID_OFF,2025-05-05T14:26:28.643515
LOAN_000156,CUST_001174,ACCT_00005003,BUSINESS,461408.37,7.29,A,189319.81,Scientist arm than hope may.,ACTIVE,2022-05-13T14:26:28.643740
LOAN_000157,CUST_001837,ACCT_00005249,BUSINESS,385417.8,9.33,A,546407.38,Together today one yard respond involve way performance.,ACTIVE,2023-03-03T14:26:28.643959
LOAN_000158,CUST_003488,ACCT_00004309,BUSINESS,261263.04,4.9,B,57719.43,Something only tree respond wonder last guess.,ACTIVE,2023-07-01T14:26:28.644201
LOAN_000159,CUST_001040,ACCT_00006041,BUSINESS,296084.75,5.06,C,574198.79,Class cut include say population.,PAID_OFF,2021-10-11T14:26:28.644437
LOAN_000160,CUST_001043,ACCT_00006949,PERSONAL,27581.23,6.42,C,308376.78,Believe form think reality today possible.,ACTIVE,2024-07-18T14:26:28.644667
LOAN_000161,CUST_000411,ACCT_00001680,AUTO,391634.46,4.12,D,647008.13,Office our stop exactly morning break tend.,PAID_OFF,2025-01-01T14:26:28.644893
LOAN_000162,CUST_001957,ACCT_00002694,PERSONAL,79123.07,5.35,B,49960.18,Value figure painting treat try.,DEFAULTED,2024-09-28T14:26:28.645111
LOAN_000163,CUST_002588,ACCT_00000038,AUTO,260213.53,7.76,B,266764.29,Perhaps style sometimes national west west move.,ACTIVE,2025-09-27T14:26:28.645336
LOAN_000164,CUST_002867,ACCT_00006947,AUTO,71813.68,5.64,D,618748.76,Trial any maintain north executive.,ACTIVE,2022-06-27T14:26:28.645557
LOAN_000165,CUST_000002,ACCT_00002935,PERSONAL,172193.88,4.93,D,537248.51,Rise high back executive situation soldier.,PAID_OFF,2022-05-17T14:26:28.645780
LOAN_000166,CUST_000278,ACCT_00002434,BUSINESS,170812.66,6.8,B,248168.5,Why past minute.,PAID_OFF,2024-08-31T14:26:28.646004
LOAN_000167,CUST_002096,ACCT_00006626,PERSONAL,411971.05,9.18,C,446476.9,Participant money store.,PAID_OFF,2024-12-25T14:26:28.646229
LOAN_000168,CUST_003073,ACCT_00006015,AUTO,64990.26,6.69,D,521055.86,Us region north reason respond number worry woman.,ACTIVE,2024-03-11T14:26:28.646458
LOAN_000169,CUST_003023,ACCT_00001883,BUSINESS,238056.86,5.1,B,352379.05,Ahead account certainly record business.,DEFAULTED,2021-12-30T14:26:28.646677
LOAN_000170,CUST_002332,ACCT_00000094,BUSINESS,281419.62,6.93,A,595221.93,Choice simple those college provide statement become country.,DEFAULTED,2026-02-24T14:26:28.646897
LOAN_000171,CUST_000097,ACCT_00004426,PERSONAL,139474.66,8.22,C,536831.88,Agency however season election give recognize enjoy.,DEFAULTED,2025-02-07T14:26:28.647119
LOAN_000172,CUST_002540,ACCT_00002534,AUTO,494154.85,6.29,A,12759.11,Speak these it why have far.,DEFAULTED,2025-04-12T14:26:28.647340
LOAN_000173,CUST_001399,ACCT_00002025,PERSONAL,17366.76,4.86,C,405444.88,Bad continue order keep body.,PAID_OFF,2025-11-18T14:26:28.647577
LOAN_000174,CUST_002204,ACCT_00006154,PERSONAL,22549.71,7.94,B,24881.35,Save none building direction.,ACTIVE,2026-05-30T14:26:28.647817
LOAN_000175,CUST_001574,ACCT_00000616,AUTO,175736.25,9.42,D,54621.92,Name prevent experience tonight office.,DEFAULTED,2021-11-27T14:26:28.648047
LOAN_000176,CUST_002951,ACCT_00004357,AUTO,401205.17,4.65,D,80996.49,Station even hair address until sort clear.,PAID_OFF,2026-01-09T14:26:28.648274
LOAN_000177,CUST_002122,ACCT_00004192,AUTO,155519.22,5.96,B,619722.03,Training work between.,ACTIVE,2022-02-12T14:26:28.648494
LOAN_000178,CUST_001272,ACCT_00004499,PERSONAL,368590.56,8.46,D,587663.06,Part wear opportunity.,DEFAULTED,2023-02-10T14:26:28.648727
LOAN_000179,CUST_000560,ACCT_00002283,BUSINESS,363213.7,5.44,D,557219.63,Success pay serve beyond.,ACTIVE,2026-01-18T14:26:28.648987
LOAN_000180,CUST_000306,ACCT_00000120,BUSINESS,36190.58,9.4,A,175733.62,Investment hotel she should.,ACTIVE,2023-03-01T14:26:28.649210
LOAN_000181,CUST_000445,ACCT_00003328,PERSONAL,383914.79,7.75,D,531987.78,Discover health sort should.,DEFAULTED,2026-07-12T14:26:28.649429
LOAN_000182,CUST_000974,ACCT_00003661,HOME,496952.04,8.96,D,630333.4,Can country who.,ACTIVE,2025-05-08T14:26:28.649688
LOAN_000183,CUST_001567,ACCT_00005879,HOME,103087.08,8.55,C,587464.33,Prove fish heavy unit everyone area executive.,ACTIVE,2025-09-29T14:26:28.649914
LOAN_000184,CUST_002794,ACCT_00002383,HOME,484574.55,4.52,C,90397.92,Fly nearly agent certainly say others summer home.,PAID_OFF,2022-03-11T14:26:28.650134
LOAN_000185,CUST_001629,ACCT_00003261,HOME,410549.4,4.15,C,105864.57,Best put bed.,DEFAULTED,2023-10-07T14:26:28.650350
LOAN_000186,CUST_003459,ACCT_00006773,AUTO,342803.9,5.85,C,387196.08,Fall benefit plant civil ask side could.,PAID_OFF,2024-07-30T14:26:28.650581
LOAN_000187,CUST_001668,ACCT_00003609,AUTO,87476.55,8.89,D,12669.91,Itself example question.,ACTIVE,2024-10-09T14:26:28.650813
LOAN_000188,CUST_001743,ACCT_00000476,HOME,470100.23,4.13,A,322135.35,Follow natural number democratic development same deep.,PAID_OFF,2022-12-23T14:26:28.651035
LOAN_000189,CUST_002897,ACCT_00003782,BUSINESS,216964.17,6.12,C,102719.42,Deal treat field always.,DEFAULTED,2024-10-22T14:26:28.651263
LOAN_000190,CUST_000105,ACCT_00002045,AUTO,180297.34,4.9,B,596253.37,Because candidate sister course.,DEFAULTED,2023-01-27T14:26:28.651479
LOAN_000191,CUST_002471,ACCT_00006232,PERSONAL,75343.74,5.87,B,734827.33,Interest eight yourself bar business test stage.,DEFAULTED,2026-01-31T14:26:28.651694
LOAN_000192,CUST_001667,ACCT_00004493,PERSONAL,459656.27,6.93,B,282239.54,Perform thought include week but few level natural.,PAID_OFF,2022-05-08T14:26:28.651918
LOAN_000193,CUST_000229,ACCT_00000185,BUSINESS,302959.52,4.01,C,707930.97,Billion total majority eye charge west husband hotel.,PAID_OFF,2021-10-29T14:26:28.652145
LOAN_000194,CUST_000804,ACCT_00006109,PERSONAL,278200.27,7.7,A,403693.47,Table term through speech event.,DEFAULTED,2023-10-27T14:26:28.652373
LOAN_000195,CUST_003454,ACCT_00004457,HOME,40410.32,4.68,B,438824.07,Interview edge investment think cost see travel.,ACTIVE,2022-01-12T14:26:28.652600
LOAN_000196,CUST_002655,ACCT_00001991,AUTO,65748.9,5.24,B,668218.8,Southern behavior believe eye positive something.,ACTIVE,2025-03-23T14:26:28.652823
LOAN_000197,CUST_002321,ACCT_00004721,AUTO,402317.51,5.74,D,503517.8,Between protect weight data.,ACTIVE,2023-03-24T14:26:28.653051
LOAN_000198,CUST_001916,ACCT_00003995,AUTO,266891.77,3.58,C,733867.31,Movie federal candidate.,DEFAULTED,2025-05-17T14:26:28.653272
LOAN_000199,CUST_002762,ACCT_00001647,HOME,441854.13,4.02,A,164497.08,Customer hand hospital charge.,PAID_OFF,2024-02-10T14:26:28.653491
LOAN_000200,CUST_001504,ACCT_00005299,PERSONAL,100212.72,8.43,C,507586.68,Finish have else model write.,PAID_OFF,2025-03-14T14:26:28.653705
LOAN_000201,CUST_000836,ACCT_00004129,BUSINESS,365988.4,6.57,B,76706.33,Common discuss effort hotel billion shake.,DEFAULTED,2023-12-06T14:26:28.653919
LOAN_000202,CUST_000633,ACCT_00004430,PERSONAL,268849.05,6.42,A,268983.81,Reflect institution street center clearly style nation move.,PAID_OFF,2023-01-30T14:26:28.654137
LOAN_000203,CUST_000023,ACCT_00000727,HOME,138934.03,7.19,C,6267.86,Challenge article manager smile him.,DEFAULTED,2026-04-26T14:26:28.654352
LOAN_000204,CUST_000181,ACCT_00005793,BUSINESS,205126.26,3.68,D,449300.2,Action campaign image happy.,ACTIVE,2022-07-17T14:26:28.654567
LOAN_000205,CUST_001717,ACCT_00003798,AUTO,297202.62,7.82,B,220331.01,Computer Republican plan result every.,PAID_OFF,2026-02-17T14:26:28.654780
LOAN_000206,CUST_000302,ACCT_00006882,BUSINESS,80960.59,7.92,D,43626.59,Various individual data population behavior entire fine minute.,ACTIVE,2022-03-13T14:26:28.654994
LOAN_000207,CUST_001801,ACCT_00006959,AUTO,249717.76,4.56,D,233908.74,Reduce it window instead prepare art cause.,DEFAULTED,2024-11-06T14:26:28.655208
LOAN_000208,CUST_003394,ACCT_00006948,AUTO,189289.15,3.98,B,81646.12,Newspaper clearly particularly should represent want.,PAID_OFF,2022-03-13T14:26:28.655423
LOAN_000209,CUST_003114,ACCT_00005291,BUSINESS,373682.18,5.06,D,422379.09,Turn population item media.,ACTIVE,2022-03-26T14:26:28.655637
LOAN_000210,CUST_000678,ACCT_00001013,AUTO,194563.66,7.24,B,82750.99,Ready education window still.,DEFAULTED,2022-04-23T14:26:28.655852
LOAN_000211,CUST_002892,ACCT_00006621,HOME,194029.85,4.42,B,313107.33,Task what candidate candidate machine vote couple.,ACTIVE,2026-06-19T14:26:28.656074
LOAN_000212,CUST_001280,ACCT_00002838,BUSINESS,125916.67,6.4,D,486575.41,Mean number view reach indeed.,ACTIVE,2025-04-12T14:26:28.656292
LOAN_000213,CUST_002817,ACCT_00002910,AUTO,65729.34,5.34,B,513400.58,Deep fish those development bar present.,ACTIVE,2026-04-05T14:26:28.656506
LOAN_000214,CUST_000579,ACCT_00005652,BUSINESS,389168.47,6.07,C,96632.24,Hit pull government situation blood test fall.,ACTIVE,2022-10-03T14:26:28.656732
LOAN_000215,CUST_000666,ACCT_00005806,AUTO,493838.38,5.08,D,92091.85,Art small value hundred writer short.,ACTIVE,2023-07-12T14:26:28.656951
LOAN_000216,CUST_003277,ACCT_00002191,HOME,157125.78,6.9,A,523419.08,Help fight base forward.,DEFAULTED,2021-09-20T14:26:28.657170
LOAN_000217,CUST_002219,ACCT_00000790,PERSONAL,32808.3,7.54,C,93263.0,Special peace hair air great.,DEFAULTED,2025-03-11T14:26:28.657390
LOAN_000218,CUST_002722,ACCT_00000467,AUTO,10557.9,3.84,A,158526.2,Method start coach force.,ACTIVE,2022-02-11T14:26:28.657609
LOAN_000219,CUST_000799,ACCT_00006518,AUTO,200128.64,4.32,A,248352.85,Computer smile recent kitchen view.,PAID_OFF,2024-09-28T14:26:28.657835
LOAN_000220,CUST_002428,ACCT_00001716,PERSONAL,393711.39,9.44,D,327802.41,Whose above bar partner official age.,PAID_OFF,2022-02-28T14:26:28.658060
LOAN_000221,CUST_001689,ACCT_00003684,PERSONAL,333764.45,4.35,B,56520.76,Avoid likely night every plant them.,DEFAULTED,2024-01-18T14:26:28.658285
LOAN_000222,CUST_003019,ACCT_00001007,AUTO,356658.3,9.22,B,68914.27,Accept public realize.,PAID_OFF,2025-03-29T14:26:28.658514
LOAN_000223,CUST_000888,ACCT_00005863,PERSONAL,91777.64,4.34,D,706591.31,Also traditional experience clear rest type ball another.,ACTIVE,2022-01-23T14:26:28.658748
LOAN_000224,CUST_000391,ACCT_00003612,HOME,58940.83,7.69,A,325505.11,Police value lose.,ACTIVE,2021-11-11T14:26:28.658970
LOAN_000225,CUST_001342,ACCT_00002586,PERSONAL,114992.46,6.77,C,530670.69,Education wonder next simply capital get seven quickly.,DEFAULTED,2026-07-13T14:26:28.659193
LOAN_000226,CUST_002952,ACCT_00002134,PERSONAL,295880.27,6.35,A,585842.01,Child however increase school offer realize but.,DEFAULTED,2023-09-15T14:26:28.659409
LOAN_000227,CUST_000988,ACCT_00003469,BUSINESS,204318.13,4.43,D,232827.84,Hope as race behavior fly thus.,PAID_OFF,2026-05-12T14:26:28.659624
LOAN_000228,CUST_002093,ACCT_00006447,PERSONAL,30416.8,5.3,C,652103.06,Make cultural federal focus.,ACTIVE,2021-10-05T14:26:28.659849
LOAN_000229,CUST_000200,ACCT_00002050,AUTO,278586.07,3.94,A,727838.57,Toward seat especially pick instead form.,PAID_OFF,2024-12-22T14:26:28.660068
LOAN_000230,CUST_003313,ACCT_00003895,PERSONAL,254803.13,5.04,B,122949.0,Try executive production fly ok.,ACTIVE,2021-10-09T14:26:28.660297
LOAN_000231,CUST_002984,ACCT_00000538,HOME,286976.74,4.33,C,701566.66,Art seem candidate including across successful value.,DEFAULTED,2022-02-18T14:26:28.660513
LOAN_000232,CUST_001595,ACCT_00006965,HOME,133216.27,7.7,A,377495.33,Than understand store might.,PAID_OFF,2024-07-07T14:26:28.660728
LOAN_000233,CUST_000769,ACCT_00003246,AUTO,262866.58,4.39,D,353697.63,It partner song future.,DEFAULTED,2023-10-28T14:26:28.660943
LOAN_000234,CUST_002260,ACCT_00004123,HOME,205634.71,9.05,C,626124.14,Game American adult.,ACTIVE,2026-07-18T14:26:28.661166
LOAN_000235,CUST_000285,ACCT_00000884,PERSONAL,139210.58,8.85,B,508111.07,Remain happy believe wide size.,ACTIVE,2024-09-14T14:26:28.661384
LOAN_000236,CUST_002231,ACCT_00004074,BUSINESS,56796.33,6.75,B,476903.35,Sure forward evening interview leg life.,DEFAULTED,2026-01-26T14:26:28.661598
LOAN_000237,CUST_000198,ACCT_00000132,PERSONAL,240842.18,8.7,A,403475.14,Door eat south talk know trial.,ACTIVE,2024-07-24T14:26:28.661813
LOAN_000238,CUST_000712,ACCT_00004229,BUSINESS,91022.55,8.62,B,720249.65,Could him share stuff happen forget.,PAID_OFF,2022-11-17T14:26:28.662028
LOAN_000239,CUST_002133,ACCT_00003124,BUSINESS,223763.83,8.53,B,548134.4,Tend instead ten region toward.,ACTIVE,2022-10-13T14:26:28.662243
LOAN_000240,CUST_002553,ACCT_00002512,PERSONAL,332349.25,4.56,B,432968.22,Occur hundred necessary money carry writer.,ACTIVE,2022-01-16T14:26:28.662458
LOAN_000241,CUST_001030,ACCT_00002126,HOME,371794.26,4.95,C,393673.08,Fight TV certain suffer.,ACTIVE,2023-07-09T14:26:28.662673
LOAN_000242,CUST_001468,ACCT_00004290,AUTO,322297.87,5.36,A,522529.36,Mind Mr blood whatever area century.,ACTIVE,2023-07-23T14:26:28.662888
LOAN_000243,CUST_002814,ACCT_00003914,BUSINESS,402111.47,8.01,C,740014.79,Job old happy decide when last.,PAID_OFF,2022-02-18T14:26:28.663102
LOAN_000244,CUST_000126,ACCT_00003584,HOME,275841.92,5.95,B,212543.76,Account history agent say international foot seek.,ACTIVE,2023-09-01T14:26:28.663316
LOAN_000245,CUST_003437,ACCT_00000492,BUSINESS,42274.75,8.13,D,727207.63,Simply range help girl.,PAID_OFF,2022-12-04T14:26:28.663530
LOAN_000246,CUST_001594,ACCT_00000088,BUSINESS,346837.43,3.57,D,387003.13,Necessary size memory person think time.,ACTIVE,2025-03-23T14:26:28.663744
LOAN_000247,CUST_002910,ACCT_00001145,HOME,89439.1,5.5,C,534349.7,Two city show official.,PAID_OFF,2025-08-10T14:26:28.663958
LOAN_000248,CUST_001241,ACCT_00002005,AUTO,478657.8,5.96,B,494167.56,Collection their would character.,PAID_OFF,2022-03-06T14:26:28.664175
LOAN_000249,CUST_002457,ACCT_00002987,HOME,291676.97,4.25,B,549486.93,Year woman wall billion manage window approach.,DEFAULTED,2022-07-11T14:26:28.664396
LOAN_000250,CUST_002885,ACCT_00003138,AUTO,127504.31,7.91,A,715543.98,History feel year deep.,DEFAULTED,2022-07-04T14:26:28.664610
LOAN_000251,CUST_000132,ACCT_00001869,BUSINESS,426815.6,7.96,A,171058.15,See likely red.,ACTIVE,2022-01-09T14:26:28.664824
LOAN_000252,CUST_000199,ACCT_00006723,AUTO,41067.31,8.1,B,640849.87,Adult personal box card leader effort smile.,ACTIVE,2025-03-15T14:26:28.665038
LOAN_000253,CUST_000143,ACCT_00000358,HOME,230467.81,6.11,A,80276.24,Full drop experience where discuss.,PAID_OFF,2026-06-25T14:26:28.665252
LOAN_000254,CUST_001349,ACCT_00003418,HOME,173967.19,8.19,B,603690.64,Seek support news administration senior.,PAID_OFF,2023-11-23T14:26:28.665466
LOAN_000255,CUST_000332,ACCT_00005486,PERSONAL,440849.48,5.39,D,64464.7,Almost rule arrive.,DEFAULTED,2026-02-14T14:26:28.665681
LOAN_000256,CUST_000549,ACCT_00000084,AUTO,86252.11,8.39,B,269050.96,Citizen pay house shoulder movie.,DEFAULTED,2024-11-27T14:26:28.665895
LOAN_000257,CUST_002353,ACCT_00004505,PERSONAL,434309.96,4.2,A,259941.65,Receive memory which mother billion decision dream send.,PAID_OFF,2025-03-09T14:26:28.666109
LOAN_000258,CUST_001538,ACCT_00002329,AUTO,293834.31,5.42,A,651586.23,Him amount visit leader art somebody pay.,ACTIVE,2023-06-14T14:26:28.666323
LOAN_000259,CUST_002736,ACCT_00002593,HOME,352872.34,3.88,B,441529.63,Table truth the too during method.,PAID_OFF,2024-07-17T14:26:28.666537
LOAN_000260,CUST_000567,ACCT_00003477,PERSONAL,179216.8,4.37,D,675064.51,Option itself member might bit.,PAID_OFF,2023-09-27T14:26:28.666751
LOAN_000261,CUST_000777,ACCT_00002521,AUTO,464739.29,3.83,B,369135.43,Ever hair above argue the movie green.,PAID_OFF,2025-07-02T14:26:28.666965
LOAN_000262,CUST_001076,ACCT_00001278,BUSINESS,39351.33,6.43,B,279492.92,Suffer decision down billion near moment involve.,ACTIVE,2022-05-10T14:26:28.667179
LOAN_000263,CUST_002799,ACCT_00006724,PERSONAL,355837.6,8.55,A,184380.81,Mind arm long deal.,ACTIVE,2025-08-12T14:26:28.667393
LOAN_000264,CUST_001401,ACCT_00002001,BUSINESS,38226.4,8.56,C,112200.89,Rule American direction rock discussion rest.,ACTIVE,2025-06-30T14:26:28.667608
LOAN_000265,CUST_000321,ACCT_00000873,HOME,197434.88,4.24,B,145053.72,Modern in simple piece seat modern.,DEFAULTED,2024-04-09T14:26:28.667822
LOAN_000266,CUST_002689,ACCT_00006019,HOME,164072.0,5.93,C,425472.49,Police rock toward art detail television.,PAID_OFF,2023-06-15T14:26:28.668043
LOAN_000267,CUST_000179,ACCT_00001301,HOME,312674.47,7.92,D,648444.77,Technology statement it else.,DEFAULTED,2026-04-29T14:26:28.668265
LOAN_000268,CUST_000851,ACCT_00000931,BUSINESS,297309.74,7.01,C,667125.26,Fly chair international box.,DEFAULTED,2023-06-18T14:26:28.668483
LOAN_000269,CUST_000627,ACCT_00002549,BUSINESS,285895.7,8.49,A,538448.6,Minute person vote student per responsibility.,ACTIVE,2026-03-27T14:26:28.668703
LOAN_000270,CUST_001229,ACCT_00002144,PERSONAL,463473.45,3.51,A,612849.79,Natural Mrs health spend high my condition.,PAID_OFF,2024-11-28T14:26:28.668922
LOAN_000271,CUST_002869,ACCT_00006454,AUTO,260612.34,6.16,D,727941.22,Myself magazine onto trouble political over season foreign.,DEFAULTED,2026-05-01T14:26:28.669137
LOAN_000272,CUST_000287,ACCT_00002110,PERSONAL,84439.78,8.77,B,233702.21,Good today certainly across raise nature.,DEFAULTED,2026-03-10T14:26:28.669350
LOAN_000273,CUST_002757,ACCT_00003369,BUSINESS,38678.9,6.25,D,506862.77,Low center phone air clearly speak.,ACTIVE,2026-06-16T14:26:28.669625
LOAN_000274,CUST_000110,ACCT_00002809,BUSINESS,217899.66,8.87,B,745180.26,Maintain how listen sure market from.,ACTIVE,2023-08-21T14:26:28.669883
LOAN_000275,CUST_000874,ACCT_00001036,AUTO,423591.51,8.24,C,361562.05,Feeling necessary dog although long human move.,ACTIVE,2024-07-19T14:26:28.670112
LOAN_000276,CUST_001041,ACCT_00002829,HOME,385686.09,6.22,A,427876.1,Become assume environment everybody degree set anyone bag.,DEFAULTED,2026-03-26T14:26:28.670330
LOAN_000277,CUST_000728,ACCT_00005968,PERSONAL,271199.69,9.3,B,101859.85,Begin music age PM trouble.,DEFAULTED,2023-07-01T14:26:28.670549
LOAN_000278,CUST_001959,ACCT_00006597,AUTO,49229.0,8.65,B,201469.78,Pretty single economy size oil.,DEFAULTED,2022-12-02T14:26:28.670766
LOAN_000279,CUST_003454,ACCT_00002349,PERSONAL,281719.43,5.52,C,379419.18,Stop hot must room quite.,ACTIVE,2026-01-31T14:26:28.670978
LOAN_000280,CUST_000595,ACCT_00001332,AUTO,264759.9,7.34,B,385756.56,Training exist write third factor series.,PAID_OFF,2025-04-29T14:26:28.671183
LOAN_000281,CUST_002351,ACCT_00002324,AUTO,241655.9,8.47,B,94939.57,Big yeah family.,DEFAULTED,2025-02-13T14:26:28.671398
LOAN_000282,CUST_000599,ACCT_00003584,PERSONAL,46303.15,5.07,A,176165.96,Us pattern draw result computer policy thus.,PAID_OFF,2024-02-04T14:26:28.671602
LOAN_000283,CUST_003423,ACCT_00006828,PERSONAL,384297.16,3.64,A,128339.94,Them amount design standard ready Congress.,PAID_OFF,2025-07-27T14:26:28.671804
LOAN_000284,CUST_000204,ACCT_00000559,BUSINESS,156165.2,9.09,D,382611.0,Fight face give morning.,DEFAULTED,2026-06-07T14:26:28.672006
LOAN_000285,CUST_001518,ACCT_00006425,AUTO,365326.6,4.76,D,356850.25,Move catch include at at condition.,DEFAULTED,2022-05-22T14:26:28.672209
LOAN_000286,CUST_002181,ACCT_00002441,BUSINESS,287094.14,9.08,B,686392.11,Still attack staff these reflect thank plan traditional.,ACTIVE,2024-07-09T14:26:28.672411
LOAN_000287,CUST_000946,ACCT_00003949,AUTO,182719.62,9.29,A,565751.8,Home put successful Republican thousand.,ACTIVE,2024-07-06T14:26:28.672613
LOAN_000288,CUST_000171,ACCT_00003265,PERSONAL,153653.33,6.48,A,607905.87,Deal social sense.,DEFAULTED,2025-02-20T14:26:28.672820
LOAN_000289,CUST_000297,ACCT_00000803,AUTO,480669.26,4.17,A,306207.1,Reality voice study song risk place military.,PAID_OFF,2023-03-25T14:26:28.673040
LOAN_000290,CUST_002202,ACCT_00005041,PERSONAL,232147.84,3.63,A,641490.52,Site attention party teacher image current cold.,PAID_OFF,2022-02-04T14:26:28.673242
LOAN_000291,CUST_001899,ACCT_00002730,AUTO,443766.26,8.82,C,565083.05,Threat them kind begin body side language.,DEFAULTED,2023-11-03T14:26:28.673445
LOAN_000292,CUST_001917,ACCT_00000584,PERSONAL,427264.96,4.26,D,572080.49,Produce suffer ahead major price direction behind.,ACTIVE,2023-12-03T14:26:28.673660
LOAN_000293,CUST_001649,ACCT_00001389,AUTO,397769.79,6.37,D,745078.18,Often organization single chair same why cut.,DEFAULTED,2023-01-05T14:26:28.673877
LOAN_000294,CUST_000021,ACCT_00004377,PERSONAL,389774.02,8.1,A,340695.93,Outside guess customer hand a.,DEFAULTED,2023-07-01T14:26:28.674094
LOAN_000295,CUST_001908,ACCT_00002341,HOME,301325.42,4.4,B,533472.89,Air dinner turn image suddenly degree.,PAID_OFF,2024-01-23T14:26:28.674310
LOAN_000296,CUST_001097,ACCT_00000634,AUTO,254261.41,8.82,A,603564.3,Poor arm exist likely travel voice.,DEFAULTED,2024-12-08T14:26:28.674526
LOAN_000297,CUST_000498,ACCT_00005001,AUTO,161400.33,8.3,D,689208.57,Pull product list white garden or.,PAID_OFF,2024-10-21T14:26:28.674743
LOAN_000298,CUST_000383,ACCT_00000795,HOME,45431.01,3.8,C,429811.32,Five success question record mean.,ACTIVE,2024-08-12T14:26:28.674977
LOAN_000299,CUST_000835,ACCT_00002105,PERSONAL,378349.04,4.04,C,236978.52,Own American home coach.,ACTIVE,2026-08-08T14:26:28.675194
LOAN_000300,CUST_001120,ACCT_00004925,AUTO,426160.43,3.96,B,437563.67,Data speak prepare write something remain.,PAID_OFF,2023-02-23T14:26:28.675417
LOAN_000301,CUST_000673,ACCT_00005531,PERSONAL,451700.61,6.38,D,316040.05,Get movement health bad.,DEFAULTED,2022-05-05T14:26:28.675638
LOAN_000302,CUST_000162,ACCT_00003094,HOME,10451.27,7.5,B,307676.59,To day both present view.,ACTIVE,2021-10-01T14:26:28.675859
LOAN_000303,CUST_000997,ACCT_00001547,HOME,403477.08,7.72,B,550264.35,Big kind imagine paper drive add.,ACTIVE,2025-08-18T14:26:28.676083
LOAN_000304,CUST_001119,ACCT_00005383,PERSONAL,351639.15,8.88,C,110160.66,Agree shake election continue contain form.,ACTIVE,2023-02-11T14:26:28.676305
LOAN_000305,CUST_000164,ACCT_00005545,PERSONAL,314370.21,3.56,B,528820.22,Place owner join economy maintain.,DEFAULTED,2024-10-21T14:26:28.676526
LOAN_000306,CUST_000355,ACCT_00002766,PERSONAL,373567.5,7.24,B,252951.38,Mission open trade collection you although.,PAID_OFF,2025-05-03T14:26:28.676748
LOAN_000307,CUST_001426,ACCT_00001923,AUTO,353128.63,6.46,B,209036.64,Remember store TV science somebody reason loss.,PAID_OFF,2024-07-29T14:26:28.676977
LOAN_000308,CUST_001224,ACCT_00003823,HOME,455081.83,3.94,B,256242.1,Send Mr car rest full rule probably trial.,DEFAULTED,2024-03-14T14:26:28.677199
LOAN_000309,CUST_003188,ACCT_00004544,HOME,98927.19,9.29,B,196300.36,Actually pressure mention start.,DEFAULTED,2022-01-06T14:26:28.677419
LOAN_000310,CUST_001253,ACCT_00001710,AUTO,34966.66,8.24,B,724282.26,Ever let carry eye.,PAID_OFF,2025-11-26T14:26:28.677642
LOAN_000311,CUST_000985,ACCT_00002804,PERSONAL,191819.87,8.05,C,246203.36,Apply year spend final street necessary require agent.,DEFAULTED,2026-01-13T14:26:28.677868
LOAN_000312,CUST_002783,ACCT_00001062,BUSINESS,429609.47,8.83,A,23569.66,A population window drug.,ACTIVE,2022-01-21T14:26:28.678089
LOAN_000313,CUST_002320,ACCT_00003762,BUSINESS,167312.19,8.58,A,511371.13,Above include participant part.,DEFAULTED,2024-07-04T14:26:28.678311
LOAN_000314,CUST_002349,ACCT_00004320,BUSINESS,403266.09,4.62,D,572165.34,Fine eight state wife purpose can.,DEFAULTED,2026-05-04T14:26:28.678533
LOAN_000315,CUST_002709,ACCT_00000869,AUTO,111615.14,4.75,D,82648.07,Fact key walk see.,DEFAULTED,2023-11-20T14:26:28.678755
LOAN_000316,CUST_000856,ACCT_00003303,AUTO,47393.85,8.58,D,700080.23,Happen reflect test child score million.,ACTIVE,2024-12-01T14:26:28.678976
LOAN_000317,CUST_003273,ACCT_00004279,HOME,376539.31,9.32,B,346792.79,Enjoy follow throughout hope.,PAID_OFF,2023-11-12T14:26:28.679197
LOAN_000318,CUST_003074,ACCT_00001441,HOME,78614.12,8.51,C,225551.06,Particularly size born Republican office car.,ACTIVE,2022-09-26T14:26:28.679420
LOAN_000319,CUST_003490,ACCT_00004912,AUTO,119662.73,7.62,B,269901.36,Hand popular home.,ACTIVE,2022-02-17T14:26:28.679644
LOAN_000320,CUST_001208,ACCT_00002780,AUTO,100555.35,5.25,C,300978.05,Across business occur set health can writer.,DEFAULTED,2025-02-21T14:26:28.679866
LOAN_000321,CUST_002245,ACCT_00005123,HOME,171632.83,4.64,D,355955.5,Beat court herself artist sea.,ACTIVE,2025-08-28T14:26:28.680094
LOAN_000322,CUST_000562,ACCT_00000300,PERSONAL,297152.31,6.53,D,30145.29,Because day remember town.,PAID_OFF,2022-07-15T14:26:28.680321
LOAN_000323,CUST_000815,ACCT_00002482,HOME,323379.31,5.76,A,272575.18,Remain not line just morning.,PAID_OFF,2024-10-17T14:26:28.680544
LOAN_000324,CUST_002605,ACCT_00006677,HOME,153625.69,7.16,B,426815.93,Particularly brother behind health.,PAID_OFF,2022-09-28T14:26:28.680766
LOAN_000325,CUST_001624,ACCT_00005150,HOME,255823.91,6.97,B,95793.8,Serious agency human design.,DEFAULTED,2025-02-09T14:26:28.680987
LOAN_000326,CUST_002824,ACCT_00005215,BUSINESS,496631.5,5.47,D,711172.13,It party with treatment return beyond body.,PAID_OFF,2025-12-29T14:26:28.681216
LOAN_000327,CUST_001034,ACCT_00001228,AUTO,403274.67,4.61,D,454028.26,Job American degree rate campaign relationship fact.,ACTIVE,2024-07-01T14:26:28.681444
LOAN_000328,CUST_002319,ACCT_00006368,HOME,58630.13,6.28,A,174192.83,Feel simple while smile stage agency look.,ACTIVE,2021-12-28T14:26:28.681667
LOAN_000329,CUST_001354,ACCT_00006063,AUTO,355223.08,9.01,D,661239.53,My major age book site bad movement.,ACTIVE,2022-04-09T14:26:28.681889
LOAN_000330,CUST_002841,ACCT_00005723,AUTO,136129.0,6.97,C,676460.09,Director life hundred another example specific lead.,DEFAULTED,2023-02-23T14:26:28.682110
LOAN_000331,CUST_001759,ACCT_00004643,BUSINESS,347225.99,5.38,A,102388.49,Finish both reveal general require raise name.,DEFAULTED,2024-07-15T14:26:28.682332
LOAN_000332,CUST_000232,ACCT_00003297,AUTO,260542.5,5.6,C,447053.79,Process star color smile thank.,PAID_OFF,2025-07-06T14:26:28.682552
LOAN_000333,CUST_001303,ACCT_00001111,BUSINESS,87943.63,5.16,C,278277.05,Next unit strong prove prevent stop five.,ACTIVE,2022-09-23T14:26:28.682772
LOAN_000334,CUST_002825,ACCT_00002329,PERSONAL,112326.27,7.56,B,252470.15,Cut collection stock age sort talk.,PAID_OFF,2026-06-07T14:26:28.682988
LOAN_000335,CUST_001165,ACCT_00005755,BUSINESS,221607.07,5.72,B,468475.94,Discover available leg trouble of.,DEFAULTED,2025-09-02T14:26:28.683205
LOAN_000336,CUST_001152,ACCT_00003596,PERSONAL,174851.04,6.49,A,603201.84,Class line beautiful throw support time.,PAID_OFF,2023-02-26T14:26:28.683422
LOAN_000337,CUST_003144,ACCT_00001516,HOME,14359.46,6.5,C,91602.11,Hotel program if.,DEFAULTED,2022-09-17T14:26:28.683646
LOAN_000338,CUST_001520,ACCT_00006176,PERSONAL,56134.16,7.54,A,418566.31,Sing song suffer look.,DEFAULTED,2022-02-17T14:26:28.683865
LOAN_000339,CUST_001255,ACCT_00005786,BUSINESS,70020.57,8.21,A,120989.32,And sign camera amount.,DEFAULTED,2024-12-07T14:26:28.684093
LOAN_000340,CUST_000525,ACCT_00002383,HOME,122231.67,5.27,C,374958.99,Growth industry white laugh recent.,PAID_OFF,2024-12-08T14:26:28.684310
LOAN_000341,CUST_000788,ACCT_00005820,BUSINESS,178513.64,9.16,C,102994.51,Here foot yeah finally.,ACTIVE,2025-09-23T14:26:28.684526
LOAN_000342,CUST_003129,ACCT_00001260,HOME,411750.68,7.67,A,243858.72,Alone test unit rise important.,DEFAULTED,2026-07-27T14:26:28.684743
LOAN_000343,CUST_003406,ACCT_00006054,PERSONAL,126966.67,6.9,B,307801.73,Shake determine source line.,ACTIVE,2025-03-05T14:26:28.684959
LOAN_000344,CUST_000562,ACCT_00000886,HOME,242651.48,4.02,A,44296.02,Recognize reveal tell much win in per.,ACTIVE,2022-12-25T14:26:28.685179
LOAN_000345,CUST_000716,ACCT_00000397,HOME,375278.89,8.81,D,217689.52,So per recent try year into dog daughter.,ACTIVE,2023-06-29T14:26:28.685400
LOAN_000346,CUST_000279,ACCT_00002102,BUSINESS,323866.1,7.44,A,178871.39,Condition moment note citizen light attack director.,DEFAULTED,2025-06-21T14:26:28.685617
LOAN_000347,CUST_001914,ACCT_00005086,BUSINESS,152385.61,5.37,B,709093.66,Wind support off center.,DEFAULTED,2023-10-17T14:26:28.685833
LOAN_000348,CUST_002010,ACCT_00000603,PERSONAL,94568.36,8.62,A,566617.3,Political cell mission shake claim.,ACTIVE,2024-12-02T14:26:28.686049
LOAN_000349,CUST_002863,ACCT_00002575,PERSONAL,240972.95,3.51,D,502077.43,Son rich green question.,PAID_OFF,2022-06-09T14:26:28.686266
LOAN_000350,CUST_001528,ACCT_00005223,PERSONAL,245715.33,7.91,C,692117.12,Way present pick tonight teacher last.,PAID_OFF,2025-01-26T14:26:28.686482
LOAN_000351,CUST_001873,ACCT_00003062,HOME,325045.24,5.57,C,447208.04,Week bank risk history occur.,DEFAULTED,2022-03-01T14:26:28.686700
LOAN_000352,CUST_002033,ACCT_00006868,HOME,229131.82,6.6,B,277982.07,Hospital well policy magazine.,DEFAULTED,2026-02-27T14:26:28.686916
LOAN_000353,CUST_002850,ACCT_00003409,HOME,58251.37,8.03,B,637814.19,Others special no believe author focus.,ACTIVE,2026-01-17T14:26:28.687132
LOAN_000354,CUST_001534,ACCT_00002433,BUSINESS,455338.82,5.06,C,497657.83,Mission mother cold hotel statement let.,DEFAULTED,2025-01-13T14:26:28.687353
LOAN_000355,CUST_001478,ACCT_00003077,AUTO,83054.67,3.73,B,491481.13,Commercial avoid clearly ten.,PAID_OFF,2024-01-08T14:26:28.687569
LOAN_000356,CUST_002587,ACCT_00005206,BUSINESS,223102.14,5.26,B,355241.53,Manage debate involve country training.,ACTIVE,2025-02-18T14:26:28.687786
LOAN_000357,CUST_002438,ACCT_00000745,PERSONAL,255492.76,3.9,D,433000.1,International add family visit occur.,DEFAULTED,2023-03-31T14:26:28.688003
LOAN_000358,CUST_001810,ACCT_00004105,HOME,55329.39,5.0,D,531488.72,Management lose else rate media discussion.,DEFAULTED,2023-06-27T14:26:28.688221
LOAN_000359,CUST_000261,ACCT_00003461,PERSONAL,328800.54,5.45,D,117231.56,Spend plan professional box.,DEFAULTED,2025-08-04T14:26:28.688439
LOAN_000360,CUST_000425,ACCT_00005892,PERSONAL,57588.63,7.09,C,488274.2,Fight common generation economy.,DEFAULTED,2023-09-13T14:26:28.688657
LOAN_000361,CUST_001996,ACCT_00005413,BUSINESS,195184.16,7.58,D,257244.47,Pick little painting chance laugh over.,PAID_OFF,2023-04-21T14:26:28.688875
LOAN_000362,CUST_001014,ACCT_00001398,BUSINESS,317186.83,4.91,A,232442.27,Wind hope second small.,DEFAULTED,2022-01-26T14:26:28.689092
LOAN_000363,CUST_000414,ACCT_00003475,BUSINESS,438553.2,6.3,A,285442.62,Lot positive baby agree guy.,PAID_OFF,2024-12-27T14:26:28.689309
LOAN_000364,CUST_001437,ACCT_00003573,HOME,497927.67,7.79,B,722918.42,Hard those still.,PAID_OFF,2021-12-29T14:26:28.689537
LOAN_000365,CUST_003319,ACCT_00001008,HOME,451681.62,6.39,A,271391.62,Option investment many nor them.,ACTIVE,2022-09-25T14:26:28.689754
LOAN_000366,CUST_000365,ACCT_00001854,AUTO,121240.86,6.62,A,289983.09,Attack state whole recently exactly figure.,PAID_OFF,2026-02-03T14:26:28.689970
LOAN_000367,CUST_001512,ACCT_00003717,PERSONAL,13280.14,4.7,A,92288.35,Suffer program happen hospital.,ACTIVE,2022-09-29T14:26:28.690187
LOAN_000368,CUST_001145,ACCT_00006711,HOME,42325.03,4.69,D,424550.8,Site visit successful else election view.,DEFAULTED,2022-04-16T14:26:28.690403
LOAN_000369,CUST_001936,ACCT_00004583,HOME,159930.93,6.13,C,424815.31,Thing effort possible up loss.,PAID_OFF,2025-07-15T14:26:28.690619
LOAN_000370,CUST_001419,ACCT_00006464,HOME,122435.27,6.75,C,416580.19,Author leader history give him.,ACTIVE,2021-12-28T14:26:28.690849
LOAN_000371,CUST_002428,ACCT_00003042,AUTO,22543.9,8.29,A,362929.11,Option federal ahead there light hospital.,PAID_OFF,2023-07-06T14:26:28.691067
LOAN_000372,CUST_002075,ACCT_00002876,PERSONAL,81418.69,8.13,C,538797.54,Computer especially everything should.,PAID_OFF,2026-08-17T14:26:28.691282
LOAN_000373,CUST_003477,ACCT_00000603,HOME,479669.9,4.19,A,262949.77,Still PM them majority bank check.,DEFAULTED,2024-07-26T14:26:28.691499
LOAN_000374,CUST_002619,ACCT_00001478,BUSINESS,364865.09,5.72,A,237542.93,Mean news letter son either reach more.,ACTIVE,2023-12-02T14:26:28.691715
LOAN_000375,CUST_000422,ACCT_00006181,HOME,398396.87,8.39,A,716378.11,Method arrive responsibility father.,ACTIVE,2025-06-27T14:26:28.691940
LOAN_000376,CUST_002576,ACCT_00001309,BUSINESS,372090.45,5.43,D,725335.13,Citizen house information authority often event.,DEFAULTED,2023-12-08T14:26:28.692160
LOAN_000377,CUST_001383,ACCT_00003070,PERSONAL,489616.29,9.42,B,392146.13,Arrive the activity above.,DEFAULTED,2023-11-30T14:26:28.692376
LOAN_000378,CUST_002745,ACCT_00005734,AUTO,118831.59,6.14,B,335560.22,Go drop management.,DEFAULTED,2022-04-12T14:26:28.692592
LOAN_000379,CUST_001135,ACCT_00004093,HOME,126914.64,9.12,C,272517.99,Company project especially church traditional.,DEFAULTED,2026-01-02T14:26:28.692808
LOAN_000380,CUST_003203,ACCT_00004219,PERSONAL,190421.75,4.5,B,547281.18,Million station brother line recognize perform.,ACTIVE,2023-05-12T14:26:28.693024
LOAN_000381,CUST_001400,ACCT_00003235,BUSINESS,384145.49,7.25,D,350013.26,Health fire describe together.,PAID_OFF,2022-08-08T14:26:28.693240
LOAN_000382,CUST_001138,ACCT_00002602,HOME,379683.31,5.47,A,485012.45,Practice admit future personal.,ACTIVE,2023-03-09T14:26:28.693455
LOAN_000383,CUST_003340,ACCT_00002525,HOME,495121.05,5.2,C,594874.6,Eye order also camera size.,ACTIVE,2022-10-24T14:26:28.693682
LOAN_000384,CUST_001188,ACCT_00004067,AUTO,394222.52,6.47,D,276911.32,Change beautiful middle yeah.,DEFAULTED,2024-02-12T14:26:28.693898
LOAN_000385,CUST_002711,ACCT_00002292,PERSONAL,433083.3,5.85,C,667880.88,Wind culture stand dark little likely cover.,PAID_OFF,2024-07-17T14:26:28.694123
LOAN_000386,CUST_002501,ACCT_00002121,HOME,362490.79,5.22,A,610709.05,Red none kid medical respond final.,DEFAULTED,2024-05-10T14:26:28.694340
LOAN_000387,CUST_000116,ACCT_00000955,PERSONAL,473968.4,4.2,A,250707.61,Raise product anyone.,ACTIVE,2025-09-01T14:26:28.694556
LOAN_000388,CUST_000901,ACCT_00006196,HOME,388147.84,3.72,B,43187.43,Ahead high me close.,PAID_OFF,2025-11-14T14:26:28.694773
LOAN_000389,CUST_001915,ACCT_00005524,AUTO,270309.06,9.02,D,358783.7,Law wish cell.,PAID_OFF,2022-03-18T14:26:28.694990
LOAN_000390,CUST_002790,ACCT_00003846,HOME,489666.54,5.1,A,298910.51,Seat second hospital else.,PAID_OFF,2025-11-29T14:26:28.695208
LOAN_000391,CUST_002529,ACCT_00000107,AUTO,21053.03,9.22,D,119086.37,Including spend still beat.,DEFAULTED,2022-06-25T14:26:28.695425
LOAN_000392,CUST_001019,ACCT_00005996,AUTO,112004.08,7.12,B,720464.11,Marriage open ok weight his power section.,DEFAULTED,2022-01-27T14:26:28.695642
LOAN_000393,CUST_000845,ACCT_00002738,PERSONAL,345011.27,8.72,B,539625.92,Area include street.,DEFAULTED,2023-03-22T14:26:28.695858
LOAN_000394,CUST_003452,ACCT_00004058,AUTO,49731.14,7.02,B,518451.11,Say program else create in time concern.,PAID_OFF,2025-06-26T14:26:28.696075
LOAN_000395,CUST_003418,ACCT_00006331,HOME,74638.27,5.98,C,144520.85,Congress car true top offer.,ACTIVE,2024-01-29T14:26:28.696291
LOAN_000396,CUST_000319,ACCT_00002629,PERSONAL,343821.1,6.5,C,280482.47,Save not billion save.,DEFAULTED,2023-07-14T14:26:28.696508
LOAN_000397,CUST_001371,ACCT_00005141,AUTO,226051.42,3.74,B,85043.92,Community at itself street.,DEFAULTED,2025-11-07T14:26:28.696724
LOAN_000398,CUST_002035,ACCT_00005603,BUSINESS,273631.59,6.89,A,229658.17,They possible between hand.,DEFAULTED,2023-06-03T14:26:28.696941
LOAN_000399,CUST_003389,ACCT_00006344,PERSONAL,167870.06,7.62,C,166229.63,Federal knowledge see hospital international wonder.,DEFAULTED,2025-07-02T14:26:28.697160
LOAN_000400,CUST_000184,ACCT_00003392,AUTO,337561.99,4.54,D,528698.96,Bill wrong dream yes camera food.,ACTIVE,2025-04-26T14:26:28.697377
LOAN_000401,CUST_002982,ACCT_00006814,PERSONAL,153859.81,5.79,B,653758.07,Join year assume stock daughter base use.,DEFAULTED,2024-04-02T14:26:28.697593
LOAN_000402,CUST_003286,ACCT_00002277,HOME,331383.14,5.79,B,400104.94,Ten follow huge.,PAID_OFF,2022-06-16T14:26:28.697821
LOAN_000403,CUST_002902,ACCT_00006644,AUTO,496916.12,7.61,D,68940.27,Often end process shake near college carry investment.,PAID_OFF,2022-06-29T14:26:28.698038
LOAN_000404,CUST_000158,ACCT_00001254,HOME,221340.48,6.3,C,610627.61,Exist sound me party.,DEFAULTED,2026-03-13T14:26:28.698256
LOAN_000405,CUST_002849,ACCT_00002910,HOME,85338.68,5.7,D,651186.36,High again suggest our write four stay.,ACTIVE,2021-12-19T14:26:28.698473
LOAN_000406,CUST_000135,ACCT_00002187,AUTO,12580.44,6.52,B,437433.44,Skin own talk small significant social.,DEFAULTED,2026-05-16T14:26:28.698689
LOAN_000407,CUST_001813,ACCT_00006436,BUSINESS,38759.07,8.45,D,9324.25,Share part near toward worry continue recently.,DEFAULTED,2025-09-25T14:26:28.698907
LOAN_000408,CUST_001576,ACCT_00006031,PERSONAL,398257.38,8.41,D,569745.36,Onto tell audience whether.,DEFAULTED,2026-07-25T14:26:28.699123
LOAN_000409,CUST_000682,ACCT_00001321,BUSINESS,265929.56,8.82,A,387053.78,Improve now best there.,PAID_OFF,2022-02-26T14:26:28.699352
LOAN_000410,CUST_002713,ACCT_00004755,HOME,99839.17,7.84,A,569096.59,End alone show building.,ACTIVE,2025-08-14T14:26:28.699574
LOAN_000411,CUST_000150,ACCT_00003307,AUTO,99533.84,7.69,B,175406.54,Drop whether grow mention.,DEFAULTED,2026-02-28T14:26:28.699791
LOAN_000412,CUST_001149,ACCT_00005042,HOME,245280.1,5.06,D,313853.7,Current suggest reflect hear cover least manage.,ACTIVE,2023-01-05T14:26:28.700017
LOAN_000413,CUST_001558,ACCT_00006903,PERSONAL,452128.07,8.91,A,287289.13,Rule green recognize involve world everyone forget.,PAID_OFF,2025-07-14T14:26:28.700234
LOAN_000414,CUST_001546,ACCT_00000466,BUSINESS,176239.36,4.23,C,256710.67,Responsibility sign car energy.,PAID_OFF,2025-08-22T14:26:28.700451
LOAN_000415,CUST_003481,ACCT_00007000,BUSINESS,326654.02,5.67,C,625743.86,Letter head help wide authority thus.,DEFAULTED,2024-09-24T14:26:28.700667
LOAN_000416,CUST_002915,ACCT_00001671,PERSONAL,58646.33,5.76,D,77619.56,Institution prevent ever career environmental sense.,DEFAULTED,2025-07-23T14:26:28.700884
LOAN_000417,CUST_000293,ACCT_00003567,HOME,390103.9,7.47,A,288684.76,Him month industry during manager network ever.,PAID_OFF,2026-03-09T14:26:28.701100
LOAN_000418,CUST_000316,ACCT_00005597,HOME,49454.96,9.14,C,111907.03,Century day manager item effort.,ACTIVE,2025-11-05T14:26:28.701317
LOAN_000419,CUST_000658,ACCT_00005755,AUTO,271137.62,4.12,D,279070.21,Picture scene miss draw various management charge.,PAID_OFF,2024-08-15T14:26:28.701534
LOAN_000420,CUST_002802,ACCT_00000861,BUSINESS,248450.02,7.26,B,253292.22,Entire night scientist rich while later.,PAID_OFF,2022-04-05T14:26:28.701750
LOAN_000421,CUST_002858,ACCT_00002576,AUTO,201018.24,6.81,C,102400.33,Remember someone usually truth myself bar.,DEFAULTED,2024-12-08T14:26:28.701976
LOAN_000422,CUST_001422,ACCT_00002266,HOME,145122.51,6.94,B,667756.59,Field father civil head same everyone.,PAID_OFF,2022-08-31T14:26:28.702193
LOAN_000423,CUST_002594,ACCT_00003832,BUSINESS,270921.54,5.79,B,399515.38,Many soldier full under.,DEFAULTED,2023-01-30T14:26:28.702410
LOAN_000424,CUST_000793,ACCT_00002064,PERSONAL,498992.43,7.61,A,78243.23,Son bring others mouth his.,PAID_OFF,2023-02-07T14:26:28.702626
LOAN_000425,CUST_001883,ACCT_00000979,BUSINESS,194239.74,4.5,D,412439.1,Live six performance ground policy fact.,PAID_OFF,2022-09-12T14:26:28.702843
LOAN_000426,CUST_000419,ACCT_00001493,BUSINESS,79502.9,3.77,D,218746.94,Each office service decide.,PAID_OFF,2024-09-01T14:26:28.703061
LOAN_000427,CUST_002926,ACCT_00002149,AUTO,275449.46,9.41,C,452557.68,Hair recently white they.,ACTIVE,2026-05-21T14:26:28.703277
LOAN_000428,CUST_001909,ACCT_00000640,BUSINESS,455003.44,8.46,A,194957.82,Firm conference party already.,PAID_OFF,2026-03-26T14:26:28.703495
LOAN_000429,CUST_001577,ACCT_00000447,HOME,295820.52,7.44,A,100710.36,Relationship realize write determine whether.,ACTIVE,2022-07-26T14:26:28.703712
LOAN_000430,CUST_000116,ACCT_00006549,PERSONAL,133282.78,5.56,A,435519.74,Rather understand deep daughter just.,PAID_OFF,2026-03-23T14:26:28.703929
LOAN_000431,CUST_001059,ACCT_00002580,AUTO,162281.13,6.13,B,174705.97,Production budget act point remember win economy.,ACTIVE,2026-01-10T14:26:28.704146
LOAN_000432,CUST_000233,ACCT_00003835,HOME,479767.41,5.76,B,104685.74,Whether turn enter court.,DEFAULTED,2023-11-25T14:26:28.704363
LOAN_000433,CUST_002606,ACCT_00002644,PERSONAL,128503.89,3.67,C,50220.66,By discussion he everybody phone population.,PAID_OFF,2022-06-30T14:26:28.704580
LOAN_000434,CUST_002326,ACCT_00006755,HOME,318619.11,4.6,C,38956.4,Series every miss action happen mother fast.,PAID_OFF,2024-07-09T14:26:28.704797
LOAN_000435,CUST_002608,ACCT_00000308,AUTO,252752.88,9.32,B,240859.87,Democratic real base interesting rule.,PAID_OFF,2024-10-06T14:26:28.705015
LOAN_000436,CUST_000981,ACCT_00001312,BUSINESS,452118.07,8.37,C,548983.92,Either between wish car.,PAID_OFF,2026-01-14T14:26:28.705232
LOAN_000437,CUST_003262,ACCT_00004714,BUSINESS,383021.36,8.78,A,493169.42,Act western peace baby window evening.,ACTIVE,2023-12-31T14:26:28.705449
LOAN_000438,CUST_000080,ACCT_00002483,PERSONAL,178638.22,3.74,C,445378.55,Sure weight head.,ACTIVE,2025-09-22T14:26:28.705666
LOAN_000439,CUST_003259,ACCT_00005973,PERSONAL,100217.67,7.52,C,296804.56,Both hotel speak if party dream tax.,ACTIVE,2024-05-17T14:26:28.705882
LOAN_000440,CUST_000999,ACCT_00000221,HOME,456992.41,3.88,D,216777.45,Rate month energy late you.,ACTIVE,2026-02-18T14:26:28.706105
LOAN_000441,CUST_002972,ACCT_00002391,PERSONAL,312963.96,8.63,C,343180.45,Others develop night increase.,ACTIVE,2022-04-16T14:26:28.706321
LOAN_000442,CUST_001482,ACCT_00004523,PERSONAL,288380.82,8.09,D,434643.75,Baby life less require.,ACTIVE,2021-11-01T14:26:28.706538
LOAN_000443,CUST_000672,ACCT_00000504,BUSINESS,107237.48,9.12,B,535385.38,Arrive authority street.,ACTIVE,2026-03-15T14:26:28.706754
LOAN_000444,CUST_000175,ACCT_00000496,AUTO,142062.76,8.06,D,210976.1,Statement smile act stock store bed.,ACTIVE,2025-09-02T14:26:28.706971
LOAN_000445,CUST_002156,ACCT_00006883,HOME,319274.48,4.44,C,392166.96,Special lay able doctor once.,ACTIVE,2025-06-14T14:26:28.707188
LOAN_000446,CUST_003106,ACCT_00004855,HOME,265911.07,8.8,A,30782.15,Sometimes magazine society film.,PAID_OFF,2021-12-18T14:26:28.707404
LOAN_000447,CUST_001176,ACCT_00003669,HOME,127847.47,9.06,C,682943.03,Many today area gun.,ACTIVE,2024-11-07T14:26:28.707620
LOAN_000448,CUST_002950,ACCT_00003912,BUSINESS,178330.66,5.4,C,45333.14,Executive seat other capital young thus coach.,DEFAULTED,2021-12-23T14:26:28.707837
LOAN_000449,CUST_002156,ACCT_00006846,PERSONAL,170026.54,8.88,A,652198.79,Bad break explain major name man song.,PAID_OFF,2026-04-22T14:26:28.708074
LOAN_000450,CUST_002329,ACCT_00001786,PERSONAL,259453.07,6.65,D,49277.27,Kitchen represent well activity week.,ACTIVE,2025-07-09T14:26:28.708296
LOAN_000451,CUST_000582,ACCT_00005963,PERSONAL,244184.19,4.83,A,451437.79,Throughout toward program others score safe effort animal.,PAID_OFF,2022-10-29T14:26:28.708513
LOAN_000452,CUST_001527,ACCT_00004410,AUTO,182683.32,3.83,B,480616.63,Five man radio fall.,ACTIVE,2026-05-26T14:26:28.708735
LOAN_000453,CUST_001397,ACCT_00006981,PERSONAL,329979.44,6.54,B,98914.25,Product son better amount politics board hair into.,DEFAULTED,2025-08-14T14:26:28.708957
LOAN_000454,CUST_002554,ACCT_00004080,HOME,410589.98,8.78,C,448334.08,Turn research two discuss management speech agency.,PAID_OFF,2021-11-19T14:26:28.709177
LOAN_000455,CUST_001389,ACCT_00003630,BUSINESS,31381.73,7.67,B,509296.84,Charge entire consumer audience.,ACTIVE,2024-03-16T14:26:28.709394
LOAN_000456,CUST_000736,ACCT_00000136,HOME,446485.86,4.44,A,35759.41,Newspaper out half party agree leave camera even.,ACTIVE,2024-08-02T14:26:28.709626
LOAN_000457,CUST_000611,ACCT_00004128,AUTO,403274.52,4.78,D,55083.23,Close assume anyone former few yourself.,PAID_OFF,2022-05-08T14:26:28.709845
LOAN_000458,CUST_000327,ACCT_00001989,AUTO,307484.53,7.58,C,84087.72,Audience could fire work sell.,PAID_OFF,2023-11-11T14:26:28.710062
LOAN_000459,CUST_000378,ACCT_00000459,PERSONAL,239570.92,5.75,A,501193.54,Tell act history spring.,ACTIVE,2026-04-22T14:26:28.710295
LOAN_000460,CUST_002252,ACCT_00002350,AUTO,280114.89,3.95,A,423542.76,Report organization look.,PAID_OFF,2025-04-10T14:26:28.710518
LOAN_000461,CUST_001158,ACCT_00001850,AUTO,11773.47,8.07,B,280437.55,Rule movement head these may suddenly remember law.,ACTIVE,2024-07-06T14:26:28.710737
LOAN_000462,CUST_002503,ACCT_00004362,BUSINESS,191674.66,4.64,B,621359.65,Strong who item art west grow turn.,DEFAULTED,2024-05-02T14:26:28.710958
LOAN_000463,CUST_001364,ACCT_00004695,HOME,411655.61,6.9,B,472777.27,Stock different where kind serve.,PAID_OFF,2024-07-01T14:26:28.711178
LOAN_000464,CUST_003399,ACCT_00000547,BUSINESS,154049.85,6.1,C,22106.66,Most some blood put here up.,ACTIVE,2025-11-20T14:26:28.711394
LOAN_000465,CUST_000262,ACCT_00006440,BUSINESS,351825.61,8.72,C,204516.51,Toward project employee.,PAID_OFF,2025-10-17T14:26:28.711611
LOAN_000466,CUST_000445,ACCT_00000695,HOME,388326.18,6.99,D,442011.82,Hospital they red item level way guy.,ACTIVE,2022-12-17T14:26:28.711827
LOAN_000467,CUST_000777,ACCT_00002416,HOME,67236.86,8.8,B,122720.44,Church suffer enjoy tonight strategy each deep stand.,DEFAULTED,2022-09-10T14:26:28.712043
LOAN_000468,CUST_000814,ACCT_00000826,AUTO,227676.84,7.46,D,649447.06,Again generation study town agreement traditional officer.,DEFAULTED,2025-05-07T14:26:28.712267
LOAN_000469,CUST_000993,ACCT_00004705,AUTO,75330.25,6.67,D,558220.4,Process left must heavy everyone article six four.,ACTIVE,2023-02-07T14:26:28.712494
LOAN_000470,CUST_001642,ACCT_00000647,HOME,281069.49,4.13,A,116582.28,Dark man above create.,DEFAULTED,2024-04-18T14:26:28.712721
LOAN_000471,CUST_001900,ACCT_00004191,HOME,9600.9,9.28,C,280359.08,Reflect wait plant likely note five will.,ACTIVE,2024-09-23T14:26:28.712945
LOAN_000472,CUST_002795,ACCT_00005563,PERSONAL,67525.61,8.87,D,477294.32,Mention fall send great central.,PAID_OFF,2024-09-12T14:26:28.713165
LOAN_000473,CUST_003041,ACCT_00005594,PERSONAL,90905.28,3.71,D,423166.82,Too stage where much article law.,ACTIVE,2021-10-10T14:26:28.713385
LOAN_000474,CUST_002636,ACCT_00003230,PERSONAL,459898.58,4.52,B,450290.1,Real start fund.,ACTIVE,2025-04-18T14:26:28.713608
LOAN_000475,CUST_001310,ACCT_00003452,HOME,179675.62,4.44,B,346435.91,One particular serious first research.,ACTIVE,2022-11-05T14:26:28.713832
LOAN_000476,CUST_001527,ACCT_00001159,HOME,74640.04,3.57,D,260336.21,Quickly note film black any.,DEFAULTED,2022-10-01T14:26:28.714052
LOAN_000477,CUST_000450,ACCT_00005020,HOME,336692.9,9.47,A,460083.17,Southern through north long information.,PAID_OFF,2022-09-02T14:26:28.714274
LOAN_000478,CUST_003105,ACCT_00004959,PERSONAL,106813.12,8.69,C,209533.28,Modern author measure these four surface.,ACTIVE,2024-12-26T14:26:28.714505
LOAN_000479,CUST_000256,ACCT_00003203,HOME,146230.18,6.03,D,618265.71,Business somebody sound visit.,PAID_OFF,2024-08-10T14:26:28.714745
LOAN_000480,CUST_002420,ACCT_00000912,BUSINESS,21272.69,5.51,D,481035.37,Prepare after affect education group environment hot two.,PAID_OFF,2024-06-09T14:26:28.714989
LOAN_000481,CUST_001831,ACCT_00004997,HOME,411789.88,9.43,D,351092.39,Professional kid and when.,DEFAULTED,2026-04-05T14:26:28.715221
LOAN_000482,CUST_002307,ACCT_00000886,BUSINESS,6074.42,4.18,A,71610.97,Both image month summer dog probably join.,DEFAULTED,2025-06-01T14:26:28.715437
LOAN_000483,CUST_000358,ACCT_00001525,HOME,345635.81,3.74,D,409500.35,Bed someone take special.,ACTIVE,2023-01-08T14:26:28.715654
LOAN_000484,CUST_002463,ACCT_00001544,BUSINESS,123327.05,5.55,C,577309.42,Around customer health cover up action student.,ACTIVE,2023-01-19T14:26:28.715874
LOAN_000485,CUST_000236,ACCT_00005292,AUTO,290322.9,7.73,A,126838.81,Meet around number around simply.,DEFAULTED,2024-08-21T14:26:28.716095
LOAN_000486,CUST_002310,ACCT_00003132,BUSINESS,346701.25,4.02,A,669525.39,Member wide new bar direction animal.,DEFAULTED,2024-02-11T14:26:28.716311
LOAN_000487,CUST_000829,ACCT_00001596,PERSONAL,365061.5,8.18,C,322715.18,Whatever certainly grow physical star wish.,ACTIVE,2026-01-30T14:26:28.716527
LOAN_000488,CUST_002967,ACCT_00001323,BUSINESS,294634.65,6.87,D,654465.96,All parent customer level.,ACTIVE,2022-06-15T14:26:28.716743
LOAN_000489,CUST_001093,ACCT_00000417,BUSINESS,101110.48,9.11,A,488760.85,Range air attention hit three church.,DEFAULTED,2023-06-20T14:26:28.716959
LOAN_000490,CUST_003498,ACCT_00005142,PERSONAL,55666.37,6.96,A,648082.59,City media while name better college along defense.,PAID_OFF,2022-08-07T14:26:28.717175
LOAN_000491,CUST_001643,ACCT_00006202,PERSONAL,242434.23,8.25,B,476091.68,System company a society my major.,PAID_OFF,2024-04-22T14:26:28.717391
LOAN_000492,CUST_000920,ACCT_00001588,BUSINESS,59314.6,7.31,B,308237.95,List one source half president.,ACTIVE,2023-12-12T14:26:28.717611
LOAN_000493,CUST_002254,ACCT_00001537,PERSONAL,123785.52,8.26,C,725325.22,Nothing including expect also.,DEFAULTED,2025-09-03T14:26:28.717829
LOAN_000494,CUST_001042,ACCT_00005256,BUSINESS,470936.68,6.31,C,481712.63,Role behavior send college either bill young together.,ACTIVE,2021-09-18T14:26:28.718046
LOAN_000495,CUST_002931,ACCT_00005241,PERSONAL,420252.64,8.98,B,181462.21,Through really drug share measure ball tree reality.,ACTIVE,2025-07-11T14:26:28.718263
LOAN_000496,CUST_002663,ACCT_00004810,PERSONAL,432360.88,7.6,C,327772.45,Back tough some population population form with.,PAID_OFF,2023-10-03T14:26:28.718481
LOAN_000497,CUST_002002,ACCT_00003194,AUTO,313916.37,5.58,C,147797.72,Way defense nearly rate scene before.,ACTIVE,2023-05-19T14:26:28.718698
LOAN_000498,CUST_002978,ACCT_00006454,HOME,408579.06,3.62,C,643229.99,Economic official agree line yeah.,ACTIVE,2023-02-16T14:26:28.718916
LOAN_000499,CUST_003005,ACCT_00004850,HOME,495843.63,8.29,C,273159.98,Experience take individual pattern attack identify peace.,PAID_OFF,2025-08-11T14:26:28.719134
LOAN_000500,CUST_000070,ACCT_00001904,PERSONAL,487193.33,7.97,D,280990.01,Ask call early.,ACTIVE,2026-05-15T14:26:28.719369
LOAN_000501,CUST_000188,ACCT_00005147,BUSINESS,385942.63,8.43,B,323373.22,First magazine specific.,ACTIVE,2022-03-15T14:26:28.719593
LOAN_000502,CUST_001262,ACCT_00005995,HOME,334599.54,5.44,B,332376.28,Election positive themselves nearly.,PAID_OFF,2024-04-10T14:26:28.719810
LOAN_000503,CUST_001042,ACCT_00004836,HOME,13423.92,5.25,A,345386.65,Deep who something various participant share hope.,PAID_OFF,2026-07-26T14:26:28.720028
LOAN_000504,CUST_001251,ACCT_00001270,AUTO,213928.26,6.25,D,674777.0,Lawyer sense Republican in.,PAID_OFF,2025-02-05T14:26:28.720245
LOAN_000505,CUST_000918,ACCT_00006086,AUTO,24016.6,3.99,B,151431.03,Get thousand respond per join nature worker someone.,ACTIVE,2024-06-01T14:26:28.720463
LOAN_000506,CUST_001189,ACCT_00005303,HOME,21134.31,3.87,D,193755.56,Central laugh local market participant leader several.,PAID_OFF,2024-03-27T14:26:28.720680
LOAN_000507,CUST_000219,ACCT_00006102,HOME,155048.1,5.77,C,131522.36,Pm prevent organization customer material travel.,DEFAULTED,2024-06-23T14:26:28.720897
LOAN_000508,CUST_000616,ACCT_00006818,PERSONAL,329523.98,7.98,D,318979.44,Cover worry design people lawyer fight.,ACTIVE,2026-05-10T14:26:28.721115
LOAN_000509,CUST_002716,ACCT_00005489,BUSINESS,422446.9,5.21,A,677880.93,Cause thousand security cover hundred already.,PAID_OFF,2025-11-27T14:26:28.721331
LOAN_000510,CUST_000755,ACCT_00005220,PERSONAL,362015.48,9.45,A,109779.93,Feel out smile wish nation weight interesting.,PAID_OFF,2025-10-24T14:26:28.721549
LOAN_000511,CUST_000286,ACCT_00004954,PERSONAL,164472.86,8.71,C,476898.14,Meet sort somebody decision meeting.,PAID_OFF,2024-07-11T14:26:28.721766
LOAN_000512,CUST_000029,ACCT_00002758,BUSINESS,476865.59,6.76,C,81618.36,Tax season soldier save.,ACTIVE,2026-08-07T14:26:28.721983
LOAN_000513,CUST_001963,ACCT_00005579,PERSONAL,20389.69,8.77,B,299640.37,Professional story adult step pretty head magazine.,ACTIVE,2026-07-01T14:26:28.722201
LOAN_000514,CUST_003302,ACCT_00002270,HOME,95303.97,8.92,B,396314.41,Commercial sell address way television public member.,DEFAULTED,2025-06-08T14:26:28.722418
LOAN_000515,CUST_002592,ACCT_00005901,BUSINESS,310947.05,7.96,D,409852.25,Pattern quickly church serve.,DEFAULTED,2024-08-14T14:26:28.722634
LOAN_000516,CUST_003421,ACCT_00004490,BUSINESS,499353.86,5.14,B,409448.6,Dream thousand paper herself physical.,DEFAULTED,2025-12-02T14:26:28.722852
LOAN_000517,CUST_002322,ACCT_00001667,AUTO,466323.18,5.76,D,701467.08,Very benefit whatever government.,DEFAULTED,2025-01-25T14:26:28.723070
LOAN_000518,CUST_001974,ACCT_00001317,AUTO,376021.86,5.77,D,137772.81,Stock offer food mind us.,ACTIVE,2022-09-13T14:26:28.723287
LOAN_000519,CUST_001506,ACCT_00000666,HOME,424353.42,3.78,A,426894.36,Reason education dog market training.,ACTIVE,2024-05-24T14:26:28.723504
LOAN_000520,CUST_001323,ACCT_00005394,PERSONAL,171592.81,9.43,B,654140.69,Character record goal buy bit hear Democrat.,PAID_OFF,2022-08-23T14:26:28.723721
LOAN_000521,CUST_002669,ACCT_00001982,HOME,188169.84,4.98,B,164367.81,Floor art race.,PAID_OFF,2025-07-12T14:26:28.723949
LOAN_000522,CUST_001225,ACCT_00000732,AUTO,30709.66,3.66,B,572356.62,At quality already they himself possible detail.,DEFAULTED,2022-01-16T14:26:28.724177
LOAN_000523,CUST_001133,ACCT_00002135,PERSONAL,144427.63,3.71,B,128872.76,Some already region her guy range.,DEFAULTED,2025-03-20T14:26:28.724398
LOAN_000524,CUST_003436,ACCT_00006659,AUTO,38441.0,9.07,B,286344.01,Program huge knowledge likely anyone idea effort.,DEFAULTED,2023-06-24T14:26:28.724618
LOAN_000525,CUST_000967,ACCT_00006229,AUTO,201091.87,5.75,D,698263.68,Democratic popular plant lose here happen everyone who.,DEFAULTED,2025-12-20T14:26:28.724842
LOAN_000526,CUST_002841,ACCT_00002448,PERSONAL,335844.15,6.99,D,388951.29,Occur party yes speech ask case test.,PAID_OFF,2022-07-31T14:26:28.725059
LOAN_000527,CUST_000256,ACCT_00002022,PERSONAL,73198.03,8.15,A,539150.33,Street across or cost imagine decision at national.,DEFAULTED,2025-10-29T14:26:28.725276
LOAN_000528,CUST_001141,ACCT_00004470,BUSINESS,54338.27,5.82,D,350768.61,Me about outside special agency.,DEFAULTED,2024-06-06T14:26:28.725492
LOAN_000529,CUST_002671,ACCT_00000465,AUTO,222824.35,8.28,A,281645.14,Among result bank simple marriage reduce laugh.,ACTIVE,2023-04-10T14:26:28.725709
LOAN_000530,CUST_000105,ACCT_00005954,BUSINESS,215363.26,7.73,D,543750.78,Republican quality be record ground.,PAID_OFF,2024-03-08T14:26:28.725925
LOAN_000531,CUST_001961,ACCT_00007036,BUSINESS,154470.61,6.8,A,304687.11,Lose know pick attack kid character between.,PAID_OFF,2026-02-05T14:26:28.726142
LOAN_000532,CUST_001652,ACCT_00002160,BUSINESS,122063.99,5.84,B,74002.73,Although television hear difference nothing.,ACTIVE,2023-11-27T14:26:28.726369
LOAN_000533,CUST_002508,ACCT_00001047,BUSINESS,302870.38,5.65,C,81623.68,Must special compare find little.,DEFAULTED,2023-11-15T14:26:28.726585
LOAN_000534,CUST_002425,ACCT_00000106,BUSINESS,54840.45,7.24,A,252179.62,Trade table within.,ACTIVE,2025-06-20T14:26:28.726802
LOAN_000535,CUST_002620,ACCT_00006514,AUTO,330290.12,8.38,A,227129.73,Job both lot city.,DEFAULTED,2025-02-08T14:26:28.727018
LOAN_000536,CUST_000843,ACCT_00004789,AUTO,10278.75,9.3,A,97554.64,Their money single out.,DEFAULTED,2023-12-11T14:26:28.727234
LOAN_000537,CUST_000963,ACCT_00001146,BUSINESS,214798.29,7.39,C,152726.93,Dark history reduce animal knowledge center.,PAID_OFF,2022-04-09T14:26:28.727451
LOAN_000538,CUST_000392,ACCT_00004940,HOME,402474.55,9.41,B,444694.48,Here thousand why economic government whom.,PAID_OFF,2024-04-20T14:26:28.727667
LOAN_000539,CUST_000782,ACCT_00001768,BUSINESS,43913.63,7.58,C,562655.23,Bar author name amount book.,ACTIVE,2025-09-18T14:26:28.727888
LOAN_000540,CUST_002567,ACCT_00004949,HOME,6925.54,4.82,C,290549.82,Happen seek wife north growth church.,PAID_OFF,2023-01-05T14:26:28.728106
LOAN_000541,CUST_001295,ACCT_00001504,PERSONAL,77722.5,5.1,B,145712.22,Doctor ready past alone sort.,DEFAULTED,2025-01-10T14:26:28.728323
LOAN_000542,CUST_002831,ACCT_00005749,AUTO,488143.56,6.6,C,667322.17,Western feel remember.,PAID_OFF,2025-06-05T14:26:28.728539
LOAN_000543,CUST_001972,ACCT_00006860,BUSINESS,497686.36,7.84,C,627315.66,Image meeting general least foot huge form.,PAID_OFF,2022-01-02T14:26:28.728755
LOAN_000544,CUST_002019,ACCT_00000299,AUTO,116929.34,4.02,A,393480.78,Worker argue learn spend easy.,PAID_OFF,2025-02-03T14:26:28.728971
LOAN_000545,CUST_002251,ACCT_00004201,PERSONAL,431920.53,6.6,B,473092.92,Some appear almost.,ACTIVE,2026-03-11T14:26:28.729188
LOAN_000546,CUST_000975,ACCT_00002879,AUTO,305408.4,5.39,C,270182.22,Happen rule rich late about laugh mother space.,DEFAULTED,2022-09-07T14:26:28.729405
LOAN_000547,CUST_002244,ACCT_00000815,PERSONAL,69593.42,5.78,C,169959.01,Task speak tree.,DEFAULTED,2026-07-30T14:26:28.729629
LOAN_000548,CUST_002852,ACCT_00000066,AUTO,267995.26,6.17,B,76892.03,Art trip type it exist leg.,PAID_OFF,2021-12-23T14:26:28.729847
LOAN_000549,CUST_003413,ACCT_00000818,AUTO,238925.23,8.69,D,521632.39,Service world official.,DEFAULTED,2026-07-27T14:26:28.730062
LOAN_000550,CUST_002628,ACCT_00002421,AUTO,287473.38,9.31,D,367972.66,Will should meet step financial short.,DEFAULTED,2022-10-13T14:26:28.730279
LOAN_000551,CUST_002931,ACCT_00000592,AUTO,442223.88,5.81,B,565573.02,Thousand order central administration fish computer people.,PAID_OFF,2026-04-15T14:26:28.730497
LOAN_000552,CUST_002046,ACCT_00004663,PERSONAL,347553.29,8.78,D,252062.57,Support near trade section seek improve.,ACTIVE,2022-08-18T14:26:28.730714
LOAN_000553,CUST_002900,ACCT_00002958,PERSONAL,191291.46,6.52,B,79391.89,Little thank spend team add stand country.,ACTIVE,2022-08-05T14:26:28.730930
LOAN_000554,CUST_001079,ACCT_00005823,HOME,351263.37,7.32,D,674385.67,Pass power performance war fire.,ACTIVE,2022-01-15T14:26:28.731147
LOAN_000555,CUST_003447,ACCT_00000153,PERSONAL,273329.65,3.93,A,73054.97,Small camera claim.,ACTIVE,2023-07-15T14:26:28.731364
LOAN_000556,CUST_000967,ACCT_00003976,BUSINESS,458790.02,9.07,B,606417.56,Magazine argue possible picture quickly cell approach.,DEFAULTED,2022-09-19T14:26:28.731582
LOAN_000557,CUST_002533,ACCT_00005436,AUTO,177812.63,6.32,A,740734.87,Guess loss authority several.,ACTIVE,2023-07-08T14:26:28.731799
LOAN_000558,CUST_000627,ACCT_00000519,BUSINESS,282935.51,4.74,C,447562.2,Project there fact enjoy chair order still.,PAID_OFF,2025-09-06T14:26:28.732024
LOAN_000559,CUST_000660,ACCT_00005535,BUSINESS,344258.8,3.7,C,542115.17,Interest skin appear myself meeting.,PAID_OFF,2025-08-07T14:26:28.732241
LOAN_000560,CUST_002513,ACCT_00004993,PERSONAL,339577.51,3.63,D,437422.07,Democratic commercial rate nearly.,DEFAULTED,2025-12-30T14:26:28.732457
LOAN_000561,CUST_000822,ACCT_00006511,PERSONAL,301018.49,6.09,B,461134.91,System whose west develop fast employee.,PAID_OFF,2021-12-30T14:26:28.732675
LOAN_000562,CUST_003050,ACCT_00002716,HOME,396220.85,4.77,A,555985.2,Big raise like late.,PAID_OFF,2025-10-17T14:26:28.732892
LOAN_000563,CUST_000207,ACCT_00000467,PERSONAL,6487.82,4.23,C,630235.11,Board catch reduce born seat.,DEFAULTED,2022-05-02T14:26:28.733109
LOAN_000564,CUST_000306,ACCT_00005411,BUSINESS,402364.56,9.43,C,465324.59,Discover try great get raise standard two author.,ACTIVE,2023-03-19T14:26:28.733326
LOAN_000565,CUST_002663,ACCT_00003121,BUSINESS,448564.36,8.59,A,219771.29,Task Mr general sign sit.,DEFAULTED,2025-09-25T14:26:28.733542
LOAN_000566,CUST_002583,ACCT_00002968,BUSINESS,497013.63,8.54,C,523453.82,Both manage dream also meet.,DEFAULTED,2022-11-24T14:26:28.733758
LOAN_000567,CUST_002350,ACCT_00002101,HOME,402250.25,3.76,D,337138.38,Others read skill those.,DEFAULTED,2021-10-10T14:26:28.733975
LOAN_000568,CUST_002211,ACCT_00000748,AUTO,377488.65,3.95,A,199486.33,Play statement page produce poor.,PAID_OFF,2024-09-13T14:26:28.734191
LOAN_000569,CUST_003108,ACCT_00001396,PERSONAL,453351.49,4.53,C,694019.67,Degree case do keep lot collection view.,ACTIVE,2022-06-17T14:26:28.734408
LOAN_000570,CUST_001359,ACCT_00006113,BUSINESS,30209.13,6.55,B,71375.18,Pull language decision.,ACTIVE,2025-07-30T14:26:28.734625
LOAN_000571,CUST_002413,ACCT_00003931,BUSINESS,95288.01,9.09,D,14316.48,Same institution pressure stage hold care.,DEFAULTED,2022-03-12T14:26:28.734841
LOAN_000572,CUST_000001,ACCT_00003407,BUSINESS,423425.12,7.27,A,124275.74,Building finally knowledge open level capital seek.,ACTIVE,2023-08-27T14:26:28.735057
LOAN_000573,CUST_000645,ACCT_00005302,AUTO,176175.88,9.39,C,553299.62,Training suddenly skill stage.,DEFAULTED,2025-07-20T14:26:28.735275
LOAN_000574,CUST_002270,ACCT_00006730,PERSONAL,428719.43,4.19,C,196817.83,Four laugh light to.,DEFAULTED,2024-02-06T14:26:28.735505
LOAN_000575,CUST_000836,ACCT_00005377,PERSONAL,174969.44,5.64,A,717180.21,Evidence nation perhaps he contain it.,DEFAULTED,2024-09-30T14:26:28.735722
LOAN_000576,CUST_001445,ACCT_00002341,BUSINESS,323939.76,8.63,D,689901.4,Information laugh suggest edge have safe population.,ACTIVE,2022-03-18T14:26:28.735939
LOAN_000577,CUST_000529,ACCT_00001196,HOME,91158.07,5.51,D,10308.08,Than need put.,ACTIVE,2024-03-27T14:26:28.736158
LOAN_000578,CUST_001415,ACCT_00006757,BUSINESS,150212.02,4.62,D,647000.67,Key commercial direction least bank anything bank during.,ACTIVE,2024-11-03T14:26:28.736377
LOAN_000579,CUST_002691,ACCT_00004375,BUSINESS,332390.43,7.11,C,300242.05,Religious marriage above huge what month certain.,PAID_OFF,2023-04-17T14:26:28.736594
LOAN_000580,CUST_001567,ACCT_00001036,HOME,20683.48,8.82,D,148802.67,South amount tend institution science turn husband.,PAID_OFF,2022-04-30T14:26:28.736810
LOAN_000581,CUST_000706,ACCT_00005384,AUTO,234539.34,5.8,D,115460.46,Establish order ability recently task per.,ACTIVE,2022-12-20T14:26:28.737027
LOAN_000582,CUST_000457,ACCT_00006913,BUSINESS,417003.51,7.88,B,283923.04,During kid toward military two either toward.,DEFAULTED,2025-10-01T14:26:28.737248
LOAN_000583,CUST_002774,ACCT_00005110,BUSINESS,393662.74,8.01,B,318169.42,Strategy stop particularly if grow.,ACTIVE,2024-02-10T14:26:28.737464
LOAN_000584,CUST_001223,ACCT_00000994,HOME,324613.69,9.41,B,650752.21,Not better movement response newspaper.,PAID_OFF,2026-07-20T14:26:28.737681
LOAN_000585,CUST_000755,ACCT_00000822,AUTO,269078.46,9.26,B,600529.02,Itself argue both scene risk yourself.,ACTIVE,2024-04-02T14:26:28.737898
LOAN_000586,CUST_002134,ACCT_00004523,PERSONAL,274293.13,3.93,C,49418.52,Election drive around look direction peace.,DEFAULTED,2023-06-07T14:26:28.738115
LOAN_000587,CUST_000622,ACCT_00006185,AUTO,247609.73,5.44,D,386032.18,Fast president rest service week.,PAID_OFF,2025-09-24T14:26:28.738331
LOAN_000588,CUST_003445,ACCT_00002889,HOME,379464.53,6.89,C,567502.51,Care size dream choose similar job.,DEFAULTED,2024-02-29T14:26:28.738549
LOAN_000589,CUST_003102,ACCT_00006075,AUTO,7712.24,4.1,C,644757.46,Happen pull hospital in song raise activity.,PAID_OFF,2022-10-02T14:26:28.738766
LOAN_000590,CUST_001983,ACCT_00002039,PERSONAL,461601.37,4.68,D,363193.22,Beautiful ok identify soon daughter.,PAID_OFF,2026-06-01T14:26:28.738983
LOAN_000591,CUST_001443,ACCT_00002051,AUTO,328672.28,5.92,B,83473.68,Herself way different season degree take.,PAID_OFF,2023-02-10T14:26:28.739202
LOAN_000592,CUST_001490,ACCT_00002351,BUSINESS,437619.85,8.98,A,448790.56,End past adult focus there soldier management.,PAID_OFF,2024-01-10T14:26:28.739418
LOAN_000593,CUST_000991,ACCT_00001443,PERSONAL,259865.08,4.27,C,465062.7,Training even view even.,ACTIVE,2022-11-27T14:26:28.739640
LOAN_000594,CUST_002462,ACCT_00003151,PERSONAL,262286.54,4.8,A,330174.01,Act wind tell.,DEFAULTED,2026-02-05T14:26:28.739866
LOAN_000595,CUST_003446,ACCT_00003997,BUSINESS,378799.74,4.49,A,255907.67,Leg dog field model method.,DEFAULTED,2025-11-05T14:26:28.740086
LOAN_000596,CUST_002458,ACCT_00005257,AUTO,469658.78,8.09,A,191372.53,Along artist image foot tonight where.,PAID_OFF,2024-09-15T14:26:28.740308
LOAN_000597,CUST_000055,ACCT_00002406,AUTO,496557.07,3.81,D,445953.87,Board message buy act.,PAID_OFF,2023-10-04T14:26:28.740526
LOAN_000598,CUST_001845,ACCT_00003254,AUTO,453653.08,4.13,B,588385.86,Seven perform game.,PAID_OFF,2022-08-15T14:26:28.740744
LOAN_000599,CUST_001636,ACCT_00003029,AUTO,102422.31,3.98,A,736278.91,Reality knowledge she.,ACTIVE,2021-12-31T14:26:28.740961
LOAN_000600,CUST_001019,ACCT_00001986,AUTO,6710.77,8.33,C,366147.86,Radio human yourself event.,DEFAULTED,2022-04-16T14:26:28.741177
LOAN_000601,CUST_002343,ACCT_00006615,AUTO,67502.82,3.91,C,368711.27,Sound race woman drug.,ACTIVE,2025-03-05T14:26:28.741393
LOAN_000602,CUST_003475,ACCT_00001244,HOME,295092.7,4.49,A,333119.6,Skin agent purpose game drive.,PAID_OFF,2024-07-04T14:26:28.741611
LOAN_000603,CUST_001315,ACCT_00005619,BUSINESS,247712.41,4.45,A,656099.69,Use friend unit.,PAID_OFF,2022-09-22T14:26:28.741827
LOAN_000604,CUST_001182,ACCT_00003910,AUTO,94276.89,6.42,B,192336.94,Carry consider fall house.,PAID_OFF,2026-03-25T14:26:28.742045
LOAN_000605,CUST_002354,ACCT_00004941,AUTO,326826.61,3.67,C,669982.47,My early letter friend.,DEFAULTED,2024-11-08T14:26:28.742261
LOAN_000606,CUST_000208,ACCT_00003829,HOME,110936.43,8.94,C,318584.08,Form thing challenge will trip record occur area.,ACTIVE,2023-11-29T14:26:28.742478
LOAN_000607,CUST_002886,ACCT_00005402,BUSINESS,458351.73,4.25,C,672149.42,Check act run.,ACTIVE,2022-10-30T14:26:28.742697
LOAN_000608,CUST_002534,ACCT_00006121,AUTO,120565.23,9.38,D,749471.73,Tree however day herself career.,PAID_OFF,2022-03-31T14:26:28.742914
LOAN_000609,CUST_002045,ACCT_00005136,AUTO,321229.73,4.69,D,587231.93,Step room often appear carry.,ACTIVE,2026-07-10T14:26:28.743132
LOAN_000610,CUST_003339,ACCT_00000719,BUSINESS,77237.73,7.18,A,653400.0,Save stand purpose season all.,DEFAULTED,2024-10-27T14:26:28.743349
LOAN_000611,CUST_000464,ACCT_00004729,BUSINESS,458702.96,7.91,C,480659.75,Home action store natural couple consider.,DEFAULTED,2026-03-22T14:26:28.743566
LOAN_000612,CUST_001801,ACCT_00000165,HOME,299396.48,8.91,C,501389.09,Week candidate you ahead PM doctor lot.,PAID_OFF,2024-01-19T14:26:28.743782
LOAN_000613,CUST_002282,ACCT_00002638,AUTO,242683.79,4.99,B,412006.58,Left style personal parent.,PAID_OFF,2025-09-10T14:26:28.744000
LOAN_000614,CUST_000078,ACCT_00004120,PERSONAL,37193.14,6.54,C,271260.62,Fund couple vote very.,DEFAULTED,2026-07-08T14:26:28.744216
LOAN_000615,CUST_003477,ACCT_00006060,BUSINESS,437266.24,9.25,C,719405.98,Stand director glass it fact save brother.,ACTIVE,2024-11-18T14:26:28.744433
LOAN_000616,CUST_000319,ACCT_00004897,PERSONAL,88310.23,4.0,B,459250.33,Happen southern by account each safe.,PAID_OFF,2025-12-10T14:26:28.744655
LOAN_000617,CUST_000135,ACCT_00006309,PERSONAL,439510.43,9.11,A,425549.31,View a doctor miss leave.,ACTIVE,2022-08-11T14:26:28.744873
LOAN_000618,CUST_002999,ACCT_00004543,PERSONAL,217646.99,5.65,B,722151.84,Standard again skill join outside west month.,ACTIVE,2023-07-27T14:26:28.745090
LOAN_000619,CUST_002376,ACCT_00001606,BUSINESS,386008.24,7.68,C,601605.73,Democrat who brother practice see grow score.,PAID_OFF,2023-03-12T14:26:28.745307
LOAN_000620,CUST_001726,ACCT_00002028,PERSONAL,237119.01,7.96,D,420911.39,Ask bill necessary Democrat.,PAID_OFF,2023-09-13T14:26:28.745523
LOAN_000621,CUST_002337,ACCT_00004116,AUTO,14410.24,4.64,D,348631.24,Region put themselves suffer fact.,ACTIVE,2022-10-07T14:26:28.745740
LOAN_000622,CUST_000319,ACCT_00006016,BUSINESS,200585.98,8.18,D,554998.7,Product too strategy sing current.,ACTIVE,2022-05-06T14:26:28.745956
LOAN_000623,CUST_002851,ACCT_00003416,PERSONAL,46998.08,6.14,C,33345.35,Which property and tend.,DEFAULTED,2022-08-16T14:26:28.746173
LOAN_000624,CUST_002447,ACCT_00005101,PERSONAL,370010.44,9.29,B,311487.51,Teach condition city rate try whether.,PAID_OFF,2026-01-04T14:26:28.746389
LOAN_000625,CUST_001246,ACCT_00005953,PERSONAL,222641.46,7.62,A,461553.0,Instead writer write significant less.,ACTIVE,2022-01-26T14:26:28.746606
LOAN_000626,CUST_001649,ACCT_00005547,BUSINESS,345149.85,7.2,A,14931.49,News cultural cup large.,PAID_OFF,2023-11-06T14:26:28.746821
LOAN_000627,CUST_003156,ACCT_00001288,PERSONAL,97263.25,4.34,A,121288.1,Every build choice deal.,DEFAULTED,2023-07-26T14:26:28.747039
LOAN_000628,CUST_002372,ACCT_00001915,BUSINESS,385329.19,6.92,A,261668.85,Local local production seem individual.,DEFAULTED,2023-09-01T14:26:28.747254
LOAN_000629,CUST_002248,ACCT_00004316,AUTO,187413.92,6.69,D,536715.65,Allow factor cost threat entire.,DEFAULTED,2026-06-15T14:26:28.747471
LOAN_000630,CUST_002857,ACCT_00003542,BUSINESS,210958.88,4.64,B,161970.88,Possible network beat light cause type many.,ACTIVE,2026-06-18T14:26:28.747687
LOAN_000631,CUST_003216,ACCT_00005545,BUSINESS,401179.41,5.59,C,581246.19,Early example face exactly else.,PAID_OFF,2026-04-18T14:26:28.747910
LOAN_000632,CUST_002599,ACCT_00004339,BUSINESS,399305.39,8.43,D,164491.39,Way treatment energy reach.,ACTIVE,2023-07-25T14:26:28.748129
LOAN_000633,CUST_002674,ACCT_00001878,HOME,219469.38,5.62,C,309630.66,Light affect single financial.,DEFAULTED,2022-05-23T14:26:28.748346
LOAN_000634,CUST_001590,ACCT_00005970,HOME,429487.79,3.63,A,249208.01,Keep eat able year either.,ACTIVE,2024-04-01T14:26:28.748562
LOAN_000635,CUST_003394,ACCT_00001849,PERSONAL,56556.06,3.7,B,265459.97,Little become film indicate than industry apply.,PAID_OFF,2022-04-27T14:26:28.748778
LOAN_000636,CUST_000987,ACCT_00004639,HOME,200249.68,4.23,B,165009.51,Financial thus gun information.,PAID_OFF,2025-12-13T14:26:28.748994
LOAN_000637,CUST_000633,ACCT_00005526,BUSINESS,17258.89,8.16,C,117934.39,Us somebody drop any one.,DEFAULTED,2023-02-04T14:26:28.749210
LOAN_000638,CUST_001336,ACCT_00001217,PERSONAL,64207.16,7.75,A,56123.24,Require write government who and reason.,DEFAULTED,2026-05-06T14:26:28.749426
LOAN_000639,CUST_002255,ACCT_00005334,PERSONAL,399975.19,4.55,D,690935.81,Summer west figure TV black offer mind wide.,ACTIVE,2025-07-10T14:26:28.749649
LOAN_000640,CUST_001412,ACCT_00002737,HOME,210281.16,9.3,D,49636.55,Recent himself capital give.,PAID_OFF,2024-02-13T14:26:28.749864
LOAN_000641,CUST_000073,ACCT_00005861,HOME,84324.75,7.78,B,697766.98,At north data base wait hear.,PAID_OFF,2024-04-22T14:26:28.750081
LOAN_000642,CUST_002547,ACCT_00002173,HOME,176242.58,7.64,B,502956.37,Quality manager be.,DEFAULTED,2026-04-03T14:26:28.750298
LOAN_000643,CUST_000337,ACCT_00005972,PERSONAL,61939.19,6.12,B,531533.46,Surface street quite hold PM.,DEFAULTED,2023-03-22T14:26:28.750515
LOAN_000644,CUST_001494,ACCT_00001357,PERSONAL,216869.79,8.72,D,390600.06,Coach new popular American.,PAID_OFF,2024-12-26T14:26:28.750731
LOAN_000645,CUST_002686,ACCT_00001290,AUTO,214429.67,6.25,B,105656.73,Research serious term picture Congress try last.,DEFAULTED,2024-06-25T14:26:28.750948
LOAN_000646,CUST_001773,ACCT_00000269,AUTO,201449.18,8.16,A,650792.28,Wish art safe for treatment.,ACTIVE,2023-10-10T14:26:28.751164
LOAN_000647,CUST_002160,ACCT_00002648,AUTO,288091.91,6.98,B,610879.02,Perhaps large daughter always personal than though.,ACTIVE,2023-04-06T14:26:28.751381
LOAN_000648,CUST_002070,ACCT_00002858,BUSINESS,194625.2,9.34,B,110859.87,Party gas mind figure.,PAID_OFF,2023-02-08T14:26:28.751596
LOAN_000649,CUST_000575,ACCT_00001978,BUSINESS,205674.29,5.58,C,619676.55,Military above month big police upon.,PAID_OFF,2023-03-11T14:26:28.751812
LOAN_000650,CUST_003311,ACCT_00006492,HOME,53753.73,4.25,D,231034.68,Group key arm page receive.,DEFAULTED,2023-11-13T14:26:28.752028
LOAN_000651,CUST_002885,ACCT_00000085,PERSONAL,332077.43,7.77,C,409376.61,Future almost sign evidence want.,ACTIVE,2024-10-06T14:26:28.752244
LOAN_000652,CUST_000428,ACCT_00002818,AUTO,354839.63,6.78,A,156177.91,Eat from player care kind.,DEFAULTED,2023-12-28T14:26:28.752460
LOAN_000653,CUST_000314,ACCT_00002595,AUTO,127546.05,5.99,A,157917.88,Understand blue enjoy foreign free reach black.,ACTIVE,2023-12-15T14:26:28.752676
LOAN_000654,CUST_000225,ACCT_00001702,AUTO,311671.93,8.87,A,524980.29,Although approach executive take maybe nature change.,DEFAULTED,2024-08-01T14:26:28.752893
LOAN_000655,CUST_003403,ACCT_00003351,AUTO,235488.17,9.34,B,174119.0,Couple magazine turn market education good.,ACTIVE,2022-08-18T14:26:28.753109
LOAN_000656,CUST_002241,ACCT_00001156,AUTO,333494.83,5.95,C,715161.25,Consider heart them program.,PAID_OFF,2025-08-13T14:26:28.753325
LOAN_000657,CUST_000711,ACCT_00001294,PERSONAL,51204.64,3.78,A,250893.57,Magazine teacher see.,ACTIVE,2026-05-26T14:26:28.753542
LOAN_000658,CUST_002643,ACCT_00004616,BUSINESS,456846.9,4.71,B,225578.71,Sister community foot check cover red.,ACTIVE,2022-05-14T14:26:28.753768
LOAN_000659,CUST_002482,ACCT_00004657,AUTO,292548.88,3.62,D,566603.75,Color include factor this process.,ACTIVE,2023-07-19T14:26:28.753984
LOAN_000660,CUST_003153,ACCT_00000711,PERSONAL,139737.75,5.55,D,144314.62,Door back feeling picture.,PAID_OFF,2024-06-23T14:26:28.754200
LOAN_000661,CUST_000729,ACCT_00006721,AUTO,332169.82,4.1,D,310386.41,Before forget court.,DEFAULTED,2026-03-18T14:26:28.754416
LOAN_000662,CUST_003473,ACCT_00003136,AUTO,138394.96,4.35,B,210434.36,Pretty leave season under rest election.,DEFAULTED,2021-09-30T14:26:28.754633
LOAN_000663,CUST_000929,ACCT_00000410,PERSONAL,498072.22,7.85,B,175708.62,Describe wind statement sport enough natural ready.,DEFAULTED,2023-08-08T14:26:28.754850
LOAN_000664,CUST_002650,ACCT_00004753,PERSONAL,347335.1,4.41,C,448890.08,Explain include specific note term million including parent.,DEFAULTED,2024-04-23T14:26:28.755066
LOAN_000665,CUST_000884,ACCT_00002913,AUTO,459303.26,4.0,C,667415.68,Author nature either team.,PAID_OFF,2022-10-12T14:26:28.755283
LOAN_000666,CUST_003419,ACCT_00003968,AUTO,323753.49,7.58,D,83573.31,Plant second officer card Mr power exist.,ACTIVE,2023-07-28T14:26:28.755498
LOAN_000667,CUST_001028,ACCT_00005338,PERSONAL,467587.68,5.02,B,477099.42,Particularly dream experience pick yet should.,DEFAULTED,2021-09-25T14:26:28.755716
LOAN_000668,CUST_001272,ACCT_00001236,BUSINESS,237340.04,6.87,A,174301.44,Mission building cost property.,DEFAULTED,2024-03-06T14:26:28.755939
LOAN_000669,CUST_003415,ACCT_00000120,BUSINESS,371777.24,8.4,D,29364.85,Around value deal really.,ACTIVE,2026-05-31T14:26:28.756155
LOAN_000670,CUST_002405,ACCT_00005845,PERSONAL,384710.12,5.37,A,208225.35,Serve small place hour never.,ACTIVE,2025-10-13T14:26:28.756371
LOAN_000671,CUST_001952,ACCT_00001447,PERSONAL,315658.43,7.76,B,18619.45,Take stay six effort still.,DEFAULTED,2024-10-16T14:26:28.756588
LOAN_000672,CUST_000008,ACCT_00000462,AUTO,361649.59,3.5,D,641926.11,According identify face economy hand would kitchen.,DEFAULTED,2024-12-31T14:26:28.756806
LOAN_000673,CUST_003351,ACCT_00002014,AUTO,295914.15,5.98,B,447551.54,Husband camera make behind throughout really message.,ACTIVE,2022-11-12T14:26:28.757023
LOAN_000674,CUST_001654,ACCT_00000671,HOME,47388.67,5.5,A,357948.14,While stage sense strategy attack show economic.,PAID_OFF,2022-06-19T14:26:28.757239
LOAN_000675,CUST_002859,ACCT_00004144,PERSONAL,91918.72,6.69,C,587093.28,Husband be western free.,PAID_OFF,2026-08-04T14:26:28.757455
LOAN_000676,CUST_000054,ACCT_00002835,PERSONAL,233625.97,4.6,A,707586.43,Throw foreign keep she pass assume such.,ACTIVE,2022-09-07T14:26:28.757671
LOAN_000677,CUST_003370,ACCT_00002107,BUSINESS,90387.36,8.91,C,719692.19,Billion school market rule.,PAID_OFF,2024-07-09T14:26:28.757887
LOAN_000678,CUST_001935,ACCT_00002251,PERSONAL,249970.88,8.02,D,166773.72,May thank money sense.,PAID_OFF,2024-04-11T14:26:28.758102
LOAN_000679,CUST_000108,ACCT_00003504,HOME,404717.11,5.63,D,147902.69,Care once bag ask rest culture environmental happen.,PAID_OFF,2025-03-09T14:26:28.758319
LOAN_000680,CUST_002816,ACCT_00001573,BUSINESS,275641.22,4.35,B,196670.75,Program individual light animal father situation hour.,PAID_OFF,2022-12-10T14:26:28.758535
LOAN_000681,CUST_002901,ACCT_00006432,AUTO,18206.31,4.77,B,414081.98,Into quickly use trial quite statement occur community.,ACTIVE,2022-02-13T14:26:28.758751
LOAN_000682,CUST_001094,ACCT_00001143,HOME,137934.65,8.0,A,19073.21,See again office building son risk daughter.,ACTIVE,2025-12-18T14:26:28.758968
LOAN_000683,CUST_000937,ACCT_00000253,BUSINESS,414744.7,5.21,C,463004.06,Direction today certain consumer.,DEFAULTED,2026-01-12T14:26:28.759184
LOAN_000684,CUST_002140,ACCT_00004833,AUTO,119311.65,3.54,B,599870.87,Through trip student.,ACTIVE,2026-04-19T14:26:28.759399
LOAN_000685,CUST_000168,ACCT_00000120,AUTO,5771.87,9.29,D,732052.41,Today control imagine raise camera Mr.,ACTIVE,2022-12-07T14:26:28.759619
LOAN_000686,CUST_001761,ACCT_00006215,AUTO,306944.32,4.83,B,364980.35,Open across long buy wide.,ACTIVE,2025-08-27T14:26:28.759835
LOAN_000687,CUST_000238,ACCT_00000824,PERSONAL,263520.37,5.13,B,642528.03,Staff a technology individual scene today see.,DEFAULTED,2024-06-10T14:26:28.760051
LOAN_000688,CUST_001993,ACCT_00006731,AUTO,71771.46,3.62,B,652644.83,Environmental figure follow itself forget include.,PAID_OFF,2023-01-25T14:26:28.760268
LOAN_000689,CUST_003499,ACCT_00002555,HOME,197466.23,8.27,D,604940.8,Model site hotel little increase.,ACTIVE,2025-05-27T14:26:28.760485
LOAN_000690,CUST_003473,ACCT_00004364,AUTO,254681.35,6.98,C,675647.93,Public maintain southern would.,ACTIVE,2026-07-27T14:26:28.760700
LOAN_000691,CUST_001556,ACCT_00004381,HOME,209616.0,5.87,A,15827.66,Sure remain let special perhaps through.,ACTIVE,2025-08-27T14:26:28.760916
LOAN_000692,CUST_001902,ACCT_00002347,BUSINESS,175498.99,7.85,C,292268.93,Both suddenly politics bank little country.,ACTIVE,2023-09-11T14:26:28.761132
LOAN_000693,CUST_000433,ACCT_00000596,PERSONAL,232529.5,6.43,B,556303.27,Weight finally north hotel war Mrs.,DEFAULTED,2022-07-10T14:26:28.761349
LOAN_000694,CUST_000195,ACCT_00002173,HOME,192971.43,8.18,A,67692.81,Whole theory second fine.,PAID_OFF,2022-05-11T14:26:28.761565
LOAN_000695,CUST_002620,ACCT_00005015,HOME,295455.6,4.27,C,100724.56,Fund cover guy he attorney recognize spring scene.,DEFAULTED,2023-06-13T14:26:28.761781
LOAN_000696,CUST_000073,ACCT_00000165,HOME,300061.75,7.03,B,333668.35,Building figure impact those.,DEFAULTED,2022-11-19T14:26:28.761998
LOAN_000697,CUST_000347,ACCT_00004052,PERSONAL,224995.26,4.9,C,333352.02,Themselves you art happy building brother.,DEFAULTED,2025-05-12T14:26:28.762215
LOAN_000698,CUST_002703,ACCT_00004881,BUSINESS,172403.22,7.22,A,668490.51,Our star relate trial yeah recently half live.,PAID_OFF,2022-05-05T14:26:28.762430
LOAN_000699,CUST_000930,ACCT_00002353,BUSINESS,190203.4,9.3,D,254025.58,Run land detail usually best.,PAID_OFF,2026-05-21T14:26:28.762648
LOAN_000700,CUST_001131,ACCT_00005811,AUTO,362399.07,6.75,A,79512.54,Full modern hospital wish light attack.,ACTIVE,2023-12-15T14:26:28.762865
LOAN_000701,CUST_000233,ACCT_00000044,PERSONAL,277916.84,4.3,C,220144.87,One early I easy.,DEFAULTED,2025-02-14T14:26:28.763081
LOAN_000702,CUST_000814,ACCT_00003214,PERSONAL,410149.09,7.79,B,743622.72,Maintain kid space when computer expect.,PAID_OFF,2022-04-22T14:26:28.763297
LOAN_000703,CUST_001437,ACCT_00006106,PERSONAL,232230.17,3.85,C,402436.81,Coach list machine spring.,ACTIVE,2023-03-28T14:26:28.763513
LOAN_000704,CUST_000489,ACCT_00003301,BUSINESS,59943.87,6.7,B,27891.03,Specific scientist stage top effort painting star.,DEFAULTED,2021-11-09T14:26:28.763730
LOAN_000705,CUST_000166,ACCT_00002463,AUTO,51559.77,7.14,A,559231.5,Music international through alone.,DEFAULTED,2024-11-09T14:26:28.763951
LOAN_000706,CUST_002734,ACCT_00001175,BUSINESS,469946.69,4.76,A,577257.01,Game light you full concern couple style Mrs.,DEFAULTED,2025-10-28T14:26:28.764169
LOAN_000707,CUST_002543,ACCT_00001552,AUTO,493135.17,8.97,D,650515.47,Tonight risk away million fight smile beyond determine.,DEFAULTED,2025-12-30T14:26:28.764386
LOAN_000708,CUST_001613,ACCT_00002598,AUTO,345151.79,8.78,B,475225.86,State than a main born protect material.,PAID_OFF,2024-01-29T14:26:28.764603
LOAN_000709,CUST_001287,ACCT_00003549,PERSONAL,183314.7,8.17,C,432408.63,Buy cost social power child nor sometimes.,PAID_OFF,2022-08-22T14:26:28.764821
LOAN_000710,CUST_001234,ACCT_00000345,PERSONAL,420375.68,5.05,A,234248.05,Business nature heavy media short thank east.,DEFAULTED,2022-03-09T14:26:28.765038
LOAN_000711,CUST_000914,ACCT_00005541,HOME,16598.72,4.78,D,338080.56,Act sea sea for population option.,PAID_OFF,2025-04-22T14:26:28.765255
LOAN_000712,CUST_001544,ACCT_00001525,BUSINESS,459620.42,4.01,A,331021.72,Per form possible opportunity shake military everybody.,ACTIVE,2024-09-26T14:26:28.765472
LOAN_000713,CUST_000268,ACCT_00006790,PERSONAL,67401.33,5.39,B,524604.01,Significant admit discussion financial without fight.,ACTIVE,2024-06-27T14:26:28.765690
LOAN_000714,CUST_000016,ACCT_00003552,BUSINESS,383532.25,7.97,B,363927.57,Tell matter site how.,PAID_OFF,2024-03-13T14:26:28.765906
LOAN_000715,CUST_002577,ACCT_00000219,PERSONAL,344546.37,5.84,C,116885.45,Customer early most campaign blood.,PAID_OFF,2022-02-25T14:26:28.766122
LOAN_000716,CUST_002148,ACCT_00003716,AUTO,458829.22,7.4,C,628333.48,Whole whom wrong piece lawyer adult off financial.,ACTIVE,2024-10-26T14:26:28.766339
LOAN_000717,CUST_000045,ACCT_00004826,HOME,240608.85,8.27,B,41653.92,Impact society energy approach form look above.,ACTIVE,2024-11-01T14:26:28.766556
LOAN_000718,CUST_001920,ACCT_00000247,PERSONAL,313254.59,8.04,C,714992.05,Run plan yes turn international be.,DEFAULTED,2022-08-16T14:26:28.766773
LOAN_000719,CUST_000081,ACCT_00004026,HOME,444533.63,7.75,C,624891.93,Their behind likely night.,DEFAULTED,2024-03-25T14:26:28.766988
LOAN_000720,CUST_003013,ACCT_00000754,HOME,288537.1,8.48,C,522957.53,Respond reality player admit spend prove theory.,PAID_OFF,2026-01-24T14:26:28.767205
LOAN_000721,CUST_002888,ACCT_00001151,AUTO,414580.01,7.14,B,63925.12,Return adult may attention card.,DEFAULTED,2023-07-17T14:26:28.767421
LOAN_000722,CUST_002943,ACCT_00000292,PERSONAL,259547.3,5.5,C,286914.57,Recognize system through.,PAID_OFF,2023-12-24T14:26:28.767638
LOAN_000723,CUST_002891,ACCT_00005782,PERSONAL,182460.1,8.64,B,199328.7,Hundred expect how front there.,DEFAULTED,2024-03-16T14:26:28.767853
LOAN_000724,CUST_001593,ACCT_00002686,HOME,66329.52,5.55,D,208137.55,Lawyer physical yard work issue find.,PAID_OFF,2023-03-06T14:26:28.768069
LOAN_000725,CUST_003203,ACCT_00001252,PERSONAL,50837.57,6.86,C,213425.55,Event ahead myself ability term production father.,DEFAULTED,2021-12-06T14:26:28.768286
LOAN_000726,CUST_002941,ACCT_00004034,PERSONAL,352833.35,6.85,D,116920.72,Detail detail wife throw wish.,PAID_OFF,2022-06-11T14:26:28.768501
LOAN_000727,CUST_002434,ACCT_00001562,AUTO,137221.22,6.95,A,86834.79,Stage wish plant fine research table.,DEFAULTED,2023-09-26T14:26:28.768718
LOAN_000728,CUST_002150,ACCT_00002473,AUTO,52216.74,6.92,D,138785.06,Subject industry low TV still here.,PAID_OFF,2022-01-03T14:26:28.768934
LOAN_000729,CUST_000265,ACCT_00000238,BUSINESS,310412.21,8.93,B,196828.52,Above out common feel really it.,PAID_OFF,2023-10-23T14:26:28.769152
LOAN_000730,CUST_002005,ACCT_00000863,AUTO,184878.87,7.19,B,16932.39,Usually onto adult mean collection environment lay vote.,PAID_OFF,2021-11-21T14:26:28.769369
LOAN_000731,CUST_001054,ACCT_00001176,HOME,109950.18,9.42,B,463017.98,Write know spring wish heart night.,PAID_OFF,2024-01-05T14:26:28.769601
LOAN_000732,CUST_000425,ACCT_00003236,PERSONAL,191726.5,3.87,D,565351.43,Republican imagine coach customer view admit cultural.,PAID_OFF,2025-04-25T14:26:28.769819
LOAN_000733,CUST_001127,ACCT_00003538,BUSINESS,150624.67,5.81,B,398319.29,Glass research team attention.,PAID_OFF,2024-04-14T14:26:28.770036
LOAN_000734,CUST_000218,ACCT_00005758,HOME,177983.84,6.13,D,308898.49,His them avoid appear attack.,DEFAULTED,2022-01-02T14:26:28.770253
LOAN_000735,CUST_002614,ACCT_00005358,PERSONAL,454397.41,9.07,C,134395.76,Structure vote rather let police letter foot.,PAID_OFF,2024-12-11T14:26:28.770470
LOAN_000736,CUST_002265,ACCT_00001856,AUTO,277869.39,3.95,B,468628.98,Prevent although return power relate.,PAID_OFF,2022-05-25T14:26:28.770687
LOAN_000737,CUST_000517,ACCT_00002979,HOME,173975.03,5.25,A,547830.25,Them resource per field.,ACTIVE,2023-01-07T14:26:28.770904
LOAN_000738,CUST_002764,ACCT_00002859,HOME,418293.26,6.43,D,236464.52,This pretty report stay.,ACTIVE,2025-12-26T14:26:28.771120
LOAN_000739,CUST_002239,ACCT_00001657,AUTO,339225.46,7.53,C,32866.2,Simple institution town hold after hand audience.,DEFAULTED,2024-12-12T14:26:28.771337
LOAN_000740,CUST_001271,ACCT_00002575,AUTO,50702.14,7.49,D,327214.14,Reveal candidate present woman even card.,DEFAULTED,2026-01-01T14:26:28.771555
LOAN_000741,CUST_002314,ACCT_00000740,BUSINESS,188948.5,5.35,D,291337.43,Of when become religious responsibility gas usually.,DEFAULTED,2021-11-14T14:26:28.771771
LOAN_000742,CUST_001991,ACCT_00003003,BUSINESS,234472.27,4.3,C,189279.97,Executive technology less establish.,DEFAULTED,2022-07-22T14:26:28.771989
LOAN_000743,CUST_002952,ACCT_00003816,HOME,468374.56,8.15,A,428800.5,Strong bag he glass girl.,DEFAULTED,2022-01-09T14:26:28.772209
LOAN_000744,CUST_000336,ACCT_00003300,PERSONAL,7722.21,4.82,C,441261.79,Next some management important business from.,PAID_OFF,2023-07-11T14:26:28.772427
LOAN_000745,CUST_000675,ACCT_00005738,AUTO,202347.35,8.93,C,87455.82,Rate rock prepare bar treat explain.,PAID_OFF,2022-01-05T14:26:28.772644
LOAN_000746,CUST_001783,ACCT_00005402,BUSINESS,283684.79,4.34,D,321152.67,Knowledge goal five society yes cell able evidence.,ACTIVE,2024-02-01T14:26:28.772860
LOAN_000747,CUST_001175,ACCT_00001194,AUTO,53173.48,3.67,D,114328.04,Still born knowledge able everyone.,DEFAULTED,2025-11-15T14:26:28.773078
LOAN_000748,CUST_002602,ACCT_00004411,AUTO,209770.41,9.12,D,553735.24,Soon run truth animal yard fight.,DEFAULTED,2021-12-16T14:26:28.773294
LOAN_000749,CUST_003021,ACCT_00004711,HOME,317347.37,9.07,A,688917.32,Article doctor dog pay.,PAID_OFF,2023-04-18T14:26:28.773510
LOAN_000750,CUST_002573,ACCT_00003215,BUSINESS,441680.96,7.04,D,134447.41,Power share morning family idea house fill pull.,ACTIVE,2025-11-14T14:26:28.773727
LOAN_000751,CUST_002717,ACCT_00006927,PERSONAL,319864.09,7.08,B,447315.34,Someone fast treat sport source main.,DEFAULTED,2022-02-13T14:26:28.773943
LOAN_000752,CUST_001939,ACCT_00005624,BUSINESS,178794.27,7.85,C,735340.2,Feeling crime contain star cup study.,DEFAULTED,2026-04-17T14:26:28.774160
LOAN_000753,CUST_002878,ACCT_00004152,BUSINESS,362222.47,7.82,B,315417.41,Community term memory.,DEFAULTED,2025-02-27T14:26:28.774378
LOAN_000754,CUST_000758,ACCT_00003562,AUTO,296687.01,8.72,B,584007.63,Big area sign.,DEFAULTED,2023-02-28T14:26:28.774595
LOAN_000755,CUST_003014,ACCT_00000276,BUSINESS,258522.06,5.06,C,419455.38,Because become site poor.,ACTIVE,2025-03-30T14:26:28.774811
LOAN_000756,CUST_001579,ACCT_00004484,HOME,390137.03,4.56,A,551352.34,Light four job of.,DEFAULTED,2026-05-28T14:26:28.775028
LOAN_000757,CUST_002047,ACCT_00006931,AUTO,320728.38,5.54,D,170446.19,Front step century side artist.,DEFAULTED,2024-07-29T14:26:28.775245
LOAN_000758,CUST_002621,ACCT_00005047,PERSONAL,371189.15,7.86,A,592623.17,Window into treat fight much hot along.,ACTIVE,2024-03-20T14:26:28.775462
LOAN_000759,CUST_002580,ACCT_00002241,AUTO,61415.81,4.93,A,356186.88,New whose employee off.,DEFAULTED,2023-01-01T14:26:28.775678
LOAN_000760,CUST_003421,ACCT_00003575,PERSONAL,6102.7,4.89,B,556014.29,Right field TV speech break suddenly present.,DEFAULTED,2025-03-16T14:26:28.775895
LOAN_000761,CUST_001084,ACCT_00002238,HOME,354511.59,8.98,A,533562.4,Team act sister her several lawyer.,ACTIVE,2024-05-20T14:26:28.776113
LOAN_000762,CUST_001718,ACCT_00006922,AUTO,376969.77,7.37,B,374455.97,Theory perform add those know.,ACTIVE,2025-04-10T14:26:28.776333
LOAN_000763,CUST_000769,ACCT_00000645,PERSONAL,317374.17,6.71,B,33675.02,Partner listen stay marriage.,DEFAULTED,2023-02-09T14:26:28.776550
LOAN_000764,CUST_002921,ACCT_00006201,AUTO,322492.53,4.58,B,411227.1,Keep option may back nice.,DEFAULTED,2024-09-18T14:26:28.776767
LOAN_000765,CUST_002025,ACCT_00004817,HOME,35572.4,8.22,B,650912.22,Set pull toward class.,PAID_OFF,2026-04-08T14:26:28.776983
LOAN_000766,CUST_002264,ACCT_00001963,PERSONAL,301264.22,6.83,B,706900.6,Someone should human scientist capital recent.,DEFAULTED,2024-05-31T14:26:28.777200
LOAN_000767,CUST_001797,ACCT_00002271,HOME,299674.29,4.44,C,447821.57,Crime myself environment science.,ACTIVE,2022-03-04T14:26:28.777417
LOAN_000768,CUST_000368,ACCT_00005324,BUSINESS,249599.09,8.24,A,636398.83,Instead source nothing under its across production.,DEFAULTED,2022-10-04T14:26:28.777634
LOAN_000769,CUST_001096,ACCT_00004859,HOME,68644.42,7.58,A,204158.26,Movie sister performance.,DEFAULTED,2022-06-06T14:26:28.777851
LOAN_000770,CUST_001011,ACCT_00005213,BUSINESS,446566.4,8.6,B,89938.88,Receive require visit whatever exist any ask particularly.,PAID_OFF,2023-11-11T14:26:28.778069
LOAN_000771,CUST_001245,ACCT_00000676,PERSONAL,357287.83,6.65,C,518460.09,Spring great movement over catch produce return.,PAID_OFF,2026-01-01T14:26:28.778288
LOAN_000772,CUST_002547,ACCT_00005470,PERSONAL,357348.35,8.14,B,444838.68,Little way weight down positive safe.,ACTIVE,2022-12-29T14:26:28.778505
LOAN_000773,CUST_001287,ACCT_00006637,PERSONAL,158333.94,3.88,A,164740.31,Hit pass cup leader top here.,PAID_OFF,2024-10-13T14:26:28.778721
LOAN_000774,CUST_001841,ACCT_00006568,BUSINESS,108072.98,8.35,A,708080.26,Meet yeah military become but performance.,PAID_OFF,2023-01-22T14:26:28.778939
LOAN_000775,CUST_000809,ACCT_00006408,AUTO,305699.29,5.03,A,646640.13,According spring study yeah what reveal.,DEFAULTED,2023-05-28T14:26:28.779156
LOAN_000776,CUST_000958,ACCT_00005222,BUSINESS,423603.01,7.8,B,424385.9,Successful somebody successful task.,ACTIVE,2022-01-24T14:26:28.779372
LOAN_000777,CUST_000639,ACCT_00004697,AUTO,95489.51,5.65,C,442236.28,Past kitchen every record.,DEFAULTED,2021-12-15T14:26:28.779591
LOAN_000778,CUST_002498,ACCT_00003702,AUTO,326272.44,8.21,D,635801.13,Visit table key former enter right prevent.,PAID_OFF,2026-07-03T14:26:28.779812
LOAN_000779,CUST_000057,ACCT_00001349,PERSONAL,75670.59,7.87,B,210132.88,Security specific heavy report might.,ACTIVE,2024-06-06T14:26:28.780029
LOAN_000780,CUST_000094,ACCT_00003668,HOME,40436.74,8.98,B,610323.69,Market accept draw take guy another.,ACTIVE,2022-03-16T14:26:28.780247
LOAN_000781,CUST_000855,ACCT_00006058,HOME,128750.0,4.27,D,434964.98,Black there indeed build option seat moment push.,DEFAULTED,2024-08-30T14:26:28.780464
LOAN_000782,CUST_000422,ACCT_00001873,PERSONAL,25194.41,4.95,A,144870.48,Individual between chair technology green decide take.,DEFAULTED,2024-08-26T14:26:28.780681
LOAN_000783,CUST_002091,ACCT_00001606,HOME,273409.53,6.74,A,748210.45,Good force cup product enter cultural property.,DEFAULTED,2024-04-29T14:26:28.780897
LOAN_000784,CUST_003368,ACCT_00006131,AUTO,490668.97,5.87,A,351628.98,Air themselves first base there edge.,ACTIVE,2025-02-04T14:26:28.781114
LOAN_000785,CUST_001948,ACCT_00005657,BUSINESS,88285.51,7.51,D,340616.6,Wife note pass respond field term even choice.,PAID_OFF,2024-03-07T14:26:28.781332
LOAN_000786,CUST_000171,ACCT_00004872,AUTO,263782.62,4.74,B,18160.62,Road but hotel hour majority movie national.,PAID_OFF,2023-03-07T14:26:28.781549
LOAN_000787,CUST_002143,ACCT_00001936,PERSONAL,8432.82,3.8,C,230887.9,Trial arm drive.,ACTIVE,2023-12-26T14:26:28.781765
LOAN_000788,CUST_002071,ACCT_00006896,BUSINESS,417080.56,6.05,B,540129.91,Material building despite red action piece.,DEFAULTED,2023-03-16T14:26:28.781982
LOAN_000789,CUST_000510,ACCT_00006093,PERSONAL,458241.37,7.84,C,518715.66,Say sit instead spend.,DEFAULTED,2022-01-26T14:26:28.782199
LOAN_000790,CUST_000979,ACCT_00002401,AUTO,324169.77,5.55,A,360865.9,Anyone record past red.,DEFAULTED,2022-09-17T14:26:28.782415
LOAN_000791,CUST_003369,ACCT_00000453,BUSINESS,219683.69,8.91,B,425228.2,Baby option hospital real character available along.,ACTIVE,2023-06-07T14:26:28.782633
LOAN_000792,CUST_001179,ACCT_00005350,HOME,118711.09,6.65,B,655748.56,Visit system foot this.,PAID_OFF,2022-03-26T14:26:28.782849
LOAN_000793,CUST_003346,ACCT_00004743,AUTO,271727.55,6.98,D,491278.35,Around fill article community inside least evening.,ACTIVE,2021-12-10T14:26:28.783067
LOAN_000794,CUST_002796,ACCT_00005692,HOME,240433.84,5.63,B,626487.01,Much with debate throughout.,DEFAULTED,2024-04-17T14:26:28.783283
LOAN_000795,CUST_001501,ACCT_00005585,HOME,481514.62,9.13,B,359217.24,South enough hold concern cut air.,PAID_OFF,2024-11-27T14:26:28.783500
LOAN_000796,CUST_002030,ACCT_00000553,AUTO,19506.17,3.61,C,277316.6,Start there result peace argue include.,DEFAULTED,2023-06-11T14:26:28.783716
LOAN_000797,CUST_001209,ACCT_00003808,HOME,100363.0,4.18,A,339070.43,Detail figure popular staff.,DEFAULTED,2021-12-20T14:26:28.783932
LOAN_000798,CUST_002635,ACCT_00000879,BUSINESS,83833.04,4.87,B,347359.3,She nice just allow.,ACTIVE,2022-01-18T14:26:28.784150
LOAN_000799,CUST_000437,ACCT_00002837,BUSINESS,473543.54,4.17,D,501499.73,Actually memory unit pay every heart.,DEFAULTED,2024-07-14T14:26:28.784367
LOAN_000800,CUST_001290,ACCT_00001058,HOME,228873.11,4.64,A,588924.6,Good produce whom training maybe second.,ACTIVE,2026-07-20T14:26:28.784584
LOAN_000801,CUST_002624,ACCT_00001947,BUSINESS,464217.01,7.12,C,166665.41,Common media phone work full sit choose.,PAID_OFF,2021-12-08T14:26:28.784802
LOAN_000802,CUST_001737,ACCT_00005393,AUTO,254222.94,6.67,C,170904.52,Which and couple stay.,DEFAULTED,2024-03-07T14:26:28.785019
LOAN_000803,CUST_001865,ACCT_00003724,AUTO,273843.03,4.13,A,676226.11,Cold month everybody spend talk central reveal.,DEFAULTED,2021-09-23T14:26:28.785235
LOAN_000804,CUST_001839,ACCT_00006886,HOME,42020.67,4.23,C,591266.3,Drop past floor language.,ACTIVE,2023-06-29T14:26:28.785451
LOAN_000805,CUST_002104,ACCT_00001080,HOME,107214.08,8.36,D,81685.25,Idea girl must.,PAID_OFF,2022-09-22T14:26:28.785669
LOAN_000806,CUST_003480,ACCT_00005541,HOME,497818.42,5.83,D,329265.3,May anything among large require.,DEFAULTED,2022-02-02T14:26:28.785885
LOAN_000807,CUST_001698,ACCT_00001453,AUTO,91446.14,3.53,B,354130.57,Oil real watch perhaps right see.,DEFAULTED,2024-03-18T14:26:28.786103
LOAN_000808,CUST_001965,ACCT_00004860,AUTO,412712.59,6.99,B,684914.04,Respond behind season Democrat short.,ACTIVE,2025-01-01T14:26:28.786320
LOAN_000809,CUST_000795,ACCT_00005668,HOME,287514.1,7.17,C,460765.0,Short others natural great could.,DEFAULTED,2022-11-01T14:26:28.786537
LOAN_000810,CUST_001713,ACCT_00004530,PERSONAL,193913.37,6.37,C,478545.27,Parent with difference yeah consider fine artist.,ACTIVE,2023-06-26T14:26:28.786754
LOAN_000811,CUST_001667,ACCT_00002131,BUSINESS,470678.33,6.41,C,35881.5,Strong bring trade throw tough although economic.,DEFAULTED,2024-11-23T14:26:28.786971
LOAN_000812,CUST_002189,ACCT_00001028,PERSONAL,24396.81,6.75,A,656005.89,Site system member full once room his.,DEFAULTED,2024-03-06T14:26:28.787187
LOAN_000813,CUST_002506,ACCT_00000937,PERSONAL,386027.61,5.76,D,215925.46,Next build attack agency tax stuff campaign.,DEFAULTED,2023-11-08T14:26:28.787405
LOAN_000814,CUST_000449,ACCT_00001278,AUTO,279659.35,4.15,D,554377.83,Happy under language institution just environmental season full.,ACTIVE,2024-06-30T14:26:28.787622
LOAN_000815,CUST_002816,ACCT_00001106,BUSINESS,288856.09,6.59,D,469890.81,Card or themselves while simply chance.,DEFAULTED,2024-04-04T14:26:28.787843
LOAN_000816,CUST_001036,ACCT_00000429,PERSONAL,180347.33,7.7,B,18834.51,Card throughout song left raise.,ACTIVE,2024-04-14T14:26:28.788061
LOAN_000817,CUST_002466,ACCT_00001526,BUSINESS,383157.53,6.79,A,466887.25,Century news quality half detail father see.,PAID_OFF,2026-06-25T14:26:28.788278
LOAN_000818,CUST_001311,ACCT_00006656,BUSINESS,461491.97,3.71,B,113632.53,Agree hair field local despite myself.,PAID_OFF,2024-03-26T14:26:28.788494
LOAN_000819,CUST_002596,ACCT_00004582,HOME,438067.96,7.04,B,278800.33,Writer wear thousand maintain or four age.,ACTIVE,2023-12-07T14:26:28.788711
LOAN_000820,CUST_001667,ACCT_00000849,PERSONAL,291767.35,5.41,A,99219.87,Arrive town effort cultural score security as.,PAID_OFF,2021-10-09T14:26:28.788928
LOAN_000821,CUST_001592,ACCT_00005097,HOME,291130.07,9.45,D,341400.03,Yeah entire international whole community gas brother.,PAID_OFF,2024-05-11T14:26:28.789144
LOAN_000822,CUST_001727,ACCT_00006103,BUSINESS,493699.73,4.79,B,354501.02,General happy again so outside cup.,DEFAULTED,2025-08-29T14:26:28.789361
LOAN_000823,CUST_000158,ACCT_00003902,HOME,229824.37,4.19,B,226043.8,Not wife you admit paper.,PAID_OFF,2026-04-22T14:26:28.789585
LOAN_000824,CUST_002233,ACCT_00001470,AUTO,406344.44,3.68,A,426070.44,Whom quickly heart.,DEFAULTED,2026-02-25T14:26:28.789801
LOAN_000825,CUST_002735,ACCT_00001965,PERSONAL,496587.8,3.62,B,122767.79,Blue thus article future.,ACTIVE,2025-08-04T14:26:28.790018
LOAN_000826,CUST_003035,ACCT_00002381,HOME,342928.52,4.75,A,515921.45,Accept take four prove.,ACTIVE,2025-10-25T14:26:28.790234
LOAN_000827,CUST_003280,ACCT_00004128,HOME,319766.22,5.35,C,571013.18,Gun surface rate serve tough state agree.,ACTIVE,2025-11-02T14:26:28.790451
LOAN_000828,CUST_001397,ACCT_00006095,AUTO,69848.17,7.24,C,687240.51,Director just community against their ready.,PAID_OFF,2022-04-05T14:26:28.790668
LOAN_000829,CUST_003323,ACCT_00003873,PERSONAL,242220.62,9.42,C,509365.35,Vote so work magazine guy.,PAID_OFF,2025-07-25T14:26:28.790885
LOAN_000830,CUST_000897,ACCT_00000060,PERSONAL,139476.67,6.68,B,451009.56,Camera myself way gun sound pass.,ACTIVE,2024-04-29T14:26:28.791101
LOAN_000831,CUST_002782,ACCT_00000613,PERSONAL,159178.23,7.82,B,209849.67,Sense morning realize floor realize themselves dream third.,ACTIVE,2023-01-30T14:26:28.791319
LOAN_000832,CUST_002221,ACCT_00000547,PERSONAL,116321.43,9.38,A,66591.47,Particularly cut conference artist.,DEFAULTED,2026-03-01T14:26:28.791537
LOAN_000833,CUST_002557,ACCT_00005801,BUSINESS,205036.98,6.78,C,548103.95,Hold serve decision store central read trade.,DEFAULTED,2022-06-29T14:26:28.791762
LOAN_000834,CUST_002348,ACCT_00000465,HOME,10128.0,8.94,C,614724.88,Training fall into.,PAID_OFF,2024-01-21T14:26:28.791981
LOAN_000835,CUST_000556,ACCT_00005785,PERSONAL,456113.7,6.23,B,366764.45,Listen say medical wear action performance well.,ACTIVE,2023-05-12T14:26:28.792199
LOAN_000836,CUST_002815,ACCT_00006039,AUTO,361303.48,6.52,B,561392.7,Throughout room financial that bill later lay.,PAID_OFF,2022-11-20T14:26:28.792416
LOAN_000837,CUST_000335,ACCT_00004652,AUTO,330992.21,8.16,A,222608.14,Individual whom memory kind somebody reflect blue.,DEFAULTED,2024-04-04T14:26:28.792633
LOAN_000838,CUST_001152,ACCT_00006872,PERSONAL,318962.55,5.64,C,91254.43,Center company performance actually in offer trial maybe.,DEFAULTED,2025-02-09T14:26:28.792851
LOAN_000839,CUST_000533,ACCT_00005792,BUSINESS,384845.21,5.57,C,186005.47,Enter south Congress item human almost.,ACTIVE,2025-07-20T14:26:28.793069
LOAN_000840,CUST_001178,ACCT_00000846,AUTO,68775.66,5.95,B,374140.73,Include reach go there ok job of.,PAID_OFF,2024-01-19T14:26:28.793286
LOAN_000841,CUST_001732,ACCT_00000200,HOME,149074.45,7.97,B,459377.99,Population analysis bed seven.,ACTIVE,2026-03-03T14:26:28.793503
LOAN_000842,CUST_002135,ACCT_00000373,AUTO,13294.38,8.56,A,169625.97,Behind pick election performance partner.,DEFAULTED,2022-10-27T14:26:28.793719
LOAN_000843,CUST_001630,ACCT_00004808,PERSONAL,208832.93,5.13,B,95415.61,Fear size minute worry.,ACTIVE,2026-05-23T14:26:28.793935
LOAN_000844,CUST_000099,ACCT_00005783,BUSINESS,66235.78,6.73,B,94957.5,But significant you American book event vote.,DEFAULTED,2023-05-15T14:26:28.794152
LOAN_000845,CUST_002749,ACCT_00001808,AUTO,23687.28,8.57,B,442960.9,Really why without option.,PAID_OFF,2024-07-12T14:26:28.794368
LOAN_000846,CUST_000437,ACCT_00005102,BUSINESS,24678.86,4.85,A,553451.04,College read radio pass vote action himself wish.,DEFAULTED,2022-03-10T14:26:28.794584
LOAN_000847,CUST_001512,ACCT_00000152,BUSINESS,355744.4,6.33,D,687167.66,School once too space plan poor.,DEFAULTED,2024-02-27T14:26:28.794801
LOAN_000848,CUST_002536,ACCT_00000597,PERSONAL,399049.22,8.65,C,403146.34,Run painting economic society process myself rich.,PAID_OFF,2026-06-30T14:26:28.795025
LOAN_000849,CUST_000326,ACCT_00000583,PERSONAL,181126.31,8.62,B,327287.79,Yes hard office weight never us improve.,ACTIVE,2024-06-18T14:26:28.795246
LOAN_000850,CUST_002064,ACCT_00003085,BUSINESS,406850.01,4.69,A,144329.23,Along nation budget each course mission laugh deep.,ACTIVE,2023-05-25T14:26:28.795473
LOAN_000851,CUST_000940,ACCT_00000544,PERSONAL,192457.53,9.34,D,547557.54,Area rise purpose these capital unit smile.,DEFAULTED,2023-07-11T14:26:28.795689
LOAN_000852,CUST_001747,ACCT_00006256,BUSINESS,266920.84,8.38,C,467122.04,How include not trouble everyone.,PAID_OFF,2023-08-16T14:26:28.795911
LOAN_000853,CUST_001721,ACCT_00006088,HOME,38472.46,3.99,A,417792.47,Born health federal.,ACTIVE,2026-08-14T14:26:28.796128
LOAN_000854,CUST_002388,ACCT_00000285,AUTO,411562.03,6.77,B,547742.67,Meeting level until picture company series.,ACTIVE,2021-10-30T14:26:28.796344
LOAN_000855,CUST_002351,ACCT_00003051,HOME,41758.02,9.41,B,394986.76,Allow sound assume town about.,ACTIVE,2022-01-09T14:26:28.796562
LOAN_000856,CUST_003213,ACCT_00000772,BUSINESS,154300.56,7.94,D,543068.53,Understand listen environmental time computer early.,ACTIVE,2023-10-28T14:26:28.796779
LOAN_000857,CUST_000507,ACCT_00005476,BUSINESS,49664.15,8.96,A,191365.58,Blood growth send consider cultural.,DEFAULTED,2023-05-28T14:26:28.796995
LOAN_000858,CUST_001481,ACCT_00004051,BUSINESS,290416.11,5.09,B,537128.4,Through go necessary themselves.,PAID_OFF,2024-06-10T14:26:28.797210
LOAN_000859,CUST_002335,ACCT_00001530,PERSONAL,340998.68,6.58,C,172672.71,Drug ball soon media second could involve add.,ACTIVE,2026-04-29T14:26:28.797427
LOAN_000860,CUST_000719,ACCT_00000237,AUTO,369740.3,4.61,A,625904.71,Put do today better on measure accept article.,PAID_OFF,2026-06-04T14:26:28.797643
LOAN_000861,CUST_001691,ACCT_00003781,AUTO,187013.46,4.4,B,216475.27,Whose visit former city member truth hold.,DEFAULTED,2022-03-08T14:26:28.797859
LOAN_000862,CUST_001942,ACCT_00007016,BUSINESS,57260.24,5.83,C,705395.7,Watch anyone they contain sea general.,PAID_OFF,2024-11-17T14:26:28.798076
LOAN_000863,CUST_002028,ACCT_00002166,AUTO,279700.89,7.28,D,392478.61,Nation seat baby might glass save himself face.,DEFAULTED,2024-11-04T14:26:28.798293
LOAN_000864,CUST_000690,ACCT_00005154,HOME,196084.74,8.21,C,92704.67,Western trial three safe analysis court certainly forget.,DEFAULTED,2022-07-14T14:26:28.798510
LOAN_000865,CUST_001333,ACCT_00001338,HOME,42970.45,4.38,C,297161.6,Ball range prevent laugh bag always may.,ACTIVE,2025-04-20T14:26:28.798726
LOAN_000866,CUST_000376,ACCT_00006009,AUTO,106175.62,6.2,D,612913.59,House machine system population both the.,ACTIVE,2022-03-24T14:26:28.798943
LOAN_000867,CUST_000624,ACCT_00000190,HOME,231810.1,9.18,D,384166.18,Real major must couple.,PAID_OFF,2023-04-01T14:26:28.799158
LOAN_000868,CUST_000847,ACCT_00002794,AUTO,57482.36,7.28,C,161732.56,Remain amount research money media his.,PAID_OFF,2025-03-29T14:26:28.799375
LOAN_000869,CUST_000895,ACCT_00000118,BUSINESS,286208.13,7.19,C,120682.39,Too worker effect call several scientist east.,DEFAULTED,2025-11-15T14:26:28.799592
LOAN_000870,CUST_002817,ACCT_00002623,HOME,68421.17,7.55,D,435330.05,Any voice hand value decide wear too.,ACTIVE,2021-12-21T14:26:28.799809
LOAN_000871,CUST_001364,ACCT_00001628,PERSONAL,51545.08,4.57,C,130894.53,Agent capital between range law model.,DEFAULTED,2023-12-23T14:26:28.800025
LOAN_000872,CUST_003374,ACCT_00002631,HOME,262419.29,7.91,D,205644.74,Reason until else often.,DEFAULTED,2025-04-12T14:26:28.800241
LOAN_000873,CUST_000498,ACCT_00005316,PERSONAL,82853.34,3.96,A,406211.67,Economic much development spend society.,ACTIVE,2025-05-06T14:26:28.800458
LOAN_000874,CUST_000166,ACCT_00002275,AUTO,103806.75,8.11,C,353562.29,Life the forward east positive particularly become.,PAID_OFF,2025-06-20T14:26:28.800674
LOAN_000875,CUST_002986,ACCT_00006157,BUSINESS,448908.76,7.68,C,597491.91,Campaign continue north behavior direction.,ACTIVE,2021-10-29T14:26:28.800891
LOAN_000876,CUST_002513,ACCT_00001399,AUTO,309105.58,4.64,B,496703.76,Discover time sport can data.,PAID_OFF,2022-06-19T14:26:28.801107
LOAN_000877,CUST_000419,ACCT_00001037,AUTO,125723.3,7.82,D,545173.74,Together skill federal.,DEFAULTED,2024-06-20T14:26:28.801323
LOAN_000878,CUST_002217,ACCT_00005876,AUTO,497395.49,8.59,D,256118.77,Ground part fund deep friend center.,DEFAULTED,2025-11-22T14:26:28.801538
LOAN_000879,CUST_000078,ACCT_00005346,BUSINESS,484020.41,8.4,C,143654.09,Artist safe you artist require real last.,DEFAULTED,2023-02-18T14:26:28.801755
LOAN_000880,CUST_001963,ACCT_00001453,BUSINESS,226332.35,8.6,A,354228.81,Radio modern figure.,DEFAULTED,2024-01-13T14:26:28.801971
LOAN_000881,CUST_002127,ACCT_00005821,PERSONAL,157801.14,7.2,C,695788.09,Write indeed garden cause.,ACTIVE,2023-10-03T14:26:28.802192
LOAN_000882,CUST_001043,ACCT_00001732,AUTO,103809.02,7.81,C,47968.3,Staff term enjoy move low.,PAID_OFF,2021-10-02T14:26:28.802416
LOAN_000883,CUST_001778,ACCT_00002513,HOME,396379.87,5.61,D,712585.61,Story financial economic same company always.,ACTIVE,2022-10-02T14:26:28.802638
LOAN_000884,CUST_001144,ACCT_00002443,AUTO,35719.74,5.94,C,198605.02,Station short strong evidence year argue white.,PAID_OFF,2025-08-07T14:26:28.802859
LOAN_000885,CUST_000377,ACCT_00002652,PERSONAL,365374.67,7.68,C,502077.94,Pressure build according marriage.,PAID_OFF,2025-01-07T14:26:28.803120
LOAN_000886,CUST_000276,ACCT_00006279,HOME,42484.51,8.3,D,188596.28,Someone apply bank create couple friend our.,PAID_OFF,2023-09-04T14:26:28.803356
LOAN_000887,CUST_002057,ACCT_00006211,AUTO,178030.84,7.52,A,211840.57,Around social notice several tax news development national.,PAID_OFF,2023-05-30T14:26:28.803587
LOAN_000888,CUST_002755,ACCT_00006884,BUSINESS,313575.35,5.79,D,105540.42,Will involve floor out road catch should smile.,DEFAULTED,2025-09-06T14:26:28.803816
LOAN_000889,CUST_002894,ACCT_00001818,PERSONAL,307981.59,3.55,B,182513.31,Beautiful style score rise degree.,PAID_OFF,2025-07-28T14:26:28.804036
LOAN_000890,CUST_003286,ACCT_00004307,PERSONAL,459744.53,5.74,C,347519.5,Sign statement should nor establish.,DEFAULTED,2023-05-11T14:26:28.804252
LOAN_000891,CUST_001388,ACCT_00002945,AUTO,301973.14,4.52,C,461978.16,Sport of field hear.,DEFAULTED,2024-10-03T14:26:28.804471
LOAN_000892,CUST_001299,ACCT_00001514,PERSONAL,437522.36,4.49,D,103265.87,Standard health share town safe head less.,DEFAULTED,2023-09-05T14:26:28.804688
LOAN_000893,CUST_002646,ACCT_00006064,AUTO,54987.92,6.76,A,276246.78,Doctor leg travel stock exactly finish.,DEFAULTED,2025-11-02T14:26:28.804905
LOAN_000894,CUST_000092,ACCT_00005171,PERSONAL,373029.26,6.61,D,35960.27,Evening candidate nature though statement thought case.,ACTIVE,2023-09-01T14:26:28.805117
LOAN_000895,CUST_002474,ACCT_00002695,HOME,112102.91,8.42,B,344567.53,Raise their kid responsibility think affect.,ACTIVE,2026-03-22T14:26:28.805325
LOAN_000896,CUST_000956,ACCT_00004294,BUSINESS,104835.04,5.76,B,48730.89,Ask music whom where full.,PAID_OFF,2026-02-16T14:26:28.805527
LOAN_000897,CUST_001613,ACCT_00004752,HOME,52677.71,4.39,B,324684.43,Inside read out his majority conference media.,DEFAULTED,2025-08-02T14:26:28.805730
LOAN_000898,CUST_000247,ACCT_00000729,PERSONAL,378851.69,5.6,D,377789.34,Itself experience go seven those everybody.,DEFAULTED,2025-06-22T14:26:28.805932
LOAN_000899,CUST_000838,ACCT_00006275,AUTO,485677.42,8.47,B,479515.22,Yet together special job.,DEFAULTED,2022-07-30T14:26:28.806147
LOAN_000900,CUST_002216,ACCT_00005502,PERSONAL,253814.73,6.03,B,90628.05,Notice talk suggest meet give stuff develop.,DEFAULTED,2024-03-11T14:26:28.806364
LOAN_000901,CUST_000550,ACCT_00001279,PERSONAL,302233.18,8.78,B,324774.66,Safe truth prevent cup after police foreign single.,DEFAULTED,2022-04-20T14:26:28.806581
LOAN_000902,CUST_003170,ACCT_00000465,HOME,339530.04,8.91,D,27224.04,Cold machine charge so win record point like.,ACTIVE,2022-01-16T14:26:28.806798
LOAN_000903,CUST_001610,ACCT_00005717,HOME,5294.92,5.8,A,738389.19,Daughter move life arrive evidence white.,DEFAULTED,2022-11-28T14:26:28.807021
LOAN_000904,CUST_000433,ACCT_00007004,PERSONAL,33863.45,5.66,C,308469.95,Agent number style large cell.,PAID_OFF,2023-04-11T14:26:28.807238
LOAN_000905,CUST_001902,ACCT_00001529,AUTO,430631.0,6.53,C,544691.69,Television opportunity vote watch mission financial account single.,ACTIVE,2025-10-13T14:26:28.807456
LOAN_000906,CUST_001926,ACCT_00001233,PERSONAL,28459.25,5.55,B,122296.91,Picture wonder executive affect seat.,PAID_OFF,2025-10-22T14:26:28.807672
LOAN_000907,CUST_000422,ACCT_00001528,AUTO,363995.43,6.23,C,681932.72,Who record least owner.,PAID_OFF,2026-04-28T14:26:28.807889
LOAN_000908,CUST_001337,ACCT_00000034,PERSONAL,308174.02,9.28,B,351337.37,Real wall can notice national forward focus thus.,PAID_OFF,2022-08-04T14:26:28.808105
LOAN_000909,CUST_002972,ACCT_00005998,HOME,36700.76,4.29,A,104336.43,Social expect increase fill while.,ACTIVE,2024-10-26T14:26:28.808321
LOAN_000910,CUST_002491,ACCT_00004152,BUSINESS,109935.39,4.13,A,98422.02,Social war go hope religious form mother year.,PAID_OFF,2024-03-23T14:26:28.808538
LOAN_000911,CUST_002232,ACCT_00001133,BUSINESS,499067.95,8.41,C,708552.59,Use card late Mr choice.,PAID_OFF,2023-10-10T14:26:28.808754
LOAN_000912,CUST_002469,ACCT_00003572,HOME,279906.76,7.55,D,340482.5,Deep suffer develop name service.,PAID_OFF,2025-01-03T14:26:28.808971
LOAN_000913,CUST_002105,ACCT_00002504,PERSONAL,341751.93,8.01,A,48803.68,Development read him number history no western.,PAID_OFF,2022-09-09T14:26:28.809186
LOAN_000914,CUST_001825,ACCT_00003366,PERSONAL,441065.1,9.28,D,290573.62,Officer property information catch science coach open.,PAID_OFF,2025-10-28T14:26:28.809403
LOAN_000915,CUST_001342,ACCT_00001492,BUSINESS,21184.68,7.16,A,630266.34,Force so side age receive tend.,DEFAULTED,2024-10-01T14:26:28.809619
LOAN_000916,CUST_001188,ACCT_00003693,PERSONAL,235874.12,5.84,B,470068.59,Me couple future century.,DEFAULTED,2022-09-28T14:26:28.809836
LOAN_000917,CUST_000091,ACCT_00005428,AUTO,100749.35,6.18,A,448486.51,At table such claim.,DEFAULTED,2024-10-25T14:26:28.810052
LOAN_000918,CUST_000589,ACCT_00002531,PERSONAL,490527.9,4.16,D,33687.74,Close support like finish.,DEFAULTED,2024-02-20T14:26:28.810268
LOAN_000919,CUST_000905,ACCT_00003466,HOME,356846.17,7.52,C,211539.91,Deal clear none star tell civil week.,PAID_OFF,2023-02-06T14:26:28.810483
LOAN_000920,CUST_001741,ACCT_00000548,PERSONAL,166720.15,6.44,B,230312.8,Lot sure front long arrive.,ACTIVE,2024-08-25T14:26:28.810700
LOAN_000921,CUST_003387,ACCT_00006777,HOME,290360.35,6.13,C,324480.56,Answer upon student community guy recent want.,ACTIVE,2025-05-05T14:26:28.810917
LOAN_000922,CUST_002213,ACCT_00000661,BUSINESS,368941.69,8.28,D,518782.5,Likely describe window professional win.,ACTIVE,2026-02-10T14:26:28.811134
LOAN_000923,CUST_000988,ACCT_00006865,HOME,404875.63,5.38,A,401260.89,Resource decision call.,PAID_OFF,2025-07-25T14:26:28.811350
LOAN_000924,CUST_001530,ACCT_00001921,HOME,30100.15,3.87,B,369144.69,Economic value window add woman sometimes.,DEFAULTED,2022-03-16T14:26:28.811566
LOAN_000925,CUST_002343,ACCT_00002631,HOME,277775.18,6.08,B,606529.11,Themselves any civil.,PAID_OFF,2025-07-02T14:26:28.811789
LOAN_000926,CUST_001368,ACCT_00001474,PERSONAL,427758.62,5.44,D,325757.57,Fight rise woman positive school.,PAID_OFF,2026-05-01T14:26:28.812006
LOAN_000927,CUST_002382,ACCT_00004663,BUSINESS,87648.55,8.25,A,18206.7,Subject significant support low security travel although.,DEFAULTED,2024-03-13T14:26:28.812229
LOAN_000928,CUST_002256,ACCT_00003705,PERSONAL,292380.19,5.73,B,726784.02,Task owner practice paper.,DEFAULTED,2024-08-04T14:26:28.812445
LOAN_000929,CUST_003189,ACCT_00000578,HOME,164802.27,7.83,B,173354.59,Actually deal skin.,PAID_OFF,2022-06-28T14:26:28.812661
LOAN_000930,CUST_002387,ACCT_00001646,PERSONAL,130950.83,6.22,B,584333.35,Message economy down half pattern north.,ACTIVE,2023-02-10T14:26:28.812877
LOAN_000931,CUST_001617,ACCT_00002224,PERSONAL,227865.43,7.16,B,667288.51,Quickly throughout light management loss trouble write.,ACTIVE,2022-09-03T14:26:28.813096
LOAN_000932,CUST_001159,ACCT_00003460,BUSINESS,374625.36,9.28,C,48092.46,Drive other itself subject degree land picture.,ACTIVE,2022-08-18T14:26:28.813312
LOAN_000933,CUST_002266,ACCT_00003044,HOME,149999.18,9.4,B,741301.57,Person put man affect return or.,DEFAULTED,2022-12-11T14:26:28.813528
LOAN_000934,CUST_001085,ACCT_00006159,AUTO,35939.61,6.74,A,470287.58,Difficult coach very experience both box American.,DEFAULTED,2024-04-18T14:26:28.813745
LOAN_000935,CUST_000091,ACCT_00003889,AUTO,496289.57,4.8,A,730357.24,Boy camera life lay three record.,DEFAULTED,2023-08-21T14:26:28.813961
LOAN_000936,CUST_003340,ACCT_00002657,BUSINESS,437894.65,5.66,C,269894.61,Check speech get commercial do.,ACTIVE,2023-08-03T14:26:28.814177
LOAN_000937,CUST_001714,ACCT_00006210,HOME,290222.55,8.12,B,412193.86,Class learn its admit consider center rise meeting.,DEFAULTED,2022-06-20T14:26:28.814394
LOAN_000938,CUST_003354,ACCT_00003647,AUTO,192653.15,5.19,B,164181.81,Will any board indeed major.,DEFAULTED,2024-10-14T14:26:28.814614
LOAN_000939,CUST_003194,ACCT_00001833,BUSINESS,292706.78,4.58,B,353881.79,Always if bad beyond be.,DEFAULTED,2022-06-17T14:26:28.814845
LOAN_000940,CUST_000220,ACCT_00005806,AUTO,111880.3,9.12,A,273597.48,Seven letter suggest market.,DEFAULTED,2026-02-10T14:26:28.815061
LOAN_000941,CUST_000077,ACCT_00006036,AUTO,206926.36,6.59,D,725597.7,Again provide former traditional different organization.,DEFAULTED,2026-07-13T14:26:28.815278
LOAN_000942,CUST_000649,ACCT_00001031,PERSONAL,17026.0,4.39,D,245720.99,Sign for upon site.,PAID_OFF,2025-09-16T14:26:28.815505
LOAN_000943,CUST_001089,ACCT_00005886,HOME,461330.92,3.86,C,443764.05,For night wide particular expect rather ok religious.,DEFAULTED,2023-01-20T14:26:28.815722
LOAN_000944,CUST_002215,ACCT_00004815,BUSINESS,296757.23,7.57,C,430400.1,Every break campaign again cold.,ACTIVE,2021-12-11T14:26:28.815941
LOAN_000945,CUST_002381,ACCT_00003636,HOME,459726.31,9.37,B,99942.83,Me final financial hair letter thought individual.,PAID_OFF,2024-12-21T14:26:28.816166
LOAN_000946,CUST_000853,ACCT_00003545,BUSINESS,446307.74,6.1,D,434173.81,Apply add few PM respond represent ask.,ACTIVE,2022-06-12T14:26:28.816392
LOAN_000947,CUST_002394,ACCT_00003769,HOME,289778.16,7.61,C,679959.21,Will interesting fear paper space.,DEFAULTED,2025-06-15T14:26:28.816613
LOAN_000948,CUST_001808,ACCT_00004176,HOME,333597.14,8.92,D,699023.23,Community that card huge.,PAID_OFF,2023-01-06T14:26:28.816837
LOAN_000949,CUST_003118,ACCT_00000255,AUTO,223168.26,6.94,B,352602.5,Strong specific sign support.,DEFAULTED,2022-04-22T14:26:28.817094
LOAN_000950,CUST_000833,ACCT_00005155,AUTO,241425.63,7.73,B,557835.4,Attention center bring very lawyer property red woman.,DEFAULTED,2021-10-18T14:26:28.817341
LOAN_000951,CUST_001317,ACCT_00004590,BUSINESS,193013.04,8.26,A,22587.0,Contain the hospital my could.,DEFAULTED,2022-09-06T14:26:28.817585
LOAN_000952,CUST_003136,ACCT_00001766,PERSONAL,79690.98,9.44,D,660018.17,Program evidence seem draw certain.,PAID_OFF,2024-03-18T14:26:28.817799
LOAN_000953,CUST_001042,ACCT_00006824,BUSINESS,237907.81,8.12,A,708246.13,You go north student someone administration.,DEFAULTED,2022-06-22T14:26:28.818015
LOAN_000954,CUST_002656,ACCT_00002080,AUTO,216616.43,7.66,B,438937.59,Capital form pay design Democrat street.,DEFAULTED,2022-04-06T14:26:28.818229
LOAN_000955,CUST_001843,ACCT_00003195,BUSINESS,216682.88,8.26,D,267580.97,Answer middle drug teacher once fly arm.,DEFAULTED,2022-11-02T14:26:28.818450
LOAN_000956,CUST_002603,ACCT_00001336,HOME,165805.27,9.29,A,538003.37,Science manager will animal explain common.,ACTIVE,2025-06-12T14:26:28.818659
LOAN_000957,CUST_001043,ACCT_00003713,AUTO,396705.99,5.86,B,358144.55,Capital particularly card speak nation.,DEFAULTED,2026-02-21T14:26:28.818876
LOAN_000958,CUST_002091,ACCT_00000201,PERSONAL,443703.22,5.21,B,95831.51,Money visit left stand base try people.,DEFAULTED,2022-04-06T14:26:28.819089
LOAN_000959,CUST_002990,ACCT_00007030,AUTO,299112.8,5.37,D,75976.92,Traditional include professor imagine seem that home meet.,DEFAULTED,2023-01-03T14:26:28.819290
LOAN_000960,CUST_001091,ACCT_00003446,BUSINESS,446005.83,5.78,C,38647.05,Value state mean summer leader who.,DEFAULTED,2023-06-26T14:26:28.819489
LOAN_000961,CUST_000316,ACCT_00000673,AUTO,32536.67,6.94,A,239029.3,Sure least record century including huge hour.,DEFAULTED,2021-11-02T14:26:28.819700
LOAN_000962,CUST_001996,ACCT_00003788,HOME,452515.52,6.89,A,188347.56,Space crime story myself.,PAID_OFF,2024-02-16T14:26:28.819908
LOAN_000963,CUST_002575,ACCT_00003347,HOME,120737.52,5.92,D,567097.77,Pattern mean hot after view.,PAID_OFF,2026-01-15T14:26:28.820108
LOAN_000964,CUST_001117,ACCT_00004848,AUTO,386028.13,8.6,B,26599.07,Same brother just field.,DEFAULTED,2024-08-15T14:26:28.820308
LOAN_000965,CUST_001322,ACCT_00001557,BUSINESS,66261.09,4.27,B,711099.71,Score maybe theory really allow indeed effort.,DEFAULTED,2022-02-09T14:26:28.820508
LOAN_000966,CUST_001390,ACCT_00000395,BUSINESS,18324.05,5.34,D,426465.36,Find remain success knowledge side inside evidence agreement.,ACTIVE,2024-09-05T14:26:28.820707
LOAN_000967,CUST_002844,ACCT_00004939,BUSINESS,339367.68,7.01,B,99883.99,Enjoy instead population walk.,DEFAULTED,2023-07-25T14:26:28.820906
LOAN_000968,CUST_003036,ACCT_00001325,AUTO,394867.06,3.87,B,486099.67,Phone health stage cold.,DEFAULTED,2026-06-17T14:26:28.821106
LOAN_000969,CUST_001993,ACCT_00005878,PERSONAL,47634.03,6.8,A,152449.55,Live him glass.,ACTIVE,2022-03-05T14:26:28.821305
LOAN_000970,CUST_002263,ACCT_00005975,BUSINESS,147376.28,4.65,A,234590.69,Leg strategy candidate market including.,DEFAULTED,2025-02-26T14:26:28.821513
LOAN_000971,CUST_000732,ACCT_00001037,PERSONAL,265171.17,4.77,B,141462.68,Grow town population pay carry experience.,PAID_OFF,2026-01-06T14:26:28.821727
LOAN_000972,CUST_001181,ACCT_00006765,HOME,428773.16,7.04,C,374738.63,Second husband own president modern finish.,ACTIVE,2024-07-15T14:26:28.821943
LOAN_000973,CUST_002900,ACCT_00000221,BUSINESS,189930.92,3.91,D,679743.94,Current bag his east environment.,DEFAULTED,2022-05-11T14:26:28.822158
LOAN_000974,CUST_002212,ACCT_00001532,PERSONAL,357338.27,5.79,B,325506.23,Then side Democrat.,DEFAULTED,2023-06-14T14:26:28.822373
LOAN_000975,CUST_000665,ACCT_00004105,AUTO,176929.52,4.35,C,599571.57,Series great keep find not sell family.,ACTIVE,2025-06-26T14:26:28.822587
LOAN_000976,CUST_002239,ACCT_00005349,AUTO,46162.22,3.82,A,24203.79,Drug draw something also today friend.,ACTIVE,2023-03-17T14:26:28.822808
LOAN_000977,CUST_002769,ACCT_00002022,HOME,162602.34,8.96,D,241334.93,Prove glass property word certain.,ACTIVE,2021-10-06T14:26:28.823022
LOAN_000978,CUST_000396,ACCT_00001867,PERSONAL,268580.0,3.91,B,372640.79,Defense month to else real.,DEFAULTED,2023-12-30T14:26:28.823236
LOAN_000979,CUST_003007,ACCT_00004596,AUTO,411700.4,7.87,A,223115.31,Modern music wind get reason.,ACTIVE,2023-03-15T14:26:28.823451
LOAN_000980,CUST_000598,ACCT_00006801,BUSINESS,252178.89,6.89,C,573370.72,Most level too against leg sister.,PAID_OFF,2022-11-12T14:26:28.823665
LOAN_000981,CUST_000223,ACCT_00006601,HOME,353073.46,4.38,A,425251.65,Trial show single religious management leader energy necessary.,ACTIVE,2021-12-11T14:26:28.823879
LOAN_000982,CUST_000609,ACCT_00006273,BUSINESS,69584.47,5.01,C,139050.37,Hard computer attention money already.,PAID_OFF,2024-08-10T14:26:28.824097
LOAN_000983,CUST_000496,ACCT_00003552,BUSINESS,370288.47,7.55,A,732176.3,Thought Mr respond nothing college.,ACTIVE,2026-07-07T14:26:28.824311
LOAN_000984,CUST_002341,ACCT_00001259,PERSONAL,80153.56,7.95,B,436533.63,Those thousand successful use fact dream move.,DEFAULTED,2022-04-02T14:26:28.824526
LOAN_000985,CUST_000738,ACCT_00003295,BUSINESS,290989.77,4.61,B,613957.38,New fine human.,PAID_OFF,2025-07-25T14:26:28.824740
LOAN_000986,CUST_003161,ACCT_00006385,HOME,291888.37,5.05,C,168600.8,Feeling oil seat fish authority daughter.,ACTIVE,2026-02-28T14:26:28.824955
LOAN_000987,CUST_001623,ACCT_00006323,PERSONAL,490676.79,3.65,A,175700.11,Film fall now customer two.,PAID_OFF,2022-09-04T14:26:28.825169
LOAN_000988,CUST_000263,ACCT_00003228,HOME,217183.44,8.74,B,146094.02,But senior purpose skin director fear.,ACTIVE,2023-02-09T14:26:28.825384
LOAN_000989,CUST_001262,ACCT_00004907,PERSONAL,205407.14,4.68,B,316732.24,Suddenly bar meeting.,ACTIVE,2022-11-12T14:26:28.825598
LOAN_000990,CUST_002423,ACCT_00000639,HOME,278958.88,6.86,A,324681.53,Method indeed suffer their key especially money.,ACTIVE,2025-12-23T14:26:28.825816
LOAN_000991,CUST_001251,ACCT_00003512,BUSINESS,88463.95,7.58,B,734687.88,Tax sing fast wish.,DEFAULTED,2025-09-23T14:26:28.826032
LOAN_000992,CUST_002595,ACCT_00006803,HOME,457891.84,6.14,C,264721.21,Thought decide deep accept responsibility off adult.,ACTIVE,2023-02-18T14:26:28.826246
LOAN_000993,CUST_002671,ACCT_00002320,PERSONAL,387761.57,9.42,B,575626.57,Suffer beat bed road decade pass past.,ACTIVE,2024-09-29T14:26:28.826460
LOAN_000994,CUST_002657,ACCT_00001578,AUTO,203090.06,7.71,D,241371.29,Consider lay raise ball.,PAID_OFF,2022-09-13T14:26:28.826674
LOAN_000995,CUST_002804,ACCT_00005569,PERSONAL,175574.6,6.58,C,657339.77,Hear maintain stage through own.,DEFAULTED,2024-11-11T14:26:28.826888
LOAN_000996,CUST_001934,ACCT_00001056,PERSONAL,194026.57,3.58,D,269966.46,Rather impact best single call teacher at.,DEFAULTED,2022-03-25T14:26:28.827111
LOAN_000997,CUST_003022,ACCT_00003486,AUTO,211564.22,4.09,D,387677.79,Fish consider audience practice talk seat garden.,DEFAULTED,2025-12-09T14:26:28.827326
LOAN_000998,CUST_003078,ACCT_00002011,AUTO,303558.26,5.09,A,599730.97,Operation describe serve lawyer perhaps arm truth.,PAID_OFF,2021-11-29T14:26:28.827540
LOAN_000999,CUST_001738,ACCT_00003456,HOME,199064.3,8.47,A,618938.45,Establish off get fly.,ACTIVE,2025-11-10T14:26:28.827762
LOAN_001000,CUST_000572,ACCT_00005781,BUSINESS,62477.88,8.35,A,140720.82,Either when support.,PAID_OFF,2021-10-05T14:26:28.827995
LOAN_001001,CUST_003228,ACCT_00000382,BUSINESS,256106.04,4.27,B,56503.24,Campaign member relationship address.,DEFAULTED,2022-10-04T14:26:28.828211
LOAN_001002,CUST_002056,ACCT_00000719,HOME,30750.36,4.68,D,134759.24,Begin three include majority grow.,DEFAULTED,2025-10-10T14:26:28.828431
LOAN_001003,CUST_001509,ACCT_00002022,BUSINESS,78424.12,8.99,B,662281.32,Do radio various.,PAID_OFF,2023-09-27T14:26:28.828645
LOAN_001004,CUST_002418,ACCT_00000693,PERSONAL,320224.42,5.95,A,688007.94,Get should night course.,DEFAULTED,2021-10-21T14:26:28.828860
LOAN_001005,CUST_002823,ACCT_00006436,PERSONAL,333684.28,3.77,A,662947.67,Reflect health part fire or.,ACTIVE,2021-12-22T14:26:28.829074
LOAN_001006,CUST_003065,ACCT_00001341,AUTO,315037.5,8.35,D,588035.6,Car as responsibility fact.,PAID_OFF,2021-12-01T14:26:28.829288
LOAN_001007,CUST_000077,ACCT_00005728,PERSONAL,135421.95,3.53,A,443007.86,Prepare into knowledge official.,PAID_OFF,2025-02-05T14:26:28.829502
LOAN_001008,CUST_002973,ACCT_00000787,PERSONAL,69896.49,7.57,A,607498.18,Answer analysis attack system pattern main.,PAID_OFF,2026-06-20T14:26:28.829716
LOAN_001009,CUST_000278,ACCT_00001079,HOME,11384.37,7.91,C,330299.26,Mind relate give seek head voice.,ACTIVE,2021-12-13T14:26:28.829931
LOAN_001010,CUST_000527,ACCT_00005686,PERSONAL,215975.97,4.15,C,311747.16,Political question military standard lot.,ACTIVE,2022-08-11T14:26:28.830145
LOAN_001011,CUST_001952,ACCT_00002334,BUSINESS,151614.6,5.8,A,441099.48,Capital fight enter picture.,ACTIVE,2022-08-05T14:26:28.830359
LOAN_001012,CUST_000594,ACCT_00006403,AUTO,122431.5,6.98,C,279024.54,Another mention oil drive popular color image.,ACTIVE,2025-12-12T14:26:28.830573
LOAN_001013,CUST_001589,ACCT_00001553,PERSONAL,454163.71,4.54,D,293365.34,Box here data home threat somebody.,ACTIVE,2022-10-15T14:26:28.830787
LOAN_001014,CUST_000021,ACCT_00000636,BUSINESS,117201.51,4.03,D,402785.51,Before turn themselves possible name west understand line.,PAID_OFF,2023-06-12T14:26:28.831002
LOAN_001015,CUST_003415,ACCT_00005237,HOME,310446.37,4.82,D,380206.03,Sell within popular just able sea.,PAID_OFF,2022-11-13T14:26:28.831232
LOAN_001016,CUST_000725,ACCT_00006185,BUSINESS,177821.81,8.93,A,583232.01,Site ready real.,DEFAULTED,2024-07-06T14:26:28.831459
LOAN_001017,CUST_003473,ACCT_00003887,AUTO,112087.26,6.63,C,470011.05,Experience explain energy.,DEFAULTED,2026-01-19T14:26:28.831673
LOAN_001018,CUST_001555,ACCT_00000491,HOME,237059.03,8.86,C,518972.0,Attention other produce information teacher.,DEFAULTED,2023-09-20T14:26:28.831888
LOAN_001019,CUST_002632,ACCT_00001119,PERSONAL,263685.63,3.65,A,291853.36,Sit nearly account better tonight.,PAID_OFF,2023-01-28T14:26:28.832102
LOAN_001020,CUST_001979,ACCT_00003640,AUTO,403600.54,4.39,C,231324.37,General stop community sound car remember.,PAID_OFF,2025-05-23T14:26:28.832316
LOAN_001021,CUST_003440,ACCT_00000674,PERSONAL,174011.5,4.44,B,100045.88,Out design cause certainly follow city word east.,ACTIVE,2024-08-04T14:26:28.832531
LOAN_001022,CUST_001770,ACCT_00000227,PERSONAL,449097.58,4.52,B,642722.17,Sell dog though suddenly foreign seven.,ACTIVE,2022-02-04T14:26:28.832745
LOAN_001023,CUST_000797,ACCT_00004054,PERSONAL,352685.63,7.13,B,220499.84,This why allow send both system mention.,DEFAULTED,2025-07-17T14:26:28.832960
LOAN_001024,CUST_000354,ACCT_00006438,BUSINESS,67210.22,5.21,D,29354.67,Year participant south whole.,PAID_OFF,2021-11-21T14:26:28.833174
LOAN_001025,CUST_002519,ACCT_00002744,AUTO,162823.82,6.34,B,241018.89,Best beyond majority guess water game.,DEFAULTED,2024-08-02T14:26:28.833388
LOAN_001026,CUST_001943,ACCT_00000023,PERSONAL,255124.96,5.11,A,229302.5,Force in want.,DEFAULTED,2025-11-08T14:26:28.833602
LOAN_001027,CUST_000826,ACCT_00002208,HOME,473585.81,7.42,A,172469.54,Form hospital seek else education most.,PAID_OFF,2024-12-25T14:26:28.833816
LOAN_001028,CUST_001766,ACCT_00002640,BUSINESS,429176.37,4.57,B,185951.5,Drop scientist discussion stock free born.,ACTIVE,2024-02-20T14:26:28.834030
LOAN_001029,CUST_003416,ACCT_00006826,BUSINESS,291101.04,6.21,B,152408.62,Another will nation finish other page husband defense.,PAID_OFF,2023-11-19T14:26:28.834244
LOAN_001030,CUST_001114,ACCT_00004762,PERSONAL,49405.01,5.23,B,220425.76,Rock very large necessary six report method.,PAID_OFF,2022-07-08T14:26:28.834457
LOAN_001031,CUST_000453,ACCT_00004415,BUSINESS,415459.83,5.96,C,68789.22,Name ten put evidence none.,DEFAULTED,2022-10-18T14:26:28.834677
LOAN_001032,CUST_000886,ACCT_00002651,BUSINESS,494701.5,5.0,B,195407.81,Accept know front again grow.,DEFAULTED,2023-07-07T14:26:28.834891
LOAN_001033,CUST_000595,ACCT_00000895,PERSONAL,100717.24,4.15,C,208807.64,Language management manager person.,PAID_OFF,2022-01-11T14:26:28.835105
LOAN_001034,CUST_001404,ACCT_00003523,BUSINESS,279623.77,9.5,D,723827.82,Lay space organization why present model.,PAID_OFF,2025-04-22T14:26:28.835325
LOAN_001035,CUST_001088,ACCT_00001192,BUSINESS,66361.96,6.79,C,345843.62,Appear more rest door protect training.,PAID_OFF,2023-06-11T14:26:28.835539
LOAN_001036,CUST_002366,ACCT_00001425,HOME,435610.97,3.55,C,253598.77,Collection table how feel its.,DEFAULTED,2021-12-02T14:26:28.835762
LOAN_001037,CUST_002778,ACCT_00004867,PERSONAL,476909.39,3.76,A,8269.86,Become man sister machine eye small tax.,PAID_OFF,2025-03-12T14:26:28.835979
LOAN_001038,CUST_000232,ACCT_00006467,BUSINESS,69750.1,7.12,C,312188.71,Long blue guy grow especially her.,ACTIVE,2021-12-09T14:26:28.836193
LOAN_001039,CUST_003336,ACCT_00005706,BUSINESS,212497.86,6.07,C,143359.74,Soldier police much away.,ACTIVE,2021-10-16T14:26:28.836420
LOAN_001040,CUST_000957,ACCT_00006237,BUSINESS,15750.18,6.03,D,129643.43,Can professional should choose.,PAID_OFF,2025-09-19T14:26:28.836640
LOAN_001041,CUST_000840,ACCT_00005292,BUSINESS,298687.51,6.73,C,739066.24,Safe yet two those cover person court.,ACTIVE,2021-10-13T14:26:28.836854
LOAN_001042,CUST_002472,ACCT_00000290,PERSONAL,475560.85,5.23,C,185415.35,Increase effort citizen.,ACTIVE,2022-08-28T14:26:28.837070
LOAN_001043,CUST_000174,ACCT_00002851,HOME,198140.55,7.4,A,614017.21,Per season lot responsibility end entire.,DEFAULTED,2023-01-04T14:26:28.837285
LOAN_001044,CUST_002809,ACCT_00005126,AUTO,185813.14,6.69,A,57559.13,President sell college activity.,DEFAULTED,2026-07-02T14:26:28.837499
LOAN_001045,CUST_001786,ACCT_00005787,PERSONAL,286156.81,8.48,B,353143.8,Which town front interesting news sing phone early.,PAID_OFF,2022-11-06T14:26:28.837715
LOAN_001046,CUST_001415,ACCT_00003397,HOME,335466.53,5.32,C,372810.3,Month pull front next.,ACTIVE,2022-11-16T14:26:28.837928
LOAN_001047,CUST_002221,ACCT_00006824,HOME,189720.23,5.6,B,426551.72,A art position might step.,PAID_OFF,2025-03-28T14:26:28.838142
LOAN_001048,CUST_003007,ACCT_00004944,HOME,476335.43,7.51,C,460281.34,Different own human drive thing pattern.,ACTIVE,2026-06-03T14:26:28.838356
LOAN_001049,CUST_002189,ACCT_00004002,BUSINESS,454565.48,4.44,D,105396.48,Box leave market religious morning foot.,DEFAULTED,2022-02-13T14:26:28.838571
LOAN_001050,CUST_000393,ACCT_00000586,BUSINESS,344042.26,5.94,A,627896.46,Camera factor leader serious nothing view.,ACTIVE,2022-12-14T14:26:28.838785
LOAN_001051,CUST_001761,ACCT_00004184,HOME,355725.58,7.69,C,296964.41,Others fund capital short somebody piece land.,ACTIVE,2026-03-29T14:26:28.838999
LOAN_001052,CUST_000511,ACCT_00004184,PERSONAL,65744.7,3.63,B,197043.15,Culture cut feeling future space low.,ACTIVE,2025-05-18T14:26:28.839214
LOAN_001053,CUST_003193,ACCT_00004591,PERSONAL,204991.21,5.08,B,109319.74,Exist present enter provide PM.,PAID_OFF,2023-10-31T14:26:28.839436
LOAN_001054,CUST_000404,ACCT_00000024,BUSINESS,296965.61,5.83,D,276528.9,Beautiful whose identify want let.,PAID_OFF,2022-12-15T14:26:28.839660
LOAN_001055,CUST_003268,ACCT_00003061,AUTO,146052.73,4.79,D,148277.99,Sometimes American than home.,ACTIVE,2023-04-14T14:26:28.839873
LOAN_001056,CUST_001044,ACCT_00000425,PERSONAL,362710.04,7.35,A,594399.61,Wrong which real town purpose hope.,ACTIVE,2023-12-05T14:26:28.840086
LOAN_001057,CUST_002552,ACCT_00003578,PERSONAL,293991.65,5.35,B,625666.64,Admit rate either.,PAID_OFF,2024-08-14T14:26:28.840300
LOAN_001058,CUST_002592,ACCT_00002230,PERSONAL,57769.33,6.02,D,476531.46,Participant between else fund station role.,PAID_OFF,2024-02-20T14:26:28.840513
LOAN_001059,CUST_002940,ACCT_00003386,HOME,28093.42,5.95,D,208847.64,Pay there fire including than.,PAID_OFF,2022-09-16T14:26:28.840727
LOAN_001060,CUST_002814,ACCT_00003380,HOME,26266.69,4.45,C,142102.34,Treatment conference order hand wall yeah reach city.,ACTIVE,2026-05-20T14:26:28.840940
LOAN_001061,CUST_000451,ACCT_00001254,BUSINESS,343874.96,4.53,D,227823.84,Owner north agency fly land face reality.,ACTIVE,2025-04-04T14:26:28.841154
LOAN_001062,CUST_002278,ACCT_00001944,BUSINESS,232870.26,8.75,D,638053.11,Probably woman whatever outside wrong available.,PAID_OFF,2024-01-20T14:26:28.841367
LOAN_001063,CUST_000772,ACCT_00003521,AUTO,389804.43,4.88,B,370959.04,Father high town Republican loss knowledge part.,ACTIVE,2025-07-31T14:26:28.841582
LOAN_001064,CUST_002107,ACCT_00005538,AUTO,364104.96,5.42,A,437069.64,Face only student produce after.,ACTIVE,2026-06-09T14:26:28.841797
LOAN_001065,CUST_003341,ACCT_00006857,BUSINESS,458297.26,7.51,B,195763.63,Most partner account fight.,ACTIVE,2025-09-02T14:26:28.842011
LOAN_001066,CUST_000275,ACCT_00001483,PERSONAL,442165.03,4.24,C,333464.22,Consider born region language view rich.,PAID_OFF,2023-11-08T14:26:28.842226
LOAN_001067,CUST_000770,ACCT_00000952,PERSONAL,182020.35,6.5,B,334616.86,Tree interesting wait science.,ACTIVE,2023-06-26T14:26:28.842439
LOAN_001068,CUST_002344,ACCT_00001093,AUTO,20629.39,8.58,D,165244.21,Put many fast training eat compare.,ACTIVE,2025-08-03T14:26:28.842653
LOAN_001069,CUST_001462,ACCT_00004152,BUSINESS,109066.79,6.94,B,133243.06,Friend really remember explain.,PAID_OFF,2023-03-11T14:26:28.842866
LOAN_001070,CUST_003135,ACCT_00004585,BUSINESS,455306.28,6.56,D,14793.74,Piece and term apply party door.,PAID_OFF,2026-05-30T14:26:28.843080
LOAN_001071,CUST_002297,ACCT_00002028,HOME,128165.92,8.87,B,637782.15,Company rather plant.,ACTIVE,2025-06-03T14:26:28.843299
LOAN_001072,CUST_002973,ACCT_00000015,AUTO,45447.57,7.77,C,75819.94,Lawyer nature specific peace around player.,ACTIVE,2024-10-24T14:26:28.843513
LOAN_001073,CUST_000418,ACCT_00005247,AUTO,85183.33,8.6,A,171813.5,Father couple remain cold office dark.,ACTIVE,2022-05-31T14:26:28.843740
LOAN_001074,CUST_002087,ACCT_00002987,AUTO,328993.63,8.92,D,11670.84,Government everybody money eye reflect.,PAID_OFF,2024-07-20T14:26:28.843958
LOAN_001075,CUST_000861,ACCT_00000903,HOME,224684.36,7.16,A,734906.75,Into me sing again instead.,PAID_OFF,2021-11-19T14:26:28.844173
LOAN_001076,CUST_002792,ACCT_00000264,BUSINESS,491386.18,5.01,A,233863.44,East too happy drop about child certain.,PAID_OFF,2022-06-04T14:26:28.844387
LOAN_001077,CUST_001160,ACCT_00001099,BUSINESS,262155.85,6.25,B,612030.41,Buy party rather require too who six share.,PAID_OFF,2024-05-04T14:26:28.844601
LOAN_001078,CUST_000320,ACCT_00003279,AUTO,65865.78,5.84,B,530256.37,Picture operation add later address myself local.,PAID_OFF,2025-08-06T14:26:28.844820
LOAN_001079,CUST_002084,ACCT_00002799,HOME,254669.89,7.04,A,738039.94,Impact several argue future commercial.,PAID_OFF,2024-08-13T14:26:28.845035
LOAN_001080,CUST_001802,ACCT_00003454,PERSONAL,275408.84,3.5,A,70684.77,Stay focus man three certainly five material.,DEFAULTED,2025-08-27T14:26:28.845249
LOAN_001081,CUST_001623,ACCT_00003791,HOME,459464.65,9.18,D,300101.29,Organization full director bring.,ACTIVE,2022-01-08T14:26:28.845463
LOAN_001082,CUST_001947,ACCT_00003734,PERSONAL,198046.69,8.57,D,620596.8,Heart stage structure blood.,DEFAULTED,2023-12-05T14:26:28.845677
LOAN_001083,CUST_003489,ACCT_00006092,BUSINESS,123383.93,5.35,A,324884.46,Budget staff rock least structure lawyer behind.,PAID_OFF,2025-02-17T14:26:28.845891
LOAN_001084,CUST_002609,ACCT_00000180,AUTO,342945.31,5.23,D,589367.03,Once story ground her really.,PAID_OFF,2022-06-25T14:26:28.846104
LOAN_001085,CUST_001614,ACCT_00005272,HOME,478461.52,4.67,A,338523.45,Local man personal short arrive past gas.,PAID_OFF,2022-07-03T14:26:28.846318
LOAN_001086,CUST_001603,ACCT_00000766,HOME,38869.79,6.32,B,218549.28,Down shake environmental Mrs security true walk.,DEFAULTED,2025-02-16T14:26:28.846532
LOAN_001087,CUST_002990,ACCT_00005114,BUSINESS,210913.2,8.73,A,22638.12,President this drop common.,DEFAULTED,2026-02-12T14:26:28.846745
LOAN_001088,CUST_002358,ACCT_00005352,BUSINESS,488683.63,6.84,D,489914.04,Fund power study reveal.,PAID_OFF,2024-03-21T14:26:28.846959
LOAN_001089,CUST_003400,ACCT_00003038,BUSINESS,318731.42,4.92,B,719951.49,Pay teach once wind against adult.,ACTIVE,2024-03-22T14:26:28.847177
LOAN_001090,CUST_001086,ACCT_00005277,HOME,57830.38,3.99,A,344427.9,Call same may test important.,ACTIVE,2024-01-27T14:26:28.847391
LOAN_001091,CUST_001245,ACCT_00002542,BUSINESS,280373.16,6.07,B,206319.82,Hope could set president.,ACTIVE,2025-11-10T14:26:28.847606
LOAN_001092,CUST_001565,ACCT_00004271,AUTO,379442.16,8.3,D,543574.49,Drop soldier foot skin fall wall official.,PAID_OFF,2026-02-18T14:26:28.847825
LOAN_001093,CUST_000667,ACCT_00004653,BUSINESS,458458.89,6.56,B,387958.73,Nor here operation dark approach work provide.,PAID_OFF,2024-09-11T14:26:28.848039
LOAN_001094,CUST_000887,ACCT_00000147,PERSONAL,148468.08,4.29,C,57857.73,Become camera of eat inside.,ACTIVE,2025-06-22T14:26:28.848254
LOAN_001095,CUST_000344,ACCT_00003100,HOME,413820.81,6.8,D,578457.54,Yard return parent.,ACTIVE,2021-11-29T14:26:28.848474
LOAN_001096,CUST_002525,ACCT_00003967,HOME,344455.33,8.44,B,86028.54,Mention summer out bar plant project.,PAID_OFF,2024-02-26T14:26:28.848697
LOAN_001097,CUST_002309,ACCT_00006733,BUSINESS,276395.23,4.33,A,686265.86,Argue network continue major morning leave.,PAID_OFF,2025-03-25T14:26:28.848920
LOAN_001098,CUST_001518,ACCT_00003553,HOME,19234.35,7.42,D,309260.67,Lose future number window son simply sea.,PAID_OFF,2023-11-25T14:26:28.849144
LOAN_001099,CUST_000119,ACCT_00005587,PERSONAL,110121.0,6.92,B,509819.7,Upon great house leave work drive ago.,DEFAULTED,2024-08-25T14:26:28.849367
LOAN_001100,CUST_000523,ACCT_00002056,HOME,224895.28,4.54,B,370337.58,If see next bag support fight.,DEFAULTED,2023-01-07T14:26:28.849589
LOAN_001101,CUST_000072,ACCT_00006534,HOME,47313.77,9.48,A,391347.71,Think commercial win bill message.,DEFAULTED,2024-11-22T14:26:28.849809
LOAN_001102,CUST_001260,ACCT_00000192,PERSONAL,376768.89,6.1,A,541672.77,Reveal machine ten seek suddenly.,PAID_OFF,2022-09-13T14:26:28.850053
LOAN_001103,CUST_000634,ACCT_00004100,PERSONAL,245519.29,7.52,C,660708.43,Drop thus never may.,DEFAULTED,2024-04-18T14:26:28.850280
LOAN_001104,CUST_000293,ACCT_00004412,BUSINESS,178148.2,7.56,A,698365.33,Base who within lot already animal.,DEFAULTED,2023-08-25T14:26:28.850509
LOAN_001105,CUST_002527,ACCT_00002063,HOME,69620.58,7.83,C,336859.17,Sure include since foreign few win miss.,ACTIVE,2024-04-17T14:26:28.850737
LOAN_001106,CUST_000478,ACCT_00001979,AUTO,337439.91,5.16,D,328614.25,Position boy generation great writer level event.,ACTIVE,2024-11-20T14:26:28.850952
LOAN_001107,CUST_003406,ACCT_00005167,BUSINESS,407123.15,5.15,B,104672.82,Task rich nature today artist.,PAID_OFF,2026-01-22T14:26:28.851167
LOAN_001108,CUST_001210,ACCT_00000200,AUTO,272859.39,3.94,D,453064.06,Left support travel list bar very table.,PAID_OFF,2022-07-31T14:26:28.851389
LOAN_001109,CUST_002502,ACCT_00004826,HOME,58300.47,9.36,C,391704.34,Certain need beyond read.,DEFAULTED,2026-06-21T14:26:28.851619
LOAN_001110,CUST_001060,ACCT_00003024,BUSINESS,403654.65,4.17,C,186123.02,We create involve letter break recent.,DEFAULTED,2022-03-07T14:26:28.851849
LOAN_001111,CUST_000189,ACCT_00006992,BUSINESS,278542.88,5.0,D,725359.63,Tree field police let same couple.,ACTIVE,2026-05-27T14:26:28.852072
LOAN_001112,CUST_003500,ACCT_00005251,HOME,131621.19,4.34,A,239256.72,Fact course me bar result town.,ACTIVE,2023-12-24T14:26:28.852286
LOAN_001113,CUST_000731,ACCT_00006619,PERSONAL,345735.93,5.33,C,103773.35,Each newspaper accept child.,DEFAULTED,2026-04-29T14:26:28.852500
LOAN_001114,CUST_003358,ACCT_00002560,HOME,80536.31,9.38,C,499131.53,College animal contain hour.,PAID_OFF,2024-08-17T14:26:28.852714
LOAN_001115,CUST_002557,ACCT_00001673,PERSONAL,96210.52,3.87,C,197160.36,Family this amount meeting subject.,DEFAULTED,2025-01-11T14:26:28.852928
LOAN_001116,CUST_003374,ACCT_00006700,PERSONAL,178160.83,3.97,B,335267.75,Imagine choice south character surface.,DEFAULTED,2024-03-17T14:26:28.853141
LOAN_001117,CUST_000889,ACCT_00002225,BUSINESS,378688.13,6.7,A,557364.93,Bill I traditional care suggest consider third sit.,DEFAULTED,2024-11-29T14:26:28.853355
LOAN_001118,CUST_002993,ACCT_00001191,BUSINESS,115814.24,7.5,B,494675.67,Child man environmental.,PAID_OFF,2022-03-26T14:26:28.853568
LOAN_001119,CUST_002860,ACCT_00004785,HOME,327819.32,8.41,B,52430.57,Walk back age kid member.,PAID_OFF,2025-03-24T14:26:28.853782
LOAN_001120,CUST_002511,ACCT_00002074,HOME,251401.37,4.32,B,129683.82,Her explain rock of view.,ACTIVE,2025-11-23T14:26:28.853996
LOAN_001121,CUST_001804,ACCT_00005270,AUTO,44601.79,6.84,A,366030.88,Meeting adult true both item small.,PAID_OFF,2024-06-15T14:26:28.854210
LOAN_001122,CUST_000327,ACCT_00005112,PERSONAL,430968.36,7.06,A,129038.34,Mean church some science.,PAID_OFF,2026-04-22T14:26:28.854423
LOAN_001123,CUST_001915,ACCT_00001545,BUSINESS,124007.69,6.82,D,103874.52,Body party season east left themselves large card.,ACTIVE,2026-08-18T14:26:28.854636
LOAN_001124,CUST_000172,ACCT_00000948,AUTO,355079.07,5.14,C,641907.41,Eat likely job want.,PAID_OFF,2024-07-28T14:26:28.854850
LOAN_001125,CUST_003260,ACCT_00002387,BUSINESS,168144.24,7.14,A,202414.89,Risk action cup bit soon position.,ACTIVE,2026-08-03T14:26:28.855064
LOAN_001126,CUST_002833,ACCT_00004245,PERSONAL,458485.55,8.26,B,237727.83,Understand turn economic laugh piece shoulder office.,ACTIVE,2024-01-26T14:26:28.855278
LOAN_001127,CUST_000502,ACCT_00004170,PERSONAL,333110.98,3.77,A,392477.34,Strategy record really blue happen son employee.,DEFAULTED,2025-11-01T14:26:28.855493
LOAN_001128,CUST_002942,ACCT_00004644,HOME,224357.15,5.79,A,205584.61,Prepare but drug its others.,ACTIVE,2023-01-08T14:26:28.855708
LOAN_001129,CUST_000176,ACCT_00001490,PERSONAL,198724.81,6.65,B,364775.48,Resource low process information.,ACTIVE,2022-03-01T14:26:28.855922
LOAN_001130,CUST_003146,ACCT_00004659,AUTO,151328.03,7.13,C,470374.11,Least point staff treat yes.,ACTIVE,2023-06-18T14:26:28.856142
LOAN_001131,CUST_002800,ACCT_00006444,AUTO,334830.17,7.5,A,322253.37,Official month real college.,DEFAULTED,2026-01-19T14:26:28.856355
LOAN_001132,CUST_002035,ACCT_00006815,AUTO,315868.85,4.6,C,496917.12,Again bar result level husband like reality.,PAID_OFF,2022-01-24T14:26:28.856576
LOAN_001133,CUST_000671,ACCT_00001820,HOME,372854.64,8.17,C,682303.22,Have whatever American.,ACTIVE,2023-01-09T14:26:28.856798
LOAN_001134,CUST_000607,ACCT_00000117,PERSONAL,360072.56,8.98,D,661896.6,Hand nor new class where activity this.,ACTIVE,2022-06-18T14:26:28.857013
LOAN_001135,CUST_000973,ACCT_00004245,AUTO,193839.82,4.8,B,503151.31,Fill collection believe.,PAID_OFF,2021-12-15T14:26:28.857227
LOAN_001136,CUST_001933,ACCT_00003103,HOME,365985.12,6.86,A,428196.42,Type bit technology employee newspaper who.,ACTIVE,2021-11-23T14:26:28.857440
LOAN_001137,CUST_001584,ACCT_00004786,AUTO,261754.6,6.83,C,378216.32,The agreement scene technology weight foot stand.,PAID_OFF,2025-06-07T14:26:28.857654
LOAN_001138,CUST_001920,ACCT_00004912,HOME,296097.49,5.35,A,329679.89,Kind surface example keep try individual free.,ACTIVE,2022-09-14T14:26:28.857868
LOAN_001139,CUST_002777,ACCT_00003210,HOME,45991.03,8.38,B,352711.55,Ball wind determine pressure Democrat rate.,DEFAULTED,2023-01-04T14:26:28.858082
LOAN_001140,CUST_001997,ACCT_00004519,PERSONAL,68914.4,4.33,A,717944.44,Modern subject number.,PAID_OFF,2024-01-01T14:26:28.858296
LOAN_001141,CUST_002181,ACCT_00000424,AUTO,433021.34,5.97,D,322350.47,After anyone sign final still during town democratic.,DEFAULTED,2023-05-31T14:26:28.858510
LOAN_001142,CUST_001469,ACCT_00002481,PERSONAL,488841.24,7.95,C,35089.03,Give someone value hold whatever national.,DEFAULTED,2026-01-26T14:26:28.858725
LOAN_001143,CUST_001005,ACCT_00004887,HOME,253484.66,8.98,B,341958.65,Pretty fly marriage floor parent.,DEFAULTED,2026-01-01T14:26:28.858939
LOAN_001144,CUST_001114,ACCT_00006801,PERSONAL,389246.3,8.28,D,198169.59,Simply sound street value gas suggest rule.,ACTIVE,2026-04-01T14:26:28.859154
LOAN_001145,CUST_003154,ACCT_00000025,AUTO,67945.56,3.84,B,166487.46,Official ask receive.,PAID_OFF,2023-01-24T14:26:28.859369
LOAN_001146,CUST_003201,ACCT_00005063,HOME,159270.05,6.99,C,189152.84,Help project director some study.,PAID_OFF,2026-06-03T14:26:28.859583
LOAN_001147,CUST_000749,ACCT_00004954,AUTO,15321.5,6.08,B,670183.7,They instead science style.,ACTIVE,2022-12-04T14:26:28.859799
LOAN_001148,CUST_001463,ACCT_00005316,AUTO,124039.95,5.92,D,103809.45,School town yet when sign laugh.,DEFAULTED,2022-01-24T14:26:28.860017
LOAN_001149,CUST_003311,ACCT_00003378,BUSINESS,424040.32,4.65,B,696012.98,Discover ahead capital since shake about.,DEFAULTED,2024-01-05T14:26:28.860233
LOAN_001150,CUST_002380,ACCT_00005629,HOME,27394.28,8.6,C,476045.22,Floor apply score foot me writer.,PAID_OFF,2023-11-15T14:26:28.860452
LOAN_001151,CUST_002139,ACCT_00000376,BUSINESS,458961.02,4.17,B,539574.47,Economy suddenly pattern important claim employee front.,ACTIVE,2023-06-13T14:26:28.860672
LOAN_001152,CUST_001499,ACCT_00006720,HOME,156091.9,4.67,D,134248.79,Large alone leg million protect.,PAID_OFF,2023-06-07T14:26:28.860885
LOAN_001153,CUST_002122,ACCT_00004050,AUTO,145407.85,8.89,D,143159.9,That course big health.,PAID_OFF,2022-07-02T14:26:28.861106
LOAN_001154,CUST_001675,ACCT_00006035,AUTO,181382.65,6.41,C,461601.19,Shoulder lose personal crime much operation pressure he.,PAID_OFF,2022-10-16T14:26:28.861320
LOAN_001155,CUST_000427,ACCT_00004672,HOME,237775.29,4.26,A,453930.82,Grow where physical especially current position may.,PAID_OFF,2026-04-01T14:26:28.861534
LOAN_001156,CUST_003376,ACCT_00005366,AUTO,106572.35,8.8,C,426485.35,Effort need top be feel address.,PAID_OFF,2022-09-10T14:26:28.861749
LOAN_001157,CUST_002596,ACCT_00002580,HOME,253186.28,8.07,D,554865.97,Law address turn wall.,DEFAULTED,2022-10-07T14:26:28.861962
LOAN_001158,CUST_000508,ACCT_00001447,AUTO,18897.81,5.48,C,654432.45,Since detail employee heart trial woman.,PAID_OFF,2022-03-15T14:26:28.862177
LOAN_001159,CUST_000240,ACCT_00005566,HOME,425406.64,8.47,D,730172.98,Current condition option magazine.,PAID_OFF,2025-11-06T14:26:28.862391
LOAN_001160,CUST_000347,ACCT_00005816,AUTO,455458.22,4.11,A,691920.43,During eat black until.,DEFAULTED,2025-07-20T14:26:28.862605
LOAN_001161,CUST_000149,ACCT_00001754,AUTO,54465.13,3.56,D,445107.48,Yeah campaign medical walk student bank.,ACTIVE,2023-10-20T14:26:28.862819
LOAN_001162,CUST_001852,ACCT_00004876,PERSONAL,242903.24,6.81,C,721180.3,Between three word seven determine.,ACTIVE,2022-07-15T14:26:28.863033
LOAN_001163,CUST_003361,ACCT_00000451,HOME,16975.04,6.82,C,173901.52,Provide challenge task example.,PAID_OFF,2024-10-22T14:26:28.863247
LOAN_001164,CUST_000832,ACCT_00006274,BUSINESS,321272.56,5.91,A,493949.71,Off region measure identify throw benefit.,ACTIVE,2024-12-02T14:26:28.863461
LOAN_001165,CUST_000509,ACCT_00002668,PERSONAL,155643.8,7.36,A,341456.12,Daughter these media say morning ahead.,DEFAULTED,2022-12-24T14:26:28.863676
LOAN_001166,CUST_003449,ACCT_00004689,HOME,416315.68,8.85,A,340196.94,Realize town sit necessary environment.,PAID_OFF,2025-07-22T14:26:28.863891
LOAN_001167,CUST_001649,ACCT_00001063,HOME,423704.78,7.27,D,679231.17,Field condition method lot camera.,DEFAULTED,2023-08-04T14:26:28.864105
LOAN_001168,CUST_002184,ACCT_00002854,BUSINESS,18451.17,6.69,D,258529.84,Every turn gun expect know.,DEFAULTED,2024-03-18T14:26:28.864319
LOAN_001169,CUST_003241,ACCT_00003988,HOME,127918.04,4.54,B,246586.67,Candidate we media still view event.,DEFAULTED,2025-07-04T14:26:28.864542
LOAN_001170,CUST_003107,ACCT_00001539,HOME,403406.7,8.7,B,529974.79,Treatment coach office piece past individual inside.,ACTIVE,2026-04-21T14:26:28.864770
LOAN_001171,CUST_003278,ACCT_00004490,AUTO,186592.99,5.94,B,437546.25,Cultural fall fish month cold.,ACTIVE,2026-01-11T14:26:28.864985
LOAN_001172,CUST_000550,ACCT_00004895,HOME,457800.12,5.9,A,81917.19,Campaign first wonder family probably necessary experience.,ACTIVE,2024-08-28T14:26:28.865200
LOAN_001173,CUST_001437,ACCT_00004815,PERSONAL,412583.57,4.92,C,466729.44,Bit take data thank character.,ACTIVE,2025-03-23T14:26:28.865415
LOAN_001174,CUST_001858,ACCT_00002925,AUTO,249957.32,3.78,D,361924.85,This peace resource travel thousand others.,PAID_OFF,2025-03-25T14:26:28.865629
LOAN_001175,CUST_003468,ACCT_00003262,BUSINESS,182503.9,5.24,D,729022.05,Military develop act partner.,PAID_OFF,2023-08-22T14:26:28.865842
LOAN_001176,CUST_000088,ACCT_00000936,HOME,165220.96,4.94,C,338306.34,Month personal even together remain seven.,ACTIVE,2022-07-28T14:26:28.866056
LOAN_001177,CUST_001681,ACCT_00000755,PERSONAL,33291.8,4.07,B,297675.46,Word everyone simply nor process despite such edge.,PAID_OFF,2024-10-12T14:26:28.866269
LOAN_001178,CUST_003374,ACCT_00001079,HOME,246804.61,5.72,B,504602.97,Measure live song.,PAID_OFF,2025-02-13T14:26:28.866483
LOAN_001179,CUST_000051,ACCT_00006063,AUTO,219777.46,8.4,C,455164.34,Move attack page add bed sit.,DEFAULTED,2023-11-10T14:26:28.866696
LOAN_001180,CUST_002643,ACCT_00002406,HOME,57773.6,8.35,A,178963.32,Southern game see interview doctor fill send.,DEFAULTED,2024-12-24T14:26:28.866909
LOAN_001181,CUST_003340,ACCT_00005999,AUTO,14957.91,6.35,D,153008.46,Report central mean administration never where.,DEFAULTED,2024-06-12T14:26:28.867124
LOAN_001182,CUST_000154,ACCT_00005780,PERSONAL,428143.46,5.17,D,84891.02,Notice decide perhaps challenge air lead.,DEFAULTED,2025-02-02T14:26:28.867338
LOAN_001183,CUST_001850,ACCT_00001039,BUSINESS,9914.9,3.54,A,723611.41,Black finish leader after everyone true though run.,DEFAULTED,2023-09-19T14:26:28.867552
LOAN_001184,CUST_002661,ACCT_00003557,HOME,202281.82,5.62,A,151214.57,Quality bill they east.,DEFAULTED,2024-07-31T14:26:28.867773
LOAN_001185,CUST_003341,ACCT_00002851,PERSONAL,386531.94,4.3,A,481637.96,Happy school guess start nation hour commercial firm.,ACTIVE,2025-06-09T14:26:28.867991
LOAN_001186,CUST_002717,ACCT_00003381,BUSINESS,366008.82,7.06,D,429637.41,Fine real shake space account.,PAID_OFF,2023-02-16T14:26:28.868205
LOAN_001187,CUST_001332,ACCT_00005771,HOME,200835.12,6.53,C,473218.53,Turn civil can all source fall type.,ACTIVE,2022-10-12T14:26:28.868420
LOAN_001188,CUST_002789,ACCT_00006397,AUTO,220529.41,6.61,B,52345.44,Court begin throw site picture PM leave.,PAID_OFF,2023-10-01T14:26:28.868639
LOAN_001189,CUST_002574,ACCT_00004456,AUTO,289950.45,8.32,B,44140.48,Under here mind both occur free enjoy perform.,ACTIVE,2024-11-09T14:26:28.868853
LOAN_001190,CUST_002479,ACCT_00002794,AUTO,222045.25,4.88,C,30204.78,Front from state southern arrive.,ACTIVE,2023-03-23T14:26:28.869067
LOAN_001191,CUST_001075,ACCT_00002216,BUSINESS,495497.6,7.2,B,112409.02,Ball wear forward end.,DEFAULTED,2025-10-31T14:26:28.869282
LOAN_001192,CUST_002888,ACCT_00001507,AUTO,235886.6,5.09,C,80362.45,He under visit assume.,DEFAULTED,2023-07-20T14:26:28.869497
LOAN_001193,CUST_002000,ACCT_00005008,BUSINESS,50387.9,6.06,D,708075.64,Save choice the allow space.,ACTIVE,2022-09-23T14:26:28.869712
LOAN_001194,CUST_000201,ACCT_00000962,AUTO,102828.65,6.13,C,153105.01,Road service record offer it democratic teach who.,PAID_OFF,2023-03-13T14:26:28.869927
LOAN_001195,CUST_000080,ACCT_00005445,PERSONAL,104001.62,5.62,C,577111.84,Realize line once western cut less office.,PAID_OFF,2024-12-30T14:26:28.870143
LOAN_001196,CUST_001838,ACCT_00005035,HOME,257933.6,8.61,B,283595.11,Perform save financial finish car.,PAID_OFF,2021-11-08T14:26:28.870357
LOAN_001197,CUST_002677,ACCT_00002036,HOME,194813.24,5.67,B,153048.84,Fill fill air born compare.,ACTIVE,2024-04-18T14:26:28.870572
LOAN_001198,CUST_000922,ACCT_00003747,BUSINESS,172116.46,7.01,A,273567.12,Will four between major training.,ACTIVE,2022-09-02T14:26:28.870786
LOAN_001199,CUST_002800,ACCT_00005063,HOME,431124.13,7.22,D,426113.85,Certain let marriage despite bring.,PAID_OFF,2024-04-08T14:26:28.871001
LOAN_001200,CUST_000441,ACCT_00000372,AUTO,391586.34,4.48,A,587187.5,Once break environment rate see student particular.,PAID_OFF,2024-07-03T14:26:28.871218
LOAN_001201,CUST_000816,ACCT_00004977,AUTO,348447.24,9.28,D,635517.55,Team impact believe your daughter effect.,PAID_OFF,2023-06-03T14:26:28.871432
LOAN_001202,CUST_000064,ACCT_00003190,PERSONAL,206115.85,4.8,B,535334.95,Event often case sense protect lay against.,PAID_OFF,2025-10-28T14:26:28.871650
LOAN_001203,CUST_002257,ACCT_00000691,HOME,62497.12,4.89,A,440899.46,Design whose program score cup enough.,ACTIVE,2025-09-09T14:26:28.871879
LOAN_001204,CUST_000418,ACCT_00006791,BUSINESS,124209.15,5.3,C,453945.96,Technology room lose there consumer amount week avoid.,PAID_OFF,2024-12-15T14:26:28.872094
LOAN_001205,CUST_000554,ACCT_00002430,PERSONAL,105345.65,7.84,D,229322.87,Increase industry score later plan man hope word.,ACTIVE,2024-08-15T14:26:28.872312
LOAN_001206,CUST_001158,ACCT_00006816,HOME,223143.11,8.24,D,515005.23,Just get every including.,PAID_OFF,2021-12-15T14:26:28.872529
LOAN_001207,CUST_001186,ACCT_00001189,HOME,175173.96,8.86,C,309318.9,They why beat town they more.,PAID_OFF,2023-09-16T14:26:28.872747
LOAN_001208,CUST_002709,ACCT_00001768,PERSONAL,386743.93,7.21,C,381777.8,Modern might computer the.,DEFAULTED,2025-09-27T14:26:28.872966
LOAN_001209,CUST_002510,ACCT_00003658,AUTO,271679.38,5.15,A,354695.64,Win wonder stage form specific result list deep.,PAID_OFF,2022-02-27T14:26:28.873180
LOAN_001210,CUST_002893,ACCT_00004774,PERSONAL,140988.88,4.29,D,689869.9,Worry easy look region his picture enter.,PAID_OFF,2025-03-11T14:26:28.873400
LOAN_001211,CUST_001878,ACCT_00002482,PERSONAL,17379.95,4.58,D,571457.42,Wife recognize every natural support share born financial.,ACTIVE,2024-05-11T14:26:28.873624
LOAN_001212,CUST_000222,ACCT_00003428,PERSONAL,69187.29,8.0,B,185773.12,Set look read cold ground upon along born.,PAID_OFF,2024-08-29T14:26:28.873848
LOAN_001213,CUST_002613,ACCT_00002401,AUTO,287917.01,8.65,A,536281.36,Section far education pass company suffer take.,PAID_OFF,2024-12-14T14:26:28.874066
LOAN_001214,CUST_000856,ACCT_00004941,PERSONAL,219273.19,7.98,C,715940.75,Two me analysis threat.,DEFAULTED,2022-01-07T14:26:28.874286
LOAN_001215,CUST_000688,ACCT_00005134,AUTO,185977.23,8.58,B,48643.63,Him understand power bar first.,DEFAULTED,2023-08-06T14:26:28.874541
LOAN_001216,CUST_000612,ACCT_00004754,HOME,52623.81,5.18,D,645944.54,Night spend onto adult from develop.,DEFAULTED,2024-06-21T14:26:28.874775
LOAN_001217,CUST_000390,ACCT_00005954,HOME,311376.69,5.26,B,464682.6,Feeling more hundred ok around.,DEFAULTED,2022-09-30T14:26:28.875005
LOAN_001218,CUST_000567,ACCT_00006005,BUSINESS,259025.87,9.22,D,300635.0,Million rather at whole only sense.,PAID_OFF,2023-09-29T14:26:28.875221
LOAN_001219,CUST_001878,ACCT_00000241,HOME,271640.68,6.12,D,617499.62,Name financial by future authority yourself term appear.,PAID_OFF,2023-01-16T14:26:28.875450
LOAN_001220,CUST_002276,ACCT_00003588,BUSINESS,190408.89,5.47,D,294801.43,Environmental effort opportunity tonight.,PAID_OFF,2023-08-16T14:26:28.875658
LOAN_001221,CUST_000947,ACCT_00004691,HOME,396083.89,7.49,C,46940.28,Wrong idea whatever fact product investment dream specific.,DEFAULTED,2025-02-28T14:26:28.875880
LOAN_001222,CUST_000531,ACCT_00006432,PERSONAL,254909.3,4.6,A,354475.92,Much four far various the friend beat different.,ACTIVE,2023-11-19T14:26:28.876082
LOAN_001223,CUST_000500,ACCT_00004279,BUSINESS,67657.36,7.28,B,67332.71,Need simple tax concern report movement safe.,DEFAULTED,2023-02-11T14:26:28.876284
LOAN_001224,CUST_000650,ACCT_00002652,PERSONAL,263444.58,7.8,C,672350.6,Simply American my best.,DEFAULTED,2025-12-03T14:26:28.876486
LOAN_001225,CUST_000204,ACCT_00001844,HOME,245992.4,4.87,C,663434.6,Practice buy assume exactly knowledge blue former.,DEFAULTED,2025-07-02T14:26:28.876688
LOAN_001226,CUST_002688,ACCT_00001124,BUSINESS,21339.11,7.92,D,385236.32,Research give tough opportunity.,ACTIVE,2026-07-14T14:26:28.876891
LOAN_001227,CUST_003291,ACCT_00000043,PERSONAL,313636.16,3.64,D,237634.91,Land cost sound consumer media wind.,PAID_OFF,2023-01-23T14:26:28.877095
LOAN_001228,CUST_001586,ACCT_00003452,HOME,487925.45,8.68,C,578007.67,Republican force policy spend hotel face avoid pattern.,ACTIVE,2025-11-24T14:26:28.877298
LOAN_001229,CUST_000976,ACCT_00004851,BUSINESS,90697.1,7.18,A,625076.61,Chance economic dog ten.,DEFAULTED,2022-09-22T14:26:28.877499
LOAN_001230,CUST_001460,ACCT_00003315,BUSINESS,75702.46,7.7,D,47383.89,Woman picture enter military.,ACTIVE,2026-04-29T14:26:28.877709
LOAN_001231,CUST_000125,ACCT_00003477,BUSINESS,465839.54,6.4,B,517451.69,Four dream series Congress.,DEFAULTED,2026-05-06T14:26:28.877946
LOAN_001232,CUST_003205,ACCT_00004222,BUSINESS,11878.71,5.07,C,497048.76,Whose glass leg.,DEFAULTED,2025-01-30T14:26:28.878148
LOAN_001233,CUST_000187,ACCT_00006492,HOME,301542.06,4.8,A,484120.07,Off yard yeah avoid identify child.,PAID_OFF,2024-02-29T14:26:28.878350
LOAN_001234,CUST_001804,ACCT_00005318,BUSINESS,63130.56,6.64,A,160021.8,Movement order box charge yet listen three maintain.,ACTIVE,2025-06-28T14:26:28.878551
LOAN_001235,CUST_000397,ACCT_00004275,BUSINESS,464222.52,7.7,C,176440.37,Stage possible people lawyer discuss bed suggest.,PAID_OFF,2026-02-26T14:26:28.878753
LOAN_001236,CUST_000810,ACCT_00006263,PERSONAL,338243.98,5.71,B,366044.04,Now do see themselves mouth.,ACTIVE,2026-07-06T14:26:28.878954
LOAN_001237,CUST_002450,ACCT_00006880,HOME,137121.99,9.17,A,65360.37,Thousand practice decide alone newspaper.,DEFAULTED,2024-03-14T14:26:28.879168
LOAN_001238,CUST_001662,ACCT_00003258,PERSONAL,252400.88,8.01,D,226749.09,Cold indicate house human few.,DEFAULTED,2022-04-05T14:26:28.879383
LOAN_001239,CUST_002764,ACCT_00003355,PERSONAL,421517.66,4.99,C,400457.27,Mr power rule talk anything work.,ACTIVE,2024-08-31T14:26:28.879599
LOAN_001240,CUST_001089,ACCT_00006323,BUSINESS,213427.55,4.12,A,384199.61,Real because unit fall score century.,DEFAULTED,2025-03-12T14:26:28.879815
LOAN_001241,CUST_002838,ACCT_00003720,PERSONAL,51440.86,4.86,D,199667.16,How why tend executive within better like price.,ACTIVE,2023-12-02T14:26:28.880030
LOAN_001242,CUST_001931,ACCT_00001820,BUSINESS,26722.52,7.21,D,45236.51,State bar shoulder.,ACTIVE,2023-04-26T14:26:28.880246
LOAN_001243,CUST_000517,ACCT_00002017,HOME,320973.39,3.79,D,144278.95,Network imagine open window middle.,DEFAULTED,2025-08-23T14:26:28.880462
LOAN_001244,CUST_002042,ACCT_00006832,AUTO,435540.87,9.24,C,377290.42,Fly five wear say though get morning.,DEFAULTED,2021-12-17T14:26:28.880677
LOAN_001245,CUST_001277,ACCT_00003744,AUTO,12792.05,7.49,A,331832.2,Public painting agent add take where relate.,DEFAULTED,2021-11-07T14:26:28.880893
LOAN_001246,CUST_002718,ACCT_00003663,AUTO,486398.5,8.1,C,513798.51,Room myself television fill team house contain.,DEFAULTED,2026-04-19T14:26:28.881118
LOAN_001247,CUST_002902,ACCT_00001760,AUTO,18475.25,7.3,B,169764.78,Make line then detail issue base.,PAID_OFF,2024-03-28T14:26:28.881334
LOAN_001248,CUST_002877,ACCT_00002714,AUTO,238388.8,8.41,C,57986.2,Good rule try.,DEFAULTED,2023-10-24T14:26:28.881550
LOAN_001249,CUST_000945,ACCT_00004177,BUSINESS,436440.8,8.72,A,512232.6,Meeting lose soon sound.,ACTIVE,2026-07-16T14:26:28.881766
LOAN_001250,CUST_000979,ACCT_00002891,AUTO,414431.97,7.3,C,738986.33,Meeting discussion health kid president hospital.,DEFAULTED,2022-11-23T14:26:28.881982
LOAN_001251,CUST_002466,ACCT_00000562,PERSONAL,265107.53,6.32,D,417697.98,Foot view effort rich.,DEFAULTED,2021-10-31T14:26:28.882214
LOAN_001252,CUST_003094,ACCT_00004397,AUTO,84703.46,6.42,A,570823.14,Radio parent article above author.,ACTIVE,2025-02-10T14:26:28.882430
LOAN_001253,CUST_000044,ACCT_00007018,PERSONAL,136215.52,5.6,C,20498.78,Sound occur toward huge structure star.,PAID_OFF,2025-04-18T14:26:28.882646
LOAN_001254,CUST_000083,ACCT_00003652,AUTO,132572.42,4.21,A,360597.35,Top talk significant total unit late stop.,ACTIVE,2024-09-22T14:26:28.882862
LOAN_001255,CUST_002669,ACCT_00003618,HOME,122163.33,7.22,B,313163.67,Off include use like class person imagine.,ACTIVE,2025-01-11T14:26:28.883078
LOAN_001256,CUST_002217,ACCT_00004838,BUSINESS,199534.11,4.48,D,38957.49,Close most door pick project.,ACTIVE,2024-04-12T14:26:28.883295
LOAN_001257,CUST_002033,ACCT_00001133,AUTO,237649.49,3.64,D,104431.76,Rather war road car item.,ACTIVE,2024-03-06T14:26:28.883510
LOAN_001258,CUST_001260,ACCT_00005546,BUSINESS,30072.84,8.53,D,546800.77,Likely still recognize like look.,ACTIVE,2025-01-17T14:26:28.883735
LOAN_001259,CUST_001935,ACCT_00004558,PERSONAL,282769.85,5.45,C,319165.6,Author quality least consider population.,PAID_OFF,2026-07-04T14:26:28.883955
LOAN_001260,CUST_002395,ACCT_00000870,HOME,459079.15,7.53,C,376793.66,Term media everybody quality.,DEFAULTED,2026-07-07T14:26:28.884172
LOAN_001261,CUST_001437,ACCT_00003877,AUTO,9463.36,6.16,C,196283.13,Energy yard bag everybody nearly.,ACTIVE,2022-10-25T14:26:28.884390
LOAN_001262,CUST_001941,ACCT_00006468,BUSINESS,50687.95,5.22,D,632744.24,Once tell within apply student.,DEFAULTED,2024-02-21T14:26:28.884607
LOAN_001263,CUST_000015,ACCT_00000297,BUSINESS,146370.62,4.54,A,113783.11,Involve program our beautiful space coach real.,DEFAULTED,2022-04-25T14:26:28.884823
LOAN_001264,CUST_002610,ACCT_00006559,PERSONAL,159520.0,7.53,C,381749.92,Better force common join enter goal.,DEFAULTED,2025-06-22T14:26:28.885039
LOAN_001265,CUST_001418,ACCT_00001660,BUSINESS,413914.54,3.74,C,434805.03,Ten civil identify government next effect.,DEFAULTED,2025-12-10T14:26:28.885260
LOAN_001266,CUST_003488,ACCT_00006717,BUSINESS,310097.22,7.41,D,595015.45,Anyone law appear ok forward whether fund.,ACTIVE,2022-12-18T14:26:28.885477
LOAN_001267,CUST_000754,ACCT_00005115,HOME,7973.9,3.64,C,222944.85,Where hold business go rest themselves chair bank.,PAID_OFF,2025-12-17T14:26:28.885693
LOAN_001268,CUST_003184,ACCT_00006923,AUTO,14280.63,4.38,C,478155.31,How change economy whatever.,PAID_OFF,2023-05-23T14:26:28.885909
LOAN_001269,CUST_002312,ACCT_00005437,BUSINESS,282405.22,6.22,C,749721.15,Should training gas try leader dinner.,DEFAULTED,2022-11-12T14:26:28.886126
LOAN_001270,CUST_002518,ACCT_00003229,AUTO,135379.92,6.42,A,742560.25,Something party will compare.,ACTIVE,2023-06-17T14:26:28.886342
LOAN_001271,CUST_001712,ACCT_00003713,HOME,430654.28,6.56,D,547781.66,Among scene democratic message hit huge.,ACTIVE,2025-06-16T14:26:28.886560
LOAN_001272,CUST_003174,ACCT_00001801,AUTO,26376.04,6.27,D,348197.33,Good close finally whose relate.,PAID_OFF,2026-04-29T14:26:28.886776
LOAN_001273,CUST_003136,ACCT_00000525,BUSINESS,224351.96,5.56,A,30038.76,Feel thought appear watch bring baby PM.,ACTIVE,2025-11-11T14:26:28.886993
LOAN_001274,CUST_002533,ACCT_00006141,HOME,96502.46,4.84,B,546879.79,East cause increase green put accept respond.,DEFAULTED,2022-11-02T14:26:28.887210
LOAN_001275,CUST_001092,ACCT_00001788,HOME,140028.66,8.42,C,701371.51,Soldier score enjoy yet.,PAID_OFF,2022-05-02T14:26:28.887426
LOAN_001276,CUST_002938,ACCT_00002547,HOME,322214.1,5.27,A,430204.41,Piece land collection center suffer all bad.,DEFAULTED,2021-11-10T14:26:28.887642
LOAN_001277,CUST_003293,ACCT_00001086,PERSONAL,300684.08,8.13,A,191290.01,Computer anyone film with.,PAID_OFF,2023-11-20T14:26:28.887858
LOAN_001278,CUST_001425,ACCT_00002321,HOME,93096.37,6.11,A,601292.66,Despite yes study again moment he laugh history.,PAID_OFF,2022-07-01T14:26:28.888074
LOAN_001279,CUST_000841,ACCT_00006077,PERSONAL,232848.2,7.49,B,60649.13,Forward specific doctor raise.,DEFAULTED,2023-01-02T14:26:28.888290
LOAN_001280,CUST_002352,ACCT_00002979,PERSONAL,355796.72,5.15,B,363526.2,Wear red sea knowledge note red indicate.,PAID_OFF,2023-07-01T14:26:28.888506
LOAN_001281,CUST_001850,ACCT_00005176,HOME,428823.85,8.46,D,251156.96,Practice brother strong or.,ACTIVE,2022-10-29T14:26:28.888722
LOAN_001282,CUST_001750,ACCT_00004180,AUTO,496147.63,4.71,C,654730.68,Activity candidate although.,PAID_OFF,2026-05-19T14:26:28.888938
LOAN_001283,CUST_002090,ACCT_00003354,BUSINESS,84589.61,9.35,C,517666.05,Music son environment do word bad.,DEFAULTED,2025-04-03T14:26:28.889154
LOAN_001284,CUST_002678,ACCT_00004196,BUSINESS,23347.3,9.3,C,393408.92,Step and enjoy office way although pressure.,DEFAULTED,2022-04-15T14:26:28.889371
LOAN_001285,CUST_001496,ACCT_00000489,PERSONAL,373313.31,5.74,B,654034.63,Politics others smile drop.,DEFAULTED,2022-05-30T14:26:28.889600
LOAN_001286,CUST_001633,ACCT_00002052,AUTO,189780.63,8.75,B,716304.11,Per stock get later.,ACTIVE,2023-05-16T14:26:28.889827
LOAN_001287,CUST_002019,ACCT_00000177,PERSONAL,275277.74,5.47,A,214661.82,Actually adult others industry.,DEFAULTED,2022-06-07T14:26:28.890043
LOAN_001288,CUST_000450,ACCT_00005853,PERSONAL,129690.7,8.43,B,496862.2,Her happy thought opportunity employee.,PAID_OFF,2024-01-13T14:26:28.890259
LOAN_001289,CUST_000340,ACCT_00000081,BUSINESS,107820.19,7.44,D,649896.12,New challenge each give determine include.,PAID_OFF,2024-03-14T14:26:28.890475
LOAN_001290,CUST_003293,ACCT_00004983,AUTO,245431.38,6.75,C,69752.6,Represent laugh arm voice yet.,PAID_OFF,2023-05-01T14:26:28.890691
LOAN_001291,CUST_002945,ACCT_00007003,AUTO,28560.67,6.0,B,28632.0,Keep piece bank event lawyer itself.,ACTIVE,2022-01-11T14:26:28.890907
LOAN_001292,CUST_001586,ACCT_00005603,PERSONAL,248338.28,5.26,D,691078.37,Ten article strong everything direction none.,DEFAULTED,2025-05-20T14:26:28.891124
LOAN_001293,CUST_002146,ACCT_00004658,PERSONAL,470321.66,5.84,C,623818.79,Generation possible price may conference chance.,PAID_OFF,2025-07-10T14:26:28.891342
LOAN_001294,CUST_001975,ACCT_00001332,BUSINESS,307853.47,7.34,B,50458.08,Can bill live least claim loss forward.,ACTIVE,2021-12-03T14:26:28.891557
LOAN_001295,CUST_002173,ACCT_00005736,BUSINESS,330272.34,8.88,A,342044.65,Pull morning reality such professor network include.,PAID_OFF,2025-07-19T14:26:28.891777
LOAN_001296,CUST_000984,ACCT_00004993,BUSINESS,256259.09,8.2,B,544028.52,See office Republican allow story.,PAID_OFF,2022-01-17T14:26:28.891993
LOAN_001297,CUST_002060,ACCT_00003179,HOME,478869.98,4.5,A,481345.1,Impact everything the pull growth final current.,PAID_OFF,2023-09-25T14:26:28.892209
LOAN_001298,CUST_002992,ACCT_00001669,HOME,134528.57,4.74,D,147460.89,Job receive traditional.,PAID_OFF,2024-02-13T14:26:28.892425
LOAN_001299,CUST_002338,ACCT_00003014,HOME,42629.34,4.8,C,466449.87,Hot address raise your.,DEFAULTED,2024-01-24T14:26:28.892641
LOAN_001300,CUST_000894,ACCT_00000403,HOME,323612.84,5.93,B,69164.86,Level between message.,DEFAULTED,2023-06-20T14:26:28.892861
LOAN_001301,CUST_000611,ACCT_00004892,PERSONAL,494575.71,6.01,C,309244.26,Among majority activity quite that miss meet.,ACTIVE,2022-09-20T14:26:28.893080
LOAN_001302,CUST_002074,ACCT_00006725,PERSONAL,261983.94,6.04,C,479680.52,Field involve light executive response person less.,DEFAULTED,2024-05-04T14:26:28.893297
LOAN_001303,CUST_003077,ACCT_00004957,HOME,441278.91,8.19,B,310106.74,Loss sure seem Mr rock myself.,DEFAULTED,2023-11-23T14:26:28.893513
LOAN_001304,CUST_000593,ACCT_00006293,AUTO,193138.28,6.32,D,592625.31,Evening southern reality.,ACTIVE,2023-03-03T14:26:28.893734
LOAN_001305,CUST_002787,ACCT_00005662,BUSINESS,348035.44,7.43,B,107083.03,Fly green cut base add such.,ACTIVE,2023-02-25T14:26:28.893951
LOAN_001306,CUST_002860,ACCT_00002631,AUTO,62885.35,5.94,C,114273.85,Line thank follow participant pick myself control win.,DEFAULTED,2024-04-24T14:26:28.894167
LOAN_001307,CUST_001482,ACCT_00001638,BUSINESS,167536.4,4.46,B,576474.17,Fight daughter effect say grow new their.,DEFAULTED,2024-12-13T14:26:28.894393
LOAN_001308,CUST_001439,ACCT_00003351,HOME,179897.42,7.71,C,661934.78,Ready rise deep history fall they.,PAID_OFF,2022-06-27T14:26:28.894610
LOAN_001309,CUST_002239,ACCT_00004564,HOME,491858.71,3.98,C,58486.3,Against might myself consumer.,PAID_OFF,2026-07-16T14:26:28.894830
LOAN_001310,CUST_002349,ACCT_00003806,HOME,244473.86,8.63,A,663303.64,Interesting first spend firm.,ACTIVE,2025-11-16T14:26:28.895046
LOAN_001311,CUST_002172,ACCT_00000419,HOME,33947.27,8.0,B,603855.05,Do area rather sound red time.,PAID_OFF,2025-03-15T14:26:28.895267
LOAN_001312,CUST_001550,ACCT_00004122,HOME,44784.74,6.24,C,345851.05,Organization site student what idea either.,ACTIVE,2023-03-25T14:26:28.895484
LOAN_001313,CUST_000898,ACCT_00003635,BUSINESS,274938.4,3.52,A,236748.48,Get far forget media.,PAID_OFF,2024-03-27T14:26:28.895699
LOAN_001314,CUST_003292,ACCT_00002368,HOME,476682.42,4.4,A,638250.95,Bag at today you kitchen.,PAID_OFF,2022-07-23T14:26:28.895915
LOAN_001315,CUST_003254,ACCT_00003773,PERSONAL,68980.73,6.72,A,241553.81,Every answer professional air.,PAID_OFF,2022-04-02T14:26:28.896131
LOAN_001316,CUST_000390,ACCT_00005733,BUSINESS,22163.53,5.43,D,264159.47,Tough situation week college.,DEFAULTED,2021-10-30T14:26:28.896350
LOAN_001317,CUST_002351,ACCT_00004907,AUTO,353954.01,7.12,B,426614.37,Carry talk quite room character customer.,DEFAULTED,2026-02-04T14:26:28.896567
LOAN_001318,CUST_002652,ACCT_00000536,BUSINESS,73727.88,9.42,A,62375.96,Week manage car remain government account author.,ACTIVE,2025-05-11T14:26:28.896782
LOAN_001319,CUST_002607,ACCT_00003204,PERSONAL,442756.4,4.57,D,528423.01,Stay military notice leader Democrat.,ACTIVE,2026-07-07T14:26:28.896998
LOAN_001320,CUST_000138,ACCT_00005861,PERSONAL,263362.34,5.5,A,547247.39,Truth good early half increase likely poor.,ACTIVE,2021-10-14T14:26:28.897215
LOAN_001321,CUST_000192,ACCT_00004162,HOME,233492.45,6.8,C,232055.57,Sister dinner decade commercial law experience area pass.,ACTIVE,2024-10-07T14:26:28.897431
LOAN_001322,CUST_003094,ACCT_00003272,PERSONAL,233394.93,5.01,C,261729.47,Enter alone manager share.,ACTIVE,2025-07-04T14:26:28.897647
LOAN_001323,CUST_000513,ACCT_00000916,BUSINESS,461241.89,4.46,D,238404.03,Response environment wife rate join.,PAID_OFF,2025-12-01T14:26:28.897871
LOAN_001324,CUST_001052,ACCT_00003456,AUTO,236482.44,8.06,A,632953.68,Develop left receive by environmental father beyond.,ACTIVE,2022-10-17T14:26:28.898087
LOAN_001325,CUST_002429,ACCT_00000474,PERSONAL,470230.59,3.81,B,510393.97,Life activity fast rate.,DEFAULTED,2025-07-22T14:26:28.898303
LOAN_001326,CUST_000373,ACCT_00006365,PERSONAL,304606.97,3.53,D,330082.63,Follow foreign goal white girl bed us.,PAID_OFF,2022-11-07T14:26:28.898527
LOAN_001327,CUST_002029,ACCT_00000820,BUSINESS,53738.98,6.36,A,54379.5,Fill he generation listen.,ACTIVE,2024-10-03T14:26:28.898747
LOAN_001328,CUST_001589,ACCT_00002441,PERSONAL,137806.74,3.87,D,416964.53,Specific drop trouble he style by.,PAID_OFF,2022-11-27T14:26:28.898964
LOAN_001329,CUST_002595,ACCT_00001819,PERSONAL,210119.4,9.13,D,152214.54,Board capital call respond.,ACTIVE,2025-08-27T14:26:28.899180
LOAN_001330,CUST_001870,ACCT_00003804,HOME,329972.48,7.39,A,458424.45,Daughter whose environmental someone.,DEFAULTED,2024-05-27T14:26:28.899397
LOAN_001331,CUST_000147,ACCT_00001486,HOME,317238.79,7.94,D,476480.02,Success itself like health reality strategy available.,PAID_OFF,2023-02-02T14:26:28.899612
LOAN_001332,CUST_000245,ACCT_00005932,AUTO,446760.99,5.83,D,148539.63,Drug movie federal reveal network.,ACTIVE,2023-03-30T14:26:28.899841
LOAN_001333,CUST_003177,ACCT_00003722,PERSONAL,51801.81,8.62,B,738149.3,Perhaps those since.,ACTIVE,2026-06-28T14:26:28.900056
LOAN_001334,CUST_000968,ACCT_00005032,BUSINESS,142471.22,7.44,B,392191.27,Get none open certain three social those.,PAID_OFF,2024-10-06T14:26:28.900271
LOAN_001335,CUST_000662,ACCT_00005652,HOME,164167.92,8.86,A,364436.86,Rate fight page green town nearly heavy.,ACTIVE,2026-01-17T14:26:28.900494
LOAN_001336,CUST_001426,ACCT_00005432,PERSONAL,213273.82,8.83,A,184342.82,And election thousand movement.,PAID_OFF,2023-07-18T14:26:28.900710
LOAN_001337,CUST_002203,ACCT_00003155,PERSONAL,434701.66,6.19,A,88247.88,Human place at bed end education.,ACTIVE,2024-05-18T14:26:28.900927
LOAN_001338,CUST_000188,ACCT_00004519,AUTO,411830.99,7.69,A,299768.88,Only strategy rule establish news least wish.,ACTIVE,2022-07-07T14:26:28.901142
LOAN_001339,CUST_002512,ACCT_00001115,PERSONAL,445677.12,7.76,D,670449.41,Half brother happen fight billion.,PAID_OFF,2026-03-22T14:26:28.901358
LOAN_001340,CUST_001262,ACCT_00004871,BUSINESS,193646.23,4.11,C,676152.24,Experience you police technology science.,DEFAULTED,2025-05-22T14:26:28.901574
LOAN_001341,CUST_001513,ACCT_00004310,PERSONAL,35894.1,6.92,D,477357.37,Even soldier make early perhaps last capital create.,PAID_OFF,2026-07-31T14:26:28.901790
LOAN_001342,CUST_002911,ACCT_00001178,BUSINESS,208979.52,9.12,A,273575.51,Do whether television other ok fight mean.,ACTIVE,2024-12-11T14:26:28.902015
LOAN_001343,CUST_002493,ACCT_00003625,AUTO,169380.34,3.63,B,622804.61,More me talk recognize despite girl after.,DEFAULTED,2025-12-01T14:26:28.902233
LOAN_001344,CUST_001549,ACCT_00002246,PERSONAL,401255.05,9.47,A,737460.77,Fear amount usually heart serve street.,DEFAULTED,2023-11-03T14:26:28.902457
LOAN_001345,CUST_001066,ACCT_00006363,PERSONAL,353268.54,6.62,A,646590.08,Building several discover blue.,DEFAULTED,2024-01-06T14:26:28.902674
LOAN_001346,CUST_003068,ACCT_00006384,HOME,408888.25,7.04,C,137226.1,Whatever resource research fact bed mean imagine.,ACTIVE,2026-05-27T14:26:28.902890
LOAN_001347,CUST_001633,ACCT_00002239,PERSONAL,142368.67,7.81,B,82311.88,Who second politics example.,PAID_OFF,2025-03-09T14:26:28.903107
LOAN_001348,CUST_002008,ACCT_00001323,BUSINESS,244853.86,6.83,B,484455.69,Again sport sport management always design knowledge free.,DEFAULTED,2025-10-24T14:26:28.903324
LOAN_001349,CUST_001890,ACCT_00007017,BUSINESS,491010.42,7.49,C,24596.18,Four agent any concern.,ACTIVE,2025-05-06T14:26:28.903540
LOAN_001350,CUST_000198,ACCT_00006713,AUTO,477656.57,6.6,C,571704.43,Follow help food else.,ACTIVE,2024-10-01T14:26:28.903756
LOAN_001351,CUST_002180,ACCT_00003182,BUSINESS,28324.37,5.54,B,441910.24,Identify picture some.,DEFAULTED,2025-06-17T14:26:28.903976
LOAN_001352,CUST_000814,ACCT_00000200,HOME,174705.74,6.12,A,736244.04,Professional final account board rich maintain level.,DEFAULTED,2024-12-18T14:26:28.904193
LOAN_001353,CUST_000775,ACCT_00003009,AUTO,184659.04,4.78,D,24481.55,Suffer true media fly evening poor.,PAID_OFF,2025-09-23T14:26:28.904410
LOAN_001354,CUST_000896,ACCT_00004309,AUTO,96854.66,7.23,A,401464.25,Quickly around thus impact.,DEFAULTED,2021-10-06T14:26:28.904627
LOAN_001355,CUST_002680,ACCT_00000002,AUTO,316683.74,7.77,C,640357.96,Sometimes summer hour crime modern.,DEFAULTED,2022-10-27T14:26:28.904843
LOAN_001356,CUST_001939,ACCT_00002576,BUSINESS,319379.8,6.87,A,27380.09,Too purpose executive few own woman.,DEFAULTED,2025-11-23T14:26:28.905059
LOAN_001357,CUST_001493,ACCT_00001653,AUTO,122004.01,3.64,D,704493.97,Hair politics mission seven yourself discussion.,PAID_OFF,2025-09-10T14:26:28.905276
LOAN_001358,CUST_003300,ACCT_00006872,BUSINESS,269936.07,3.98,B,699863.89,Growth begin structure model bad.,PAID_OFF,2025-08-21T14:26:28.905493
LOAN_001359,CUST_001114,ACCT_00005105,BUSINESS,414938.61,7.72,B,22384.1,Shoulder rock least skin expect civil.,PAID_OFF,2025-06-07T14:26:28.905708
LOAN_001360,CUST_000989,ACCT_00004184,BUSINESS,459786.26,8.3,D,31658.06,Inside reflect vote five offer.,DEFAULTED,2022-09-27T14:26:28.905924
LOAN_001361,CUST_000832,ACCT_00002998,AUTO,398592.61,6.67,A,555783.37,At else think somebody state hard blue.,ACTIVE,2023-03-20T14:26:28.906145
LOAN_001362,CUST_001098,ACCT_00003329,PERSONAL,102570.51,3.67,C,144414.0,General certainly civil read realize also painting example.,DEFAULTED,2024-08-24T14:26:28.906360
LOAN_001363,CUST_001621,ACCT_00002926,BUSINESS,207890.21,8.2,D,394994.57,Successful less his ability usually size.,ACTIVE,2025-09-22T14:26:28.906577
LOAN_001364,CUST_002190,ACCT_00002546,BUSINESS,51601.84,4.56,D,438827.15,Appear subject force view star society arm support.,ACTIVE,2024-06-29T14:26:28.906797
LOAN_001365,CUST_001078,ACCT_00004246,AUTO,232429.33,9.19,C,120105.21,Food I degree seven stock staff arrive.,DEFAULTED,2021-10-17T14:26:28.907021
LOAN_001366,CUST_001752,ACCT_00006789,HOME,382509.03,8.76,A,122926.11,When fill cold old able include.,DEFAULTED,2023-05-19T14:26:28.907237
LOAN_001367,CUST_002164,ACCT_00004707,BUSINESS,466145.09,4.95,C,725607.03,Situation action fight out pressure.,PAID_OFF,2024-09-04T14:26:28.907453
LOAN_001368,CUST_001732,ACCT_00003234,AUTO,73994.53,3.95,C,713739.78,Risk product rock break environment social.,ACTIVE,2022-04-26T14:26:28.907675
LOAN_001369,CUST_000656,ACCT_00006564,HOME,376917.2,6.73,D,477907.37,Side particular human successful avoid admit decade.,ACTIVE,2025-06-22T14:26:28.907895
LOAN_001370,CUST_000725,ACCT_00004741,AUTO,136602.48,7.84,A,86836.13,Option create though.,DEFAULTED,2024-08-10T14:26:28.908111
LOAN_001371,CUST_001710,ACCT_00001280,PERSONAL,93116.01,4.05,B,310058.49,Leg certain Republican college wear serious.,DEFAULTED,2026-07-30T14:26:28.908327
LOAN_001372,CUST_002907,ACCT_00003859,HOME,391393.75,8.55,C,557580.04,Likely matter begin ok government now else.,PAID_OFF,2022-12-08T14:26:28.908543
LOAN_001373,CUST_002694,ACCT_00002069,AUTO,243048.18,4.03,B,200426.49,Task nearly expert no interesting president middle.,PAID_OFF,2024-06-24T14:26:28.908759
LOAN_001374,CUST_002309,ACCT_00002599,AUTO,431489.7,5.1,D,359999.38,Over state method reach less quality institution.,PAID_OFF,2024-09-12T14:26:28.908976
LOAN_001375,CUST_001678,ACCT_00002635,BUSINESS,412744.2,9.39,B,595143.19,Amount single summer world society garden lose.,ACTIVE,2022-07-02T14:26:28.909192
LOAN_001376,CUST_003464,ACCT_00006705,HOME,418318.46,5.47,B,252062.35,Source lead affect writer rest today open so.,PAID_OFF,2026-08-02T14:26:28.909408
LOAN_001377,CUST_000402,ACCT_00005560,AUTO,141728.98,5.14,A,307854.54,Scientist until color.,PAID_OFF,2022-12-10T14:26:28.909624
LOAN_001378,CUST_002416,ACCT_00002056,PERSONAL,241379.43,4.52,A,391655.84,Still pull suffer share reach.,ACTIVE,2026-04-25T14:26:28.909840
LOAN_001379,CUST_002104,ACCT_00002124,BUSINESS,382129.07,4.89,C,164184.57,Sell use gun town choice leave high.,PAID_OFF,2025-08-16T14:26:28.910055
LOAN_001380,CUST_002004,ACCT_00000058,HOME,368214.86,7.62,B,469416.64,Say wonder keep program other prepare so.,DEFAULTED,2023-06-05T14:26:28.910277
LOAN_001381,CUST_002429,ACCT_00001391,AUTO,222635.06,3.65,A,261702.34,Building forward national.,DEFAULTED,2025-07-27T14:26:28.910493
LOAN_001382,CUST_001179,ACCT_00006541,AUTO,87783.16,3.65,D,123838.09,Mother goal now purpose consumer arm film.,ACTIVE,2025-05-14T14:26:28.910710
LOAN_001383,CUST_002737,ACCT_00006341,AUTO,170125.19,9.5,C,710684.93,Life rich travel.,PAID_OFF,2024-09-05T14:26:28.910926
LOAN_001384,CUST_000125,ACCT_00005103,PERSONAL,392014.19,6.7,B,737910.36,Away much half item.,DEFAULTED,2024-12-16T14:26:28.911142
LOAN_001385,CUST_003231,ACCT_00000457,AUTO,130669.51,3.6,A,404701.5,Certainly beat huge situation.,PAID_OFF,2024-05-18T14:26:28.911358
LOAN_001386,CUST_002770,ACCT_00003703,BUSINESS,125844.49,5.45,B,133544.43,Pass part report capital.,PAID_OFF,2026-04-07T14:26:28.911573
LOAN_001387,CUST_001005,ACCT_00002047,HOME,128049.16,7.11,C,79877.42,Put discover step black believe.,ACTIVE,2026-04-14T14:26:28.911788
LOAN_001388,CUST_000258,ACCT_00007036,BUSINESS,245756.47,8.02,D,63485.06,Despite certain off majority happen play.,ACTIVE,2022-06-17T14:26:28.912013
LOAN_001389,CUST_001819,ACCT_00005718,AUTO,227468.93,7.69,C,416491.1,Pm the American teacher scientist remain he.,PAID_OFF,2025-04-03T14:26:28.912229
LOAN_001390,CUST_002964,ACCT_00006950,PERSONAL,307278.26,6.72,D,381004.08,Score top professor protect first friend expert.,PAID_OFF,2026-05-11T14:26:28.912446
LOAN_001391,CUST_000444,ACCT_00000702,HOME,55543.91,6.0,C,69416.62,Sign special these.,DEFAULTED,2026-08-16T14:26:28.912663
LOAN_001392,CUST_002891,ACCT_00001949,BUSINESS,182800.89,8.35,D,240390.27,Rather range often.,DEFAULTED,2024-12-24T14:26:28.912878
LOAN_001393,CUST_001404,ACCT_00001426,PERSONAL,481389.21,8.02,A,364124.82,Safe leg change other avoid.,DEFAULTED,2026-05-20T14:26:28.913094
LOAN_001394,CUST_001017,ACCT_00004207,HOME,410916.02,5.43,C,650782.13,Economy top unit door old decide.,ACTIVE,2026-05-09T14:26:28.913310
LOAN_001395,CUST_000888,ACCT_00001501,HOME,217048.16,6.08,B,235930.3,New notice official tree there walk third.,PAID_OFF,2023-03-13T14:26:28.913525
LOAN_001396,CUST_003278,ACCT_00006969,BUSINESS,402967.06,4.07,D,556619.92,International collection method fly officer respond.,DEFAULTED,2023-03-26T14:26:28.913741
LOAN_001397,CUST_000865,ACCT_00003444,AUTO,301453.53,3.61,B,72065.36,Whose each PM.,PAID_OFF,2026-05-09T14:26:28.913957
LOAN_001398,CUST_001524,ACCT_00003894,PERSONAL,69071.0,5.32,A,743671.94,Majority management growth safe level energy.,PAID_OFF,2022-10-18T14:26:28.914173
LOAN_001399,CUST_002733,ACCT_00005499,BUSINESS,178336.74,9.01,C,501385.05,Central network performance believe sometimes.,DEFAULTED,2022-05-03T14:26:28.914392
LOAN_001400,CUST_002112,ACCT_00000408,PERSONAL,55332.84,6.81,A,326842.38,Garden during program.,DEFAULTED,2025-11-19T14:26:28.914614
LOAN_001401,CUST_002695,ACCT_00000629,BUSINESS,247941.38,7.27,D,480660.15,Only cell stock class deal ten.,DEFAULTED,2025-09-24T14:26:28.914830
LOAN_001402,CUST_003202,ACCT_00005696,AUTO,19688.17,8.47,D,715513.45,Fact including staff scene.,DEFAULTED,2025-04-30T14:26:28.915051
LOAN_001403,CUST_000649,ACCT_00001526,BUSINESS,134997.01,9.27,B,240885.15,Part necessary hear.,PAID_OFF,2024-09-06T14:26:28.915276
LOAN_001404,CUST_000168,ACCT_00000061,BUSINESS,20426.53,6.13,C,714888.35,Though edge project go sense live.,DEFAULTED,2022-01-27T14:26:28.915501
LOAN_001405,CUST_000818,ACCT_00006971,BUSINESS,194071.76,8.48,B,175290.93,Develop high push ready could difference interview particularly.,DEFAULTED,2025-07-24T14:26:28.915729
LOAN_001406,CUST_000425,ACCT_00005541,AUTO,320250.88,8.66,D,726036.15,Pressure child morning interview game affect.,ACTIVE,2025-04-17T14:26:28.915974
LOAN_001407,CUST_003091,ACCT_00002818,PERSONAL,202877.65,5.76,A,460314.7,Above really field fine anything material.,ACTIVE,2026-05-10T14:26:28.916223
LOAN_001408,CUST_002326,ACCT_00001811,HOME,35997.38,8.75,C,96891.85,Many case before red price happen yes.,PAID_OFF,2024-12-06T14:26:28.916453
LOAN_001409,CUST_000936,ACCT_00005747,AUTO,240891.69,6.67,D,59217.55,Less soon free.,PAID_OFF,2025-09-26T14:26:28.916669
LOAN_001410,CUST_000235,ACCT_00006860,HOME,135205.64,4.78,B,458592.36,History guess degree bad.,ACTIVE,2021-11-11T14:26:28.916887
LOAN_001411,CUST_002454,ACCT_00000629,HOME,214010.47,4.75,C,616150.7,Chance character drive drop buy expect clear.,ACTIVE,2021-09-23T14:26:28.917105
LOAN_001412,CUST_000129,ACCT_00005819,PERSONAL,151149.96,5.18,C,414575.81,Trip away way why.,ACTIVE,2021-11-14T14:26:28.917331
LOAN_001413,CUST_000698,ACCT_00003628,AUTO,494076.47,4.45,C,9679.5,Course inside require charge.,DEFAULTED,2021-09-30T14:26:28.917548
LOAN_001414,CUST_001124,ACCT_00001273,AUTO,356036.44,8.15,B,196934.51,Central enough capital send suddenly.,ACTIVE,2025-08-06T14:26:28.917751
LOAN_001415,CUST_000632,ACCT_00006223,BUSINESS,239387.69,4.7,D,596512.78,Wide go simply than pay should.,DEFAULTED,2023-05-31T14:26:28.917968
LOAN_001416,CUST_001066,ACCT_00004296,PERSONAL,301104.23,9.3,A,124268.61,There understand resource.,PAID_OFF,2025-07-23T14:26:28.918168
LOAN_001417,CUST_002665,ACCT_00004444,AUTO,363569.6,5.0,D,556600.09,Attack war everything half.,PAID_OFF,2025-12-13T14:26:28.918368
LOAN_001418,CUST_001520,ACCT_00002107,AUTO,343885.63,4.56,A,420192.23,Practice fire specific bar.,ACTIVE,2023-10-03T14:26:28.918572
LOAN_001419,CUST_001971,ACCT_00004700,BUSINESS,51458.48,7.11,C,453838.68,Well collection early.,PAID_OFF,2021-10-25T14:26:28.918772
LOAN_001420,CUST_001359,ACCT_00001088,PERSONAL,223135.63,5.73,D,637371.17,Test south represent tax table.,PAID_OFF,2023-03-22T14:26:28.918971
LOAN_001421,CUST_001067,ACCT_00005051,HOME,49564.87,5.18,A,743178.64,Gun already produce often.,DEFAULTED,2025-11-24T14:26:28.919171
LOAN_001422,CUST_003077,ACCT_00002148,AUTO,359168.1,4.63,A,303219.61,Record can hour person make.,ACTIVE,2024-10-07T14:26:28.919370
LOAN_001423,CUST_000536,ACCT_00000925,AUTO,208101.81,4.99,B,553123.77,Second eight hand nation for risk.,ACTIVE,2022-12-13T14:26:28.919589
LOAN_001424,CUST_001872,ACCT_00003341,HOME,46785.15,8.52,A,112402.79,Participant kind leave close.,PAID_OFF,2024-04-17T14:26:28.919794
LOAN_001425,CUST_001161,ACCT_00000430,PERSONAL,204396.8,7.67,D,411640.73,Body include task eye product audience black.,PAID_OFF,2022-12-07T14:26:28.919996
LOAN_001426,CUST_000752,ACCT_00003247,HOME,77247.75,7.46,A,596872.48,Market kitchen song admit.,DEFAULTED,2023-02-25T14:26:28.920198
LOAN_001427,CUST_001960,ACCT_00001530,AUTO,90883.03,3.96,B,427075.97,Whose kind hit drug.,DEFAULTED,2026-03-20T14:26:28.920399
LOAN_001428,CUST_001622,ACCT_00006884,AUTO,224499.1,7.76,D,244706.43,Hair quality yet bank bring gun Democrat.,PAID_OFF,2025-10-01T14:26:28.920615
LOAN_001429,CUST_002471,ACCT_00005938,PERSONAL,35390.83,6.65,C,739583.28,Under less weight entire spend responsibility treatment surface.,ACTIVE,2025-06-19T14:26:28.920831
LOAN_001430,CUST_001318,ACCT_00001714,AUTO,207697.88,6.12,D,268247.7,Federal bad window continue whether.,ACTIVE,2025-03-22T14:26:28.921046
LOAN_001431,CUST_000939,ACCT_00006625,BUSINESS,166620.34,8.07,A,271700.58,Focus member challenge behind admit new safe.,DEFAULTED,2024-01-16T14:26:28.921266
LOAN_001432,CUST_002253,ACCT_00004739,HOME,88943.25,5.05,A,711524.17,Prepare see response clearly clearly quickly western.,PAID_OFF,2023-03-30T14:26:28.921482
LOAN_001433,CUST_003067,ACCT_00002277,BUSINESS,393076.21,4.99,A,356850.34,Ground leave community lose simply similar staff doctor.,ACTIVE,2022-02-17T14:26:28.921698
LOAN_001434,CUST_002384,ACCT_00006216,AUTO,230272.51,8.6,D,469261.18,Beyond notice blood television see year.,PAID_OFF,2024-06-25T14:26:28.921914
LOAN_001435,CUST_001092,ACCT_00005122,BUSINESS,77295.8,7.18,C,579837.76,Everybody dream since.,PAID_OFF,2022-02-11T14:26:28.922130
LOAN_001436,CUST_000132,ACCT_00001230,HOME,301302.14,5.89,D,216787.92,Ago health leader address.,DEFAULTED,2024-08-17T14:26:28.922346
LOAN_001437,CUST_002200,ACCT_00002148,HOME,109244.46,4.91,A,138319.36,Course hold someone skill green.,DEFAULTED,2023-08-02T14:26:28.922562
LOAN_001438,CUST_002028,ACCT_00006280,HOME,20038.16,6.96,A,535585.03,With student direction will.,PAID_OFF,2023-09-12T14:26:28.922786
LOAN_001439,CUST_000484,ACCT_00004532,AUTO,132062.58,5.31,C,277866.74,Study find although.,DEFAULTED,2023-11-21T14:26:28.923002
LOAN_001440,CUST_003265,ACCT_00003090,BUSINESS,404046.0,6.03,B,574657.16,Number remember true recent especially pay reach.,DEFAULTED,2024-11-08T14:26:28.923223
LOAN_001441,CUST_000380,ACCT_00005936,PERSONAL,437080.58,8.68,C,581370.04,Nature effort certain recent investment by director.,DEFAULTED,2023-11-23T14:26:28.923439
LOAN_001442,CUST_003354,ACCT_00000814,HOME,295412.88,8.35,D,511412.32,Another easy report however.,DEFAULTED,2024-10-04T14:26:28.923666
LOAN_001443,CUST_002601,ACCT_00000565,PERSONAL,87691.21,7.74,B,326564.57,Detail sure they form nice.,PAID_OFF,2025-12-18T14:26:28.923905
LOAN_001444,CUST_002786,ACCT_00002730,HOME,364513.75,7.02,C,667712.35,Future process do theory every seven loss.,DEFAULTED,2024-04-11T14:26:28.924133
LOAN_001445,CUST_000015,ACCT_00004802,BUSINESS,138106.36,4.6,C,485800.17,Seat for news where.,DEFAULTED,2025-05-24T14:26:28.924352
LOAN_001446,CUST_000920,ACCT_00005808,PERSONAL,384667.35,4.06,A,281056.73,Front no significant medical.,ACTIVE,2022-07-17T14:26:28.924567
LOAN_001447,CUST_001444,ACCT_00006657,HOME,251217.85,7.04,C,335333.4,Commercial region section draw.,ACTIVE,2023-08-29T14:26:28.924783
LOAN_001448,CUST_001667,ACCT_00003459,HOME,255207.18,4.27,D,595901.7,Sell all science result data their worker.,PAID_OFF,2023-02-24T14:26:28.924998
LOAN_001449,CUST_002597,ACCT_00004414,HOME,276612.8,6.31,A,205081.15,Week kitchen time respond.,PAID_OFF,2022-01-18T14:26:28.925214
LOAN_001450,CUST_002932,ACCT_00006550,PERSONAL,74165.6,7.51,D,678791.46,Certain perhaps gas modern staff.,DEFAULTED,2026-06-06T14:26:28.925430
LOAN_001451,CUST_000652,ACCT_00000260,PERSONAL,192555.52,5.07,C,393522.97,Simply price impact necessary forward plant such.,DEFAULTED,2023-03-09T14:26:28.925646
LOAN_001452,CUST_003312,ACCT_00002281,HOME,132292.15,4.38,B,712966.05,Imagine administration production also.,ACTIVE,2023-07-17T14:26:28.925864
LOAN_001453,CUST_001209,ACCT_00000756,HOME,310594.52,6.14,A,236703.65,Left glass stuff cost.,ACTIVE,2022-09-26T14:26:28.926079
LOAN_001454,CUST_002846,ACCT_00003083,AUTO,144541.52,7.26,B,418734.71,Fear likely face.,ACTIVE,2025-05-12T14:26:28.926304
LOAN_001455,CUST_000096,ACCT_00000133,HOME,208198.23,6.82,A,624917.41,Necessary form marriage sell necessary teach society.,PAID_OFF,2024-10-11T14:26:28.926522
LOAN_001456,CUST_000554,ACCT_00000124,PERSONAL,117545.29,7.0,D,542543.17,Strong character other plan customer lead enter wear.,ACTIVE,2024-02-06T14:26:28.926737
LOAN_001457,CUST_000991,ACCT_00002045,BUSINESS,409344.86,6.11,D,103506.09,Stop would onto agreement describe majority world.,DEFAULTED,2025-11-08T14:26:28.926963
LOAN_001458,CUST_002601,ACCT_00006761,BUSINESS,133933.91,8.07,C,262824.93,Force whether water we size pretty Mr.,PAID_OFF,2025-04-20T14:26:28.927179
LOAN_001459,CUST_002333,ACCT_00006819,BUSINESS,222095.74,3.73,D,747401.43,Allow power learn stage.,PAID_OFF,2024-07-01T14:26:28.927395
LOAN_001460,CUST_003429,ACCT_00004767,HOME,488023.35,7.54,D,490309.91,Much outside most weight result.,ACTIVE,2023-03-21T14:26:28.927610
LOAN_001461,CUST_002340,ACCT_00006576,HOME,287979.37,5.15,B,424361.54,Center for body.,DEFAULTED,2022-10-23T14:26:28.927855
LOAN_001462,CUST_003261,ACCT_00005133,HOME,160832.9,8.36,B,669733.07,Purpose book note.,ACTIVE,2023-09-28T14:26:28.928095
LOAN_001463,CUST_003286,ACCT_00001321,HOME,54576.59,6.62,C,101136.41,Manage need position for for his simple approach.,ACTIVE,2022-10-06T14:26:28.928313
LOAN_001464,CUST_003385,ACCT_00000340,BUSINESS,195920.27,8.24,D,679981.19,Attention type set these Democrat.,ACTIVE,2025-08-24T14:26:28.928530
LOAN_001465,CUST_000788,ACCT_00005976,AUTO,397245.25,7.71,D,147852.93,Difference financial action.,PAID_OFF,2023-07-19T14:26:28.928746
LOAN_001466,CUST_002548,ACCT_00006484,BUSINESS,91994.83,7.83,B,396399.88,Sister your truth position director sport cause.,DEFAULTED,2023-03-07T14:26:28.928961
LOAN_001467,CUST_000192,ACCT_00003444,PERSONAL,365277.38,5.58,B,95276.81,Actually away concern lay.,PAID_OFF,2022-02-14T14:26:28.929166
LOAN_001468,CUST_003282,ACCT_00001793,AUTO,198177.0,4.9,B,671651.36,Painting early writer detail well structure candidate.,DEFAULTED,2022-03-11T14:26:28.929366
LOAN_001469,CUST_003119,ACCT_00003228,HOME,399553.45,7.75,C,563559.77,Movie reduce alone crime soldier million moment.,ACTIVE,2023-05-13T14:26:28.929567
LOAN_001470,CUST_003041,ACCT_00001640,BUSINESS,208244.38,5.68,B,551827.38,Rock war station building program half job painting.,ACTIVE,2024-09-13T14:26:28.929773
LOAN_001471,CUST_002799,ACCT_00005558,PERSONAL,126743.73,9.28,C,631357.91,Yeah think standard consumer.,DEFAULTED,2025-11-16T14:26:28.929978
LOAN_001472,CUST_000939,ACCT_00005363,PERSONAL,282007.92,8.2,C,522095.83,Matter chance late dark.,PAID_OFF,2022-08-29T14:26:28.930178
LOAN_001473,CUST_002333,ACCT_00002319,HOME,20738.87,5.43,C,43813.93,Ever garden here dark foot building seem available.,ACTIVE,2024-09-09T14:26:28.930378
LOAN_001474,CUST_000789,ACCT_00003075,AUTO,407973.02,5.26,C,708503.97,Now media bank federal exist by economy.,DEFAULTED,2023-08-25T14:26:28.930578
LOAN_001475,CUST_001928,ACCT_00002742,BUSINESS,420059.71,7.05,A,43133.39,Pattern suggest any sometimes.,PAID_OFF,2022-11-13T14:26:28.930785
LOAN_001476,CUST_001212,ACCT_00005334,AUTO,122549.28,8.91,D,748127.21,Population use man themselves.,PAID_OFF,2026-05-29T14:26:28.930986
LOAN_001477,CUST_000051,ACCT_00000652,HOME,263575.69,6.02,C,524057.78,Reality sense street.,DEFAULTED,2023-01-16T14:26:28.931194
LOAN_001478,CUST_002777,ACCT_00003551,HOME,436019.47,7.34,D,556879.2,Century drug bed manager scene throw make.,ACTIVE,2025-05-23T14:26:28.931418
LOAN_001479,CUST_002787,ACCT_00001721,BUSINESS,392783.29,6.61,C,405806.22,Beautiful Mr election anyone fall.,ACTIVE,2023-05-02T14:26:28.931618
LOAN_001480,CUST_002481,ACCT_00001107,BUSINESS,385875.28,9.31,A,676190.86,Case mother unit news.,ACTIVE,2025-12-10T14:26:28.931848
LOAN_001481,CUST_001523,ACCT_00002836,PERSONAL,437204.15,7.63,C,746277.46,Ever painting operation can on line.,ACTIVE,2023-05-28T14:26:28.932074
LOAN_001482,CUST_001699,ACCT_00003651,BUSINESS,191726.4,4.36,C,254664.93,Major put over national.,ACTIVE,2026-06-26T14:26:28.932276
LOAN_001483,CUST_001809,ACCT_00004617,BUSINESS,421882.15,6.41,A,148037.6,Tend many identify government word crime idea.,DEFAULTED,2022-07-12T14:26:28.932482
LOAN_001484,CUST_001812,ACCT_00004749,AUTO,347525.45,4.33,C,351474.74,Particular include really parent arrive air message.,DEFAULTED,2026-03-14T14:26:28.932697
LOAN_001485,CUST_003281,ACCT_00004735,BUSINESS,231739.33,7.05,A,395830.76,Enjoy war number collection possible model.,ACTIVE,2022-10-15T14:26:28.932911
LOAN_001486,CUST_000560,ACCT_00004523,AUTO,457801.53,7.13,B,23657.19,Civil national than prove speak collection sing.,PAID_OFF,2021-10-25T14:26:28.933126
LOAN_001487,CUST_000460,ACCT_00002921,HOME,274996.2,3.52,C,698542.53,Experience sure job everything response might.,ACTIVE,2025-09-26T14:26:28.933341
LOAN_001488,CUST_000495,ACCT_00006735,AUTO,234236.13,8.24,B,594927.75,Though event happy image argue out left.,PAID_OFF,2025-07-28T14:26:28.933555
LOAN_001489,CUST_000946,ACCT_00006901,BUSINESS,482521.13,4.13,C,78813.17,Employee value sit air.,DEFAULTED,2022-07-15T14:26:28.933768
LOAN_001490,CUST_001152,ACCT_00001471,BUSINESS,110283.09,5.61,C,546831.9,Western build tough wait.,PAID_OFF,2025-03-14T14:26:28.933982
LOAN_001491,CUST_000426,ACCT_00006973,BUSINESS,11240.25,6.62,B,416051.02,Open their capital control together.,PAID_OFF,2026-01-09T14:26:28.934199
LOAN_001492,CUST_001849,ACCT_00000708,HOME,30659.4,6.01,A,173150.96,Ago many effort second picture still him.,PAID_OFF,2026-06-05T14:26:28.934414
LOAN_001493,CUST_001906,ACCT_00001539,PERSONAL,355534.76,5.67,B,603277.43,Themselves man offer.,PAID_OFF,2023-09-29T14:26:28.934636
LOAN_001494,CUST_000973,ACCT_00005413,PERSONAL,191265.95,8.85,B,155691.76,Call city somebody dream doctor fine play.,ACTIVE,2026-05-15T14:26:28.934850
LOAN_001495,CUST_002890,ACCT_00001575,HOME,415922.44,4.37,D,493466.75,Professor test baby move onto collection deal he.,PAID_OFF,2024-06-30T14:26:28.935064
LOAN_001496,CUST_000798,ACCT_00001608,HOME,61862.46,5.56,B,415201.69,Common identify north moment later film.,DEFAULTED,2024-07-05T14:26:28.935288
LOAN_001497,CUST_000603,ACCT_00005298,AUTO,475377.9,6.16,B,283046.78,Heavy though car.,ACTIVE,2026-02-12T14:26:28.935503
LOAN_001498,CUST_002760,ACCT_00001788,AUTO,388634.45,4.84,A,706073.15,Apply begin industry anyone contain.,PAID_OFF,2024-04-05T14:26:28.935717
LOAN_001499,CUST_003223,ACCT_00001010,HOME,234262.58,3.86,D,247222.4,Girl what about sense.,ACTIVE,2026-07-24T14:26:28.935931
LOAN_001500,CUST_003204,ACCT_00004058,BUSINESS,446206.99,8.0,A,40847.16,Fear leader matter song.,ACTIVE,2022-10-31T14:26:28.936167
